id,url,title,publisher,licence,retrieved_utc,version_or_date,artifact_sha256,used_in
S100,https://raw.githubusercontent.com/PowerShell/DSC/ea572fa755dbd49fb52339043409fbd50a625600/dsc/src/args.rs,dsc CLI argument definitions (args.rs),Microsoft (PowerShell/DSC),MIT,2026-09-23,release/v3.3@ea572fa755dbd49fb52339043409fbd50a625600 (dsc 3.3.0 build source),,dsc/cli-reference.md;dsc/functions.md;dsc/mcp-server.md;dsc/releases-feature-matrix.md;dsc/what-if.md
S101,https://raw.githubusercontent.com/PowerShell/DSC/ea572fa755dbd49fb52339043409fbd50a625600/dsc/src/util.rs,"dsc util.rs (exit code constants, env var names)",Microsoft (PowerShell/DSC),MIT,2026-09-23,release/v3.3@ea572fa755dbd49fb52339043409fbd50a625600 (dsc 3.3.0 build source),,dsc/cli-reference.md;dsc/secrets.md;dsc/settings-and-paths.md
S102,https://raw.githubusercontent.com/PowerShell/DSC/ea572fa755dbd49fb52339043409fbd50a625600/lib/dsc-lib/src/configure/mod.rs,"dsc-lib configure/mod.rs (directive validation, security context, config set)",Microsoft (PowerShell/DSC),MIT,2026-09-23,release/v3.3@ea572fa755dbd49fb52339043409fbd50a625600 (dsc 3.3.0 build source),,dsc/directives.md;dsc/what-if.md
S103,https://raw.githubusercontent.com/PowerShell/DSC/ea572fa755dbd49fb52339043409fbd50a625600/lib/dsc-lib/src/configure/config_doc.rs,"dsc-lib config_doc.rs (ConfigDirective, ResourceDirective, SecurityContextKind)",Microsoft (PowerShell/DSC),MIT,2026-09-23,release/v3.3@ea572fa755dbd49fb52339043409fbd50a625600 (dsc 3.3.0 build source),,dsc/directives.md
S104,https://raw.githubusercontent.com/PowerShell/DSC/ea572fa755dbd49fb52339043409fbd50a625600/lib/dsc-lib/src/types/semantic_version_req.rs,dsc-lib SemanticVersionReq type docs,Microsoft (PowerShell/DSC),MIT,2026-09-23,release/v3.3@ea572fa755dbd49fb52339043409fbd50a625600 (dsc 3.3.0 build source),,dsc/directives.md
S105,https://raw.githubusercontent.com/PowerShell/DSC/ea572fa755dbd49fb52339043409fbd50a625600/lib/dsc-lib/src/dscresources/command_resource.rs,"dsc-lib command_resource.rs (invoke_set, what-if, security context)",Microsoft (PowerShell/DSC),MIT,2026-09-23,release/v3.3@ea572fa755dbd49fb52339043409fbd50a625600 (dsc 3.3.0 build source),,dsc/directives.md;dsc/manifests-diff.md;dsc/secrets.md;dsc/what-if.md
S106,https://raw.githubusercontent.com/PowerShell/DSC/ea572fa755dbd49fb52339043409fbd50a625600/lib/dsc-lib/src/discovery/command_discovery.rs,"dsc-lib command_discovery.rs (resource path, capabilities)",Microsoft (PowerShell/DSC),MIT,2026-09-23,release/v3.3@ea572fa755dbd49fb52339043409fbd50a625600 (dsc 3.3.0 build source),,dsc/manifests-diff.md;dsc/secrets.md;dsc/settings-and-paths.md;dsc/what-if.md
S107,https://raw.githubusercontent.com/PowerShell/DSC/ea572fa755dbd49fb52339043409fbd50a625600/lib/dsc-lib/src/util.rs,"dsc-lib util.rs (settings file resolution, policy file)",Microsoft (PowerShell/DSC),MIT,2026-09-23,release/v3.3@ea572fa755dbd49fb52339043409fbd50a625600 (dsc 3.3.0 build source),,dsc/secrets.md;dsc/settings-and-paths.md
S108,https://raw.githubusercontent.com/PowerShell/DSC/ea572fa755dbd49fb52339043409fbd50a625600/dsc/src/server/invoke_dsc_config.rs,dsc MCP server invoke_dsc_config tool (3.3.0 source),Microsoft (PowerShell/DSC),MIT,2026-09-23,release/v3.3@ea572fa755dbd49fb52339043409fbd50a625600 (dsc 3.3.0 build source),,dsc/mcp-server.md;dsc/releases-feature-matrix.md;dsc/what-if.md
S109,https://raw.githubusercontent.com/PowerShell/DSC/9c60d043f0c018f3026feee481cb6402100f4331/dsc/src/server/invoke_dsc_config.rs,dsc MCP server invoke_dsc_config tool (3.4.0-preview.1),Microsoft (PowerShell/DSC),MIT,2026-09-23,v3.4.0-preview.1@9c60d043f0c018f3026feee481cb6402100f4331,,dsc/mcp-server.md;dsc/releases-feature-matrix.md;dsc/what-if.md
S110,https://raw.githubusercontent.com/PowerShell/DSC/4b492407ef4a9875c78986bbb08e1db277581ec9/dsc/Cargo.toml,dsc/Cargo.toml at git tag v3.3.0 (commit 4b49240 on main),Microsoft (PowerShell/DSC),MIT,2026-09-23,v3.3.0 tag@4b492407ef4a9875c78986bbb08e1db277581ec9,,dsc/releases-feature-matrix.md
S111,https://raw.githubusercontent.com/PowerShell/DSC/ea572fa755dbd49fb52339043409fbd50a625600/dsc/Cargo.toml,dsc/Cargo.toml on release/v3.3 (version 3.3.0),Microsoft (PowerShell/DSC),MIT,2026-09-23,release/v3.3@ea572fa755dbd49fb52339043409fbd50a625600 (dsc 3.3.0 build source),,dsc/directives.md;dsc/releases-feature-matrix.md
S112,https://raw.githubusercontent.com/PowerShell/DSC/ea572fa755dbd49fb52339043409fbd50a625600/lib/dsc-lib/Cargo.toml,dsc-lib Cargo.toml on release/v3.3 (version 3.2.0),Microsoft (PowerShell/DSC),MIT,2026-09-23,release/v3.3@ea572fa755dbd49fb52339043409fbd50a625600 (dsc 3.3.0 build source),,dsc/directives.md;dsc/releases-feature-matrix.md
S113,https://api.github.com/repos/PowerShell/DSC/releases?per_page=100,GitHub releases API for PowerShell/DSC,Microsoft (PowerShell/DSC),MIT,2026-09-23,retrieved 2026-09-23,,dsc/mcp-server.md;dsc/releases-feature-matrix.md
S114,https://github.com/PowerShell/DSC/releases/download/v3.3.0/DSC-3.3.0-x86_64-pc-windows-msvc.zip,DSC 3.3.0 Windows x64 release zip,Microsoft (PowerShell/DSC),MIT,2026-09-23,v3.3.0,3f8b27f648661903d066cc19d5a6e7a8c13bd07eb738d4d765ce7239619b8b5f,dsc/manifests;dsc/manifests-diff.md;dsc/mcp-server.md;dsc/releases-feature-matrix.md;dsc/secrets.md;dsc/settings-and-paths.md;dsc/what-if.md;dsc/zip-extras
S115,https://github.com/PowerShell/DSC/releases/download/v3.4.0-preview.1/DSC-3.4.0-preview.1-x86_64-pc-windows-msvc.zip,DSC 3.4.0-preview.1 Windows x64 release zip,Microsoft (PowerShell/DSC),MIT,2026-09-23,v3.4.0-preview.1,57b1fc97a3dd58f183aeb927935e489343d6276477139641f7a3ff5c61a4cb6c,dsc/manifests;dsc/manifests-diff.md;dsc/mcp-server.md;dsc/releases-feature-matrix.md;dsc/secrets.md;dsc/what-if.md;dsc/zip-extras
S116,https://github.com/PowerShell/DSC/releases/download/v3.3.0/DSC-3.3.0-aarch64-apple-darwin.tar.gz,"DSC 3.3.0 macOS arm64 release tarball (binary run for --help, schema, function list, directive tests)",Microsoft (PowerShell/DSC),MIT,2026-09-23,v3.3.0,6859afc02eb070bd55a3270f987c2ba62bb1b0cec70dc2592e17f1a96393939e,dsc/cli;dsc/cli-reference.md;dsc/directives.md;dsc/functions-3.3.0.csv;dsc/functions.md;dsc/mcp-server.md;dsc/releases-feature-matrix.md;dsc/schemas;dsc/schemas.md;dsc/secrets.md
S117,https://github.com/PowerShell/DSC/releases/download/v3.4.0-preview.1/DSC-3.4.0-preview.1-aarch64-apple-darwin.tar.gz,DSC 3.4.0-preview.1 macOS arm64 release tarball (binary run),Microsoft (PowerShell/DSC),MIT,2026-09-23,v3.4.0-preview.1,0b2e033e863dea156265dfc867a31d738c2287e21ff0576f67f0b13961ab67be,dsc/cli;dsc/cli-reference.md;dsc/directives.md;dsc/functions.md;dsc/mcp-server.md;dsc/releases-feature-matrix.md;dsc/schemas;dsc/schemas.md;dsc/secrets.md
S118,https://github.com/PowerShell/DSC/releases/tag/v3.3.0,DSC v3.3.0 release notes,Microsoft (PowerShell/DSC),MIT,2026-09-23,v3.3.0 (published 2026-09-17),,dsc/cli-reference.md;dsc/mcp-server.md;dsc/releases-feature-matrix.md
S119,https://github.com/PowerShell/DSC/releases/tag/v3.4.0-preview.1,DSC v3.4.0-preview.1 release notes,Microsoft (PowerShell/DSC),MIT,2026-09-23,v3.4.0-preview.1 (published 2026-09-10),,dsc/releases-feature-matrix.md
S120,https://raw.githubusercontent.com/PowerShell/DSC/9c60d043f0c018f3026feee481cb6402100f4331/data.build.json,data.build.json packaging list (3.4.0-preview.1),Microsoft (PowerShell/DSC),MIT,2026-09-23,v3.4.0-preview.1@9c60d043f0c018f3026feee481cb6402100f4331,,dsc/manifests-diff.md;dsc/releases-feature-matrix.md
S121,https://raw.githubusercontent.com/PowerShell/DSC/9c60d043f0c018f3026feee481cb6402100f4331/adapters/group_policy_template/group_policy_template.dsc.resource.json,Group Policy template adapter manifest (source only),Microsoft (PowerShell/DSC),MIT,2026-09-23,v3.4.0-preview.1@9c60d043f0c018f3026feee481cb6402100f4331,,dsc/manifests-diff.md;dsc/releases-feature-matrix.md
S122,https://raw.githubusercontent.com/PowerShell/DSC/ea572fa755dbd49fb52339043409fbd50a625600/resources/windows_personalization/windows_personalization.dsc.adaptedResource.yaml,Microsoft.Windows/Personalization adapted resource (source only),Microsoft (PowerShell/DSC),MIT,2026-09-23,release/v3.3@ea572fa755dbd49fb52339043409fbd50a625600 (dsc 3.3.0 build source),,dsc/manifests-diff.md;dsc/releases-feature-matrix.md
S123,https://raw.githubusercontent.com/PowerShell/DSC/ea572fa755dbd49fb52339043409fbd50a625600/dsc/tests/dsc_version.tests.ps1,Pester tests for directives.version,Microsoft (PowerShell/DSC),MIT,2026-09-23,release/v3.3@ea572fa755dbd49fb52339043409fbd50a625600 (dsc 3.3.0 build source),,dsc/directives.md
S124,https://raw.githubusercontent.com/PowerShell/DSC/ea572fa755dbd49fb52339043409fbd50a625600/lib/dsc-lib/src/functions/secret.rs,secret() function implementation,Microsoft (PowerShell/DSC),MIT,2026-09-23,release/v3.3@ea572fa755dbd49fb52339043409fbd50a625600 (dsc 3.3.0 build source),,dsc/functions.md;dsc/secrets.md
S125,https://raw.githubusercontent.com/PowerShell/DSC/ea572fa755dbd49fb52339043409fbd50a625600/lib/dsc-lib/src/configure/parameters.rs,"parameters.rs (secureString/secureObject, <secureValue> redaction marker)",Microsoft (PowerShell/DSC),MIT,2026-09-23,release/v3.3@ea572fa755dbd49fb52339043409fbd50a625600 (dsc 3.3.0 build source),,dsc/secrets.md
S126,https://api.github.com/repos/PowerShell/DSC/issues?state=open&labels=Issue-Bug&per_page=100,GitHub issues API: open issues labelled Issue-Bug,Microsoft (PowerShell/DSC),MIT,2026-09-23,retrieved 2026-09-23,,dsc/open-bugs-windows.md;dsc/secrets.md;dsc/settings-and-paths.md
S127,https://raw.githubusercontent.com/PowerShell/DSC/ea572fa755dbd49fb52339043409fbd50a625600/dsc/dsc.settings.json,dsc.settings.json shipped default,Microsoft (PowerShell/DSC),MIT,2026-09-23,release/v3.3@ea572fa755dbd49fb52339043409fbd50a625600 (dsc 3.3.0 build source),,dsc/settings-and-paths.md
S128,https://raw.githubusercontent.com/PowerShell/DSC/ea572fa755dbd49fb52339043409fbd50a625600/dsc/src/main.rs,"dsc main.rs (subcommand dispatch, exit paths)",Microsoft (PowerShell/DSC),MIT,2026-09-23,release/v3.3@ea572fa755dbd49fb52339043409fbd50a625600 (dsc 3.3.0 build source),,dsc/cli-reference.md;dsc/settings-and-paths.md
S129,https://raw.githubusercontent.com/PowerShell/DSC/631d0e14621f5df7cbda9cb59473bc3282dc79fd/dsc_lib/src/functions/mod.rs,functions/mod.rs at v3.0.0,Microsoft (PowerShell/DSC),MIT,2026-09-23,v3.0.0@631d0e14621f5df7cbda9cb59473bc3282dc79fd,,dsc/functions.md;dsc/releases-feature-matrix.md
S130,https://raw.githubusercontent.com/PowerShell/DSC/598ee78e3967d5d9562d582509c3d01095a53caf/dsc_lib/src/functions/mod.rs,functions/mod.rs at v3.1.0,Microsoft (PowerShell/DSC),MIT,2026-09-23,v3.1.0@598ee78e3967d5d9562d582509c3d01095a53caf,,dsc/functions.md;dsc/releases-feature-matrix.md
S131,https://raw.githubusercontent.com/PowerShell/DSC/119832c26b43d3fb4dc4ce0d5eeff29efe4f72e3/lib/dsc-lib/src/functions/mod.rs,functions/mod.rs at v3.2.0,Microsoft (PowerShell/DSC),MIT,2026-09-23,v3.2.0@119832c26b43d3fb4dc4ce0d5eeff29efe4f72e3,,dsc/functions.md;dsc/releases-feature-matrix.md
S132,https://raw.githubusercontent.com/PowerShell/DSC/631d0e14621f5df7cbda9cb59473bc3282dc79fd/dsc/src/args.rs,args.rs at v3.0.0,Microsoft (PowerShell/DSC),MIT,2026-09-23,v3.0.0@631d0e14621f5df7cbda9cb59473bc3282dc79fd,,dsc/cli-reference.md;dsc/mcp-server.md;dsc/releases-feature-matrix.md
S133,https://raw.githubusercontent.com/PowerShell/DSC/598ee78e3967d5d9562d582509c3d01095a53caf/dsc/src/args.rs,args.rs at v3.1.0,Microsoft (PowerShell/DSC),MIT,2026-09-23,v3.1.0@598ee78e3967d5d9562d582509c3d01095a53caf,,dsc/cli-reference.md;dsc/mcp-server.md;dsc/releases-feature-matrix.md
S134,https://raw.githubusercontent.com/PowerShell/DSC/119832c26b43d3fb4dc4ce0d5eeff29efe4f72e3/dsc/src/args.rs,args.rs at v3.2.0,Microsoft (PowerShell/DSC),MIT,2026-09-23,v3.2.0@119832c26b43d3fb4dc4ce0d5eeff29efe4f72e3,,dsc/cli-reference.md;dsc/mcp-server.md;dsc/releases-feature-matrix.md
S135,https://raw.githubusercontent.com/MicrosoftDocs/PowerShell-Docs-DSC/55c3581bed2a90d7169aa9c660496215155c5f88/dsc/docs-conceptual/dsc-3.0/reference/cli/index.md,Learn: dsc command reference (https://learn.microsoft.com/powershell/dsc/reference/cli/?view=dsc-3.0),Microsoft Learn,CC BY 4.0,2026-09-23,ms.date 03/25/2025 @55c3581bed2a90d7169aa9c660496215155c5f88,,dsc/cli-reference.md
S136,https://raw.githubusercontent.com/PowerShell/DSC/ea572fa755dbd49fb52339043409fbd50a625600/docs/reference/cli/server/index.md,repo docs: dsc mcp command reference,Microsoft (PowerShell/DSC),MIT,2026-09-23,ms.date 06/17/2026; release/v3.3@ea572fa755dbd49fb52339043409fbd50a625600 (dsc 3.3.0 build source),,dsc/cli-reference.md;dsc/mcp-server.md
S137,https://raw.githubusercontent.com/PowerShell/DSC/ea572fa755dbd49fb52339043409fbd50a625600/schemas/schemas.config.yaml,schemas build config (version v3.1.0),Microsoft (PowerShell/DSC),MIT,2026-09-23,release/v3.3@ea572fa755dbd49fb52339043409fbd50a625600 (dsc 3.3.0 build source),,dsc/schemas.md
S138,https://raw.githubusercontent.com/PowerShell/DSC/ea572fa755dbd49fb52339043409fbd50a625600/resources/windows_service/src/main.rs,windows_service main.rs (--what-if flag),Microsoft (PowerShell/DSC),MIT,2026-09-23,release/v3.3@ea572fa755dbd49fb52339043409fbd50a625600 (dsc 3.3.0 build source),,dsc/what-if.md
S139,https://raw.githubusercontent.com/PowerShell/DSC/ea572fa755dbd49fb52339043409fbd50a625600/resources/windows_firewall/src/firewall.rs,windows_firewall firewall.rs (what-if handling),Microsoft (PowerShell/DSC),MIT,2026-09-23,release/v3.3@ea572fa755dbd49fb52339043409fbd50a625600 (dsc 3.3.0 build source),,dsc/what-if.md
S140,https://raw.githubusercontent.com/PowerShell/DSC/ea572fa755dbd49fb52339043409fbd50a625600/lib/dsc-lib/locales/en-us.toml,dsc-lib English message strings,Microsoft (PowerShell/DSC),MIT,2026-09-23,release/v3.3@ea572fa755dbd49fb52339043409fbd50a625600 (dsc 3.3.0 build source),,dsc/directives.md;dsc/what-if.md
S141,https://raw.githubusercontent.com/PowerShell/DSC/ea572fa755dbd49fb52339043409fbd50a625600/dsc/locales/en-us.toml,dsc CLI English message strings,Microsoft (PowerShell/DSC),MIT,2026-09-23,release/v3.3@ea572fa755dbd49fb52339043409fbd50a625600 (dsc 3.3.0 build source),,dsc/cli-reference.md;dsc/mcp-server.md
S142,https://raw.githubusercontent.com/PowerShell/DSC/ea572fa755dbd49fb52339043409fbd50a625600/lib/dsc-lib/src/dscresources/dscresource.rs,"dscresource.rs (redact, adapter dispatch)",Microsoft (PowerShell/DSC),MIT,2026-09-23,release/v3.3@ea572fa755dbd49fb52339043409fbd50a625600 (dsc 3.3.0 build source),,dsc/secrets.md
S143,https://raw.githubusercontent.com/PowerShell/DSC/ea572fa755dbd49fb52339043409fbd50a625600/CHANGELOG.md,CHANGELOG.md on release/v3.3 (last entries v3.1.1),Microsoft (PowerShell/DSC),MIT,2026-09-23,release/v3.3@ea572fa755dbd49fb52339043409fbd50a625600 (dsc 3.3.0 build source),,dsc/releases-feature-matrix.md
S144,https://github.com/PowerShell/DSC/tree/release/v3.3,release/v3.3 branch head (git ls-remote ea572fa),Microsoft (PowerShell/DSC),MIT,2026-09-23,release/v3.3@ea572fa755dbd49fb52339043409fbd50a625600 (dsc 3.3.0 build source),,dsc/releases-feature-matrix.md
S145,https://raw.githubusercontent.com/MicrosoftDocs/PowerShell-Docs-DSC/55c3581bed2a90d7169aa9c660496215155c5f88/dsc/docs-conceptual/dsc-3.0/reference/schemas/config/document.md,Learn: configuration document schema reference (dsc-3.0),Microsoft Learn,CC BY 4.0,2026-09-23,@55c3581bed2a90d7169aa9c660496215155c5f88,,dsc/schemas.md
S146,https://raw.githubusercontent.com/PowerShell/DSC/ea572fa755dbd49fb52339043409fbd50a625600/schemas/v3/bundled/config/document.json,Published schema (repo copy) schemas/v3/bundled/config/document.json,Microsoft (PowerShell/DSC),MIT,2026-09-23,release/v3.3@ea572fa755dbd49fb52339043409fbd50a625600 (dsc 3.3.0 build source),2ec8e6f89af7041bfa537efe682b7f79a10461886cb6bc9e9fff2c6fa5d692f7,dsc/schemas;dsc/schemas.md
S147,https://raw.githubusercontent.com/PowerShell/DSC/ea572fa755dbd49fb52339043409fbd50a625600/schemas/v3/bundled/extension/manifest.json,Published schema (repo copy) schemas/v3/bundled/extension/manifest.json,Microsoft (PowerShell/DSC),MIT,2026-09-23,release/v3.3@ea572fa755dbd49fb52339043409fbd50a625600 (dsc 3.3.0 build source),f2412e571b8ad1341960c257239c4b709602399b3357d503dc05409ea70de66a,dsc/schemas;dsc/schemas.md
S148,https://raw.githubusercontent.com/PowerShell/DSC/ea572fa755dbd49fb52339043409fbd50a625600/schemas/v3/bundled/outputs/config/get.json,Published schema (repo copy) schemas/v3/bundled/outputs/config/get.json,Microsoft (PowerShell/DSC),MIT,2026-09-23,release/v3.3@ea572fa755dbd49fb52339043409fbd50a625600 (dsc 3.3.0 build source),272fb85d628e91b15fb8e4e0662f6c46be86272192e76541ec6f5b3d9d866fc9,dsc/schemas;dsc/schemas.md
S149,https://raw.githubusercontent.com/PowerShell/DSC/ea572fa755dbd49fb52339043409fbd50a625600/schemas/v3/bundled/outputs/config/set.json,Published schema (repo copy) schemas/v3/bundled/outputs/config/set.json,Microsoft (PowerShell/DSC),MIT,2026-09-23,release/v3.3@ea572fa755dbd49fb52339043409fbd50a625600 (dsc 3.3.0 build source),ac0217313ec72eac1eded43997e2794ba85198af206d83b7722330c192cb66b4,dsc/schemas;dsc/schemas.md
S150,https://raw.githubusercontent.com/PowerShell/DSC/ea572fa755dbd49fb52339043409fbd50a625600/schemas/v3/bundled/outputs/config/test.json,Published schema (repo copy) schemas/v3/bundled/outputs/config/test.json,Microsoft (PowerShell/DSC),MIT,2026-09-23,release/v3.3@ea572fa755dbd49fb52339043409fbd50a625600 (dsc 3.3.0 build source),8517fa2efed6758009d00b62193ccb4aba2795a797a46589c0ac3e686fae2be4,dsc/schemas;dsc/schemas.md
S151,https://raw.githubusercontent.com/PowerShell/DSC/ea572fa755dbd49fb52339043409fbd50a625600/schemas/v3/bundled/outputs/resource/get.json,Published schema (repo copy) schemas/v3/bundled/outputs/resource/get.json,Microsoft (PowerShell/DSC),MIT,2026-09-23,release/v3.3@ea572fa755dbd49fb52339043409fbd50a625600 (dsc 3.3.0 build source),918fd9f2346e4976f43233695043bee88291f535c707dee94a3cbc4f55b3b644,dsc/schemas;dsc/schemas.md
S152,https://raw.githubusercontent.com/PowerShell/DSC/ea572fa755dbd49fb52339043409fbd50a625600/schemas/v3/bundled/outputs/resource/list.json,Published schema (repo copy) schemas/v3/bundled/outputs/resource/list.json,Microsoft (PowerShell/DSC),MIT,2026-09-23,release/v3.3@ea572fa755dbd49fb52339043409fbd50a625600 (dsc 3.3.0 build source),d2d44df27c0f92d4571c39a649536617fc3099182b2c3042125d49bfc5481418,dsc/schemas;dsc/schemas.md
S153,https://raw.githubusercontent.com/PowerShell/DSC/ea572fa755dbd49fb52339043409fbd50a625600/schemas/v3/bundled/outputs/resource/set.json,Published schema (repo copy) schemas/v3/bundled/outputs/resource/set.json,Microsoft (PowerShell/DSC),MIT,2026-09-23,release/v3.3@ea572fa755dbd49fb52339043409fbd50a625600 (dsc 3.3.0 build source),531b5f0e66202f5f007d9c6ba8894722608761b4747c349f2bf72b7e126070c2,dsc/schemas;dsc/schemas.md
S154,https://raw.githubusercontent.com/PowerShell/DSC/ea572fa755dbd49fb52339043409fbd50a625600/schemas/v3/bundled/outputs/resource/test.json,Published schema (repo copy) schemas/v3/bundled/outputs/resource/test.json,Microsoft (PowerShell/DSC),MIT,2026-09-23,release/v3.3@ea572fa755dbd49fb52339043409fbd50a625600 (dsc 3.3.0 build source),ecc9716e66c59bc59108b6cbba9daad9b2e5782082aa8cb8964d984cde581569,dsc/schemas;dsc/schemas.md
S155,https://raw.githubusercontent.com/PowerShell/DSC/ea572fa755dbd49fb52339043409fbd50a625600/schemas/v3/bundled/resource/manifest.json,Published schema (repo copy) schemas/v3/bundled/resource/manifest.json,Microsoft (PowerShell/DSC),MIT,2026-09-23,release/v3.3@ea572fa755dbd49fb52339043409fbd50a625600 (dsc 3.3.0 build source),fe18a41ac21f3050cbceaa1f54e39d17a5af5a826d7f26e8895a3b4fb892a5f4,dsc/schemas;dsc/schemas.md
S200,https://raw.githubusercontent.com/MicrosoftDocs/memdocs/4b5429df8b47046c6b251e572ee61199fb5d4a5d/intune/configmgr/compliance/deploy-use/create-custom-configuration-items-for-windows-desktop-and-server-computers-managed-with-the-client.md,Create custom configuration items (Windows desktops and servers),Microsoft,CC-BY-4.0 (prose) / MIT (code),2026-09-23,08/12/2022 @4b5429df8b47,,mecm/compliance-script-ci.md
S201,https://raw.githubusercontent.com/MicrosoftDocs/memdocs/4b5429df8b47046c6b251e572ee61199fb5d4a5d/intune/configmgr/compliance/deploy-use/create-configuration-baselines.md,Create configuration baselines,Microsoft,CC-BY-4.0 (prose) / MIT (code),2026-09-23,03/10/2022 @4b5429df8b47,,mecm/baselines.md
S202,https://raw.githubusercontent.com/MicrosoftDocs/memdocs/4b5429df8b47046c6b251e572ee61199fb5d4a5d/intune/configmgr/compliance/deploy-use/deploy-configuration-baselines.md,Deploy configuration baselines,Microsoft,CC-BY-4.0 (prose) / MIT (code),2026-09-23,10/06/2016 @4b5429df8b47,,mecm/baselines.md
S203,https://raw.githubusercontent.com/MicrosoftDocs/memdocs/4b5429df8b47046c6b251e572ee61199fb5d4a5d/intune/configmgr/compliance/deploy-use/monitor-compliance-settings.md,Monitor compliance settings,Microsoft,CC-BY-4.0 (prose) / MIT (code),2026-09-23,10/06/2016 @4b5429df8b47,,mecm/baselines.md;mecm/sql-views-compliance.md
S204,https://raw.githubusercontent.com/MicrosoftDocs/memdocs/4b5429df8b47046c6b251e572ee61199fb5d4a5d/intune/configmgr/core/clients/deploy/about-client-settings.md,About client settings,Microsoft,CC-BY-4.0 (prose) / MIT (code),2026-09-23,12/08/2025 @4b5429df8b47,,mecm/client-settings.md;mecm/compliance-script-ci.md;mecm/baselines.md;mecm/application-model.md
S205,https://raw.githubusercontent.com/MicrosoftDocs/memdocs/4b5429df8b47046c6b251e572ee61199fb5d4a5d/intune/configmgr/core/plan-design/changes/whats-new-in-version-2207.md,What's new in version 2207,Microsoft,CC-BY-4.0 (prose) / MIT (code),2026-09-23,08/24/2022 @4b5429df8b47,,mecm/compliance-script-ci.md
S206,https://raw.githubusercontent.com/MicrosoftDocs/memdocs/4b5429df8b47046c6b251e572ee61199fb5d4a5d/intune/configmgr/develop/core/understand/sqlviews/compliance-settings-views-configuration-manager.md,Compliance settings views,Microsoft,CC-BY-4.0 (prose) / MIT (code),2026-09-23,04/30/2019 @4b5429df8b47,f326fda0fb19ab43bf0594772ce000a3701bb8446f5e43be57db9004af351256,mecm/sql-views-compliance.md
S207,https://raw.githubusercontent.com/MicrosoftDocs/memdocs/4b5429df8b47046c6b251e572ee61199fb5d4a5d/intune/configmgr/develop/core/understand/sqlviews/status-alert-views-configuration-manager.md,Status and alert views,Microsoft,CC-BY-4.0 (prose) / MIT (code),2026-09-23,04/30/2019 @4b5429df8b47,,mecm/sql-views-compliance.md
S208,https://raw.githubusercontent.com/MicrosoftDocs/memdocs/4b5429df8b47046c6b251e572ee61199fb5d4a5d/intune/configmgr/develop/core/understand/sqlviews/sample-queries-compliance-settings-configuration-manager.md,Sample queries for compliance settings,Microsoft,CC-BY-4.0 (prose) / MIT (code),2026-09-23,04/30/2019 @4b5429df8b47,,mecm/sql-views-compliance.md
S209,https://raw.githubusercontent.com/MicrosoftDocs/memdocs/4b5429df8b47046c6b251e572ee61199fb5d4a5d/intune/configmgr/develop/reference/compliance/sms_dcmdeploymentcompliantdetailsperasset-server-wmi-class.md,SMS_DCMDeploymentCompliantDetailsPerAsset class,Microsoft,CC-BY-4.0 (prose) / MIT (code),2026-09-23,09/20/2016 @4b5429df8b47,,mecm/sql-views-compliance.md
S210,https://raw.githubusercontent.com/MicrosoftDocs/memdocs/4b5429df8b47046c6b251e572ee61199fb5d4a5d/intune/configmgr/develop/reference/compliance/sms_ci_currentcompliancestatus-server-wmi-class.md,SMS_CI_CurrentComplianceStatus class,Microsoft,CC-BY-4.0 (prose) / MIT (code),2026-09-23,09/20/2016 @4b5429df8b47,,mecm/sql-views-compliance.md
S211,https://raw.githubusercontent.com/MicrosoftDocs/memdocs/4b5429df8b47046c6b251e572ee61199fb5d4a5d/intune/configmgr/core/servers/manage/list-of-reports.md,List of reports,Microsoft,CC-BY-4.0 (prose) / MIT (code),2026-09-23,10/01/2021 @4b5429df8b47,,mecm/sql-views-compliance.md
S212,https://raw.githubusercontent.com/MicrosoftDocs/memdocs/4b5429df8b47046c6b251e572ee61199fb5d4a5d/intune/configmgr/core/plan-design/hierarchy/log-files.md,Log file reference,Microsoft,CC-BY-4.0 (prose) / MIT (code),2026-09-23,08/11/2025 @4b5429df8b47,bf8f423937ddf389004f2963c12f1b04a61e07ded22a6b17fae5891ac7d096e5,mecm/log-files.md;mecm/compliance-script-ci.md
S213,https://raw.githubusercontent.com/MicrosoftDocs/memdocs/4b5429df8b47046c6b251e572ee61199fb5d4a5d/intune/configmgr/core/plan-design/hierarchy/includes/logs-cmg.md,Logs for cloud management gateway (include),Microsoft,CC-BY-4.0 (prose) / MIT (code),2026-09-23,01/27/2022 @4b5429df8b47,,mecm/log-files.md
S214,https://raw.githubusercontent.com/MicrosoftDocs/memdocs/4b5429df8b47046c6b251e572ee61199fb5d4a5d/intune/configmgr/core/plan-design/hierarchy/about-log-files.md,About log files,Microsoft,CC-BY-4.0 (prose) / MIT (code),2026-09-23,08/02/2021 @4b5429df8b47,,mecm/logging.md
S215,https://raw.githubusercontent.com/MicrosoftDocs/memdocs/4b5429df8b47046c6b251e572ee61199fb5d4a5d/intune/configmgr/core/support/cmtrace.md,CMTrace,Microsoft,CC-BY-4.0 (prose) / MIT (code),2026-09-23,12/04/2024 @4b5429df8b47,,mecm/logging.md
S216,https://raw.githubusercontent.com/MicrosoftDocs/memdocs/4b5429df8b47046c6b251e572ee61199fb5d4a5d/intune/configmgr/core/servers/manage/current-branch-versions-supported.md,Support for Configuration Manager current branch versions,Microsoft,CC-BY-4.0 (prose) / MIT (code),2026-09-23,04/08/2022 @4b5429df8b47,,mecm/versions-lifecycle.md
S217,https://raw.githubusercontent.com/MicrosoftDocs/memdocs/4b5429df8b47046c6b251e572ee61199fb5d4a5d/intune/configmgr/core/servers/manage/updates.md,Updates and servicing (version details),Microsoft,CC-BY-4.0 (prose) / MIT (code),2026-09-23,12/04/2024 @4b5429df8b47,,mecm/versions-lifecycle.md
S218,https://raw.githubusercontent.com/MicrosoftDocs/memdocs/4b5429df8b47046c6b251e572ee61199fb5d4a5d/intune/configmgr/core/plan-design/changes/whats-new-in-version-2603.md,What's new in version 2603,Microsoft,CC-BY-4.0 (prose) / MIT (code),2026-09-23,08/05/2026 @4b5429df8b47,,mecm/versions-lifecycle.md
S219,https://raw.githubusercontent.com/MicrosoftDocs/memdocs/4b5429df8b47046c6b251e572ee61199fb5d4a5d/intune/configmgr/hotfix/2603/37426535.md,Summary of changes in version 2603 (KB37426535),Microsoft,CC-BY-4.0 (prose) / MIT (code),2026-09-23,04/27/2026 @4b5429df8b47,,mecm/versions-lifecycle.md
S220,https://raw.githubusercontent.com/MicrosoftDocs/memdocs/4b5429df8b47046c6b251e572ee61199fb5d4a5d/intune/configmgr/hotfix/2603/38982839.md,Security update for the SMS Provider and administration service (KB38982839),Microsoft,CC-BY-4.0 (prose) / MIT (code),2026-09-23,08/17/2026 @4b5429df8b47,,mecm/versions-lifecycle.md
S221,https://raw.githubusercontent.com/MicrosoftDocs/memdocs/4b5429df8b47046c6b251e572ee61199fb5d4a5d/intune/configmgr/core/clients/manage/client-notification.md,Client notification (client diagnostics section),Microsoft,CC-BY-4.0 (prose) / MIT (code),2026-09-23,04/08/2022 @4b5429df8b47,,mecm/collect-client-logs.md;mecm/logging.md
S222,https://raw.githubusercontent.com/MicrosoftDocs/memdocs/4b5429df8b47046c6b251e572ee61199fb5d4a5d/intune/configmgr/core/clients/manage/inventory/use-resource-explorer-to-view-software-inventory.md,Use Resource Explorer to view software inventory (diagnostic files),Microsoft,CC-BY-4.0 (prose) / MIT (code),2026-09-23,04/01/2020 @4b5429df8b47,,mecm/collect-client-logs.md
S223,https://raw.githubusercontent.com/MicrosoftDocs/memdocs/4b5429df8b47046c6b251e572ee61199fb5d4a5d/intune/configmgr/core/servers/manage/reference-for-maintenance-tasks.md,Reference for maintenance tasks,Microsoft,CC-BY-4.0 (prose) / MIT (code),2026-09-23,04/27/2021 @4b5429df8b47,,mecm/collect-client-logs.md
S224,https://raw.githubusercontent.com/MicrosoftDocs/memdocs/4b5429df8b47046c6b251e572ee61199fb5d4a5d/intune/configmgr/core/get-started/2019/includes/1912/4226618.md,Technical preview 1912: Client log collection,Microsoft,CC-BY-4.0 (prose) / MIT (code),2026-09-23,12/11/2019 @4b5429df8b47,,mecm/collect-client-logs.md
S225,https://raw.githubusercontent.com/MicrosoftDocs/memdocs/4b5429df8b47046c6b251e572ee61199fb5d4a5d/intune/configmgr/develop/reference/core/clients/client-classes/setgloballoggingconfiguration-method-in-class-sms_client.md,SetGlobalLoggingConfiguration method in class SMS_Client,Microsoft,CC-BY-4.0 (prose) / MIT (code),2026-09-23,09/20/2016 @4b5429df8b47,,mecm/logging.md
S226,https://raw.githubusercontent.com/MicrosoftDocs/memdocs/4b5429df8b47046c6b251e572ee61199fb5d4a5d/intune/configmgr/develop/reference/core/clients/manage/sms_g_system_collectedfile-server-wmi-class.md,SMS_G_System_CollectedFile class,Microsoft,CC-BY-4.0 (prose) / MIT (code),2026-09-23,09/20/2016 @4b5429df8b47,,mecm/collect-client-logs.md
S227,https://raw.githubusercontent.com/MicrosoftDocs/memdocs/4b5429df8b47046c6b251e572ee61199fb5d4a5d/intune/configmgr/apps/deploy-use/create-applications.md,Create applications,Microsoft,CC-BY-4.0 (prose) / MIT (code),2026-09-23,10/01/2021 @4b5429df8b47,,mecm/application-model.md;mecm/compliance-script-ci.md
S228,https://raw.githubusercontent.com/MicrosoftDocs/memdocs/4b5429df8b47046c6b251e572ee61199fb5d4a5d/intune/configmgr/apps/deploy-use/revise-and-supersede-applications.md,Revise and supersede applications,Microsoft,CC-BY-4.0 (prose) / MIT (code),2026-09-23,12/16/2021 @4b5429df8b47,,mecm/application-model.md
S229,https://raw.githubusercontent.com/MicrosoftDocs/memdocs/4b5429df8b47046c6b251e572ee61199fb5d4a5d/intune/configmgr/apps/deploy-use/deploy-applications.md,Deploy applications,Microsoft,CC-BY-4.0 (prose) / MIT (code),2026-09-23,12/16/2024 @4b5429df8b47,,mecm/application-model.md;mecm/client-settings.md
S230,https://raw.githubusercontent.com/MicrosoftDocs/memdocs/4b5429df8b47046c6b251e572ee61199fb5d4a5d/intune/configmgr/apps/deploy-use/create-global-conditions.md,Create global conditions,Microsoft,CC-BY-4.0 (prose) / MIT (code),2026-09-23,10/06/2016 @4b5429df8b47,,mecm/compliance-script-ci.md
S231,https://raw.githubusercontent.com/MicrosoftDocs/memdocs/4b5429df8b47046c6b251e572ee61199fb5d4a5d/intune/configmgr/develop/reference/core/servers/configure/sms_st_recurinterval-server-wmi-class.md,SMS_ST_RecurInterval class,Microsoft,CC-BY-4.0 (prose) / MIT (code),2026-09-23,09/20/2016 @4b5429df8b47,,mecm/baselines.md
S232,https://raw.githubusercontent.com/MicrosoftDocs/memdocs/4b5429df8b47046c6b251e572ee61199fb5d4a5d/intune/configmgr/develop/reference/compliance/sms_ciassignmentbaseclass-server-wmi-class.md,SMS_CIAssignmentBaseClass class,Microsoft,CC-BY-4.0 (prose) / MIT (code),2026-09-23,09/20/2016 @4b5429df8b47,,mecm/baselines.md
S233,https://raw.githubusercontent.com/MicrosoftDocs/memdocs/4b5429df8b47046c6b251e572ee61199fb5d4a5d/intune/configmgr/apps/deploy-use/create-deploy-scripts.md,Create and run PowerShell scripts (Run Scripts output limit),Microsoft,CC-BY-4.0 (prose) / MIT (code),2026-09-23,12/16/2024 @4b5429df8b47,,mecm/compliance-script-ci.md
S234,https://raw.githubusercontent.com/MicrosoftDocs/SupportArticles-docs/c059e57ad347ac39ac748cc22c54285463e7172f/support/mem/configmgr/setup-migrate-backup-recovery/state-messaging-description.md,State messaging in Configuration Manager (support article),Microsoft,CC-BY-4.0 (prose) / MIT (code),2026-09-23,02/11/2025 @c059e57ad347,,mecm/logging.md;mecm/sql-views-compliance.md
S235,https://raw.githubusercontent.com/MicrosoftDocs/memdocs/4b5429df8b47046c6b251e572ee61199fb5d4a5d/intune/configmgr/develop/core/understand/sqlviews/software-inventory-views-configuration-manager.md,Software inventory views (v_GS_CollectedFile),Microsoft,CC-BY-4.0 (prose) / MIT (code),2026-09-23,04/30/2019 @4b5429df8b47,,mecm/collect-client-logs.md
S300,https://raw.githubusercontent.com/MicrosoftDocs/memdocs/4b5429df8b47046c6b251e572ee61199fb5d4a5d/intune/configmgr/develop/adminservice/overview.md,What is the administration service | learn: https://learn.microsoft.com/intune/configmgr/develop/adminservice/overview,Microsoft (MicrosoftDocs/memdocs),CC-BY-4.0 (prose) / MIT (code),2026-09-23,4b5429df8b47046c6b251e572ee61199fb5d4a5d (ms.date 2021-12-21),,mecm/adminservice.md;mecm/adminservice-routes.csv
S301,https://raw.githubusercontent.com/MicrosoftDocs/memdocs/4b5429df8b47046c6b251e572ee61199fb5d4a5d/intune/configmgr/develop/adminservice/set-up.md,How to set up the administration service | learn: https://learn.microsoft.com/intune/configmgr/develop/adminservice/set-up,Microsoft (MicrosoftDocs/memdocs),CC-BY-4.0 (prose) / MIT (code),2026-09-23,4b5429df8b47046c6b251e572ee61199fb5d4a5d (ms.date 2021-12-07),,mecm/adminservice.md;mecm/adminservice-routes.csv
S302,https://raw.githubusercontent.com/MicrosoftDocs/memdocs/4b5429df8b47046c6b251e572ee61199fb5d4a5d/intune/configmgr/develop/adminservice/usage.md,How to use the administration service | learn: https://learn.microsoft.com/intune/configmgr/develop/adminservice/usage,Microsoft (MicrosoftDocs/memdocs),CC-BY-4.0 (prose) / MIT (code),2026-09-23,4b5429df8b47046c6b251e572ee61199fb5d4a5d (ms.date 2020-07-20),,mecm/adminservice.md;mecm/cmpivot.md;mecm/adminservice-routes.csv
S303,https://raw.githubusercontent.com/MicrosoftDocs/memdocs/4b5429df8b47046c6b251e572ee61199fb5d4a5d/intune/configmgr/develop/adminservice/custom-properties.md,Custom properties for devices | learn: https://learn.microsoft.com/intune/configmgr/develop/adminservice/custom-properties,Microsoft (MicrosoftDocs/memdocs),CC-BY-4.0 (prose) / MIT (code),2026-09-23,4b5429df8b47046c6b251e572ee61199fb5d4a5d (ms.date 2021-12-01),,mecm/adminservice.md;mecm/rbac.md;mecm/adminservice-routes.csv;mecm/rbac-permissions.csv
S304,https://raw.githubusercontent.com/MicrosoftDocs/memdocs/4b5429df8b47046c6b251e572ee61199fb5d4a5d/intune/configmgr/develop/adminservice/audit.md,How to view authorization failure message in administration service | learn: https://learn.microsoft.com/intune/configmgr/develop/adminservice/audit,Microsoft (MicrosoftDocs/memdocs),CC-BY-4.0 (prose) / MIT (code),2026-09-23,4b5429df8b47046c6b251e572ee61199fb5d4a5d (ms.date 2023-03-30),,mecm/adminservice.md
S305,https://raw.githubusercontent.com/MicrosoftDocs/memdocs/4b5429df8b47046c6b251e572ee61199fb5d4a5d/intune/configmgr/develop/adminservice/faq.yml,Administration service FAQ | learn: https://learn.microsoft.com/intune/configmgr/develop/adminservice/faq,Microsoft (MicrosoftDocs/memdocs),CC-BY-4.0 (prose) / MIT (code),2026-09-23,4b5429df8b47046c6b251e572ee61199fb5d4a5d (ms.date 2021-04-16),,mecm/adminservice.md
S306,https://raw.githubusercontent.com/MicrosoftDocs/memdocs/4b5429df8b47046c6b251e572ee61199fb5d4a5d/intune/configmgr/develop/adminservice/release-notes.md,Administration service release notes | learn: https://learn.microsoft.com/intune/configmgr/develop/adminservice/release-notes,Microsoft (MicrosoftDocs/memdocs),CC-BY-4.0 (prose) / MIT (code),2026-09-23,4b5429df8b47046c6b251e572ee61199fb5d4a5d (ms.date 2020-08-11),,mecm/adminservice.md;mecm/adminservice-routes.csv
S307,https://raw.githubusercontent.com/MicrosoftDocs/memdocs/4b5429df8b47046c6b251e572ee61199fb5d4a5d/intune/configmgr/core/plan-design/changes/whats-new-in-version-2509.md,What's new in version 2509 | learn: https://learn.microsoft.com/intune/configmgr/core/plan-design/changes/whats-new-in-version-2509,Microsoft (MicrosoftDocs/memdocs),CC-BY-4.0 (prose) / MIT (code),2026-09-23,4b5429df8b47046c6b251e572ee61199fb5d4a5d (ms.date 2025-11-11),,mecm/adminservice.md
S308,https://raw.githubusercontent.com/MicrosoftDocs/memdocs/4b5429df8b47046c6b251e572ee61199fb5d4a5d/intune/configmgr/core/plan-design/changes/whats-new-in-version-2207.md,What's new in version 2207 | learn: https://learn.microsoft.com/intune/configmgr/core/plan-design/changes/whats-new-in-version-2207,Microsoft (MicrosoftDocs/memdocs),CC-BY-4.0 (prose) / MIT (code),2026-09-23,4b5429df8b47046c6b251e572ee61199fb5d4a5d (ms.date 2022-08-24),,mecm/adminservice.md
S309,https://raw.githubusercontent.com/MicrosoftDocs/memdocs/4b5429df8b47046c6b251e572ee61199fb5d4a5d/intune/configmgr/core/servers/deploy/configure/azure-services-wizard.md,Configure Azure services | learn: https://learn.microsoft.com/intune/configmgr/core/servers/deploy/configure/azure-services-wizard,Microsoft (MicrosoftDocs/memdocs),CC-BY-4.0 (prose) / MIT (code),2026-09-23,4b5429df8b47046c6b251e572ee61199fb5d4a5d (ms.date 2021-08-24),,mecm/adminservice.md
S310,https://raw.githubusercontent.com/MicrosoftDocs/memdocs/4b5429df8b47046c6b251e572ee61199fb5d4a5d/intune/configmgr/core/plan-design/configs/size-and-scale-numbers.md,Size and scale numbers | learn: https://learn.microsoft.com/intune/configmgr/core/plan-design/configs/size-and-scale-numbers,Microsoft (MicrosoftDocs/memdocs),CC-BY-4.0 (prose) / MIT (code),2026-09-23,4b5429df8b47046c6b251e572ee61199fb5d4a5d (ms.date 2021-04-05),,mecm/adminservice.md
S311,https://raw.githubusercontent.com/MicrosoftDocs/memdocs/4b5429df8b47046c6b251e572ee61199fb5d4a5d/intune/configmgr/core/plan-design/hierarchy/includes/sms-provider-authentication.md,SMS Provider authentication (include)SMS Provider authentication (include),Microsoft (MicrosoftDocs/memdocs),CC-BY-4.0 (prose) / MIT (code),2026-09-23,4b5429df8b47046c6b251e572ee61199fb5d4a5d (ms.date 2021-05-04),,mecm/adminservice.md
S312,https://raw.githubusercontent.com/MicrosoftDocs/memdocs/4b5429df8b47046c6b251e572ee61199fb5d4a5d/intune/configmgr/hotfix/2603/37426535.md,Summary of changes in version 2603 | learn: https://learn.microsoft.com/intune/configmgr/hotfix/2603/37426535,Microsoft (MicrosoftDocs/memdocs),CC-BY-4.0 (prose) / MIT (code),2026-09-23,4b5429df8b47046c6b251e572ee61199fb5d4a5d (ms.date 2026-04-27),,mecm/adminservice.md;mecm/cmpivot.md
S313,https://raw.githubusercontent.com/microsoft/configmgr-hub/eb3e27d2dc454ceafc59072c70d3b227cb4fb3e7/samples/TokenSample.ps1,configmgr-hub TokenSample.ps1 (linked from docs via aka.ms/cmadminservicetokensample),Microsoft (github.com/microsoft/configmgr-hub),MIT,2026-09-23,eb3e27d2dc454ceafc59072c70d3b227cb4fb3e7,,mecm/adminservice.md
S314,https://raw.githubusercontent.com/MicrosoftDocs/memdocs/4b5429df8b47046c6b251e572ee61199fb5d4a5d/intune/configmgr/core/servers/manage/external-notifications.md,External notifications | learn: https://learn.microsoft.com/intune/configmgr/core/servers/manage/external-notifications,Microsoft (MicrosoftDocs/memdocs),CC-BY-4.0 (prose) / MIT (code),2026-09-23,4b5429df8b47046c6b251e572ee61199fb5d4a5d (ms.date 2023-09-18),,mecm/adminservice.md;mecm/adminservice-routes.csv
S315,https://raw.githubusercontent.com/MicrosoftDocs/memdocs/4b5429df8b47046c6b251e572ee61199fb5d4a5d/intune/configmgr/core/servers/manage/cmpivot.md,CMPivot for real-time data | learn: https://learn.microsoft.com/intune/configmgr/core/servers/manage/cmpivot,Microsoft (MicrosoftDocs/memdocs),CC-BY-4.0 (prose) / MIT (code),2026-09-23,4b5429df8b47046c6b251e572ee61199fb5d4a5d (ms.date 2021-08-27),,mecm/cmpivot.md;mecm/rbac.md;mecm/rbac-permissions.csv
S316,https://raw.githubusercontent.com/MicrosoftDocs/memdocs/4b5429df8b47046c6b251e572ee61199fb5d4a5d/intune/configmgr/core/servers/manage/cmpivot-changes.md,Changes to CMPivot | learn: https://learn.microsoft.com/intune/configmgr/core/servers/manage/cmpivot-changes,Microsoft (MicrosoftDocs/memdocs),CC-BY-4.0 (prose) / MIT (code),2026-09-23,4b5429df8b47046c6b251e572ee61199fb5d4a5d (ms.date 2021-08-02),,mecm/cmpivot.md;mecm/rbac.md
S317,https://raw.githubusercontent.com/MicrosoftDocs/memdocs/4b5429df8b47046c6b251e572ee61199fb5d4a5d/intune/configmgr/core/servers/manage/includes/cmpivot-overview-shared.md,CMPivot overview (shared include)CMPivot overview (shared include),Microsoft (MicrosoftDocs/memdocs),CC-BY-4.0 (prose) / MIT (code),2026-09-23,4b5429df8b47046c6b251e572ee61199fb5d4a5d (ms.date 2021-08-02),,mecm/cmpivot.md;mecm/cmpivot-entities.csv
S318,https://raw.githubusercontent.com/MicrosoftDocs/memdocs/4b5429df8b47046c6b251e572ee61199fb5d4a5d/intune/configmgr/core/servers/manage/cmpivot-tsg.md,Troubleshoot CMPivot | learn: https://learn.microsoft.com/intune/configmgr/core/servers/manage/cmpivot-tsg,Microsoft (MicrosoftDocs/memdocs),CC-BY-4.0 (prose) / MIT (code),2026-09-23,4b5429df8b47046c6b251e572ee61199fb5d4a5d (ms.date 2021-08-02),,mecm/cmpivot.md;mecm/client-notification.md;mecm/client-operation-types.csv
S319,https://raw.githubusercontent.com/MicrosoftDocs/memdocs/4b5429df8b47046c6b251e572ee61199fb5d4a5d/intune/configmgr/tenant-attach/cmpivot-overview-attached.md,Tenant attach: CMPivot usage overview | learn: https://learn.microsoft.com/intune/configmgr/tenant-attach/cmpivot-overview-attached,Microsoft (MicrosoftDocs/memdocs),CC-BY-4.0 (prose) / MIT (code),2026-09-23,4b5429df8b47046c6b251e572ee61199fb5d4a5d (ms.date 2022-01-25),,mecm/cmpivot.md
S320,https://raw.githubusercontent.com/MicrosoftDocs/memdocs/4b5429df8b47046c6b251e572ee61199fb5d4a5d/intune/configmgr/tenant-attach/cmpivot-start.md,Tenant attach: Launch CMPivot | learn: https://learn.microsoft.com/intune/configmgr/tenant-attach/cmpivot-start,Microsoft (MicrosoftDocs/memdocs),CC-BY-4.0 (prose) / MIT (code),2026-09-23,4b5429df8b47046c6b251e572ee61199fb5d4a5d (ms.date 2022-07-11),,mecm/cmpivot.md;mecm/rbac.md;mecm/rbac-permissions.csv
S321,https://raw.githubusercontent.com/MicrosoftDocs/memdocs/4b5429df8b47046c6b251e572ee61199fb5d4a5d/intune/configmgr/core/servers/manage/includes/cmpivot-samples-shared.md,CMPivot samples (shared include)CMPivot samples (shared include),Microsoft (MicrosoftDocs/memdocs),CC-BY-4.0 (prose) / MIT (code),2026-09-23,4b5429df8b47046c6b251e572ee61199fb5d4a5d (ms.date 2021-02-25),,mecm/cmpivot.md;mecm/cmpivot-entities.csv
S322,https://raw.githubusercontent.com/MicrosoftDocs/memdocs/4b5429df8b47046c6b251e572ee61199fb5d4a5d/intune/configmgr/core/servers/manage/includes/cmpivot-standalone.md,CMPivot standalone (include)CMPivot standalone (include),Microsoft (MicrosoftDocs/memdocs),CC-BY-4.0 (prose) / MIT (code),2026-09-23,4b5429df8b47046c6b251e572ee61199fb5d4a5d (ms.date 2021-10-01),,mecm/cmpivot.md
S323,https://raw.githubusercontent.com/MicrosoftDocs/memdocs/4b5429df8b47046c6b251e572ee61199fb5d4a5d/intune/configmgr/apps/deploy-use/create-deploy-scripts.md,Create and run PowerShell scripts | learn: https://learn.microsoft.com/intune/configmgr/apps/deploy-use/create-deploy-scripts,Microsoft (MicrosoftDocs/memdocs),CC-BY-4.0 (prose) / MIT (code),2026-09-23,4b5429df8b47046c6b251e572ee61199fb5d4a5d (ms.date 2024-12-16),,mecm/run-scripts.md;mecm/rbac.md;mecm/rbac-permissions.csv
S324,https://raw.githubusercontent.com/MicrosoftDocs/memdocs/4b5429df8b47046c6b251e572ee61199fb5d4a5d/intune/configmgr/apps/deploy-use/learn-script-security.md,Learn more about PowerShell script security | learn: https://learn.microsoft.com/intune/configmgr/apps/deploy-use/learn-script-security,Microsoft (MicrosoftDocs/memdocs),CC-BY-4.0 (prose) / MIT (code),2026-09-23,4b5429df8b47046c6b251e572ee61199fb5d4a5d (ms.date 2021-10-01),,mecm/run-scripts.md
S325,https://raw.githubusercontent.com/MicrosoftDocs/memdocs/4b5429df8b47046c6b251e572ee61199fb5d4a5d/intune/configmgr/tenant-attach/scripts.md,Tenant attach: Run scripts | learn: https://learn.microsoft.com/intune/configmgr/tenant-attach/scripts,Microsoft (MicrosoftDocs/memdocs),CC-BY-4.0 (prose) / MIT (code),2026-09-23,4b5429df8b47046c6b251e572ee61199fb5d4a5d (ms.date 2022-07-11),,mecm/run-scripts.md;mecm/rbac.md
S326,https://raw.githubusercontent.com/MicrosoftDocs/memdocs/4b5429df8b47046c6b251e572ee61199fb5d4a5d/intune/configmgr/core/clients/manage/client-notification.md,Client notification | learn: https://learn.microsoft.com/intune/configmgr/core/clients/manage/client-notification,Microsoft (MicrosoftDocs/memdocs),CC-BY-4.0 (prose) / MIT (code),2026-09-23,4b5429df8b47046c6b251e572ee61199fb5d4a5d (ms.date 2022-04-08),,mecm/client-notification.md;mecm/rbac.md;mecm/rbac-permissions.csv
S327,https://raw.githubusercontent.com/MicrosoftDocs/memdocs/4b5429df8b47046c6b251e572ee61199fb5d4a5d/intune/configmgr/core/clients/manage/manage-clients.md,How to manage clients | learn: https://learn.microsoft.com/intune/configmgr/core/clients/manage/manage-clients,Microsoft (MicrosoftDocs/memdocs),CC-BY-4.0 (prose) / MIT (code),2026-09-23,4b5429df8b47046c6b251e572ee61199fb5d4a5d (ms.date 2022-02-16),,mecm/client-notification.md
S328,https://raw.githubusercontent.com/MicrosoftDocs/memdocs/4b5429df8b47046c6b251e572ee61199fb5d4a5d/intune/configmgr/develop/reference/protect/sms_clientoperation-server-wmi-class.md,SMS_ClientOperation Server WMI Class | learn: https://learn.microsoft.com/intune/configmgr/develop/reference/protect/sms_clientoperation-server-wmi-class,Microsoft (MicrosoftDocs/memdocs),CC-BY-4.0 (prose) / MIT (code),2026-09-23,4b5429df8b47046c6b251e572ee61199fb5d4a5d (ms.date 2016-09-20),,mecm/client-notification.md;mecm/client-operation-types.csv
S329,https://raw.githubusercontent.com/MicrosoftDocs/memdocs/4b5429df8b47046c6b251e572ee61199fb5d4a5d/intune/configmgr/develop/reference/protect/initiateclientoperation-method-in-class-sms_clientoperation.md,InitiateClientOperation Method | learn: https://learn.microsoft.com/intune/configmgr/develop/reference/protect/initiateclientoperation-method-in-class-sms_clientoperation,Microsoft (MicrosoftDocs/memdocs),CC-BY-4.0 (prose) / MIT (code),2026-09-23,4b5429df8b47046c6b251e572ee61199fb5d4a5d (ms.date 2016-09-20),,mecm/client-notification.md
S330,https://raw.githubusercontent.com/MicrosoftDocs/memdocs/4b5429df8b47046c6b251e572ee61199fb5d4a5d/intune/configmgr/develop/reference/protect/sms_clientoperationstatus-server-wmi-class.md,SMS_ClientOperationStatus Server WMI Class | learn: https://learn.microsoft.com/intune/configmgr/develop/reference/protect/sms_clientoperationstatus-server-wmi-class,Microsoft (MicrosoftDocs/memdocs),CC-BY-4.0 (prose) / MIT (code),2026-09-23,4b5429df8b47046c6b251e572ee61199fb5d4a5d (ms.date 2016-09-20),,mecm/client-notification.md
S331,https://raw.githubusercontent.com/MicrosoftDocs/memdocs/4b5429df8b47046c6b251e572ee61199fb5d4a5d/intune/configmgr/develop/reference/protect/isclientoperationallowed-method-in-class-sms_clientoperation.md,IsClientOperationAllowed Method | learn: https://learn.microsoft.com/intune/configmgr/develop/reference/protect/isclientoperationallowed-method-in-class-sms_clientoperation,Microsoft (MicrosoftDocs/memdocs),CC-BY-4.0 (prose) / MIT (code),2026-09-23,4b5429df8b47046c6b251e572ee61199fb5d4a5d (ms.date 2016-09-20),,mecm/client-notification.md;mecm/rbac.md
S332,https://raw.githubusercontent.com/MicrosoftDocs/memdocs/4b5429df8b47046c6b251e572ee61199fb5d4a5d/intune/configmgr/develop/reference/protect/cancelclientoperation-method-in-class-sms_clientoperation.md,CancelClientOperation Method | learn: https://learn.microsoft.com/intune/configmgr/develop/reference/protect/cancelclientoperation-method-in-class-sms_clientoperation,Microsoft (MicrosoftDocs/memdocs),CC-BY-4.0 (prose) / MIT (code),2026-09-23,4b5429df8b47046c6b251e572ee61199fb5d4a5d (ms.date 2016-09-20),,mecm/client-notification.md
S333,https://raw.githubusercontent.com/MicrosoftDocs/memdocs/4b5429df8b47046c6b251e572ee61199fb5d4a5d/intune/configmgr/develop/reference/protect/deleteclientoperation-method-in-class-sms_clientoperation.md,DeleteClientOperation Method | learn: https://learn.microsoft.com/intune/configmgr/develop/reference/protect/deleteclientoperation-method-in-class-sms_clientoperation,Microsoft (MicrosoftDocs/memdocs),CC-BY-4.0 (prose) / MIT (code),2026-09-23,4b5429df8b47046c6b251e572ee61199fb5d4a5d (ms.date 2016-09-20),,mecm/client-notification.md
S334,https://learn.microsoft.com/en-us/powershell/module/configurationmanager/invoke-cmclientaction?view=sccm-ps,Invoke-CMClientAction (ConfigurationManager module),Microsoft Learn,CC-BY-4.0 (Learn; source repo private),2026-09-23,ms.date 2020-07-30,,mecm/client-notification.md;mecm/client-operation-types.csv
S335,https://learn.microsoft.com/en-us/powershell/module/configurationmanager/invoke-cmscript?view=sccm-ps,Invoke-CMScript (ConfigurationManager module),Microsoft Learn,CC-BY-4.0 (Learn; source repo private),2026-09-23,ms.date 2023-09-13,,mecm/run-scripts.md
S336,https://learn.microsoft.com/en-us/powershell/module/configurationmanager/new-cmscript?view=sccm-ps,New-CMScript (ConfigurationManager module),Microsoft Learn,CC-BY-4.0 (Learn; source repo private),2026-09-23,ms.date 2021-12-28,,mecm/run-scripts.md
S337,https://learn.microsoft.com/en-us/powershell/module/configurationmanager/approve-cmscript?view=sccm-ps,Approve-CMScript (ConfigurationManager module),Microsoft Learn,CC-BY-4.0 (Learn; source repo private),2026-09-23,ms.date 2021-12-28,,mecm/run-scripts.md
S339,https://raw.githubusercontent.com/MicrosoftDocs/memdocs/4b5429df8b47046c6b251e572ee61199fb5d4a5d/intune/configmgr/core/understand/fundamentals-of-role-based-administration.md,Fundamentals of role-based administration | learn: https://learn.microsoft.com/intune/configmgr/core/understand/fundamentals-of-role-based-administration,Microsoft (MicrosoftDocs/memdocs),CC-BY-4.0 (prose) / MIT (code),2026-09-23,4b5429df8b47046c6b251e572ee61199fb5d4a5d (ms.date 2021-04-15),,mecm/rbac.md
S340,https://raw.githubusercontent.com/MicrosoftDocs/memdocs/4b5429df8b47046c6b251e572ee61199fb5d4a5d/intune/configmgr/core/plan-design/changes/whats-new-in-version-1810.md,What's new in version 1810 | learn: https://learn.microsoft.com/intune/configmgr/core/plan-design/changes/whats-new-in-version-1810,Microsoft (MicrosoftDocs/memdocs),CC-BY-4.0 (prose) / MIT (code),2026-09-23,4b5429df8b47046c6b251e572ee61199fb5d4a5d (ms.date 2020-07-06),,mecm/rbac.md;mecm/client-notification.md
S341,https://raw.githubusercontent.com/MicrosoftDocs/memdocs/4b5429df8b47046c6b251e572ee61199fb5d4a5d/intune/configmgr/cloud-attach/use-intune-rbac.md,Intune RBAC for tenant-attached devices | learn: https://learn.microsoft.com/intune/configmgr/cloud-attach/use-intune-rbac,Microsoft (MicrosoftDocs/memdocs),CC-BY-4.0 (prose) / MIT (code),2026-09-23,4b5429df8b47046c6b251e572ee61199fb5d4a5d (ms.date 2022-08-24),,mecm/rbac.md;mecm/rbac-permissions.csv
S342,https://raw.githubusercontent.com/MicrosoftDocs/memdocs/4b5429df8b47046c6b251e572ee61199fb5d4a5d/intune/configmgr/develop/core/understand/sqlviews/security-views-configuration-manager.md,Security views in Configuration Manager | learn: https://learn.microsoft.com/intune/configmgr/develop/core/understand/sqlviews/security-views-configuration-manager,Microsoft (MicrosoftDocs/memdocs),CC-BY-4.0 (prose) / MIT (code),2026-09-23,4b5429df8b47046c6b251e572ee61199fb5d4a5d (ms.date 2019-04-30),,mecm/rbac.md
S343,https://raw.githubusercontent.com/MicrosoftDocs/memdocs/4b5429df8b47046c6b251e572ee61199fb5d4a5d/intune/configmgr/develop/reference/core/servers/configure/sms_aroleoperation-server-wmi-class.md,SMS_ARoleOperation Server WMI Class | learn: https://learn.microsoft.com/intune/configmgr/develop/reference/core/servers/configure/sms_aroleoperation-server-wmi-class,Microsoft (MicrosoftDocs/memdocs),CC-BY-4.0 (prose) / MIT (code),2026-09-23,4b5429df8b47046c6b251e572ee61199fb5d4a5d (ms.date 2016-09-20),,mecm/rbac.md
S344,https://raw.githubusercontent.com/MicrosoftDocs/memdocs/4b5429df8b47046c6b251e572ee61199fb5d4a5d/intune/configmgr/core/plan-design/changes/whats-new-in-version-2603.md,What's new in version 2603 | learn: https://learn.microsoft.com/intune/configmgr/core/plan-design/changes/whats-new-in-version-2603,Microsoft (MicrosoftDocs/memdocs),CC-BY-4.0 (prose) / MIT (code),2026-09-23,4b5429df8b47046c6b251e572ee61199fb5d4a5d (ms.date 2026-08-05),,mecm/adminservice.md
S345,https://raw.githubusercontent.com/MicrosoftDocs/memdocs/4b5429df8b47046c6b251e572ee61199fb5d4a5d/intune/configmgr/hotfix/2409/35360093.md,Administration service and CMPivot security update (KB35360093) | learn: https://learn.microsoft.com/intune/configmgr/hotfix/2409/35360093,Microsoft (MicrosoftDocs/memdocs),CC-BY-4.0 (prose) / MIT (code),2026-09-23,4b5429df8b47046c6b251e572ee61199fb5d4a5d (ms.date 2025-10-15),,mecm/adminservice.md;mecm/cmpivot.md
S346,https://raw.githubusercontent.com/MicrosoftDocs/memdocs/4b5429df8b47046c6b251e572ee61199fb5d4a5d/intune/configmgr/hotfix/2603/38982839.md,Security update for the SMS Provider and administration service (KB38982839) | learn: https://learn.microsoft.com/intune/configmgr/hotfix/2603/38982839,Microsoft (MicrosoftDocs/memdocs),CC-BY-4.0 (prose) / MIT (code),2026-09-23,4b5429df8b47046c6b251e572ee61199fb5d4a5d (ms.date 2026-08-17),,mecm/adminservice.md
S347,https://raw.githubusercontent.com/MicrosoftDocs/memdocs/4b5429df8b47046c6b251e572ee61199fb5d4a5d/intune/configmgr/tenant-attach/prerequisites.md,Tenant attach prerequisites | learn: https://learn.microsoft.com/intune/configmgr/tenant-attach/prerequisites,Microsoft (MicrosoftDocs/memdocs),CC-BY-4.0 (prose) / MIT (code),2026-09-23,4b5429df8b47046c6b251e572ee61199fb5d4a5d (ms.date 2022-07-11),,mecm/adminservice.md
S348,https://raw.githubusercontent.com/MicrosoftDocs/memdocs/4b5429df8b47046c6b251e572ee61199fb5d4a5d/intune/configmgr/core/plan-design/hierarchy/ports.md,Ports used in Configuration Manager | learn: https://learn.microsoft.com/intune/configmgr/core/plan-design/hierarchy/ports,Microsoft (MicrosoftDocs/memdocs),CC-BY-4.0 (prose) / MIT (code),2026-09-23,4b5429df8b47046c6b251e572ee61199fb5d4a5d (ms.date 2025-12-08),,mecm/adminservice.md
S349,https://raw.githubusercontent.com/MicrosoftDocs/memdocs/4b5429df8b47046c6b251e572ee61199fb5d4a5d/intune/configmgr/tenant-attach/timeline.md,Tenant attach: timeline | learn: https://learn.microsoft.com/intune/configmgr/tenant-attach/timeline,Microsoft (MicrosoftDocs/memdocs),CC-BY-4.0 (prose) / MIT (code),2026-09-23,4b5429df8b47046c6b251e572ee61199fb5d4a5d (ms.date 2022-07-11),,mecm/rbac.md;mecm/rbac-permissions.csv
S350,https://github.com/AdamGrossTX/Toolbox/blob/master/ConfigMgr/AdminService/MiscSamples/RunScriptSample.ps1,"RunScriptSample.ps1 (community; seen in search result only, not fetched)",Adam Gross (community),unknown,2026-09-23,master (unpinned),,mecm/run-scripts.md;mecm/adminservice.md
S351,https://raw.githubusercontent.com/MicrosoftDocs/memdocs/4b5429df8b47046c6b251e572ee61199fb5d4a5d/intune/configmgr/core/plan-design/changes/whats-new-in-version-2403.md,What's new in version 2403 | learn: https://learn.microsoft.com/intune/configmgr/core/plan-design/changes/whats-new-in-version-2403,Microsoft (MicrosoftDocs/memdocs),CC-BY-4.0 (prose) / MIT (code),2026-09-23,4b5429df8b47046c6b251e572ee61199fb5d4a5d (ms.date 2024-04-05),,mecm/run-scripts.md
S352,https://maikkoster.com/start-cancel-or-delete-a-sccm-client-operation/,"Start, Cancel or Delete a SCCM Client Operation (community; seen in search result only, not fetched)",Maik Koster (community),unknown,2026-09-23,unknown,,mecm/client-notification.md
S400,https://raw.githubusercontent.com/MicrosoftDocs/windowsserverdocs/62d7b049a49a912c16c87e0e8e429492ffea24f9/WindowsServerDocs/identity/ad-ds/manage/group-managed-service-accounts/group-managed-service-accounts/manage-group-managed-service-accounts.md,Manage group Managed Service Accounts (learn: /windows-server/identity/ad-ds/manage/group-managed-service-accounts/group-managed-service-accounts/manage-group-managed-service-accounts),Microsoft,CC BY 4.0,2026-09-24,ms.date 04/16/2026,,windows/gitlab-runner-windows.md;windows/gmsa.md
S401,https://raw.githubusercontent.com/MicrosoftDocs/windowsserverdocs/62d7b049a49a912c16c87e0e8e429492ffea24f9/WindowsServerDocs/identity/ad-ds/manage/group-managed-service-accounts/group-managed-service-accounts/group-managed-service-accounts-overview.md,Group Managed Service Accounts overview,Microsoft,CC BY 4.0,2026-09-24,ms.date 07/01/2025,,windows/gmsa.md
S402,https://raw.githubusercontent.com/MicrosoftDocs/windowsserverdocs/62d7b049a49a912c16c87e0e8e429492ffea24f9/WindowsServerDocs/identity/ad-ds/manage/group-managed-service-accounts/group-managed-service-accounts/create-the-key-distribution-services-kds-root-key.md,Create the Key Distribution Services KDS Root Key,Microsoft,CC BY 4.0,2026-09-24,ms.date 07/09/2025,,windows/gmsa.md
S403,https://raw.githubusercontent.com/MicrosoftDocs/windowsserverdocs/62d7b049a49a912c16c87e0e8e429492ffea24f9/WindowsServerDocs/identity/ad-ds/manage/understand-service-accounts.md,Understand service accounts,Microsoft,CC BY 4.0,2026-09-24,ms.date 09/14/2026,,windows/gmsa.md
S404,https://raw.githubusercontent.com/MicrosoftDocs/win32/e103fa4e8810bd8d42c4777e17081e24dbe62dbd/desktop-src/TaskSchd/principal-logontype.md,Principal.LogonType property (Task Scheduler),Microsoft,CC BY 4.0,2026-09-24,ms.date 05/31/2018,,windows/gmsa.md
S405,https://raw.githubusercontent.com/MicrosoftDocs/windows-powershell-docs/c3934e67de374f52fa6759f916c112c30a1240c7/docset/winserver2025-ps/ScheduledTasks/New-ScheduledTaskPrincipal.md,New-ScheduledTaskPrincipal (ScheduledTasks module),Microsoft,CC BY 4.0,2026-09-24,ms.date 12/20/2016,,windows/gmsa.md
S406,https://gitlab.com/gitlab-org/gitlab-runner/-/raw/49138a48b894f517d2ebe77dda89929d1f7f9550/docs/install/windows.md,Install GitLab Runner on Windows (docs.gitlab.com/runner/install/windows/),GitLab,MIT (repo LICENSE); docs.gitlab.com states CC BY-SA 4.0,2026-09-24,gitlab-runner main@49138a48 (VERSION 19.5.0),b3d30b82e6117844c75b41d51bd81d51b730dd2c86a0d13da18d49c4fb787943,windows/gitlab-runner-windows.md
S407,https://gitlab.com/gitlab-org/gitlab-runner/-/raw/49138a48b894f517d2ebe77dda89929d1f7f9550/docs/shells/_index.md,GitLab Runner: Types of shells supported (docs.gitlab.com/runner/shells/),GitLab,MIT (repo LICENSE); docs.gitlab.com states CC BY-SA 4.0,2026-09-24,gitlab-runner main@49138a48 (VERSION 19.5.0),dab4e78fb7e6313440abc6be0672b2957699a89a9ad532ccf8365f04298d9d74,windows/execution-policy-signing.md;windows/gitlab-runner-windows.md
S408,https://gitlab.com/gitlab-org/gitlab-runner/-/raw/49138a48b894f517d2ebe77dda89929d1f7f9550/docs/configuration/advanced-configuration.md,GitLab Runner advanced configuration (docs.gitlab.com/runner/configuration/advanced-configuration/),GitLab,MIT (repo LICENSE); docs.gitlab.com states CC BY-SA 4.0,2026-09-24,gitlab-runner main@49138a48 (VERSION 19.5.0),c6cd759a8ee852ff67cf10b0d1c7a652231bc3547d4df80203908c409a87de39,windows/gitlab-runner-windows.md
S409,https://gitlab.com/gitlab-org/gitlab-runner/-/raw/49138a48b894f517d2ebe77dda89929d1f7f9550/shells/abstract.go,gitlab-runner source: shells/abstract.go (safe.directory write),GitLab,MIT,2026-09-24,gitlab-runner main@49138a48 (VERSION 19.5.0),f45824cb147c21062caef2fab13fd24f7fb31e583d7bdc8bb74832439f4c5a55,windows/gitlab-runner-windows.md
S410,https://gitlab.com/gitlab-org/gitlab-runner/-/raw/49138a48b894f517d2ebe77dda89929d1f7f9550/common/config.go,gitlab-runner source: common/config.go (safe_directory_checkout option),GitLab,MIT,2026-09-24,gitlab-runner main@49138a48 (VERSION 19.5.0),,windows/gitlab-runner-windows.md
S411,https://gitlab.com/gitlab-org/gitlab-runner/-/raw/49138a48b894f517d2ebe77dda89929d1f7f9550/executors/shell/shell.go,gitlab-runner source: executors/shell/shell.go (DefaultSafeDirectoryCheckout false),GitLab,MIT,2026-09-24,gitlab-runner main@49138a48 (VERSION 19.5.0),,windows/gitlab-runner-windows.md
S412,https://gitlab.com/gitlab-org/gitlab-runner/-/raw/49138a48b894f517d2ebe77dda89929d1f7f9550/executors/docker/docker_command.go,gitlab-runner source: executors/docker/docker_command.go (DefaultSafeDirectoryCheckout true),GitLab,MIT,2026-09-24,gitlab-runner main@49138a48 (VERSION 19.5.0),,windows/gitlab-runner-windows.md
S413,https://gitlab.com/gitlab-org/gitlab-runner/-/raw/49138a48b894f517d2ebe77dda89929d1f7f9550/commands/service.go,gitlab-runner source: commands/service.go and service_windows.go (install --user/--password),GitLab,MIT,2026-09-24,gitlab-runner main@49138a48 (VERSION 19.5.0),,windows/gitlab-runner-windows.md
S414,https://gitlab.com/gitlab-org/gitlab-runner/-/work_items/27895,"gitlab-runner issue 27895: Feature Request: Group Managed Service Account Support (closed 2023-04-20, milestone 15.5)",GitLab issue tracker (community contributor text),GitLab.com issue content,2026-09-24,retrieved via API /projects/gitlab-org%2Fgitlab-runner/issues?search=gMSA,,windows/gitlab-runner-windows.md
S415,https://gitlab.com/gitlab-org/gitlab-runner/-/work_items/30963,gitlab-runner issue 30963: Update runner docs to capture details on gMSA support (open),GitLab issue tracker,GitLab.com issue content,2026-09-24,open as of 2026-09-24,,windows/gitlab-runner-windows.md
S416,https://gitlab.com/gitlab-org/gitlab-runner/-/raw/49138a48b894f517d2ebe77dda89929d1f7f9550/LICENSE,gitlab-runner LICENSE,GitLab,MIT,2026-09-24,gitlab-runner main@49138a48 (VERSION 19.5.0),aa6e97cbe04ad41e1c081ec01740e9ed3c2453af66a082db1e6fc73b2cb96c6a,
S420,https://raw.githubusercontent.com/MicrosoftDocs/PowerShell-Docs/5f0f622fc6579cf4b635eb4ac6b99ceef091460e/reference/7.5/Microsoft.PowerShell.Core/About/about_Execution_Policies.md,about_Execution_Policies (PowerShell 7.5),Microsoft,CC BY 4.0,2026-09-24,ms.date 08/31/2026,,windows/execution-policy-signing.md
S421,https://raw.githubusercontent.com/MicrosoftDocs/PowerShell-Docs/5f0f622fc6579cf4b635eb4ac6b99ceef091460e/reference/5.1/Microsoft.PowerShell.Core/About/about_Execution_Policies.md,about_Execution_Policies (Windows PowerShell 5.1),Microsoft,CC BY 4.0,2026-09-24,ms.date 08/31/2026,,windows/execution-policy-signing.md
S422,https://raw.githubusercontent.com/MicrosoftDocs/PowerShell-Docs/5f0f622fc6579cf4b635eb4ac6b99ceef091460e/reference/7.5/Microsoft.PowerShell.Core/About/about_Signing.md,about_Signing (PowerShell 7.5),Microsoft,CC BY 4.0,2026-09-24,ms.date 01/30/2025,,windows/execution-policy-signing.md
S423,https://raw.githubusercontent.com/MicrosoftDocs/memdocs/4b5429df8b47046c6b251e572ee61199fb5d4a5d/intune/configmgr/core/clients/deploy/about-client-settings.md,About client settings in Configuration Manager,Microsoft,CC BY 4.0,2026-09-24,ms.date 12/08/2025,,windows/execution-policy-signing.md
S424,https://raw.githubusercontent.com/MicrosoftDocs/memdocs/4b5429df8b47046c6b251e572ee61199fb5d4a5d/intune/configmgr/core/clients/deploy/plan/security-and-privacy-for-clients.md,Security and privacy for Configuration Manager clients,Microsoft,CC BY 4.0,2026-09-24,ms.date 05/05/2021,,windows/execution-policy-signing.md
S425,https://raw.githubusercontent.com/MicrosoftDocs/memdocs/4b5429df8b47046c6b251e572ee61199fb5d4a5d/intune/configmgr/develop/reference/core/clients/config/sms_configmgrclientagentconfig-server-wmi-class.md,SMS_ConfigMgrClientAgentConfig server WMI class,Microsoft,CC BY 4.0,2026-09-24,ms.date 09/20/2016,,windows/execution-policy-signing.md
S426,https://raw.githubusercontent.com/MicrosoftDocs/memdocs/4b5429df8b47046c6b251e572ee61199fb5d4a5d/intune/configmgr/core/servers/manage/cmpivot.md,CMPivot for real-time data in Configuration Manager,Microsoft,CC BY 4.0,2026-09-24,ms.date 08/27/2021,,windows/execution-policy-signing.md
S427,https://raw.githubusercontent.com/MicrosoftDocs/memdocs/4b5429df8b47046c6b251e572ee61199fb5d4a5d/intune/configmgr/compliance/deploy-use/create-custom-configuration-items-for-windows-desktop-and-server-computers-managed-with-the-client.md,Create configuration items for Windows desktop and server computers managed with the Configuration Manager client,Microsoft,CC BY 4.0,2026-09-24,ms.date 08/12/2022,,windows/execution-policy-signing.md
S430,https://raw.githubusercontent.com/MicrosoftDocs/windowsserverdocs/62d7b049a49a912c16c87e0e8e429492ffea24f9/WindowsServerDocs/administration/OpenSSH/OpenSSH_Install_FirstUse.md,Get started with OpenSSH for Windows,Microsoft,CC BY 4.0,2026-09-24,ms.date 09/04/2025,,windows/openssh-server.md
S431,https://raw.githubusercontent.com/MicrosoftDocs/windowsserverdocs/62d7b049a49a912c16c87e0e8e429492ffea24f9/WindowsServerDocs/administration/OpenSSH/openssh-server-configuration.md,OpenSSH Server configuration for Windows,Microsoft,CC BY 4.0,2026-09-24,ms.date 08/05/2025,,windows/openssh-server.md
S432,https://raw.githubusercontent.com/MicrosoftDocs/windowsserverdocs/62d7b049a49a912c16c87e0e8e429492ffea24f9/WindowsServerDocs/administration/OpenSSH/OpenSSH_KeyManagement.md,Key-based authentication in OpenSSH for Windows,Microsoft,CC BY 4.0,2026-09-24,ms.date 10/03/2025,,windows/openssh-server.md
S440,https://gitlab.com/gitlab-org/gitlab/-/raw/56c82a97c3b74a303b33a7cf746157df1e39601f/doc/user/project/merge_requests/approvals/settings.md,Merge request approval settings (docs.gitlab.com/user/project/merge_requests/approvals/settings/),GitLab,CC BY-SA 4.0 (doc/ per repo LICENSE),2026-09-24,gitlab master@56c82a97 (VERSION 19.5.0-pre),,gitlab/codeowners.md;gitlab/mr-approvals.md
S441,https://gitlab.com/gitlab-org/gitlab/-/raw/56c82a97c3b74a303b33a7cf746157df1e39601f/doc/user/project/merge_requests/approvals/_index.md,Merge request approvals (docs.gitlab.com/user/project/merge_requests/approvals/),GitLab,CC BY-SA 4.0 (doc/ per repo LICENSE),2026-09-24,gitlab master@56c82a97 (VERSION 19.5.0-pre),,gitlab/mr-approvals.md
S442,https://gitlab.com/gitlab-org/gitlab/-/raw/56c82a97c3b74a303b33a7cf746157df1e39601f/doc/user/project/merge_requests/approvals/rules.md,Approval rules (docs.gitlab.com/user/project/merge_requests/approvals/rules/),GitLab,CC BY-SA 4.0 (doc/ per repo LICENSE),2026-09-24,gitlab master@56c82a97 (VERSION 19.5.0-pre),,gitlab/mr-approvals.md
S443,https://gitlab.com/gitlab-org/gitlab/-/raw/56c82a97c3b74a303b33a7cf746157df1e39601f/doc/administration/merge_requests_approvals.md,Merge request approvals for an instance (docs.gitlab.com/administration/merge_requests_approvals/),GitLab,CC BY-SA 4.0 (doc/ per repo LICENSE),2026-09-24,gitlab master@56c82a97 (VERSION 19.5.0-pre),,gitlab/mr-approvals.md
S444,https://gitlab.com/gitlab-org/gitlab/-/raw/56c82a97c3b74a303b33a7cf746157df1e39601f/doc/user/project/repository/branches/protected.md,Protected branches (docs.gitlab.com/user/project/repository/branches/protected/),GitLab,CC BY-SA 4.0 (doc/ per repo LICENSE),2026-09-24,gitlab master@56c82a97 (VERSION 19.5.0-pre),,gitlab/codeowners.md;gitlab/mr-approvals.md;gitlab/protected-branches-tags.md
S445,https://gitlab.com/gitlab-org/gitlab/-/raw/56c82a97c3b74a303b33a7cf746157df1e39601f/doc/user/project/protected_tags.md,Protected tags (docs.gitlab.com/user/project/protected_tags/),GitLab,CC BY-SA 4.0 (doc/ per repo LICENSE),2026-09-24,gitlab master@56c82a97 (VERSION 19.5.0-pre),,gitlab/protected-branches-tags.md
S446,https://gitlab.com/gitlab-org/gitlab/-/raw/56c82a97c3b74a303b33a7cf746157df1e39601f/doc/ci/pipelines/merge_request_pipelines.md,Merge request pipelines (docs.gitlab.com/ci/pipelines/merge_request_pipelines/),GitLab,CC BY-SA 4.0 (doc/ per repo LICENSE),2026-09-24,gitlab master@56c82a97 (VERSION 19.5.0-pre),,gitlab/pipelines-rules.md;gitlab/protected-branches-tags.md;gitlab/variables.md
S447,https://gitlab.com/gitlab-org/gitlab/-/raw/56c82a97c3b74a303b33a7cf746157df1e39601f/doc/ci/yaml/_index.md,CI/CD YAML syntax reference (docs.gitlab.com/ci/yaml/),GitLab,CC BY-SA 4.0 (doc/ per repo LICENSE),2026-09-24,gitlab master@56c82a97 (VERSION 19.5.0-pre),,gitlab/pipelines-rules.md
S448,https://gitlab.com/gitlab-org/gitlab/-/raw/56c82a97c3b74a303b33a7cf746157df1e39601f/doc/ci/pipelines/schedules.md,Scheduled pipelines (docs.gitlab.com/ci/pipelines/schedules/),GitLab,CC BY-SA 4.0 (doc/ per repo LICENSE),2026-09-24,gitlab master@56c82a97 (VERSION 19.5.0-pre),,gitlab/pipelines-rules.md
S449,https://gitlab.com/gitlab-org/gitlab/-/raw/56c82a97c3b74a303b33a7cf746157df1e39601f/doc/ci/variables/_index.md,GitLab CI/CD variables (docs.gitlab.com/ci/variables/),GitLab,CC BY-SA 4.0 (doc/ per repo LICENSE),2026-09-24,gitlab master@56c82a97 (VERSION 19.5.0-pre),,gitlab/variables.md
S450,https://gitlab.com/gitlab-org/gitlab/-/raw/56c82a97c3b74a303b33a7cf746157df1e39601f/doc/user/project/codeowners/_index.md,Code Owners (docs.gitlab.com/user/project/codeowners/),GitLab,CC BY-SA 4.0 (doc/ per repo LICENSE),2026-09-24,gitlab master@56c82a97 (VERSION 19.5.0-pre),,gitlab/codeowners.md;gitlab/mr-approvals.md
S451,https://gitlab.com/gitlab-org/gitlab/-/raw/56c82a97c3b74a303b33a7cf746157df1e39601f/doc/user/project/releases/_index.md,Releases (docs.gitlab.com/user/project/releases/),GitLab,CC BY-SA 4.0 (doc/ per repo LICENSE),2026-09-24,gitlab master@56c82a97 (VERSION 19.5.0-pre),,gitlab/pipelines-rules.md
S452,https://gitlab.com/gitlab-org/gitlab/-/raw/56c82a97c3b74a303b33a7cf746157df1e39601f/LICENSE,GitLab repository LICENSE (doc/ is CC BY-SA 4.0),GitLab,MIT Expat + CC BY-SA 4.0 for doc/,2026-09-24,gitlab master@56c82a97 (VERSION 19.5.0-pre),62dfe4bdd76e08992c09cf335b2374b3e6acd4f2b959b4971760727d9b785ab4,gitlab/mr-approvals.md
S453,https://gitlab.com/gitlab-org/gitlab/-/raw/56c82a97c3b74a303b33a7cf746157df1e39601f/doc/ci/jobs/job_rules.md,Specify when jobs run with rules (docs.gitlab.com/ci/jobs/job_rules/),GitLab,CC BY-SA 4.0 (doc/ per repo LICENSE),2026-09-24,gitlab master@56c82a97 (VERSION 19.5.0-pre),,gitlab/pipelines-rules.md
S460,https://raw.githubusercontent.com/MicrosoftDocs/sql-docs/e68830c3a18b6b5b770ae629ebdf58dacf898d78/docs/relational-databases/tables/temporal/manage-retention.md,Manage retention of historical data in system-versioned temporal tables,Microsoft,CC BY 4.0,2026-09-24,ms.date 08/18/2026,,sqlserver/linux-container.md;sqlserver/temporal-tables.md
S461,https://raw.githubusercontent.com/MicrosoftDocs/sql-docs/e68830c3a18b6b5b770ae629ebdf58dacf898d78/docs/t-sql/statements/create-table-transact-sql.md,CREATE TABLE (Transact-SQL),Microsoft,CC BY 4.0,2026-09-24,ms.date 11/20/2025,,sqlserver/temporal-tables.md
S462,https://raw.githubusercontent.com/MicrosoftDocs/sql-docs/e68830c3a18b6b5b770ae629ebdf58dacf898d78/docs/relational-databases/system-stored-procedures/temporal-table-sys-sp-cleanup-temporal-history.md,sys.sp_cleanup_temporal_history,Microsoft,CC BY 4.0,2026-09-24,ms.date 06/19/2026,,sqlserver/temporal-tables.md
S463,https://raw.githubusercontent.com/MicrosoftDocs/sql-docs/e68830c3a18b6b5b770ae629ebdf58dacf898d78/docs/sql-server/editions-and-components-of-sql-server-2017.md,Editions and supported features of SQL Server 2017,Microsoft,CC BY 4.0,2026-09-24,ms.date 11/27/2025,,sqlserver/temporal-tables.md
S464,https://raw.githubusercontent.com/MicrosoftDocs/sql-docs/e68830c3a18b6b5b770ae629ebdf58dacf898d78/docs/sql-server/editions-and-components-of-sql-server-2019.md,Editions and supported features of SQL Server 2019,Microsoft,CC BY 4.0,2026-09-24,ms.date 11/27/2025,,sqlserver/temporal-tables.md
S465,https://raw.githubusercontent.com/MicrosoftDocs/sql-docs/e68830c3a18b6b5b770ae629ebdf58dacf898d78/docs/sql-server/editions-and-components-of-sql-server-2022.md,Editions and supported features of SQL Server 2022,Microsoft,CC BY 4.0,2026-09-24,ms.date 11/27/2025,,sqlserver/temporal-tables.md
S466,https://raw.githubusercontent.com/MicrosoftDocs/sql-docs/e68830c3a18b6b5b770ae629ebdf58dacf898d78/docs/sql-server/editions-and-components-of-sql-server-2025.md,Editions and supported features of SQL Server 2025,Microsoft,CC BY 4.0,2026-09-24,ms.date 11/19/2025,,sqlserver/linux-container.md;sqlserver/temporal-tables.md
S467,https://raw.githubusercontent.com/MicrosoftDocs/sql-docs/e68830c3a18b6b5b770ae629ebdf58dacf898d78/docs/relational-databases/system-stored-procedures/sp-getapplock-transact-sql.md,sp_getapplock (Transact-SQL),Microsoft,CC BY 4.0,2026-09-24,ms.date 06/19/2026,,sqlserver/sp-getapplock.md
S468,https://raw.githubusercontent.com/MicrosoftDocs/sql-docs/e68830c3a18b6b5b770ae629ebdf58dacf898d78/docs/t-sql/statements/deny-transact-sql.md,DENY (Transact-SQL),Microsoft,CC BY 4.0,2026-09-24,ms.date 05/15/2017,,sqlserver/insert-only-audit.md
S469,https://raw.githubusercontent.com/MicrosoftDocs/sql-docs/e68830c3a18b6b5b770ae629ebdf58dacf898d78/docs/t-sql/statements/deny-object-permissions-transact-sql.md,DENY Object Permissions (Transact-SQL),Microsoft,CC BY 4.0,2026-09-24,ms.date 06/10/2016,,sqlserver/insert-only-audit.md
S470,https://raw.githubusercontent.com/MicrosoftDocs/sql-docs/e68830c3a18b6b5b770ae629ebdf58dacf898d78/docs/t-sql/statements/grant-schema-permissions-transact-sql.md,GRANT Schema Permissions (Transact-SQL),Microsoft,CC BY 4.0,2026-09-24,ms.date 06/19/2017,,sqlserver/insert-only-audit.md
S471,https://raw.githubusercontent.com/MicrosoftDocs/sql-docs/e68830c3a18b6b5b770ae629ebdf58dacf898d78/docs/relational-databases/security/authentication-access/database-level-roles.md,Database-level roles,Microsoft,CC BY 4.0,2026-09-24,ms.date 12/11/2025,,sqlserver/insert-only-audit.md
S473,https://raw.githubusercontent.com/MicrosoftDocs/sql-docs/e68830c3a18b6b5b770ae629ebdf58dacf898d78/docs/linux/containers/deploy.md,Deploy and connect to SQL Server Linux containers,Microsoft,CC BY 4.0,2026-09-24,ms.date 05/07/2026,,sqlserver/linux-container.md
S474,https://raw.githubusercontent.com/MicrosoftDocs/sql-docs/e68830c3a18b6b5b770ae629ebdf58dacf898d78/docs/linux/configure/environment-variables.md,Configure SQL Server settings with environment variables on Linux,Microsoft,CC BY 4.0,2026-09-24,ms.date 04/27/2026,,sqlserver/linux-container.md
S475,https://raw.githubusercontent.com/MicrosoftDocs/sql-docs/e68830c3a18b6b5b770ae629ebdf58dacf898d78/docs/linux/includes/editions-sql-server-2025-later-versions.md,"MSSQL_PID values, SQL Server 2025 and later (include)",Microsoft,CC BY 4.0,2026-09-24,ms.date 01/27/2026,,sqlserver/linux-container.md
S476,https://raw.githubusercontent.com/MicrosoftDocs/sql-docs/e68830c3a18b6b5b770ae629ebdf58dacf898d78/docs/linux/includes/editions-sql-server-2022-earlier-versions.md,"MSSQL_PID values, SQL Server 2022 and earlier (include)",Microsoft,CC BY 4.0,2026-09-24,ms.date 11/18/2025,,sqlserver/linux-container.md
S477,https://raw.githubusercontent.com/MicrosoftDocs/sql-docs/e68830c3a18b6b5b770ae629ebdf58dacf898d78/docs/linux/install-upgrade/quickstart-install-docker.md,Quickstart: Run SQL Server Linux container images with Docker,Microsoft,CC BY 4.0,2026-09-24,ms.date 05/07/2026,,sqlserver/linux-container.md
S478,https://mcr.microsoft.com/v2/mssql/server/tags/list,Microsoft Artifact Registry tag list for mssql/server (284 tags),Microsoft,Registry metadata (no licence stated),2026-09-24,retrieved 2026-09-24 (unversioned endpoint; content changes as tags are added); sha256 at retrieval 058736f6cdb5ab26a766cb3a491e785c8f6f26c098cec38b74e7276d27bc4c83,,sqlserver/linux-container.md
S500,https://raw.githubusercontent.com/microsoftgraph/msgraph-metadata/b8cbef92f6959dca8150bf3edcc650863765e529/clean_v10_metadata/cleanMetadataWithDescriptionsAndAnnotationsv1.0.xml,Microsoft Graph v1.0 clean CSDL with descriptions and annotations,Microsoft,MIT,2026-09-24,commit b8cbef92f6959dca8150bf3edcc650863765e529,ab873746a59ab114de0539e1758e7cb34a20baddb407c8b39928e34e2b1c063a,graph/csdl-device.md;graph/csdl-managedDevice.md;graph/csdl-windowsAutopilotDeviceIdentity.md;graph/delta-query.md
S501,https://raw.githubusercontent.com/microsoftgraph/msgraph-metadata/b8cbef92f6959dca8150bf3edcc650863765e529/clean_beta_metadata/cleanMetadataWithDescriptionsAndAnnotationsbeta.xml,Microsoft Graph beta clean CSDL with descriptions and annotations,Microsoft,MIT,2026-09-24,commit b8cbef92f6959dca8150bf3edcc650863765e529,ff09134b64dcefe81ff0961322c43f7e5c5e30c5ae36869fbfaaffacacd8731e,graph/csdl-device.md;graph/csdl-managedDevice.md;graph/csdl-windowsAutopilotDeviceIdentity.md;graph/delta-query.md
S502,https://raw.githubusercontent.com/microsoftgraph/msgraph-metadata/b8cbef92f6959dca8150bf3edcc650863765e529/clean_v10_metadata/cleanMetadata.xml,Microsoft Graph v1.0 clean CSDL (no descriptions),Microsoft,MIT,2026-09-24,commit b8cbef92f6959dca8150bf3edcc650863765e529,32a4e8f6fa936cb1b46f5d9387f4e53c000895a612fbb4305dcbc08ba9c3032b,graph/delta-query.md;graph/csdl-managedDevice.md;graph/csdl-windowsAutopilotDeviceIdentity.md
S503,https://raw.githubusercontent.com/microsoftgraph/msgraph-metadata/b8cbef92f6959dca8150bf3edcc650863765e529/clean_beta_metadata/cleanMetadata.xml,Microsoft Graph beta clean CSDL (no descriptions),Microsoft,MIT,2026-09-24,commit b8cbef92f6959dca8150bf3edcc650863765e529,9b59d52827e434b15691d55846c7961d7f105b934ff9d03d37b396e8eb60b531,graph/delta-query.md;graph/csdl-managedDevice.md;graph/csdl-windowsAutopilotDeviceIdentity.md
S504,https://raw.githubusercontent.com/microsoftgraph/microsoft-graph-docs-contrib/4ad99fd37a9e2e8538275a0a9cdff7907052f3ec/api-reference/v1.0/resources/device.md,device resource type (v1.0) (learn: https://learn.microsoft.com/graph/api/resources/device?view=graph-rest-1.0),Microsoft,CC-BY-4.0 (LICENSE) / CC-BY-NC-ND-3.0-US (LICENSE.md) - see conflicts,2026-09-24,commit 4ad99fd37a9e2e8538275a0a9cdff7907052f3ec; ms.date 10/25/2024,,graph/csdl-device.md;entra/device-identity.md;entra/hybrid-deviceid-objectguid.md;entra/stale-devices.md;autopilot/device-identity.md
S505,https://raw.githubusercontent.com/microsoftgraph/microsoft-graph-docs-contrib/4ad99fd37a9e2e8538275a0a9cdff7907052f3ec/api-reference/beta/resources/device.md,device resource type (beta) (learn: https://learn.microsoft.com/graph/api/resources/device?view=graph-rest-beta),Microsoft,CC-BY-4.0 (LICENSE) / CC-BY-NC-ND-3.0-US (LICENSE.md) - see conflicts,2026-09-24,commit 4ad99fd37a9e2e8538275a0a9cdff7907052f3ec; ms.date 12/31/2024,,graph/csdl-device.md
S506,https://raw.githubusercontent.com/microsoftgraph/microsoft-graph-docs-contrib/4ad99fd37a9e2e8538275a0a9cdff7907052f3ec/api-reference/v1.0/resources/intune-devices-manageddevice.md,managedDevice resource type (v1.0) (learn: https://learn.microsoft.com/graph/api/resources/intune-devices-manageddevice?view=graph-rest-1.0),Microsoft,CC-BY-4.0 (LICENSE) / CC-BY-NC-ND-3.0-US (LICENSE.md) - see conflicts,2026-09-24,commit 4ad99fd37a9e2e8538275a0a9cdff7907052f3ec; ms.date 10/10/2024,,graph/csdl-managedDevice.md
S507,https://raw.githubusercontent.com/microsoftgraph/microsoft-graph-docs-contrib/4ad99fd37a9e2e8538275a0a9cdff7907052f3ec/api-reference/beta/resources/intune-devices-manageddevice.md,managedDevice resource type (beta) (learn: https://learn.microsoft.com/graph/api/resources/intune-devices-manageddevice?view=graph-rest-beta),Microsoft,CC-BY-4.0 (LICENSE) / CC-BY-NC-ND-3.0-US (LICENSE.md) - see conflicts,2026-09-24,commit 4ad99fd37a9e2e8538275a0a9cdff7907052f3ec; ms.date 10/11/2024,,graph/csdl-managedDevice.md
S508,https://raw.githubusercontent.com/microsoftgraph/microsoft-graph-docs-contrib/4ad99fd37a9e2e8538275a0a9cdff7907052f3ec/api-reference/v1.0/resources/intune-enrollment-windowsautopilotdeviceidentity.md,windowsAutopilotDeviceIdentity resource type (v1.0) (learn: https://learn.microsoft.com/graph/api/resources/intune-enrollment-windowsautopilotdeviceidentity?view=graph-rest-1.0),Microsoft,CC-BY-4.0 (LICENSE) / CC-BY-NC-ND-3.0-US (LICENSE.md) - see conflicts,2026-09-24,commit 4ad99fd37a9e2e8538275a0a9cdff7907052f3ec; ms.date 08/01/2024,,graph/csdl-windowsAutopilotDeviceIdentity.md;autopilot/device-identity.md
S509,https://raw.githubusercontent.com/microsoftgraph/microsoft-graph-docs-contrib/4ad99fd37a9e2e8538275a0a9cdff7907052f3ec/api-reference/beta/resources/intune-enrollment-windowsautopilotdeviceidentity.md,windowsAutopilotDeviceIdentity resource type (beta) (learn: https://learn.microsoft.com/graph/api/resources/intune-enrollment-windowsautopilotdeviceidentity?view=graph-rest-beta),Microsoft,CC-BY-4.0 (LICENSE) / CC-BY-NC-ND-3.0-US (LICENSE.md) - see conflicts,2026-09-24,commit 4ad99fd37a9e2e8538275a0a9cdff7907052f3ec; ms.date 08/01/2024,,graph/csdl-windowsAutopilotDeviceIdentity.md;autopilot/device-identity.md
S510,https://raw.githubusercontent.com/microsoftgraph/microsoft-graph-docs-contrib/4ad99fd37a9e2e8538275a0a9cdff7907052f3ec/concepts/delta-query-overview.md,Use delta query to track changes in Microsoft Graph data (learn: https://learn.microsoft.com/graph/delta-query-overview),Microsoft,CC-BY-4.0 (LICENSE) / CC-BY-NC-ND-3.0-US (LICENSE.md) - see conflicts,2026-09-24,commit 4ad99fd37a9e2e8538275a0a9cdff7907052f3ec; ms.date 01/15/2025,,graph/delta-query.md
S511,https://raw.githubusercontent.com/microsoftgraph/microsoft-graph-docs-contrib/4ad99fd37a9e2e8538275a0a9cdff7907052f3ec/api-reference/v1.0/api/device-delta.md,device: delta (v1.0) (learn: https://learn.microsoft.com/graph/api/device-delta?view=graph-rest-1.0),Microsoft,CC-BY-4.0 (LICENSE) / CC-BY-NC-ND-3.0-US (LICENSE.md) - see conflicts,2026-09-24,commit 4ad99fd37a9e2e8538275a0a9cdff7907052f3ec; ms.date 10/25/2024,,graph/delta-query.md
S512,https://raw.githubusercontent.com/microsoftgraph/microsoft-graph-docs-contrib/4ad99fd37a9e2e8538275a0a9cdff7907052f3ec/api-reference/v1.0/includes/permissions/device-list-permissions.md,Permissions table: List devices (v1.0),Microsoft,CC-BY-4.0 (LICENSE) / CC-BY-NC-ND-3.0-US (LICENSE.md) - see conflicts,2026-09-24,commit 4ad99fd37a9e2e8538275a0a9cdff7907052f3ec,,graph/permissions.md
S513,https://raw.githubusercontent.com/microsoftgraph/microsoft-graph-docs-contrib/4ad99fd37a9e2e8538275a0a9cdff7907052f3ec/api-reference/v1.0/includes/permissions/device-get-permissions.md,Permissions table: Get device (v1.0),Microsoft,CC-BY-4.0 (LICENSE) / CC-BY-NC-ND-3.0-US (LICENSE.md) - see conflicts,2026-09-24,commit 4ad99fd37a9e2e8538275a0a9cdff7907052f3ec,,graph/permissions.md
S514,https://raw.githubusercontent.com/microsoftgraph/microsoft-graph-docs-contrib/4ad99fd37a9e2e8538275a0a9cdff7907052f3ec/api-reference/v1.0/includes/permissions/device-delta-permissions.md,Permissions table: device delta (v1.0),Microsoft,CC-BY-4.0 (LICENSE) / CC-BY-NC-ND-3.0-US (LICENSE.md) - see conflicts,2026-09-24,commit 4ad99fd37a9e2e8538275a0a9cdff7907052f3ec,,graph/permissions.md
S515,https://raw.githubusercontent.com/microsoftgraph/microsoft-graph-docs-contrib/4ad99fd37a9e2e8538275a0a9cdff7907052f3ec/api-reference/v1.0/includes/permissions/device-delete-permissions.md,Permissions table: Delete device (v1.0),Microsoft,CC-BY-4.0 (LICENSE) / CC-BY-NC-ND-3.0-US (LICENSE.md) - see conflicts,2026-09-24,commit 4ad99fd37a9e2e8538275a0a9cdff7907052f3ec,,graph/permissions.md
S516,https://raw.githubusercontent.com/microsoftgraph/microsoft-graph-docs-contrib/4ad99fd37a9e2e8538275a0a9cdff7907052f3ec/api-reference/v1.0/api/device-delete.md,Delete device (v1.0) (learn: https://learn.microsoft.com/graph/api/device-delete?view=graph-rest-1.0),Microsoft,CC-BY-4.0 (LICENSE) / CC-BY-NC-ND-3.0-US (LICENSE.md) - see conflicts,2026-09-24,commit 4ad99fd37a9e2e8538275a0a9cdff7907052f3ec; ms.date 10/25/2024,,graph/permissions.md
S517,https://raw.githubusercontent.com/microsoftgraph/microsoft-graph-docs-contrib/4ad99fd37a9e2e8538275a0a9cdff7907052f3ec/api-reference/v1.0/includes/rbac-for-apis/rbac-devices-apis-read.md,Include: Entra roles for device read APIs,Microsoft,CC-BY-4.0 (LICENSE) / CC-BY-NC-ND-3.0-US (LICENSE.md) - see conflicts,2026-09-24,commit 4ad99fd37a9e2e8538275a0a9cdff7907052f3ec,,graph/permissions.md
S518,https://raw.githubusercontent.com/microsoftgraph/microsoft-graph-docs-contrib/4ad99fd37a9e2e8538275a0a9cdff7907052f3ec/api-reference/v1.0/api/intune-devices-manageddevice-list.md,List managedDevices (v1.0) (learn: https://learn.microsoft.com/graph/api/intune-devices-manageddevice-list?view=graph-rest-1.0),Microsoft,CC-BY-4.0 (LICENSE) / CC-BY-NC-ND-3.0-US (LICENSE.md) - see conflicts,2026-09-24,commit 4ad99fd37a9e2e8538275a0a9cdff7907052f3ec; ms.date 08/01/2024,,graph/permissions.md
S519,https://raw.githubusercontent.com/microsoftgraph/microsoft-graph-docs-contrib/4ad99fd37a9e2e8538275a0a9cdff7907052f3ec/api-reference/v1.0/api/intune-devices-manageddevice-get.md,Get managedDevice (v1.0) (learn: https://learn.microsoft.com/graph/api/intune-devices-manageddevice-get?view=graph-rest-1.0),Microsoft,CC-BY-4.0 (LICENSE) / CC-BY-NC-ND-3.0-US (LICENSE.md) - see conflicts,2026-09-24,commit 4ad99fd37a9e2e8538275a0a9cdff7907052f3ec; ms.date 08/01/2024,,graph/permissions.md
S520,https://raw.githubusercontent.com/microsoftgraph/microsoft-graph-docs-contrib/4ad99fd37a9e2e8538275a0a9cdff7907052f3ec/api-reference/v1.0/api/intune-devices-manageddevice-delete.md,Delete managedDevice (v1.0) (learn: https://learn.microsoft.com/graph/api/intune-devices-manageddevice-delete?view=graph-rest-1.0),Microsoft,CC-BY-4.0 (LICENSE) / CC-BY-NC-ND-3.0-US (LICENSE.md) - see conflicts,2026-09-24,commit 4ad99fd37a9e2e8538275a0a9cdff7907052f3ec; ms.date 08/01/2024,,graph/permissions.md
S521,https://raw.githubusercontent.com/microsoftgraph/microsoft-graph-docs-contrib/4ad99fd37a9e2e8538275a0a9cdff7907052f3ec/api-reference/v1.0/api/intune-enrollment-windowsautopilotdeviceidentity-list.md,List windowsAutopilotDeviceIdentities (v1.0) (learn: https://learn.microsoft.com/graph/api/intune-enrollment-windowsautopilotdeviceidentity-list?view=graph-rest-1.0),Microsoft,CC-BY-4.0 (LICENSE) / CC-BY-NC-ND-3.0-US (LICENSE.md) - see conflicts,2026-09-24,commit 4ad99fd37a9e2e8538275a0a9cdff7907052f3ec; ms.date 08/01/2024,,graph/permissions.md
S522,https://raw.githubusercontent.com/microsoftgraph/microsoft-graph-docs-contrib/4ad99fd37a9e2e8538275a0a9cdff7907052f3ec/api-reference/v1.0/api/intune-enrollment-windowsautopilotdeviceidentity-get.md,Get windowsAutopilotDeviceIdentity (v1.0) (learn: https://learn.microsoft.com/graph/api/intune-enrollment-windowsautopilotdeviceidentity-get?view=graph-rest-1.0),Microsoft,CC-BY-4.0 (LICENSE) / CC-BY-NC-ND-3.0-US (LICENSE.md) - see conflicts,2026-09-24,commit 4ad99fd37a9e2e8538275a0a9cdff7907052f3ec; ms.date 08/01/2024,,graph/permissions.md
S523,https://raw.githubusercontent.com/microsoftgraph/microsoft-graph-docs-contrib/4ad99fd37a9e2e8538275a0a9cdff7907052f3ec/api-reference/v1.0/api/intune-enrollment-windowsautopilotdeviceidentity-delete.md,Delete windowsAutopilotDeviceIdentity (v1.0) (learn: https://learn.microsoft.com/graph/api/intune-enrollment-windowsautopilotdeviceidentity-delete?view=graph-rest-1.0),Microsoft,CC-BY-4.0 (LICENSE) / CC-BY-NC-ND-3.0-US (LICENSE.md) - see conflicts,2026-09-24,commit 4ad99fd37a9e2e8538275a0a9cdff7907052f3ec; ms.date 08/01/2024,,graph/permissions.md;autopilot/lifecycle.md
S524,https://raw.githubusercontent.com/microsoftgraph/microsoft-graph-docs-contrib/4ad99fd37a9e2e8538275a0a9cdff7907052f3ec/concepts/permissions-reference.md,Microsoft Graph permissions reference (learn: https://learn.microsoft.com/graph/permissions-reference),Microsoft,CC-BY-4.0 (LICENSE) / CC-BY-NC-ND-3.0-US (LICENSE.md) - see conflicts,2026-09-24,commit 4ad99fd37a9e2e8538275a0a9cdff7907052f3ec; ms.date 08/03/2026,,graph/permissions.md
S525,https://raw.githubusercontent.com/microsoftgraph/microsoft-graph-docs-contrib/4ad99fd37a9e2e8538275a0a9cdff7907052f3ec/concepts/throttling-limits.md,Microsoft Graph service-specific throttling limits (learn: https://learn.microsoft.com/graph/throttling-limits),Microsoft,CC-BY-4.0 (LICENSE) / CC-BY-NC-ND-3.0-US (LICENSE.md) - see conflicts,2026-09-24,commit 4ad99fd37a9e2e8538275a0a9cdff7907052f3ec; ms.date 01/14/2025,,graph/throttling.md
S526,https://raw.githubusercontent.com/microsoftgraph/microsoft-graph-docs-contrib/4ad99fd37a9e2e8538275a0a9cdff7907052f3ec/includes/throttling-identity-and-access.md,Include: identity and access service limits,Microsoft,CC-BY-4.0 (LICENSE) / CC-BY-NC-ND-3.0-US (LICENSE.md) - see conflicts,2026-09-24,commit 4ad99fd37a9e2e8538275a0a9cdff7907052f3ec,,graph/throttling.md
S527,https://raw.githubusercontent.com/microsoftgraph/microsoft-graph-docs-contrib/4ad99fd37a9e2e8538275a0a9cdff7907052f3ec/includes/throttling-device-operation.md,Include: identity and access device operation limits,Microsoft,CC-BY-4.0 (LICENSE) / CC-BY-NC-ND-3.0-US (LICENSE.md) - see conflicts,2026-09-24,commit 4ad99fd37a9e2e8538275a0a9cdff7907052f3ec,,graph/throttling.md
S528,https://raw.githubusercontent.com/microsoftgraph/microsoft-graph-docs-contrib/4ad99fd37a9e2e8538275a0a9cdff7907052f3ec/includes/throttling-intune-devices.md,Include: Intune devices service limits,Microsoft,CC-BY-4.0 (LICENSE) / CC-BY-NC-ND-3.0-US (LICENSE.md) - see conflicts,2026-09-24,commit 4ad99fd37a9e2e8538275a0a9cdff7907052f3ec,,graph/throttling.md
S529,https://raw.githubusercontent.com/microsoftgraph/microsoft-graph-docs-contrib/4ad99fd37a9e2e8538275a0a9cdff7907052f3ec/concepts/throttling.md,Microsoft Graph throttling guidance (learn: https://learn.microsoft.com/graph/throttling),Microsoft,CC-BY-4.0 (LICENSE) / CC-BY-NC-ND-3.0-US (LICENSE.md) - see conflicts,2026-09-24,commit 4ad99fd37a9e2e8538275a0a9cdff7907052f3ec; ms.date 01/14/2025,,graph/throttling.md
S530,https://raw.githubusercontent.com/microsoftgraph/microsoft-graph-docs-contrib/4ad99fd37a9e2e8538275a0a9cdff7907052f3ec/concepts/aad-advanced-queries.md,Advanced query capabilities on Microsoft Entra ID objects (learn: https://learn.microsoft.com/graph/aad-advanced-queries),Microsoft,CC-BY-4.0 (LICENSE) / CC-BY-NC-ND-3.0-US (LICENSE.md) - see conflicts,2026-09-24,commit 4ad99fd37a9e2e8538275a0a9cdff7907052f3ec; ms.date 08/29/2025,,graph/csdl-device.md
S531,https://raw.githubusercontent.com/microsoftgraph/microsoft-graph-docs-contrib/4ad99fd37a9e2e8538275a0a9cdff7907052f3ec/api-reference/v1.0/api/bitlocker-list-recoverykeys.md,"List recoveryKeys (BitLocker, v1.0) (learn: https://learn.microsoft.com/graph/api/bitlocker-list-recoverykeys?view=graph-rest-1.0)",Microsoft,CC-BY-4.0 (LICENSE) / CC-BY-NC-ND-3.0-US (LICENSE.md) - see conflicts,2026-09-24,commit 4ad99fd37a9e2e8538275a0a9cdff7907052f3ec; ms.date 10/24/2024,,graph/permissions.md;entra/bitlocker-key-deletion.md
S540,https://raw.githubusercontent.com/MicrosoftDocs/entra-docs/8fcc223342e1c464806a024a5a7a85c8f762b2e9/docs/identity/devices/overview.md,What is device identity in Microsoft Entra ID (learn: https://learn.microsoft.com/entra/identity/devices/overview),Microsoft,MIT,2026-09-24,commit 8fcc223342e1c464806a024a5a7a85c8f762b2e9; ms.date 06/27/2025,,entra/device-identity.md
S541,https://raw.githubusercontent.com/MicrosoftDocs/entra-docs/8fcc223342e1c464806a024a5a7a85c8f762b2e9/docs/identity/devices/concept-device-registration.md,Microsoft Entra registered devices (learn: https://learn.microsoft.com/entra/identity/devices/concept-device-registration),Microsoft,MIT,2026-09-24,commit 8fcc223342e1c464806a024a5a7a85c8f762b2e9; ms.date 06/27/2025,,entra/device-identity.md
S542,https://raw.githubusercontent.com/MicrosoftDocs/entra-docs/8fcc223342e1c464806a024a5a7a85c8f762b2e9/docs/identity/devices/concept-directory-join.md,Microsoft Entra joined devices (learn: https://learn.microsoft.com/entra/identity/devices/concept-directory-join),Microsoft,MIT,2026-09-24,commit 8fcc223342e1c464806a024a5a7a85c8f762b2e9; ms.date 06/27/2025,,entra/device-identity.md
S543,https://raw.githubusercontent.com/MicrosoftDocs/entra-docs/8fcc223342e1c464806a024a5a7a85c8f762b2e9/docs/identity/devices/concept-hybrid-join.md,Microsoft Entra hybrid joined devices (learn: https://learn.microsoft.com/entra/identity/devices/concept-hybrid-join),Microsoft,MIT,2026-09-24,commit 8fcc223342e1c464806a024a5a7a85c8f762b2e9; ms.date 06/27/2025,,entra/device-identity.md
S544,https://raw.githubusercontent.com/MicrosoftDocs/entra-docs/8fcc223342e1c464806a024a5a7a85c8f762b2e9/docs/identity/devices/troubleshoot-device-dsregcmd.md,Troubleshoot devices by using the dsregcmd command (learn: https://learn.microsoft.com/entra/identity/devices/troubleshoot-device-dsregcmd),Microsoft,MIT,2026-09-24,commit 8fcc223342e1c464806a024a5a7a85c8f762b2e9; ms.date 06/27/2025,,entra/dsregcmd.md;entra/device-identity.md;entra/hybrid-deviceid-objectguid.md
S545,https://raw.githubusercontent.com/MicrosoftDocs/entra-docs/8fcc223342e1c464806a024a5a7a85c8f762b2e9/docs/identity/devices/manage-stale-devices.md,Manage stale devices in Microsoft Entra ID (learn: https://learn.microsoft.com/entra/identity/devices/manage-stale-devices),Microsoft,MIT,2026-09-24,commit 8fcc223342e1c464806a024a5a7a85c8f762b2e9; ms.date 06/27/2025,,entra/stale-devices.md;entra/bitlocker-key-deletion.md;autopilot/lifecycle.md;autopilot/device-identity.md
S546,https://raw.githubusercontent.com/MicrosoftDocs/entra-docs/8fcc223342e1c464806a024a5a7a85c8f762b2e9/docs/identity/devices/manage-device-identities.md,Manage device identities (learn: https://learn.microsoft.com/entra/identity/devices/manage-device-identities),Microsoft,MIT,2026-09-24,commit 8fcc223342e1c464806a024a5a7a85c8f762b2e9; ms.date 06/17/2026,,entra/bitlocker-key-deletion.md
S547,https://raw.githubusercontent.com/MicrosoftDocs/entra-docs/8fcc223342e1c464806a024a5a7a85c8f762b2e9/docs/identity/devices/concept-soft-delete-devices.md,Device soft delete in Microsoft Entra ID (preview) (learn: https://learn.microsoft.com/entra/identity/devices/concept-soft-delete-devices),Microsoft,MIT,2026-09-24,commit 8fcc223342e1c464806a024a5a7a85c8f762b2e9; ms.date 04/05/2026,,entra/bitlocker-key-deletion.md;entra/stale-devices.md
S548,https://raw.githubusercontent.com/MicrosoftDocs/entra-docs/8fcc223342e1c464806a024a5a7a85c8f762b2e9/docs/identity/devices/device-registration-how-it-works.md,How Microsoft Entra device registration works (learn: https://learn.microsoft.com/entra/identity/devices/device-registration-how-it-works),Microsoft,MIT,2026-09-24,commit 8fcc223342e1c464806a024a5a7a85c8f762b2e9; ms.date 06/27/2025,,entra/hybrid-deviceid-objectguid.md;entra/dsregcmd.md
S549,https://raw.githubusercontent.com/MicrosoftDocs/entra-docs/8fcc223342e1c464806a024a5a7a85c8f762b2e9/docs/identity/hybrid/connect/reference-connect-sync-attributes-synchronized.md,Attributes synchronized by Microsoft Entra Connect (learn: https://learn.microsoft.com/entra/identity/hybrid/connect/reference-connect-sync-attributes-synchronized),Microsoft,MIT,2026-09-24,commit 8fcc223342e1c464806a024a5a7a85c8f762b2e9; ms.date 04/09/2025,,entra/hybrid-deviceid-objectguid.md;ad/computer-attributes.md
S550,https://raw.githubusercontent.com/MicrosoftDocs/entra-docs/8fcc223342e1c464806a024a5a7a85c8f762b2e9/docs/identity/hybrid/cloud-sync/device-sync.md,Configure device sync with Microsoft Entra Cloud Sync (preview) (learn: https://learn.microsoft.com/entra/identity/hybrid/cloud-sync/device-sync),Microsoft,MIT,2026-09-24,commit 8fcc223342e1c464806a024a5a7a85c8f762b2e9; ms.date 07/21/2026,,entra/hybrid-deviceid-objectguid.md
S551,https://raw.githubusercontent.com/MicrosoftDocs/entra-docs/8fcc223342e1c464806a024a5a7a85c8f762b2e9/docs/identity/devices/hybrid-join-manual.md,Configure Microsoft Entra hybrid join manually (learn: https://learn.microsoft.com/entra/identity/devices/hybrid-join-manual),Microsoft,MIT,2026-09-24,commit 8fcc223342e1c464806a024a5a7a85c8f762b2e9; ms.date 06/27/2025,,entra/hybrid-deviceid-objectguid.md
S552,https://raw.githubusercontent.com/MicrosoftDocs/SupportArticles-docs/c059e57ad347ac39ac748cc22c54285463e7172f/support/entra/entra-id/ad-dmn-services/reference-connect-device-disappearance.md,Understand Microsoft Entra Connect 1.4.xx.x and device disappearance (learn: https://learn.microsoft.com/troubleshoot/entra/entra-id/ad-dmn-services/reference-connect-device-disappearance),Microsoft,CC-BY-4.0,2026-09-24,commit c059e57ad347ac39ac748cc22c54285463e7172f; ms.date 06/30/2021,,entra/hybrid-deviceid-objectguid.md;ad/computer-attributes.md
S553,https://raw.githubusercontent.com/MicrosoftDocs/entra-docs/8fcc223342e1c464806a024a5a7a85c8f762b2e9/docs/identity/conditional-access/concept-condition-filters-for-devices.md,Conditional Access: filter for devices (learn: https://learn.microsoft.com/entra/identity/conditional-access/concept-condition-filters-for-devices),Microsoft,MIT,2026-09-24,commit 8fcc223342e1c464806a024a5a7a85c8f762b2e9; ms.date 03/24/2026,,autopilot/device-identity.md
S554,https://raw.githubusercontent.com/MicrosoftDocs/entra-docs/8fcc223342e1c464806a024a5a7a85c8f762b2e9/docs/identity/users/groups-dynamic-membership.md,Dynamic membership rules for groups (learn: https://learn.microsoft.com/entra/identity/users/groups-dynamic-membership),Microsoft,MIT,2026-09-24,commit 8fcc223342e1c464806a024a5a7a85c8f762b2e9; ms.date 08/13/2026,,autopilot/device-identity.md
S555,https://raw.githubusercontent.com/MicrosoftDocs/entra-docs/8fcc223342e1c464806a024a5a7a85c8f762b2e9/docs/identity-platform/optional-claims-reference.md,Optional claims reference (learn: https://learn.microsoft.com/entra/identity-platform/optional-claims-reference),Microsoft,MIT,2026-09-24,commit 8fcc223342e1c464806a024a5a7a85c8f762b2e9; ms.date 07/22/2026,,autopilot/device-identity.md
S560,https://raw.githubusercontent.com/MicrosoftDocs/win32/e103fa4e8810bd8d42c4777e17081e24dbe62dbd/desktop-src/ADSchema/a-objectguid.md,Object-Guid attribute (learn: https://learn.microsoft.com/windows/win32/adschema/a-objectguid),Microsoft,CC-BY-4.0,2026-09-24,commit e103fa4e8810bd8d42c4777e17081e24dbe62dbd; ms.date 05/31/2018,,ad/computer-attributes.md;ad/ldap-paging-filters.md
S561,https://raw.githubusercontent.com/MicrosoftDocs/win32/e103fa4e8810bd8d42c4777e17081e24dbe62dbd/desktop-src/ADSchema/a-objectsid.md,Object-Sid attribute (learn: https://learn.microsoft.com/windows/win32/adschema/a-objectsid),Microsoft,CC-BY-4.0,2026-09-24,commit e103fa4e8810bd8d42c4777e17081e24dbe62dbd; ms.date 05/31/2018,,ad/computer-attributes.md
S562,https://raw.githubusercontent.com/MicrosoftDocs/win32/e103fa4e8810bd8d42c4777e17081e24dbe62dbd/desktop-src/ADSchema/a-lastlogontimestamp.md,Last-Logon-Timestamp attribute (learn: https://learn.microsoft.com/windows/win32/adschema/a-lastlogontimestamp),Microsoft,CC-BY-4.0,2026-09-24,commit e103fa4e8810bd8d42c4777e17081e24dbe62dbd; ms.date 05/31/2018,,ad/computer-attributes.md
S563,https://raw.githubusercontent.com/MicrosoftDocs/win32/e103fa4e8810bd8d42c4777e17081e24dbe62dbd/desktop-src/ADSchema/a-msds-logontimesyncinterval.md,ms-DS-Logon-Time-Sync-Interval attribute (learn: https://learn.microsoft.com/windows/win32/adschema/a-msds-logontimesyncinterval),Microsoft,CC-BY-4.0,2026-09-24,commit e103fa4e8810bd8d42c4777e17081e24dbe62dbd; ms.date 05/31/2018,,ad/computer-attributes.md
S564,https://raw.githubusercontent.com/MicrosoftDocs/win32/e103fa4e8810bd8d42c4777e17081e24dbe62dbd/desktop-src/ADSchema/a-dnshostname.md,DNS-Host-Name attribute (learn: https://learn.microsoft.com/windows/win32/adschema/a-dnshostname),Microsoft,CC-BY-4.0,2026-09-24,commit e103fa4e8810bd8d42c4777e17081e24dbe62dbd; ms.date 05/31/2018,,ad/computer-attributes.md
S565,https://raw.githubusercontent.com/MicrosoftDocs/win32/e103fa4e8810bd8d42c4777e17081e24dbe62dbd/desktop-src/ADSchema/a-usercertificate.md,X509-Cert attribute (userCertificate) (learn: https://learn.microsoft.com/windows/win32/adschema/a-usercertificate),Microsoft,CC-BY-4.0,2026-09-24,commit e103fa4e8810bd8d42c4777e17081e24dbe62dbd; ms.date 05/31/2018,,ad/computer-attributes.md
S566,https://raw.githubusercontent.com/MicrosoftDocs/win32/e103fa4e8810bd8d42c4777e17081e24dbe62dbd/desktop-src/ADSchema/c-computer.md,Computer class (learn: https://learn.microsoft.com/windows/win32/adschema/c-computer),Microsoft,CC-BY-4.0,2026-09-24,commit e103fa4e8810bd8d42c4777e17081e24dbe62dbd; ms.date 05/31/2018,,ad/computer-attributes.md
S567,https://raw.githubusercontent.com/MicrosoftDocs/win32/e103fa4e8810bd8d42c4777e17081e24dbe62dbd/desktop-src/ADSI/search-filter-syntax.md,Search Filter Syntax (learn: https://learn.microsoft.com/windows/win32/adsi/search-filter-syntax),Microsoft,CC-BY-4.0,2026-09-24,commit e103fa4e8810bd8d42c4777e17081e24dbe62dbd; ms.date 09/25/2020,,ad/ldap-paging-filters.md
S568,https://raw.githubusercontent.com/MicrosoftDocs/win32/e103fa4e8810bd8d42c4777e17081e24dbe62dbd/desktop-src/ADSI/paging-with-idirectorysearch.md,Paging with IDirectorySearch (learn: https://learn.microsoft.com/windows/win32/adsi/paging-with-idirectorysearch),Microsoft,CC-BY-4.0,2026-09-24,commit e103fa4e8810bd8d42c4777e17081e24dbe62dbd; ms.date 05/31/2018,,ad/ldap-paging-filters.md
S569,https://raw.githubusercontent.com/MicrosoftDocs/SupportArticles-docs/c059e57ad347ac39ac748cc22c54285463e7172f/support/windows-server/active-directory/view-set-ldap-policy-using-ntdsutil.md,View and set LDAP policy in Active Directory by using Ntdsutil.exe (learn: https://learn.microsoft.com/troubleshoot/windows-server/active-directory/view-set-ldap-policy-using-ntdsutil),Microsoft,CC-BY-4.0,2026-09-24,commit c059e57ad347ac39ac748cc22c54285463e7172f; ms.date 02/12/2026,,ad/ldap-paging-filters.md
S570,https://raw.githubusercontent.com/MicrosoftDocs/SupportArticles-docs/c059e57ad347ac39ac748cc22c54285463e7172f/support/windows-server/active-directory/domain-controller-returns-500-values-ldap-response.md,DC returns only 5000 values in LDAP response (learn: https://learn.microsoft.com/troubleshoot/windows-server/active-directory/domain-controller-returns-500-values-ldap-response),Microsoft,CC-BY-4.0,2026-09-24,commit c059e57ad347ac39ac748cc22c54285463e7172f; ms.date 02/12/2026,,ad/ldap-paging-filters.md
S571,https://raw.githubusercontent.com/MicrosoftDocs/win32/e103fa4e8810bd8d42c4777e17081e24dbe62dbd/desktop-src/ADSchema/rootdse.md,RootDSE (learn: https://learn.microsoft.com/windows/win32/adschema/rootdse),Microsoft,CC-BY-4.0,2026-09-24,commit e103fa4e8810bd8d42c4777e17081e24dbe62dbd; ms.date 05/31/2018,,ad/ldap-paging-filters.md
S580,https://raw.githubusercontent.com/MicrosoftDocs/memdocs/4b5429df8b47046c6b251e572ee61199fb5d4a5d/autopilot/registration-overview.md,Windows Autopilot registration overview (learn: https://learn.microsoft.com/autopilot/registration-overview),Microsoft,CC-BY-4.0,2026-09-24,commit 4b5429df8b47046c6b251e572ee61199fb5d4a5d; ms.date 03/25/2025,,autopilot/device-identity.md;autopilot/lifecycle.md
S581,https://raw.githubusercontent.com/MicrosoftDocs/memdocs/4b5429df8b47046c6b251e572ee61199fb5d4a5d/autopilot/includes/deregister-autopilot-device.md,Include: Deregister a Windows Autopilot device,Microsoft,CC-BY-4.0,2026-09-24,commit 4b5429df8b47046c6b251e572ee61199fb5d4a5d; ms.date 02/27/2026,,autopilot/lifecycle.md
S582,https://raw.githubusercontent.com/MicrosoftDocs/memdocs/4b5429df8b47046c6b251e572ee61199fb5d4a5d/autopilot/autopilot-motherboard-replacement.md,Windows Autopilot motherboard replacement scenario guidance (learn: https://learn.microsoft.com/autopilot/autopilot-motherboard-replacement),Microsoft,CC-BY-4.0,2026-09-24,commit 4b5429df8b47046c6b251e572ee61199fb5d4a5d; ms.date 08/13/2025,,autopilot/lifecycle.md
S583,https://raw.githubusercontent.com/MicrosoftDocs/memdocs/4b5429df8b47046c6b251e572ee61199fb5d4a5d/autopilot/windows-autopilot-hybrid.md,Windows Autopilot user-driven Microsoft Entra hybrid join (learn: https://learn.microsoft.com/autopilot/windows-autopilot-hybrid),Microsoft,CC-BY-4.0,2026-09-24,commit 4b5429df8b47046c6b251e572ee61199fb5d4a5d; ms.date 05/29/2025,,autopilot/lifecycle.md
S584,https://raw.githubusercontent.com/MicrosoftDocs/memdocs/4b5429df8b47046c6b251e572ee61199fb5d4a5d/autopilot/add-devices.md,Manually register devices with Windows Autopilot (learn: https://learn.microsoft.com/autopilot/add-devices),Microsoft,CC-BY-4.0,2026-09-24,commit 4b5429df8b47046c6b251e572ee61199fb5d4a5d; ms.date 04/11/2025,,autopilot/device-identity.md
S585,https://raw.githubusercontent.com/MicrosoftDocs/memdocs/4b5429df8b47046c6b251e572ee61199fb5d4a5d/autopilot/enrollment-autopilot.md,Windows Autopilot device groups (enrollment-autopilot) (learn: https://learn.microsoft.com/autopilot/enrollment-autopilot),Microsoft,CC-BY-4.0,2026-09-24,commit 4b5429df8b47046c6b251e572ee61199fb5d4a5d; ms.date 09/13/2024,,autopilot/device-identity.md
S586,https://raw.githubusercontent.com/MicrosoftDocs/memdocs/4b5429df8b47046c6b251e572ee61199fb5d4a5d/autopilot/known-issues.md,Windows Autopilot known issues (learn: https://learn.microsoft.com/autopilot/known-issues),Microsoft,CC-BY-4.0,2026-09-24,commit 4b5429df8b47046c6b251e572ee61199fb5d4a5d; ms.date 09/01/2026,,autopilot/device-identity.md
S600,https://raw.githubusercontent.com/MicrosoftDocs/memdocs/4b5429df8b47046c6b251e572ee61199fb5d4a5d/intune/configmgr/comanage/workloads.md,Co-management workloads (learn: https://learn.microsoft.com/intune/configmgr/comanage/workloads),Microsoft,CC BY 4.0,2026-09-24,ms.date 05/12/2025; commit 4b5429df8b47046c6b251e572ee61199fb5d4a5d,,intune/co-management.md
S601,https://raw.githubusercontent.com/MicrosoftDocs/memdocs/4b5429df8b47046c6b251e572ee61199fb5d4a5d/intune/configmgr/comanage/how-to-switch-workloads.md,Switch co-management workloads (learn: https://learn.microsoft.com/intune/configmgr/comanage/how-to-switch-workloads),Microsoft,CC BY 4.0,2026-09-24,ms.date 10/05/2021,,intune/co-management.md
S602,https://raw.githubusercontent.com/MicrosoftDocs/memdocs/4b5429df8b47046c6b251e572ee61199fb5d4a5d/intune/configmgr/comanage/overview.md,What is co-management? (learn: https://learn.microsoft.com/intune/configmgr/comanage/overview),Microsoft,CC BY 4.0,2026-09-24,ms.date 12/04/2024,,intune/co-management.md
S603,https://raw.githubusercontent.com/MicrosoftDocs/memdocs/4b5429df8b47046c6b251e572ee61199fb5d4a5d/intune/configmgr/comanage/how-to-monitor.md,Monitor co-management (learn: https://learn.microsoft.com/intune/configmgr/comanage/how-to-monitor),Microsoft,CC BY 4.0,2026-09-24,ms.date 10/05/2021,,intune/co-management.md;logs/sources.md;logs/sources.csv
S604,https://raw.githubusercontent.com/MicrosoftDocs/memdocs/4b5429df8b47046c6b251e572ee61199fb5d4a5d/intune/fundamentals/tenant-attach.md,Use Intune policies with tenant attached ConfigMgr devices (learn: https://learn.microsoft.com/intune/fundamentals/tenant-attach),Microsoft,CC BY 4.0,2026-09-24,ms.date 10/10/2024,,intune/tenant-attach.md
S605,https://raw.githubusercontent.com/MicrosoftDocs/memdocs/4b5429df8b47046c6b251e572ee61199fb5d4a5d/intune/configmgr/tenant-attach/prerequisites.md,Microsoft Intune tenant attach: Prerequisites (learn: https://learn.microsoft.com/intune/configmgr/tenant-attach/prerequisites),Microsoft,CC BY 4.0,2026-09-24,ms.date 07/11/2022,,intune/tenant-attach.md
S606,https://raw.githubusercontent.com/MicrosoftDocs/memdocs/4b5429df8b47046c6b251e572ee61199fb5d4a5d/intune/configmgr/tenant-attach/device-sync-actions.md,Enable Microsoft Intune tenant attach (learn: https://learn.microsoft.com/intune/configmgr/tenant-attach/device-sync-actions),Microsoft,CC BY 4.0,2026-09-24,ms.date 12/16/2024,,intune/tenant-attach.md
S607,https://raw.githubusercontent.com/MicrosoftDocs/memdocs/4b5429df8b47046c6b251e572ee61199fb5d4a5d/intune/configmgr/tenant-attach/scripts.md,Tenant attach - Run Scripts from the admin center (learn: https://learn.microsoft.com/intune/configmgr/tenant-attach/scripts),Microsoft,CC BY 4.0,2026-09-24,ms.date 07/11/2022,,intune/tenant-attach.md
S608,https://raw.githubusercontent.com/MicrosoftDocs/memdocs/4b5429df8b47046c6b251e572ee61199fb5d4a5d/intune/configmgr/tenant-attach/troubleshoot.md,Troubleshoot tenant attach (learn: https://learn.microsoft.com/intune/configmgr/tenant-attach/troubleshoot),Microsoft,CC BY 4.0,2026-09-24,ms.date 07/11/2022,,intune/tenant-attach.md;logs/sources.md;logs/sources.csv
S609,https://raw.githubusercontent.com/MicrosoftDocs/memdocs/4b5429df8b47046c6b251e572ee61199fb5d4a5d/intune/device-management/tools/deploy-remediations.md,Remediations (learn: https://learn.microsoft.com/intune/device-management/tools/deploy-remediations),Microsoft,CC BY 4.0,2026-09-24,ms.date 09/08/2025,,intune/remediations.md
S610,https://raw.githubusercontent.com/MicrosoftDocs/memdocs/4b5429df8b47046c6b251e572ee61199fb5d4a5d/intune/device-management/tools/run-powershell-scripts-windows.md,Use PowerShell scripts on Windows devices in Intune (learn: https://learn.microsoft.com/intune/device-management/tools/run-powershell-scripts-windows),Microsoft,CC BY 4.0,2026-09-24,ms.date 10/02/2025,,intune/remediations.md
S611,https://raw.githubusercontent.com/MicrosoftDocs/memdocs/4b5429df8b47046c6b251e572ee61199fb5d4a5d/intune/device-management/tools/management-extension-windows.md,Intune Management Extension for Windows (learn: https://learn.microsoft.com/intune/device-management/tools/management-extension-windows),Microsoft,CC BY 4.0,2026-09-24,ms.date 04/07/2026,,intune/remediations.md;intune/ime-logs.md;logs/sources.md;logs/sources.csv
S612,https://raw.githubusercontent.com/MicrosoftDocs/memdocs/4b5429df8b47046c6b251e572ee61199fb5d4a5d/intune/advanced-analytics/device-query.md,Device query (learn: https://learn.microsoft.com/intune/advanced-analytics/device-query),Microsoft,CC BY 4.0,2026-09-24,ms.date 09/01/2026,,intune/device-query.md
S613,https://raw.githubusercontent.com/MicrosoftDocs/memdocs/4b5429df8b47046c6b251e572ee61199fb5d4a5d/intune/advanced-analytics/device-query-multiple-devices.md,Device query for multiple devices (learn: https://learn.microsoft.com/intune/advanced-analytics/device-query-multiple-devices),Microsoft,CC BY 4.0,2026-09-24,ms.date 09/01/2026,,intune/device-query.md
S614,https://raw.githubusercontent.com/MicrosoftDocs/memdocs/4b5429df8b47046c6b251e572ee61199fb5d4a5d/intune/advanced-analytics/index.md,Advanced Analytics overview (+ includes/licensing/additional-licensing.md ms.date 05/21/2026) (learn: https://learn.microsoft.com/intune/advanced-analytics/index),Microsoft,CC BY 4.0,2026-09-24,ms.date 03/24/2026,,intune/device-query.md
S615,https://raw.githubusercontent.com/MicrosoftDocs/memdocs/4b5429df8b47046c6b251e572ee61199fb5d4a5d/intune/device-configuration/collect-device-properties.md,Collect device properties (properties catalog) (learn: https://learn.microsoft.com/intune/device-configuration/collect-device-properties),Microsoft,CC BY 4.0,2026-09-24,ms.date 07/01/2026,,intune/device-query.md
S616,https://raw.githubusercontent.com/MicrosoftDocs/memdocs/4b5429df8b47046c6b251e572ee61199fb5d4a5d/intune/device-management/actions/collect-diagnostics.md,Device action: collect diagnostics (learn: https://learn.microsoft.com/intune/device-management/actions/collect-diagnostics),Microsoft,CC BY 4.0,2026-09-24,ms.date 10/27/2025,,intune/collect-diagnostics.md;intune/collect-diagnostics.csv;intune/mdmdiagnosticstool.md;logs/sources.md;logs/sources.csv
S617,https://learn.microsoft.com/en-us/windows/client-management/diagnose-mdm-failures-in-windows-10,Diagnose MDM failures in Windows devices,Microsoft,Microsoft Learn content (MicrosoftDocs source repo private; CC BY 4.0 not verifiable) - summarised only,2026-09-24,ms.date 2025-08-04,,intune/mdmdiagnosticstool.md;logs/sources.md;logs/sources.csv
S618,https://raw.githubusercontent.com/MicrosoftDocs/SupportArticles-docs/c059e57ad347ac39ac748cc22c54285463e7172f/support/mem/intune/device-enrollment/understand-troubleshoot-esp.md,Understand and troubleshoot the Enrollment Status Page (learn: https://learn.microsoft.com/troubleshoot/mem/intune/device-enrollment/understand-troubleshoot-esp),Microsoft,CC BY 4.0,2026-09-24,ms.date 03/30/2026,,intune/mdmdiagnosticstool.md;logs/sources.md;logs/sources.csv
S619,https://raw.githubusercontent.com/MicrosoftDocs/memdocs/4b5429df8b47046c6b251e572ee61199fb5d4a5d/autopilot/troubleshooting-faq.yml,Windows Autopilot troubleshooting FAQ (learn: https://learn.microsoft.com/autopilot/troubleshooting-faq),Microsoft,CC BY 4.0,2026-09-24,ms.date 04/21/2025,,logs/sources.md;logs/sources.csv
S620,https://learn.microsoft.com/en-us/defender-endpoint/api/machine,Machine resource type,Microsoft,Microsoft Learn content (MicrosoftDocs source repo private; CC BY 4.0 not verifiable) - summarised only,2026-09-24,ms.date 2025-12-11,,defender/machine-resource.md;defender/machine-properties.csv
S621,https://learn.microsoft.com/en-us/defender-endpoint/api/get-machines,List machines API,Microsoft,Microsoft Learn content (MicrosoftDocs source repo private; CC BY 4.0 not verifiable) - summarised only,2026-09-24,ms.date 2026-06-28,,defender/machine-resource.md;defender/machine-properties.csv;defender/permissions-limits.md
S622,https://learn.microsoft.com/en-us/defender-endpoint/api/get-machine-by-id,Get machine by ID API,Microsoft,Microsoft Learn content (MicrosoftDocs source repo private; CC BY 4.0 not verifiable) - summarised only,2026-09-24,ms.date 2025-12-11,,defender/machine-resource.md;defender/permissions-limits.md
S623,https://learn.microsoft.com/en-us/defender-endpoint/api/common-errors,Common Microsoft Defender for Endpoint API errors,Microsoft,Microsoft Learn content (MicrosoftDocs source repo private; CC BY 4.0 not verifiable) - summarised only,2026-09-24,ms.date 2020-12-18,,defender/permissions-limits.md
S624,https://learn.microsoft.com/en-us/defender-endpoint/api/exposed-apis-list,Supported Microsoft Defender for Endpoint APIs,Microsoft,Microsoft Learn content (MicrosoftDocs source repo private; CC BY 4.0 not verifiable) - summarised only,2026-09-24,ms.date 2025-03-21,,defender/permissions-limits.md
S625,https://learn.microsoft.com/en-us/defender-endpoint/api/apis-intro,Access the Microsoft Defender for Endpoint APIs,Microsoft,Microsoft Learn content (MicrosoftDocs source repo private; CC BY 4.0 not verifiable) - summarised only,2026-09-24,ms.date 2025-11-11,,defender/permissions-limits.md
S626,https://learn.microsoft.com/en-us/defender-endpoint/api/exposed-apis-create-app-nativeapp,Access Defender for Endpoint APIs on behalf of a user,Microsoft,Microsoft Learn content (MicrosoftDocs source repo private; CC BY 4.0 not verifiable) - summarised only,2026-09-24,ms.date 2026-06-09,,defender/permissions-limits.md
S627,https://learn.microsoft.com/en-us/defender-xdr/advanced-hunting-deviceinfo-table,DeviceInfo table in the advanced hunting schema,Microsoft,Microsoft Learn content (MicrosoftDocs source repo private; CC BY 4.0 not verifiable) - summarised only,2026-09-24,ms.date 2026-07-27,,defender/machine-resource.md
S628,https://learn.microsoft.com/en-us/defender-endpoint/api/exposed-apis-odata-samples,OData queries with Microsoft Defender for Endpoint,Microsoft,Microsoft Learn content (MicrosoftDocs source repo private; CC BY 4.0 not verifiable) - summarised only,2026-09-24,ms.date 2025-05-20,,defender/machine-resource.md
S629,https://learn.microsoft.com/en-us/defender-endpoint/machines-view-overview,Device inventory (searched for hybrid/aadDeviceId: no statement),Microsoft,Microsoft Learn content (MicrosoftDocs source repo private; CC BY 4.0 not verifiable) - summarised only,2026-09-24,ms.date 2026-07-03,,defender/machine-resource.md
S630,https://raw.githubusercontent.com/microsoftgraph/microsoft-graph-docs-contrib/4ad99fd37a9e2e8538275a0a9cdff7907052f3ec/api-reference/v1.0/resources/security-deviceevidence.md,deviceEvidence resource type (learn: https://learn.microsoft.com/graph/api/resources/security-deviceevidence),Microsoft,CC BY 4.0,2026-09-24,ms.date 09/23/2024,,defender/machine-resource.md
S631,https://learn.microsoft.com/en-us/answers/questions/5509797/defender-api-and-defender-portal,Microsoft Q&A: Defender API and Defender Portal (COMMUNITY),Microsoft Q&A users,Microsoft Q&A terms of use - summarised only,2026-09-24,2025-07-31..2025-09-23,,defender/machine-resource.md
S632,https://raw.githubusercontent.com/MicrosoftDocs/entra-docs/8fcc223342e1c464806a024a5a7a85c8f762b2e9/docs/identity/devices/troubleshoot-hybrid-join-windows-current.md,Troubleshoot Microsoft Entra hybrid joined devices (learn: https://learn.microsoft.com/entra/identity/devices/troubleshoot-hybrid-join-windows-current),Microsoft,CC BY 4.0,2026-09-24,ms.date 09/01/2026,,logs/sources.md;logs/sources.csv
S633,https://raw.githubusercontent.com/MicrosoftDocs/SupportArticles-docs/c059e57ad347ac39ac748cc22c54285463e7172f/support/windows-server/group-policy/applying-group-policy-troubleshooting-guidance.md,Applying Group Policy troubleshooting guidance (learn: https://learn.microsoft.com/troubleshoot/windows-server/group-policy/applying-group-policy-troubleshooting-guidance),Microsoft,CC BY 4.0,2026-09-24,ms.date 02/12/2026,,logs/sources.md;logs/sources.csv
S634,https://raw.githubusercontent.com/MicrosoftDocs/SupportArticles-docs/c059e57ad347ac39ac748cc22c54285463e7172f/support/windows-client/windows-security/enable-debug-logging-netlogon-service.md,Enable debug logging for the Netlogon service (learn: https://learn.microsoft.com/troubleshoot/windows-client/windows-security/enable-debug-logging-netlogon-service),Microsoft,CC BY 4.0,2026-09-24,ms.date 02/12/2026,,logs/sources.md;logs/sources.csv
S635,https://raw.githubusercontent.com/MicrosoftDocs/SupportArticles-docs/c059e57ad347ac39ac748cc22c54285463e7172f/support/windows-server/windows-security/kerberos-protocol-registry-kdc-configuration-keys.md,Kerberos protocol registry entries and KDC configuration keys (learn: https://learn.microsoft.com/troubleshoot/windows-server/windows-security/kerberos-protocol-registry-kdc-configuration-keys),Microsoft,CC BY 4.0,2026-09-24,ms.date 04/14/2026,,logs/sources.md;logs/sources.csv
S636,https://raw.githubusercontent.com/MicrosoftDocs/SupportArticles-docs/c059e57ad347ac39ac748cc22c54285463e7172f/support/windows-client/setup-upgrade-and-drivers/windows-setup-log-file-locations.md,Windows setup log file locations (learn: https://learn.microsoft.com/troubleshoot/windows-client/setup-upgrade-and-drivers/windows-setup-log-file-locations),Microsoft,CC BY 4.0,2026-09-24,ms.date 02/12/2026,,logs/sources.md;logs/sources.csv
S637,https://raw.githubusercontent.com/MicrosoftDocs/SupportArticles-docs/c059e57ad347ac39ac748cc22c54285463e7172f/support/azure/virtual-machines/windows/troubleshoot-cbs-component-store-corruption-azure-vm.md,Troubleshoot CBS component store corruption (Azure VM) (learn: https://learn.microsoft.com/troubleshoot/azure/virtual-machines/windows/troubleshoot-cbs-component-store-corruption-azure-vm),Microsoft,CC BY 4.0,2026-09-24,ms.date 07/13/2026,,logs/sources.md;logs/sources.csv
S638,https://raw.githubusercontent.com/MicrosoftDocs/windows-powershell-docs/c3934e67de374f52fa6759f916c112c30a1240c7/docset/winserver2025-ps/WindowsUpdate/Get-WindowsUpdateLog.md,Get-WindowsUpdateLog (learn: https://learn.microsoft.com/powershell/module/windowsupdate/get-windowsupdatelog),Microsoft,CC BY 4.0,2026-09-24,ms.date 10/31/2023,,logs/sources.md;logs/sources.csv
S639,https://raw.githubusercontent.com/open-telemetry/opentelemetry-specification/cac5b81ebcfdecb272bb4e2d31f885b7142207d9/specification/logs/data-model.md,OpenTelemetry Logs Data Model,OpenTelemetry Authors,Apache-2.0,2026-09-24,commit cac5b81ebcfdecb272bb4e2d31f885b7142207d9 (CHANGELOG top v1.61.0 2026-09-14),,logs/otel-log-data-model.md;logs/ecs-log-fields.md
S640,https://raw.githubusercontent.com/open-telemetry/semantic-conventions/838e414e11e30bc4f67d733b2b0baf2887d12d31/docs/registry/attributes/log.md,Semantic conventions: General Log Attributes,OpenTelemetry Authors,Apache-2.0,2026-09-24,commit 838e414e11e30bc4f67d733b2b0baf2887d12d31,,logs/otel-log-semconv.md;logs/ecs-log-fields.md
S641,https://raw.githubusercontent.com/open-telemetry/semantic-conventions/838e414e11e30bc4f67d733b2b0baf2887d12d31/docs/registry/attributes/code.md,Semantic conventions: Code Attributes,OpenTelemetry Authors,Apache-2.0,2026-09-24,commit 838e414e11e30bc4f67d733b2b0baf2887d12d31,,logs/otel-log-semconv.md;logs/ecs-log-fields.md
S642,https://raw.githubusercontent.com/open-telemetry/semantic-conventions/838e414e11e30bc4f67d733b2b0baf2887d12d31/model/log/registry.yaml,Semantic conventions model: log registry.yaml,OpenTelemetry Authors,Apache-2.0,2026-09-24,commit 838e414e11e30bc4f67d733b2b0baf2887d12d31,bcb2ba860d38d12040b4572465023a4c52bec9199a94a5eee6b7d1e12b3ca431,logs/otel-log-semconv.md;logs/otel-semconv-log-registry.yaml
S643,https://raw.githubusercontent.com/open-telemetry/semantic-conventions/838e414e11e30bc4f67d733b2b0baf2887d12d31/model/code/registry.yaml,Semantic conventions model: code registry.yaml,OpenTelemetry Authors,Apache-2.0,2026-09-24,commit 838e414e11e30bc4f67d733b2b0baf2887d12d31,97227168e64a222a9abc6bd5f58f8246718ba44208d1e8ff1be2fbe45f6f31dd,logs/otel-log-semconv.md;logs/otel-semconv-code-registry.yaml
S644,https://raw.githubusercontent.com/elastic/ecs/9868ff5b9cab65376fab3e3829382b3424a3ee69/schemas/log.yml,Elastic Common Schema: log field set (schemas/log.yml),Elastic,Apache-2.0,2026-09-24,"commit 9868ff5b9cab65376fab3e3829382b3424a3ee69 (version 9.6.0-dev, 2026-09-21)",e3b8eb2289e2f3fe3df6af1d64c30b57808f232cb92f1b77f10607a76c565c6e,logs/ecs-log-fields.md;logs/ecs-log.yml
S645,https://raw.githubusercontent.com/elastic/ecs/9868ff5b9cab65376fab3e3829382b3424a3ee69/LICENSE.txt,Elastic ECS LICENSE.txt,Elastic,Apache-2.0,2026-09-24,commit 9868ff5b9cab65376fab3e3829382b3424a3ee69,,logs/ecs-log-fields.md
S646,https://raw.githubusercontent.com/open-telemetry/semantic-conventions/838e414e11e30bc4f67d733b2b0baf2887d12d31/docs/exceptions/exceptions-logs.md,Semantic conventions for exceptions in logs,OpenTelemetry Authors,Apache-2.0,2026-09-24,commit 838e414e11e30bc4f67d733b2b0baf2887d12d31,,logs/otel-log-semconv.md
S647,https://raw.githubusercontent.com/MicrosoftDocs/memdocs/4b5429df8b47046c6b251e572ee61199fb5d4a5d/intune/configmgr/core/servers/manage/create-queries.md,Create queries in Configuration Manager (learn: https://learn.microsoft.com/intune/configmgr/core/servers/manage/create-queries),Microsoft,CC BY 4.0,2026-09-24,ms.date 04/27/2021,,intune/co-management.md
S648,https://raw.githubusercontent.com/MicrosoftDocs/SupportArticles-docs/c059e57ad347ac39ac748cc22c54285463e7172f/support/windows-server/installing-updates-features-roles/troubleshoot-windows-update-error-0x80070070.md,Troubleshoot Windows Update error 0x80070070 (learn: https://learn.microsoft.com/troubleshoot/windows-server/installing-updates-features-roles/troubleshoot-windows-update-error-0x80070070),Microsoft,CC BY 4.0,2026-09-24,ms.date 02/12/2026,,logs/sources.md;logs/sources.csv
S649,https://raw.githubusercontent.com/MicrosoftDocs/memdocs/4b5429df8b47046c6b251e572ee61199fb5d4a5d/autopilot/known-issues.md,Windows Autopilot known issues (learn: https://learn.microsoft.com/autopilot/known-issues),Microsoft,CC BY 4.0,2026-09-24,ms.date 09/01/2026,,logs/sources.md;logs/sources.csv
S700,https://raw.githubusercontent.com/modelcontextprotocol/modelcontextprotocol/a99bdd15ea9ff96bf4d758aac907bbb27e9329dc/docs/specification/2026-07-28/index.mdx,MCP Specification 2026-07-28: overview,modelcontextprotocol.io (GitHub modelcontextprotocol/modelcontextprotocol),Apache-2.0 (spec; residual MIT for unrelicensed contributions),2026-09-23,a99bdd15ea9ff96bf4d758aac907bbb27e9329dc,,mcp/spec-overview.md
S701,https://raw.githubusercontent.com/modelcontextprotocol/modelcontextprotocol/a99bdd15ea9ff96bf4d758aac907bbb27e9329dc/docs/specification/2026-07-28/changelog.mdx,MCP 2026-07-28 Key Changes (changelog),modelcontextprotocol.io (GitHub modelcontextprotocol/modelcontextprotocol),Apache-2.0 (spec; residual MIT for unrelicensed contributions),2026-09-23,a99bdd15ea9ff96bf4d758aac907bbb27e9329dc,,mcp/spec-overview.md;mcp/deprecations.md;mcp/elicitation.md
S702,https://raw.githubusercontent.com/modelcontextprotocol/modelcontextprotocol/a99bdd15ea9ff96bf4d758aac907bbb27e9329dc/docs/specification/2026-07-28/deprecated.mdx,MCP 2026-07-28 Deprecated Features registry,modelcontextprotocol.io (GitHub modelcontextprotocol/modelcontextprotocol),Apache-2.0 (spec; residual MIT for unrelicensed contributions),2026-09-23,a99bdd15ea9ff96bf4d758aac907bbb27e9329dc,,mcp/deprecations.md
S703,https://raw.githubusercontent.com/modelcontextprotocol/modelcontextprotocol/a99bdd15ea9ff96bf4d758aac907bbb27e9329dc/docs/specification/2026-07-28/basic/versioning.mdx,MCP 2026-07-28 Versioning and Compatibility,modelcontextprotocol.io (GitHub modelcontextprotocol/modelcontextprotocol),Apache-2.0 (spec; residual MIT for unrelicensed contributions),2026-09-23,a99bdd15ea9ff96bf4d758aac907bbb27e9329dc,,mcp/spec-overview.md;mcp/transports-stdio.md
S704,https://raw.githubusercontent.com/modelcontextprotocol/modelcontextprotocol/a99bdd15ea9ff96bf4d758aac907bbb27e9329dc/docs/specification/2026-07-28/basic/index.mdx,"MCP 2026-07-28 Base Protocol (_meta, error codes)",modelcontextprotocol.io (GitHub modelcontextprotocol/modelcontextprotocol),Apache-2.0 (spec; residual MIT for unrelicensed contributions),2026-09-23,a99bdd15ea9ff96bf4d758aac907bbb27e9329dc,,mcp/spec-overview.md
S705,https://raw.githubusercontent.com/modelcontextprotocol/modelcontextprotocol/a99bdd15ea9ff96bf4d758aac907bbb27e9329dc/docs/specification/2026-07-28/basic/transports/stdio.mdx,MCP 2026-07-28 stdio transport,modelcontextprotocol.io (GitHub modelcontextprotocol/modelcontextprotocol),Apache-2.0 (spec; residual MIT for unrelicensed contributions),2026-09-23,a99bdd15ea9ff96bf4d758aac907bbb27e9329dc,,mcp/transports-stdio.md
S706,https://raw.githubusercontent.com/modelcontextprotocol/modelcontextprotocol/a99bdd15ea9ff96bf4d758aac907bbb27e9329dc/docs/specification/2026-07-28/basic/transports/index.mdx,MCP 2026-07-28 Transports overview,modelcontextprotocol.io (GitHub modelcontextprotocol/modelcontextprotocol),Apache-2.0 (spec; residual MIT for unrelicensed contributions),2026-09-23,a99bdd15ea9ff96bf4d758aac907bbb27e9329dc,,mcp/transports-stdio.md
S707,https://raw.githubusercontent.com/modelcontextprotocol/modelcontextprotocol/a99bdd15ea9ff96bf4d758aac907bbb27e9329dc/docs/specification/2026-07-28/basic/authorization/index.mdx,MCP 2026-07-28 Authorization,modelcontextprotocol.io (GitHub modelcontextprotocol/modelcontextprotocol),Apache-2.0 (spec; residual MIT for unrelicensed contributions),2026-09-23,a99bdd15ea9ff96bf4d758aac907bbb27e9329dc,,mcp/authorization.md
S708,https://raw.githubusercontent.com/modelcontextprotocol/modelcontextprotocol/a99bdd15ea9ff96bf4d758aac907bbb27e9329dc/docs/specification/2026-07-28/server/tools.mdx,MCP 2026-07-28 Tools,modelcontextprotocol.io (GitHub modelcontextprotocol/modelcontextprotocol),Apache-2.0 (spec; residual MIT for unrelicensed contributions),2026-09-23,a99bdd15ea9ff96bf4d758aac907bbb27e9329dc,,mcp/tools.md
S709,https://raw.githubusercontent.com/modelcontextprotocol/modelcontextprotocol/a99bdd15ea9ff96bf4d758aac907bbb27e9329dc/docs/specification/2026-07-28/client/elicitation.mdx,MCP 2026-07-28 Elicitation,modelcontextprotocol.io (GitHub modelcontextprotocol/modelcontextprotocol),Apache-2.0 (spec; residual MIT for unrelicensed contributions),2026-09-23,a99bdd15ea9ff96bf4d758aac907bbb27e9329dc,,mcp/elicitation.md
S710,https://raw.githubusercontent.com/modelcontextprotocol/modelcontextprotocol/a99bdd15ea9ff96bf4d758aac907bbb27e9329dc/docs/specification/2026-07-28/basic/patterns/mrtr.mdx,MCP 2026-07-28 Multi Round-Trip Requests,modelcontextprotocol.io (GitHub modelcontextprotocol/modelcontextprotocol),Apache-2.0 (spec; residual MIT for unrelicensed contributions),2026-09-23,a99bdd15ea9ff96bf4d758aac907bbb27e9329dc,,mcp/elicitation.md;mcp/tools.md
S711,https://raw.githubusercontent.com/modelcontextprotocol/modelcontextprotocol/a99bdd15ea9ff96bf4d758aac907bbb27e9329dc/schema/2026-07-28/schema.ts,MCP schema.ts 2026-07-28,modelcontextprotocol.io (GitHub modelcontextprotocol/modelcontextprotocol),Apache-2.0 (spec; residual MIT for unrelicensed contributions),2026-09-23,a99bdd15ea9ff96bf4d758aac907bbb27e9329dc,742750af0bb8c716e7030c4977c992b55d1adc4407e9e66997db5846baedc2cd,mcp/schema/2026-07-28/schema.ts;mcp/tools.md
S712,https://raw.githubusercontent.com/modelcontextprotocol/modelcontextprotocol/a99bdd15ea9ff96bf4d758aac907bbb27e9329dc/schema/2026-07-28/schema.json,MCP schema.json 2026-07-28 (generated JSON Schema),modelcontextprotocol.io (GitHub modelcontextprotocol/modelcontextprotocol),Apache-2.0 (spec; residual MIT for unrelicensed contributions),2026-09-23,a99bdd15ea9ff96bf4d758aac907bbb27e9329dc,ef70b61f99b6d2e5e3b46863822eab08dff6a45bedc7a08914e0e5b133f40203,mcp/schema/2026-07-28/schema.json
S713,https://raw.githubusercontent.com/modelcontextprotocol/modelcontextprotocol/a99bdd15ea9ff96bf4d758aac907bbb27e9329dc/docs/extensions/tasks/overview.mdx,MCP Tasks extension overview,modelcontextprotocol.io (GitHub modelcontextprotocol/modelcontextprotocol),"CC-BY-4.0 (MCP docs, non-spec)",2026-09-23,a99bdd15ea9ff96bf4d758aac907bbb27e9329dc,,mcp/tasks-extension.md
S714,https://raw.githubusercontent.com/modelcontextprotocol/modelcontextprotocol/a99bdd15ea9ff96bf4d758aac907bbb27e9329dc/docs/extensions/overview.mdx,MCP Extensions overview,modelcontextprotocol.io (GitHub modelcontextprotocol/modelcontextprotocol),"CC-BY-4.0 (MCP docs, non-spec)",2026-09-23,a99bdd15ea9ff96bf4d758aac907bbb27e9329dc,,mcp/tasks-extension.md
S715,https://raw.githubusercontent.com/modelcontextprotocol/modelcontextprotocol/a99bdd15ea9ff96bf4d758aac907bbb27e9329dc/docs/extensions/client-matrix.mdx,MCP Extension Support Matrix (community-maintained),modelcontextprotocol.io (GitHub modelcontextprotocol/modelcontextprotocol),"CC-BY-4.0 (MCP docs, non-spec)",2026-09-23,a99bdd15ea9ff96bf4d758aac907bbb27e9329dc,,mcp/tasks-extension.md
S716,https://raw.githubusercontent.com/modelcontextprotocol/modelcontextprotocol/a99bdd15ea9ff96bf4d758aac907bbb27e9329dc/docs/docs/2026-07-28/tutorials/security/security_best_practices.mdx,MCP Security Best Practices (2026-07-28),modelcontextprotocol.io (GitHub modelcontextprotocol/modelcontextprotocol),"CC-BY-4.0 (MCP docs, non-spec)",2026-09-23,a99bdd15ea9ff96bf4d758aac907bbb27e9329dc,,mcp/security-best-practices.md
S717,https://raw.githubusercontent.com/modelcontextprotocol/modelcontextprotocol/a99bdd15ea9ff96bf4d758aac907bbb27e9329dc/LICENSE,modelcontextprotocol repository LICENSE,modelcontextprotocol.io (GitHub modelcontextprotocol/modelcontextprotocol),licence statement (Apache-2.0 / MIT transition; docs CC-BY-4.0),2026-09-23,a99bdd15ea9ff96bf4d758aac907bbb27e9329dc,,mcp/spec-overview.md
S718,https://raw.githubusercontent.com/modelcontextprotocol/ext-tasks/9263312d11a682ac83f83fe84794d4627efd22f5/specification/2026-07-28/tasks.md,MCP Tasks extension specification (io.modelcontextprotocol/tasks) 2026-07-28,github.com/modelcontextprotocol/ext-tasks,Apache-2.0,2026-09-23,9263312d11a682ac83f83fe84794d4627efd22f5,,mcp/tasks-extension.md
S719,https://raw.githubusercontent.com/modelcontextprotocol/modelcontextprotocol/a99bdd15ea9ff96bf4d758aac907bbb27e9329dc/docs/docs.json,MCP docs navigation (marks 2026-07-28 as latest),modelcontextprotocol.io (GitHub modelcontextprotocol/modelcontextprotocol),"CC-BY-4.0 (MCP docs, non-spec)",2026-09-23,a99bdd15ea9ff96bf4d758aac907bbb27e9329dc,,mcp/spec-overview.md
S720,https://raw.githubusercontent.com/modelcontextprotocol/python-sdk/9972c21aa42054fb1450c5fc614761ed11847ec6/docs/handlers/elicitation.md,MCP Python SDK docs: Elicitation,github.com/modelcontextprotocol/python-sdk,MIT,2026-09-23,v2.2.0 (9972c21aa42054fb1450c5fc614761ed11847ec6),,mcp/python-sdk.md;mcp/elicitation.md
S721,https://raw.githubusercontent.com/modelcontextprotocol/python-sdk/9972c21aa42054fb1450c5fc614761ed11847ec6/docs/handlers/multi-round-trip.md,MCP Python SDK docs: Multi-round-trip requests,github.com/modelcontextprotocol/python-sdk,MIT,2026-09-23,v2.2.0 (9972c21aa42054fb1450c5fc614761ed11847ec6),,mcp/python-sdk.md
S722,https://raw.githubusercontent.com/modelcontextprotocol/python-sdk/9972c21aa42054fb1450c5fc614761ed11847ec6/docs/protocol-versions.md,MCP Python SDK docs: Protocol versions,github.com/modelcontextprotocol/python-sdk,MIT,2026-09-23,v2.2.0 (9972c21aa42054fb1450c5fc614761ed11847ec6),,mcp/python-sdk.md
S723,https://raw.githubusercontent.com/modelcontextprotocol/python-sdk/9972c21aa42054fb1450c5fc614761ed11847ec6/docs/run/legacy-clients.md,MCP Python SDK docs: Serving legacy clients,github.com/modelcontextprotocol/python-sdk,MIT,2026-09-23,v2.2.0 (9972c21aa42054fb1450c5fc614761ed11847ec6),,mcp/python-sdk.md
S724,https://raw.githubusercontent.com/modelcontextprotocol/python-sdk/9972c21aa42054fb1450c5fc614761ed11847ec6/docs/run/index.md,MCP Python SDK docs: Running your server (stdio),github.com/modelcontextprotocol/python-sdk,MIT,2026-09-23,v2.2.0 (9972c21aa42054fb1450c5fc614761ed11847ec6),,mcp/python-sdk.md;mcp/transports-stdio.md
S725,https://raw.githubusercontent.com/modelcontextprotocol/python-sdk/9972c21aa42054fb1450c5fc614761ed11847ec6/docs/servers/tools.md,MCP Python SDK docs: Tools (annotations),github.com/modelcontextprotocol/python-sdk,MIT,2026-09-23,v2.2.0 (9972c21aa42054fb1450c5fc614761ed11847ec6),,mcp/python-sdk.md;mcp/tools.md
S726,https://raw.githubusercontent.com/modelcontextprotocol/python-sdk/9972c21aa42054fb1450c5fc614761ed11847ec6/docs/servers/structured-output.md,MCP Python SDK docs: Structured Output,github.com/modelcontextprotocol/python-sdk,MIT,2026-09-23,v2.2.0 (9972c21aa42054fb1450c5fc614761ed11847ec6),,mcp/python-sdk.md;mcp/tools.md
S727,https://raw.githubusercontent.com/modelcontextprotocol/python-sdk/9972c21aa42054fb1450c5fc614761ed11847ec6/docs/deprecated.md,MCP Python SDK docs: Deprecated features,github.com/modelcontextprotocol/python-sdk,MIT,2026-09-23,v2.2.0 (9972c21aa42054fb1450c5fc614761ed11847ec6),,mcp/python-sdk.md;mcp/deprecations.md
S728,https://raw.githubusercontent.com/modelcontextprotocol/python-sdk/9972c21aa42054fb1450c5fc614761ed11847ec6/docs/migration.md,MCP Python SDK v2 Migration Guide,github.com/modelcontextprotocol/python-sdk,MIT,2026-09-23,v2.2.0 (9972c21aa42054fb1450c5fc614761ed11847ec6),,mcp/python-sdk.md
S729,https://raw.githubusercontent.com/modelcontextprotocol/python-sdk/9972c21aa42054fb1450c5fc614761ed11847ec6/docs/whats-new.md,MCP Python SDK: What's new in v2,github.com/modelcontextprotocol/python-sdk,MIT,2026-09-23,v2.2.0 (9972c21aa42054fb1450c5fc614761ed11847ec6),,mcp/python-sdk.md
S730,https://raw.githubusercontent.com/modelcontextprotocol/python-sdk/9972c21aa42054fb1450c5fc614761ed11847ec6/VERSIONING.md,MCP Python SDK versioning and support policy,github.com/modelcontextprotocol/python-sdk,MIT,2026-09-23,v2.2.0 (9972c21aa42054fb1450c5fc614761ed11847ec6),,mcp/python-sdk.md
S731,https://api.github.com/repos/modelcontextprotocol/python-sdk/releases?per_page=15,MCP Python SDK GitHub releases (tags and dates),github.com/modelcontextprotocol/python-sdk,GitHub API metadata,2026-09-23,v2.2.0 latest (2026-09-07),,mcp/python-sdk.md
S732,https://raw.githubusercontent.com/modelcontextprotocol/python-sdk/9972c21aa42054fb1450c5fc614761ed11847ec6/src/mcp/server/fastmcp.py,mcp.server.fastmcp stub (FastMCP renamed MCPServer),github.com/modelcontextprotocol/python-sdk,MIT,2026-09-23,v2.2.0 (9972c21aa42054fb1450c5fc614761ed11847ec6),,mcp/python-sdk.md
S733,https://raw.githubusercontent.com/modelcontextprotocol/python-sdk/9972c21aa42054fb1450c5fc614761ed11847ec6/docs_src/elicitation/tutorial004.py,SDK example: Resolve/Elicit confirmation resolver,github.com/modelcontextprotocol/python-sdk,MIT,2026-09-23,v2.2.0 (9972c21aa42054fb1450c5fc614761ed11847ec6),,mcp/python-sdk.md;mcp/elicitation.md
S734,https://raw.githubusercontent.com/modelcontextprotocol/python-sdk/9972c21aa42054fb1450c5fc614761ed11847ec6/LICENSE,MCP Python SDK LICENSE (MIT),github.com/modelcontextprotocol/python-sdk,MIT,2026-09-23,v2.2.0 (9972c21aa42054fb1450c5fc614761ed11847ec6),,mcp/python-sdk.md
S735,https://raw.githubusercontent.com/modelcontextprotocol/python-sdk/9972c21aa42054fb1450c5fc614761ed11847ec6/src/mcp/server/lowlevel/server.py,SDK low-level Server (stdio run uses serve_dual_era_loop),github.com/modelcontextprotocol/python-sdk,MIT,2026-09-23,v2.2.0 (9972c21aa42054fb1450c5fc614761ed11847ec6),,mcp/python-sdk.md;mcp/transports-stdio.md
S736,https://raw.githubusercontent.com/modelcontextprotocol/python-sdk/9972c21aa42054fb1450c5fc614761ed11847ec6/docs_src/tools/tutorial005.py,SDK example: tool title and ToolAnnotations,github.com/modelcontextprotocol/python-sdk,MIT,2026-09-23,v2.2.0 (9972c21aa42054fb1450c5fc614761ed11847ec6),,mcp/python-sdk.md
S740,https://code.claude.com/docs/en/mcp.md,Claude Code: Connect Claude Code to tools via MCP,Anthropic (code.claude.com),"Anthropic docs; no open licence stated (summarize, quote <=25 words)",2026-09-23,retrieved 2026-09-23 (Claude Code 2.1.281 current per changelog),,claude/elicitation.md;claude/tool-output-limits.md;claude/permissions-mcp.md;mcp/python-sdk.md
S741,https://code.claude.com/docs/en/managed-mcp.md,Claude Code: Control MCP server access for your organization,Anthropic (code.claude.com),"Anthropic docs; no open licence stated (summarize, quote <=25 words)",2026-09-23,retrieved 2026-09-23 (Claude Code 2.1.281 current per changelog),,claude/managed-mcp.md
S742,https://code.claude.com/docs/en/permissions.md,Claude Code: Configure permissions,Anthropic (code.claude.com),"Anthropic docs; no open licence stated (summarize, quote <=25 words)",2026-09-23,retrieved 2026-09-23 (Claude Code 2.1.281 current per changelog),,claude/permissions-mcp.md
S743,https://code.claude.com/docs/en/hooks.md,Claude Code: Hooks reference,Anthropic (code.claude.com),"Anthropic docs; no open licence stated (summarize, quote <=25 words)",2026-09-23,retrieved 2026-09-23 (Claude Code 2.1.281 current per changelog),,claude/hooks.md;claude/elicitation.md
S744,https://code.claude.com/docs/en/monitoring-usage.md,Claude Code: Monitoring (OpenTelemetry),Anthropic (code.claude.com),"Anthropic docs; no open licence stated (summarize, quote <=25 words)",2026-09-23,retrieved 2026-09-23 (Claude Code 2.1.281 current per changelog),,claude/otel-monitoring.md
S745,https://code.claude.com/docs/en/env-vars.md,Claude Code: Environment variables,Anthropic (code.claude.com),"Anthropic docs; no open licence stated (summarize, quote <=25 words)",2026-09-23,retrieved 2026-09-23 (Claude Code 2.1.281 current per changelog),,claude/tool-output-limits.md;claude/elicitation.md;claude/otel-monitoring.md
S746,https://code.claude.com/docs/en/changelog.md,Claude Code changelog,Anthropic (code.claude.com),"Anthropic docs; no open licence stated (summarize, quote <=25 words)",2026-09-23,retrieved 2026-09-23 (Claude Code 2.1.281 current per changelog),,claude/elicitation.md;claude/managed-mcp.md;claude/hooks.md
S747,https://code.claude.com/docs/en/data-usage.md,Claude Code: Data usage,Anthropic (code.claude.com),"Anthropic docs; no open licence stated (summarize, quote <=25 words)",2026-09-23,retrieved 2026-09-23 (Claude Code 2.1.281 current per changelog),,claude/data-retention.md
S748,https://code.claude.com/docs/en/zero-data-retention.md,Claude Code: Zero data retention,Anthropic (code.claude.com),"Anthropic docs; no open licence stated (summarize, quote <=25 words)",2026-09-23,retrieved 2026-09-23 (Claude Code 2.1.281 current per changelog),,claude/data-retention.md
S749,https://platform.claude.com/docs/en/manage-claude/api-and-data-retention.md,"Claude API: API and data retention (ZDR, HIPAA, feature eligibility)",Anthropic (platform.claude.com),"Anthropic docs; no open licence stated (summarize, quote <=25 words)",2026-09-23,retrieved 2026-09-23,,claude/data-retention.md
S760,https://raw.githubusercontent.com/OWASP/www-project-mcp-top-10/main/index.md,OWASP MCP Top 10 (project index.md),OWASP Foundation,CC BY-NC-SA 4.0 (as stated on page),2026-09-23,"main branch, retrieved 2026-09-23 (2025 list, beta)",,standards/owasp.md
S761,https://genai.owasp.org/resource/owasp-top-10-for-agentic-applications-for-2026/,OWASP Top 10 for Agentic Applications for 2026 (resource page),OWASP GenAI Security Project,not verified on page,2026-09-23,published 2025-12-09,,standards/owasp.md
S762,https://genai.owasp.org/2025/12/09/owasp-top-10-for-agentic-applications-the-benchmark-for-agentic-security-in-the-age-of-autonomous-ai/,OWASP Top 10 for Agentic Applications announcement (lists ASI01-ASI10),OWASP GenAI Security Project,not verified on page,2026-09-23,2025-12-09,,standards/owasp.md
S763,https://genai.owasp.org/llm-top-10/,OWASP Top 10 for LLM Applications (2025 list page),OWASP GenAI Security Project,not verified on page,2026-09-23,2025 edition,,standards/owasp.md
S764,https://genai.owasp.org/resource/owasp-genai-llm-top-10-2026/,OWASP GenAI LLM Top 10 2026 (resource page),OWASP GenAI Security Project,not verified on page,2026-09-23,published 2026-08-03 (v1.0 per image name),,standards/owasp.md
S765,https://genai.owasp.org/2026/09/01/owasp-genai-security-project-unveils-2026-top-10-for-llm-applications-new-agent-control-standard-and-sponsors-as-community-tops-30000-members/,OWASP GenAI announcement: 2026 Top 10 for LLM Applications,OWASP GenAI Security Project,not verified on page,2026-09-23,2026-09-02,,standards/owasp.md
S800,https://raw.githubusercontent.com/data-privacy-stack/presidio/e9895a51f5af6a00ed859a1ee38d627868355f8a/CHANGELOG.md,Presidio CHANGELOG,Presidio Contributors,MIT,2026-09-23,e9895a51f5af6a00ed859a1ee38d627868355f8a,71c1abc5aa5e29f9990fbc6ec3f190b060c37f9732f06d6935d60a70368fdf14,privacy/presidio.md;privacy/presidio-recognizer-yaml.md;privacy/presidio-operators-deanonymize.md
S801,https://api.github.com/repos/data-privacy-stack/presidio/releases?per_page=10,Presidio GitHub releases,GitHub / data-privacy-stack,GitHub API (data; GitHub ToS),2026-09-23,2.2.364; sha256 at retrieval b0ca95bd9b5546e99798f7ceace26822dd53ce0e6be201bbdeeabd0b1299ee09,,privacy/presidio.md
S802,https://pypi.org/pypi/presidio-analyzer/json,presidio-analyzer PyPI JSON,PyPI,package MIT; PyPI metadata,2026-09-23,2.2.364; sha256 at retrieval 827fbc513fee2a582fe2a3daa97367f4e268b398fa5eae83f8fa8ffbef32857a,,privacy/presidio.md
S803,https://pypi.org/pypi/presidio-anonymizer/json,presidio-anonymizer PyPI JSON,PyPI,package MIT; PyPI metadata,2026-09-23,2.2.364; sha256 at retrieval 5455eb7ab8997229a8659b770d71ff57228c13de1bdaf0c625eda357737c7f29,,privacy/presidio.md
S804,https://api.github.com/repos/data-privacy-stack/presidio/git/refs/tags/2.2.364,Presidio tag ref 2.2.364,GitHub,GitHub API (data; GitHub ToS),2026-09-23,779dbd286d5ef4d1fbe2514275fb1bce358f2417; sha256 at retrieval 8b900ed08e4c6d49d3a7a1b22252213c85217737de15c00ceb6f52ca4572cbc7,,privacy/presidio.md
S805,https://api.github.com/repos/data-privacy-stack/presidio/contents/presidio-analyzer/presidio_analyzer/predefined_recognizers/generic?ref=2.2.364,generic recognizers dir at 2.2.364,GitHub,GitHub API (data; GitHub ToS),2026-09-23,2.2.364; sha256 at retrieval 773ef432f4fbe2a0b07aa967e4b5b343df836043b511978e9961f871c875b1a4,,privacy/presidio.md
S806,https://raw.githubusercontent.com/data-privacy-stack/presidio/779dbd286d5ef4d1fbe2514275fb1bce358f2417/presidio-analyzer/presidio_analyzer/conf/default_recognizers.yaml,default_recognizers.yaml at 2.2.364,Presidio Contributors,MIT,2026-09-23,2.2.364,764417c2f7d39ae236d07f7c2eb404597732c454ecc52e1c117e5377a9af4c78,privacy/presidio.md
S807,https://api.github.com/repos/data-privacy-stack/presidio/commits?path=presidio-analyzer/presidio_analyzer/predefined_recognizers/generic/uuid_recognizer.py&per_page=5,Commits touching uuid_recognizer.py,GitHub,GitHub API (data; GitHub ToS),2026-09-23,e069216c17ad3712a54c0ce3c5578e2ccee8f45f; sha256 at retrieval bda4099ead8f9f4517c7e06bcb7c259f37207a50260e6c7e26739bc1ae6ba63c,,privacy/presidio.md
S808,https://raw.githubusercontent.com/data-privacy-stack/presidio/e9895a51f5af6a00ed859a1ee38d627868355f8a/presidio-analyzer/presidio_analyzer/predefined_recognizers/generic/uuid_recognizer.py,UuidRecognizer source,Presidio Contributors,MIT,2026-09-23,e9895a51f5af6a00ed859a1ee38d627868355f8a,,privacy/presidio.md
S809,https://raw.githubusercontent.com/data-privacy-stack/presidio/e9895a51f5af6a00ed859a1ee38d627868355f8a/presidio-analyzer/presidio_analyzer/conf/default_recognizers.yaml,default_recognizers.yaml (main),Presidio Contributors,MIT,2026-09-23,e9895a51f5af6a00ed859a1ee38d627868355f8a,,privacy/presidio.md;privacy/presidio-entities.md;privacy/presidio-recognizer-yaml.md
S810,https://raw.githubusercontent.com/data-privacy-stack/presidio/e9895a51f5af6a00ed859a1ee38d627868355f8a/docs/supported_entities.md,PII entities supported by Presidio,Presidio Contributors,MIT,2026-09-23,e9895a51f5af6a00ed859a1ee38d627868355f8a,,privacy/presidio-entities.md
S811,https://raw.githubusercontent.com/data-privacy-stack/presidio/2.2.355/presidio-analyzer/presidio_analyzer/predefined_recognizers/__init__.py,predefined_recognizers __init__.py at 2.2.355,Presidio Contributors,MIT,2026-09-23,2.2.355,f88107da2d4f0fcde3cc51e1f5ac4d4ea0f7d42a4c41b56fedcedb66ea0af38b,privacy/presidio-entities.md;privacy/presidio-entities.csv
S812,https://raw.githubusercontent.com/data-privacy-stack/presidio/2.2.356/presidio-analyzer/presidio_analyzer/predefined_recognizers/__init__.py,predefined_recognizers __init__.py at 2.2.356,Presidio Contributors,MIT,2026-09-23,2.2.356,2e88e97dc7994578f8fce92185d29e308148c4fdf75f94ddc6ed1745ef5935c6,privacy/presidio-entities.md;privacy/presidio-entities.csv
S813,https://raw.githubusercontent.com/data-privacy-stack/presidio/2.2.357/presidio-analyzer/presidio_analyzer/predefined_recognizers/__init__.py,predefined_recognizers __init__.py at 2.2.357,Presidio Contributors,MIT,2026-09-23,2.2.357,7dd30e98d447ff93cdeea40ee776bde5e78bd7860c6123f25387007250ca9e5d,privacy/presidio-entities.md;privacy/presidio-entities.csv
S814,https://raw.githubusercontent.com/data-privacy-stack/presidio/2.2.358/presidio-analyzer/presidio_analyzer/predefined_recognizers/__init__.py,predefined_recognizers __init__.py at 2.2.358,Presidio Contributors,MIT,2026-09-23,2.2.358,7dd30e98d447ff93cdeea40ee776bde5e78bd7860c6123f25387007250ca9e5d,privacy/presidio-entities.md;privacy/presidio-entities.csv
S815,https://raw.githubusercontent.com/data-privacy-stack/presidio/2.2.359/presidio-analyzer/presidio_analyzer/predefined_recognizers/__init__.py,predefined_recognizers __init__.py at 2.2.359,Presidio Contributors,MIT,2026-09-23,2.2.359,7dd30e98d447ff93cdeea40ee776bde5e78bd7860c6123f25387007250ca9e5d,privacy/presidio-entities.md;privacy/presidio-entities.csv
S816,https://raw.githubusercontent.com/data-privacy-stack/presidio/2.2.360/presidio-analyzer/presidio_analyzer/predefined_recognizers/__init__.py,predefined_recognizers __init__.py at 2.2.360,Presidio Contributors,MIT,2026-09-23,2.2.360,d3541c0572351f3e1e8a2e36584422099eb9277e1f2066656d660fa1718f7ae8,privacy/presidio-entities.md;privacy/presidio-entities.csv
S817,https://raw.githubusercontent.com/data-privacy-stack/presidio/2.2.361/presidio-analyzer/presidio_analyzer/predefined_recognizers/__init__.py,predefined_recognizers __init__.py at 2.2.361,Presidio Contributors,MIT,2026-09-23,2.2.361,fc65cf6a59da1228dff9cb12f76023c4c867dbd3378575ae985c10040d56c0cb,privacy/presidio-entities.md;privacy/presidio-entities.csv
S818,https://raw.githubusercontent.com/data-privacy-stack/presidio/2.2.362/presidio-analyzer/presidio_analyzer/predefined_recognizers/__init__.py,predefined_recognizers __init__.py at 2.2.362,Presidio Contributors,MIT,2026-09-23,2.2.362,2b871c760964a7c647ce975dfc72918105460de0b02199e3deeb44c411d1e1a5,privacy/presidio-entities.md;privacy/presidio-entities.csv
S819,https://raw.githubusercontent.com/data-privacy-stack/presidio/2.2.363/presidio-analyzer/presidio_analyzer/predefined_recognizers/__init__.py,predefined_recognizers __init__.py at 2.2.363,Presidio Contributors,MIT,2026-09-23,2.2.363,661eabbc515d72b493ce1b62bfaeed02b04f230b358ed00ac0796e7836128ac5,privacy/presidio-entities.md;privacy/presidio-entities.csv
S820,https://raw.githubusercontent.com/data-privacy-stack/presidio/2.2.364/presidio-analyzer/presidio_analyzer/predefined_recognizers/__init__.py,predefined_recognizers __init__.py at 2.2.364,Presidio Contributors,MIT,2026-09-23,2.2.364,0dde72a1c3b715e86a08d87d95011994647f02c94fc8569e8351376777d80305,privacy/presidio-entities.md;privacy/presidio-entities.csv
S821,https://raw.githubusercontent.com/data-privacy-stack/presidio/e9895a51f5af6a00ed859a1ee38d627868355f8a/presidio-analyzer/presidio_analyzer/input_validation/yaml_recognizer_models.py,YAML recognizer pydantic models,Presidio Contributors,MIT,2026-09-23,e9895a51f5af6a00ed859a1ee38d627868355f8a,f23bff37d1225bd11a0bb2f037608ced389911bb04a6e32d77c5cd5bd137c4f8,privacy/presidio-recognizer-yaml.md;privacy/presidio-recognizer-registry.schema.json
S822,https://raw.githubusercontent.com/data-privacy-stack/presidio/e9895a51f5af6a00ed859a1ee38d627868355f8a/presidio-analyzer/presidio_analyzer/conf/example_recognizers.yaml,example_recognizers.yaml,Presidio Contributors,MIT,2026-09-23,e9895a51f5af6a00ed859a1ee38d627868355f8a,c9e9d74887fd2863d9f77dd9f2d28a95a55bdf96c3c716e098457d92a1752654,privacy/presidio-recognizer-yaml.md;privacy/presidio-example_recognizers.yaml
S823,https://raw.githubusercontent.com/data-privacy-stack/presidio/e9895a51f5af6a00ed859a1ee38d627868355f8a/docs/analyzer/recognizer_registry_provider.md,Customizing recognizer registry from file,Presidio Contributors,MIT,2026-09-23,e9895a51f5af6a00ed859a1ee38d627868355f8a,,privacy/presidio-recognizer-yaml.md
S824,https://raw.githubusercontent.com/data-privacy-stack/presidio/e9895a51f5af6a00ed859a1ee38d627868355f8a/docs/analyzer/adding_recognizers.md,Adding recognizers,Presidio Contributors,MIT,2026-09-23,e9895a51f5af6a00ed859a1ee38d627868355f8a,,privacy/presidio-recognizer-yaml.md
S825,https://raw.githubusercontent.com/data-privacy-stack/presidio/e9895a51f5af6a00ed859a1ee38d627868355f8a/presidio-analyzer/presidio_analyzer/pattern_recognizer.py,PatternRecognizer source,Presidio Contributors,MIT,2026-09-23,e9895a51f5af6a00ed859a1ee38d627868355f8a,,privacy/presidio-recognizer-yaml.md
S826,https://raw.githubusercontent.com/data-privacy-stack/presidio/e9895a51f5af6a00ed859a1ee38d627868355f8a/presidio-analyzer/presidio_analyzer/recognizer_registry/recognizer_registry.py,RecognizerRegistry source,Presidio Contributors,MIT,2026-09-23,e9895a51f5af6a00ed859a1ee38d627868355f8a,,privacy/presidio-recognizer-yaml.md
S827,https://raw.githubusercontent.com/data-privacy-stack/presidio/e9895a51f5af6a00ed859a1ee38d627868355f8a/docs/anonymizer/index.md,Presidio Anonymizer docs,Presidio Contributors,MIT,2026-09-23,e9895a51f5af6a00ed859a1ee38d627868355f8a,,privacy/presidio-operators-deanonymize.md
S828,https://raw.githubusercontent.com/data-privacy-stack/presidio/e9895a51f5af6a00ed859a1ee38d627868355f8a/docs/anonymizer/adding_operators.md,Supporting new types of PII operators,Presidio Contributors,MIT,2026-09-23,e9895a51f5af6a00ed859a1ee38d627868355f8a,,privacy/presidio-operators-deanonymize.md
S829,https://raw.githubusercontent.com/data-privacy-stack/presidio/e9895a51f5af6a00ed859a1ee38d627868355f8a/presidio-anonymizer/presidio_anonymizer/operators/custom.py,Custom operator source,Presidio Contributors,MIT,2026-09-23,e9895a51f5af6a00ed859a1ee38d627868355f8a,,privacy/presidio-operators-deanonymize.md
S830,https://raw.githubusercontent.com/data-privacy-stack/presidio/e9895a51f5af6a00ed859a1ee38d627868355f8a/presidio-anonymizer/app.py,Anonymizer REST app,Presidio Contributors,MIT,2026-09-23,e9895a51f5af6a00ed859a1ee38d627868355f8a,,privacy/presidio-operators-deanonymize.md
S831,https://raw.githubusercontent.com/data-privacy-stack/presidio/e9895a51f5af6a00ed859a1ee38d627868355f8a/presidio-anonymizer/presidio_anonymizer/deanonymize_engine.py,DeanonymizeEngine source,Presidio Contributors,MIT,2026-09-23,e9895a51f5af6a00ed859a1ee38d627868355f8a,,privacy/presidio-operators-deanonymize.md
S832,https://raw.githubusercontent.com/data-privacy-stack/presidio/e9895a51f5af6a00ed859a1ee38d627868355f8a/presidio-anonymizer/presidio_anonymizer/core/engine_base.py,EngineBase source,Presidio Contributors,MIT,2026-09-23,e9895a51f5af6a00ed859a1ee38d627868355f8a,,privacy/presidio-operators-deanonymize.md
S833,https://raw.githubusercontent.com/data-privacy-stack/presidio/e9895a51f5af6a00ed859a1ee38d627868355f8a/docs/samples/python/pseudonymization.ipynb,Pseudonymization sample notebook,Presidio Contributors,MIT,2026-09-23,e9895a51f5af6a00ed859a1ee38d627868355f8a,077dbdd47a039cd598b1b9dbd8d0c15d6eb64a579707bb32e7f3c53d71c8c552,privacy/presidio-operators-deanonymize.md;privacy/spacy-model-licence.md
S834,https://api.github.com/repos/data-privacy-stack/presidio/contents/presidio-anonymizer/presidio_anonymizer?ref=2.2.364,presidio_anonymizer dir at 2.2.364,GitHub,GitHub API (data; GitHub ToS),2026-09-23,2.2.364; sha256 at retrieval 7b828372995dd7cd57316b273e9ff138c8f31bd4b70273b084399d89fbd3949e,,privacy/presidio.md;privacy/presidio-operators-deanonymize.md
S835,https://raw.githubusercontent.com/data-privacy-stack/presidio/e9895a51f5af6a00ed859a1ee38d627868355f8a/presidio-anonymizer/presidio_anonymizer/operators/aes_cipher.py,AESCipher source,Presidio Contributors,MIT,2026-09-23,e9895a51f5af6a00ed859a1ee38d627868355f8a,,privacy/presidio-operators-deanonymize.md
S836,https://raw.githubusercontent.com/data-privacy-stack/presidio/e9895a51f5af6a00ed859a1ee38d627868355f8a/presidio-anonymizer/presidio_anonymizer/operators/encrypt.py,Encrypt operator source,Presidio Contributors,MIT,2026-09-23,e9895a51f5af6a00ed859a1ee38d627868355f8a,,privacy/presidio-operators-deanonymize.md
S837,https://raw.githubusercontent.com/data-privacy-stack/presidio/e9895a51f5af6a00ed859a1ee38d627868355f8a/docs/evaluation/index.md,Evaluating PII detection with Presidio,Presidio Contributors,MIT,2026-09-23,e9895a51f5af6a00ed859a1ee38d627868355f8a,,privacy/presidio-evaluator.md
S838,https://api.github.com/repos/data-privacy-stack/presidio-research,presidio-research repo metadata,GitHub,GitHub API (data; GitHub ToS),2026-09-23,2026-09-23; sha256 at retrieval 1f140d3c8b5901f82a52e9e2e49454e57ba6fdf2199a070485da0b68806828c2,,privacy/presidio-evaluator.md
S839,https://pypi.org/pypi/presidio-evaluator/json,presidio-evaluator PyPI JSON,PyPI,package MIT; PyPI metadata,2026-09-23,0.3.2; sha256 at retrieval eeb668b8464ef1f9454892f7af59478adef1aa9f7c4817adebe590830b869c15,,privacy/presidio-evaluator.md
S840,https://api.github.com/repos/data-privacy-stack/presidio-research/releases?per_page=3,presidio-research releases,GitHub,GitHub API (data; GitHub ToS),2026-09-23,0.3.2; sha256 at retrieval ef1ec6422a77c8cc3f2e501940a4b568d531b0b06812a2946fe6e55459f91760,,privacy/presidio-evaluator.md
S841,https://raw.githubusercontent.com/data-privacy-stack/presidio/e9895a51f5af6a00ed859a1ee38d627868355f8a/docs/faq.md,Presidio FAQ,Presidio Contributors,MIT,2026-09-23,e9895a51f5af6a00ed859a1ee38d627868355f8a,,privacy/presidio-operators-deanonymize.md
S842,https://raw.githubusercontent.com/data-privacy-stack/presidio/e9895a51f5af6a00ed859a1ee38d627868355f8a/LICENSE,Presidio LICENSE,Presidio Contributors,MIT,2026-09-23,e9895a51f5af6a00ed859a1ee38d627868355f8a,,privacy/presidio.md
S843,https://raw.githubusercontent.com/data-privacy-stack/presidio/e9895a51f5af6a00ed859a1ee38d627868355f8a/presidio-analyzer/presidio_analyzer/conf/default.yaml,Default NLP engine config,Presidio Contributors,MIT,2026-09-23,e9895a51f5af6a00ed859a1ee38d627868355f8a,,privacy/presidio-entities.md
S844,https://raw.githubusercontent.com/data-privacy-stack/presidio/e9895a51f5af6a00ed859a1ee38d627868355f8a/presidio-analyzer/presidio_analyzer/predefined_recognizers/nlp_engine_recognizers/spacy_recognizer.py,SpacyRecognizer source,Presidio Contributors,MIT,2026-09-23,e9895a51f5af6a00ed859a1ee38d627868355f8a,,privacy/presidio-entities.md
S845,https://raw.githubusercontent.com/data-privacy-stack/presidio/e9895a51f5af6a00ed859a1ee38d627868355f8a/presidio-anonymizer/presidio_anonymizer/batch_deanonymize_engine.py,BatchDeanonymizeEngine source,Presidio Contributors,MIT,2026-09-23,e9895a51f5af6a00ed859a1ee38d627868355f8a,,privacy/presidio-operators-deanonymize.md
S850,https://github.com/explosion/spacy-models/releases/tag/en_core_web_lg-3.8.0,en_core_web_lg 3.8.0 release,Explosion,MIT (model); release notes text,2026-09-23,en_core_web_lg-3.8.0 (2024-09-30),,privacy/spacy-model-licence.md
S851,https://huggingface.co/api/models/spacy/en_core_web_lg,HF API spacy/en_core_web_lg,Explosion / Hugging Face,MIT (model),2026-09-23,557bf758b8b070251eef3a62dd5442e72e72e2ce; sha256 at retrieval 6b505b19c9cabb61e5e25238957d3a5180eecfb274043554ad96114563e4ad62,,privacy/spacy-model-licence.md
S852,https://spacy.io/models/en,spaCy English models page,Explosion,not stated in static HTML,2026-09-23,2026-09-23; sha256 at retrieval ae2f7e2b914cebd3a0afdde4cf9cbd644d50d820fae07af74ba49fd1389034f5,,privacy/spacy-model-licence.md
S855,https://huggingface.co/api/models/urchade/gliner_multi_pii-v1,HF API urchade/gliner_multi_pii-v1,Hugging Face,Apache-2.0 (model),2026-09-23,1fcf13e85f4eef5394e1fcd406cf2ca9ea82351d; sha256 at retrieval 3bc717aaa8e05c5bcb314f358d1877fab3b0f6f14335154b38358982785e5b07,,privacy/gliner-models.md;privacy/gliner-models.csv
S856,https://huggingface.co/urchade/gliner_multi_pii-v1/raw/1fcf13e85f4eef5394e1fcd406cf2ca9ea82351d/README.md,Model card urchade/gliner_multi_pii-v1,urchade,Apache-2.0 (model repo),2026-09-23,1fcf13e85f4eef5394e1fcd406cf2ca9ea82351d,5922e242558f1608f734dd23bb4a26fd2986254202131aa1d86153692181953e,privacy/gliner-models.md;privacy/gliner-models.csv
S857,https://huggingface.co/api/models/knowledgator/gliner-pii-base-v1.0,HF API knowledgator/gliner-pii-base-v1.0,Hugging Face,Apache-2.0 (model),2026-09-23,61726e0ad791dcab3e29339bbec3ad42ded65641; sha256 at retrieval 94086a827d95c5366dea8972d77d57e7edb533c842005b253de67be4bc1896c0,,privacy/gliner-models.md;privacy/gliner-models.csv
S858,https://huggingface.co/knowledgator/gliner-pii-base-v1.0/raw/61726e0ad791dcab3e29339bbec3ad42ded65641/README.md,Model card knowledgator/gliner-pii-base-v1.0,Knowledgator,Apache-2.0 (model repo),2026-09-23,61726e0ad791dcab3e29339bbec3ad42ded65641,f715f1ad8ff24c0f6f1b2745684a587dfe7390f8a1f0621deec57243b34a8b5a,privacy/gliner-models.md;privacy/gliner-models.csv
S859,https://huggingface.co/api/models/nvidia/gliner-PII,HF API nvidia/gliner-PII,Hugging Face,NVIDIA Open Model License (model),2026-09-23,bd23e8ef4425fd04e34c5204ab49ffaa706eae79; sha256 at retrieval b2cb7e309ec8ca5aa1f6dcebd132119c89e254add58a7bf80c8ef28de6a0ff22,,privacy/gliner-models.md;privacy/gliner-models.csv
S860,https://huggingface.co/nvidia/gliner-PII/raw/bd23e8ef4425fd04e34c5204ab49ffaa706eae79/README.md,Model card nvidia/gliner-PII,NVIDIA,NVIDIA Open Model License (model repo); summarized only,2026-09-23,bd23e8ef4425fd04e34c5204ab49ffaa706eae79,c9282ca08d92fe4f754f0d390d75555f6e595d71d504be986b020ee934eb171f,privacy/gliner-models.md;privacy/gliner-models.csv
S865,https://csrc.nist.gov/pubs/sp/800/38/g/final,SP 800-38G (withdrawn 2016-03 version),NIST,US Government work (public domain in US),2026-09-23,2016-03-29; sha256 at retrieval 57f4b61c4abd2ed6ada2486a3ee3410890fa993415e368ab030d929335bda0c6,,privacy/nist-sp800-38g.md
S866,https://csrc.nist.gov/pubs/sp/800/38/g/upd1/final,"SP 800-38G (current, updated 2016-08-04)",NIST,US Government work (public domain in US),2026-09-23,2016-08-04; sha256 at retrieval b78f87e44393511f7805933927591373ddaf494247aabe4dbf92d888fb160125,,privacy/nist-sp800-38g.md
S867,https://csrc.nist.gov/pubs/sp/800/38/g/r1/ipd,SP 800-38G Rev. 1 initial public draft,NIST,US Government work (public domain in US),2026-09-23,2019-02; sha256 at retrieval 2c561faac41d9c49ef84f214c33f941d6c957995ed85993d331f20047d0560f5,,privacy/nist-sp800-38g.md
S868,https://csrc.nist.gov/pubs/sp/800/38/g/r1/2pd,SP 800-38G Rev. 1 second public draft,NIST,US Government work (public domain in US),2026-09-23,2025-02-03; sha256 at retrieval 38e5a4fb6d14d7ef56adc51332f0221646c1cb52229c36abd12e38953d9013ba,,privacy/nist-sp800-38g.md
S869,https://csrc.nist.gov/pubs/sp/800/38/g/r1/final,SP 800-38G Rev. 1 final (HTTP 404),NIST,n/a,2026-09-23,404 on 2026-09-23,,privacy/nist-sp800-38g.md
S870,https://eur-lex.europa.eu/legal-content/EN/TXT/HTML/?uri=CELEX:32016R0679,Regulation (EU) 2016/679 (GDPR),EUR-Lex / Publications Office,"EU reuse (Decision 2011/833/EU), (c) European Union",2026-09-23,"OJ L 119, 4.5.2016 (consolidated HTML as served); sha256 at retrieval e06473ea82575f6875c812c4bc8215b9488d52c80e0baea648beefdd6cc4bd06",,privacy/gdpr-pseudonymisation.md
S871,https://eur-lex.europa.eu/content/legal-notice/legal-notice.html,EUR-Lex legal notice,EUR-Lex,EU reuse (Decision 2011/833/EU),2026-09-23,2026-09-23; sha256 at retrieval cf5e1ccd15132f95f95f57fd867eede3e6fef1066f4c085a538c2b8790b20348,,privacy/gdpr-pseudonymisation.md
S872,https://www.edpb.europa.eu/our-work-tools/documents/public-consultations/2025/guidelines-012025-pseudonymisation_en,EDPB consultation page Guidelines 01/2025,EDPB,(c) EDPB; reuse terms not checked; summarized,2026-09-23,2026-09-23; sha256 at retrieval 6b8e0bd1f9a885197a22bfb8f5be94094d75c328fa780ae518dff173b28ac1db,,privacy/gdpr-pseudonymisation.md
S873,https://www.edpb.europa.eu/news/news/2025/edpb-adopts-pseudonymisation-guidelines-and-paves-way-improve-cooperation_en,EDPB news: adopts pseudonymisation guidelines (+ PDF https://www.edpb.europa.eu/system/files/2025-01/edpb_guidelines_202501_pseudonymisation_en.pdf sha256 db1b9931b3403fab8bab846cb5868df776c415589ad925477117bc6b062bd085),EDPB,(c) EDPB; summarized,2026-09-23,2025-01-17; sha256 at retrieval 39e1513cbc48c2a0845d9139631c609a7ff885c5cd7c14fa21a9631eec0339fb,,privacy/gdpr-pseudonymisation.md
S874,https://www.edpb.europa.eu/topics/ai-and-technology/anonymisation-pseudonymisation_en,EDPB topic: anonymisation / pseudonymisation,EDPB,(c) EDPB; summarized,2026-09-23,2026-09-23; sha256 at retrieval 415e3240912a2fe8844d2cc39a499d83972f33032d97b2f90e3ea31846ebb0b6,,privacy/gdpr-pseudonymisation.md
S875,https://curia.europa.eu/site/upload/docs/application/pdf/2025-09/cp250107en.pdf,"CJEU Press Release 107/25, C-413/23 P EDPS v SRB",Court of Justice of the EU,unofficial media document; summarized,2026-09-23,2025-09-04; sha256 at retrieval 08c5e44d789c7806562e4b6f2cf507abce42f75a3fdc683dbe0e0f1934473c1d,,privacy/gdpr-pseudonymisation.md
S900,https://learn.microsoft.com/en-us/power-bi/connect-data/refresh-data,Data refresh in Power BI,Microsoft,Microsoft Learn terms of use (source repo not public; paraphrased),2026-09-23,ms.date 2025-09-18,,powerbi/scheduled-refresh.md
S901,https://learn.microsoft.com/en-us/power-bi/connect-data/refresh-scheduled-refresh,Configure scheduled refresh,Microsoft,Microsoft Learn terms of use (source repo not public; paraphrased),2026-09-23,ms.date 2026-02-13,,powerbi/scheduled-refresh.md
S902,https://learn.microsoft.com/en-us/power-bi/connect-data/service-gateway-sql-tutorial,Refresh data from an on-premises SQL Server database,Microsoft,Microsoft Learn terms of use (source repo not public; paraphrased),2026-09-23,ms.date 2025-10-01,,powerbi/on-prem-gateway-sql.md;powerbi/scheduled-refresh.md;powerbi/configmgr-views.md
S903,https://learn.microsoft.com/en-us/power-bi/connect-data/service-gateway-onprem,What is an on-premises data gateway? (Power BI),Microsoft,Microsoft Learn terms of use (source repo not public; paraphrased),2026-09-23,ms.date 2025-02-07,,powerbi/on-prem-gateway-sql.md
S904,https://learn.microsoft.com/en-us/data-integration/gateway/service-gateway-onprem,What is an on-premises data gateway?,Microsoft,Microsoft Learn terms of use (source repo not public; paraphrased),2026-09-23,ms.date 2025-06-10,,powerbi/on-prem-gateway-sql.md
S905,https://learn.microsoft.com/en-us/data-integration/gateway/service-gateway-communication,Adjust communication settings for the on-premises data gateway,Microsoft,Microsoft Learn terms of use (source repo not public; paraphrased),2026-09-23,ms.date 2026-02-25,,powerbi/on-prem-gateway-sql.md
S906,https://learn.microsoft.com/en-us/data-integration/gateway/service-gateway-install,Install an on-premises data gateway,Microsoft,Microsoft Learn terms of use (source repo not public; paraphrased),2026-09-23,ms.date 2025-10-15,,powerbi/on-prem-gateway-sql.md
S907,https://learn.microsoft.com/en-us/power-bi/connect-data/service-gateway-enterprise-manage-sql,Manage a SQL Server data source,Microsoft,Microsoft Learn terms of use (source repo not public; paraphrased),2026-09-23,ms.date 2024-06-28,,powerbi/on-prem-gateway-sql.md;powerbi/configmgr-views.md
S908,https://learn.microsoft.com/en-us/power-bi/connect-data/service-gateway-sso-overview,Overview of single sign-on for on-premises data gateways in Power BI,Microsoft,Microsoft Learn terms of use (source repo not public; paraphrased),2026-09-23,ms.date 2023-08-25,,powerbi/on-prem-gateway-sql.md;powerbi/row-level-security.md
S909,https://learn.microsoft.com/en-us/data-integration/gateway/service-gateway-service-account,Change the on-premises data gateway service account,Microsoft,Microsoft Learn terms of use (source repo not public; paraphrased),2026-09-23,ms.date 2025-06-26,,powerbi/on-prem-gateway-sql.md
S910,https://learn.microsoft.com/en-us/power-bi/enterprise/service-admin-rls,Row-level security (RLS) with Power BI,Microsoft,Microsoft Learn terms of use (source repo not public; paraphrased),2026-09-23,ms.date 2026-05-13,,powerbi/row-level-security.md
S911,https://raw.githubusercontent.com/MicrosoftDocs/fabric-docs/abbb614507568988fd0c22976a42f0455de81980/docs/enterprise/powerbi/service-premium-features.md,Power BI Premium features (learn: fabric/enterprise/powerbi/service-premium-features),Microsoft,CC BY 4.0,2026-09-23,commit abbb6145,,powerbi/scheduled-refresh.md
S920,https://raw.githubusercontent.com/MicrosoftDocs/windows-powershell-docs/c3934e67de374f52fa6759f916c112c30a1240c7/docset/winserver2025-ps/GroupPolicy/Get-GPOReport.md,Get-GPOReport (learn: powershell/module/grouppolicy/get-gporeport),Microsoft,CC BY 4.0,2026-09-23,ms.date 2016-12-20; commit c3934e67,,gpo/gpo-export.md
S921,https://raw.githubusercontent.com/MicrosoftDocs/windows-powershell-docs/c3934e67de374f52fa6759f916c112c30a1240c7/docset/winserver2025-ps/GroupPolicy/Backup-GPO.md,Backup-GPO (learn: powershell/module/grouppolicy/backup-gpo),Microsoft,CC BY 4.0,2026-09-23,ms.date 2016-12-20; commit c3934e67,,gpo/gpo-export.md
S922,https://raw.githubusercontent.com/MicrosoftDocs/windows-powershell-docs/c3934e67de374f52fa6759f916c112c30a1240c7/docset/winserver2025-ps/GroupPolicy/GroupPolicy.md,GroupPolicy module,Microsoft,CC BY 4.0,2026-09-23,ms.date 2016-12-20; commit c3934e67,,gpo/gpo-export.md
S923,https://raw.githubusercontent.com/MicrosoftDocs/windows-powershell-docs/c3934e67de374f52fa6759f916c112c30a1240c7/docset/winserver2025-ps/GroupPolicy/Get-GPResultantSetOfPolicy.md,Get-GPResultantSetOfPolicy,Microsoft,CC BY 4.0,2026-09-23,ms.date 2016-12-20; commit c3934e67,,gpo/gpo-export.md
S924,https://raw.githubusercontent.com/PowerShell/DSC/30ced1f5a0f11ba6f3275da59fc90d2ed67c4b5e/adapters/group_policy_template/group_policy_template.dsc.resource.json,DSC GroupPolicyTemplate adapter manifest (main),Microsoft (PowerShell/DSC),MIT,2026-09-23,commit 30ced1f5 (2026-09-22),,gpo/dsc-group-policy-adapter.md
S930,https://docs.ansible.com/ansible/latest/collections/ansible/windows/index.html,Ansible.Windows collection index,Ansible project,Ansible docs (paraphrased),2026-09-23,collection 3.8.0,,ansible/dsc3-module.md
S931,https://docs.ansible.com/ansible/latest/collections/ansible/windows/dsc3_module.html,ansible.windows.dsc3 module,Ansible project,Ansible docs; module GPL-3.0+ (paraphrased),2026-09-23,collection 3.8.0,,ansible/dsc3-module.md
S932,https://docs.ansible.com/ansible/latest/collections/ansible/windows/win_dsc_module.html,ansible.windows.win_dsc module,Ansible project,Ansible docs; module GPL-3.0+ (paraphrased),2026-09-23,collection 3.8.0,,ansible/dsc3-module.md
S933,https://docs.ansible.com/ansible/latest/os_guide/windows_ssh.html,Windows SSH,Ansible project,Ansible docs (paraphrased),2026-09-23,latest (retrieved 2026-09-23),,ansible/windows-ssh.md
S934,https://raw.githubusercontent.com/ansible-collections/ansible.windows/ff0ac96011ee196742901f34c0dd134acddbe89a/plugins/modules/dsc3.py,dsc3.py (module documentation),Ansible project,GPL-3.0-or-later,2026-09-23,tag 3.8.0 = ff0ac960,,ansible/dsc3-module.md
S935,https://raw.githubusercontent.com/ansible-collections/ansible.windows/ff0ac96011ee196742901f34c0dd134acddbe89a/plugins/modules/dsc3.ps1,dsc3.ps1 (module implementation),Ansible project,GPL-3.0-or-later,2026-09-23,tag 3.8.0 = ff0ac960,,ansible/dsc3-module.md
S940,https://raw.githubusercontent.com/microsoftgraph/microsoft-graph-docs-contrib/4ad99fd37a9e2e8538275a0a9cdff7907052f3ec/concepts/unified-tenant-configuration-management-concept-overview.md,Overview of the TCM APIs (learn: graph/unified-tenant-configuration-management-concept-overview),Microsoft,CC BY 4.0 (prose) / MIT (code),2026-09-23,ms.date 2026-01-19,,graph/tcm-apis.md
S941,https://raw.githubusercontent.com/microsoftgraph/microsoft-graph-docs-contrib/4ad99fd37a9e2e8538275a0a9cdff7907052f3ec/concepts/utcm-authentication-setup.md,Set up authentication for TCM APIs,Microsoft,CC BY 4.0 (prose) / MIT (code),2026-09-23,ms.date 2026-03-23,,graph/tcm-apis.md
S942,https://raw.githubusercontent.com/microsoftgraph/microsoft-graph-docs-contrib/4ad99fd37a9e2e8538275a0a9cdff7907052f3ec/api-reference/v1.0/resources/unified-tenant-configuration-management-api-overview.md,Use the TCM APIs (v1.0),Microsoft,CC BY 4.0 (prose) / MIT (code),2026-09-23,ms.date 2026-01-19,,graph/tcm-apis.md
S943,https://raw.githubusercontent.com/microsoftgraph/microsoft-graph-docs-contrib/4ad99fd37a9e2e8538275a0a9cdff7907052f3ec/api-reference/beta/resources/unified-tenant-configuration-management-api-overview.md,Use the TCM APIs (beta),Microsoft,CC BY 4.0 (prose) / MIT (code),2026-09-23,ms.date 2026-01-19,,graph/tcm-apis.md
S944,https://raw.githubusercontent.com/microsoftgraph/microsoft-graph-docs-contrib/4ad99fd37a9e2e8538275a0a9cdff7907052f3ec/api-reference/v1.0/resources/configurationmonitor.md,configurationMonitor (v1.0),Microsoft,CC BY 4.0 (prose) / MIT (code),2026-09-23,ms.date 2026-03-23,,graph/tcm-apis.md
S945,https://raw.githubusercontent.com/microsoftgraph/microsoft-graph-docs-contrib/4ad99fd37a9e2e8538275a0a9cdff7907052f3ec/api-reference/beta/resources/configurationmonitor.md,configurationMonitor (beta),Microsoft,CC BY 4.0 (prose) / MIT (code),2026-09-23,ms.date 2026-01-19,,graph/tcm-apis.md
S946,https://raw.githubusercontent.com/microsoftgraph/microsoft-graph-docs-contrib/4ad99fd37a9e2e8538275a0a9cdff7907052f3ec/api-reference/v1.0/resources/configurationsnapshotjob.md,configurationSnapshotJob (v1.0),Microsoft,CC BY 4.0 (prose) / MIT (code),2026-09-23,ms.date 2026-03-18,,graph/tcm-apis.md
S947,https://raw.githubusercontent.com/microsoftgraph/microsoft-graph-docs-contrib/4ad99fd37a9e2e8538275a0a9cdff7907052f3ec/api-reference/v1.0/resources/configurationdrift.md,configurationDrift (v1.0),Microsoft,CC BY 4.0 (prose) / MIT (code),2026-09-23,ms.date 2026-03-18,,graph/tcm-apis.md
S948,https://raw.githubusercontent.com/microsoftgraph/microsoft-graph-docs-contrib/4ad99fd37a9e2e8538275a0a9cdff7907052f3ec/api-reference/v1.0/resources/configurationmonitoringresult.md,configurationMonitoringResult (v1.0),Microsoft,CC BY 4.0 (prose) / MIT (code),2026-09-23,ms.date 2026-03-18,,graph/tcm-apis.md
S949,https://raw.githubusercontent.com/microsoftgraph/microsoft-graph-docs-contrib/4ad99fd37a9e2e8538275a0a9cdff7907052f3ec/api-reference/v1.0/resources/configurationbaseline.md,configurationBaseline (v1.0),Microsoft,CC BY 4.0 (prose) / MIT (code),2026-09-23,ms.date 2026-03-23,,graph/tcm-apis.md
S950,https://raw.githubusercontent.com/microsoftgraph/microsoft-graph-docs-contrib/4ad99fd37a9e2e8538275a0a9cdff7907052f3ec/api-reference/v1.0/resources/driftedproperty.md,driftedProperty (v1.0),Microsoft,CC BY 4.0 (prose) / MIT (code),2026-09-23,ms.date 2026-03-18,,graph/tcm-apis.md
S951,https://raw.githubusercontent.com/microsoftgraph/microsoft-graph-docs-contrib/4ad99fd37a9e2e8538275a0a9cdff7907052f3ec/api-reference/v1.0/includes/permissions/configurationmanagement-list-configurationdrifts-permissions.md,Permissions: list configurationDrifts (v1.0),Microsoft,CC BY 4.0 (prose) / MIT (code),2026-09-23,commit 4ad99fd3,,graph/tcm-apis.md
S952,https://raw.githubusercontent.com/microsoftgraph/microsoft-graph-docs-contrib/4ad99fd37a9e2e8538275a0a9cdff7907052f3ec/api-reference/v1.0/includes/permissions/configurationbaseline-createsnapshot-permissions.md,Permissions: createSnapshot (v1.0),Microsoft,CC BY 4.0 (prose) / MIT (code),2026-09-23,commit 4ad99fd3,,graph/tcm-apis.md
S953,https://raw.githubusercontent.com/microsoftgraph/microsoft-graph-docs-contrib/4ad99fd37a9e2e8538275a0a9cdff7907052f3ec/api-reference/v1.0/api/configurationbaseline-createsnapshot.md,configurationBaseline: createSnapshot (v1.0),Microsoft,CC BY 4.0 (prose) / MIT (code),2026-09-23,ms.date 2026-03-18,,graph/tcm-apis.md
S954,https://raw.githubusercontent.com/microsoftgraph/microsoft-graph-docs-contrib/4ad99fd37a9e2e8538275a0a9cdff7907052f3ec/api-reference/v1.0/api/configurationmanagement-post-configurationmonitors.md,Create configurationMonitor (v1.0),Microsoft,CC BY 4.0 (prose) / MIT (code),2026-09-23,ms.date 2026-03-18,,graph/tcm-apis.md
S955,https://raw.githubusercontent.com/microsoftgraph/microsoft-graph-docs-contrib/4ad99fd37a9e2e8538275a0a9cdff7907052f3ec/concepts/utcm-intune-resources.md,Supported Intune resources for TCM,Microsoft,CC BY 4.0 (prose) / MIT (code),2026-09-23,ms.date 2025-04-10,,graph/tcm-apis.md
S956,https://raw.githubusercontent.com/microsoftgraph/msgraph-metadata/b8cbef92f6959dca8150bf3edcc650863765e529/clean_v10_metadata/cleanMetadata.xml,Graph v1.0 clean metadata (CSDL),Microsoft Graph,MIT,2026-09-23,commit b8cbef92,32a4e8f6fa936cb1b46f5d9387f4e53c000895a612fbb4305dcbc08ba9c3032b,graph/tcm-apis.md;graph/tcm-csdl-v1.0.xml
S957,https://raw.githubusercontent.com/microsoftgraph/msgraph-metadata/b8cbef92f6959dca8150bf3edcc650863765e529/clean_beta_metadata/cleanMetadata.xml,Graph beta clean metadata (CSDL),Microsoft Graph,MIT,2026-09-23,commit b8cbef92,9b59d52827e434b15691d55846c7961d7f105b934ff9d03d37b396e8eb60b531,graph/tcm-apis.md;graph/tcm-csdl-beta.xml
S960,https://api.github.com/repos/open-telemetry/opentelemetry-collector-contrib/releases/latest,opentelemetry-collector-contrib latest release,OpenTelemetry,Apache-2.0,2026-09-23,v0.161.0 (2026-09-15),,logs/otel-collector-receivers.md
S961,https://raw.githubusercontent.com/open-telemetry/opentelemetry-collector-contrib/v0.161.0/receiver/filelogreceiver/README.md,File Log Receiver README,OpenTelemetry,Apache-2.0,2026-09-23,v0.161.0,eb653a39f3b2c8c89890d8f7345fe792968240273715d903db182a276d816cfc,logs/otel-collector-receivers.md;logs/otel-filelogreceiver.config.csv
S962,https://raw.githubusercontent.com/open-telemetry/opentelemetry-collector-contrib/v0.161.0/receiver/filelogreceiver/metadata.yaml,File Log Receiver metadata.yaml,OpenTelemetry,Apache-2.0,2026-09-23,v0.161.0,06e3313dde299571efccd90e16a79e298a00508e253abfcf2465b2b15a7266e8,logs/otel-collector-receivers.md;logs/otel-filelogreceiver.metadata.yaml
S963,https://raw.githubusercontent.com/open-telemetry/opentelemetry-collector-contrib/v0.161.0/receiver/windowseventlogreceiver/README.md,Windows Event Log Receiver README,OpenTelemetry,Apache-2.0,2026-09-23,v0.161.0,40ab4c8d930417470168fe064e65ed1719424947406e1d2335516801470ad87d,logs/otel-collector-receivers.md;logs/otel-windowseventlogreceiver.config.csv
S964,https://raw.githubusercontent.com/open-telemetry/opentelemetry-collector-contrib/v0.161.0/receiver/windowseventlogreceiver/metadata.yaml,Windows Event Log Receiver metadata.yaml,OpenTelemetry,Apache-2.0,2026-09-23,v0.161.0,38c1250a5e225b20e83da4e512001f09abcf914b3c707eed9d759f757bbc43ce,logs/otel-collector-receivers.md;logs/otel-windowseventlogreceiver.metadata.yaml
S1000,https://api.github.com/repos/getsops/sops,sops repository metadata,GitHub (getsops/sops),MPL-2.0,2026-09-24,v3.13.3 (2026-07-23); sha256 at retrieval bdc3d36fd8c0a0c733e8316d8afd1ec454e6e299b55a7ae333243fa7b66fed58,,prior-art/secret-vault-encryption.md
S1001,https://api.github.com/repos/FiloSottile/age,age repository metadata + README,GitHub (FiloSottile/age),BSD-3-Clause,2026-09-24,v1.3.2 (2026-08-29); sha256 at retrieval d80a3435bd1399db62c219cf32899c4511fe164f3f0382c3b686e993d449b413,,prior-art/secret-vault-encryption.md
S1002,https://api.github.com/repos/hashicorp/vault,Vault repository metadata + README,GitHub (hashicorp/vault),BUSL-1.1 (GitHub reports NOASSERTION),2026-09-24,v2.1.1 (2026-09-16); sha256 at retrieval b91144c5286de00328ae0798b3191b8225c0359e5bc53c1b9583f872244328d5,,prior-art/secret-vault-encryption.md
S1003,https://api.github.com/repos/pyca/cryptography,cryptography repository metadata + README,GitHub (pyca/cryptography),UNK (GitHub reports NOASSERTION),2026-09-24,50.0.1; sha256 at retrieval 08a0c5f39d971df11476309f169862488257ce0698e7a7565bc08e988ab6d7ec,,prior-art/secret-vault-encryption.md
S1004,https://api.github.com/repos/AGWA/git-crypt,git-crypt repository metadata + README,GitHub (AGWA/git-crypt),GPL-3.0,2026-09-24,0.8.0 (2025-09-24); sha256 at retrieval 2384f7afd930fb72fe8466e3684cee7820730b3a1b08a2dc57cb475e6c3b49e4,,prior-art/secret-vault-encryption.md
S1005,https://api.github.com/repos/microsoft/presidio,Presidio repository metadata + README (org redirects to data-privacy-stack/presidio),GitHub (data-privacy-stack/presidio),MIT,2026-09-24,2.2.364 (2026-07-22); sha256 at retrieval f56acb307fb3b875fe05016b0ef4dfdc1116957719b8b4682ee2548a73885059,,prior-art/pseudonymization-tokenization.md
S1006,https://api.github.com/repos/protectai/llm-guard,LLM Guard repository metadata + README,GitHub (protectai/llm-guard),MIT,2026-09-24,v0.3.16 (tag; latest-release endpoint returned none); sha256 at retrieval 12254adc4c0ea0b33cf51854bd1c18ba3fea385a14f632cb6af61dfa26d373a4,,prior-art/pseudonymization-tokenization.md
S1007,https://api.github.com/repos/mysto/python-fpe,python-fpe (ff3) repository metadata + README,GitHub (mysto/python-fpe),Apache-2.0,2026-09-24,v1.0.2 (2024-03-13); sha256 at retrieval 4d58c086c875a6eb0b2aac703506a857b1b2ccfa3dc617c4f2f76e66827efbc8,,prior-art/pseudonymization-tokenization.md
S1008,https://api.github.com/repos/puppetlabs/puppet,Puppet repository metadata,GitHub (puppetlabs/puppet),Apache-2.0,2026-09-24,7.34.0 (2024-10-22); sha256 at retrieval 468e5bdc8e3f7545a4fd321e9a2fc4c50c1ace80c40684838a4c59dfe5a5014f,,prior-art/drift-detection.md
S1009,https://api.github.com/repos/inspec/inspec,Chef InSpec repository metadata,GitHub (inspec/inspec),UNK (GitHub reports NOASSERTION),2026-09-24,v5.24.24 (2026-06-25); sha256 at retrieval fc467c37da5e3de56367b4de8539a150b749c024ec35bbf2ab7ed3435f95d0e2,,prior-art/drift-detection.md
S1010,https://api.github.com/repos/microsoft/Microsoft365DSC,Microsoft365DSC repository metadata,GitHub (Microsoft365DSC/Microsoft365DSC),MIT,2026-09-24,1.26.909.1 (2026-09-11); sha256 at retrieval 670bf6724f338b7a84c913abc8f6cc6a3a9f006624c764fc281cdb2e786b521d,,prior-art/drift-detection.md
S1011,https://api.github.com/repos/glpi-project/glpi,GLPI repository metadata,GitHub (glpi-project/glpi),GPL-3.0,2026-09-24,11.0.9 (2026-09-16); sha256 at retrieval 20a6e5c2d3d37a944b80eb5b3f16ea749c4c93bd2cf75333837f363b87a3148f,,prior-art/device-identity-correlation.md
S1012,https://api.github.com/repos/snipe/snipe-it,Snipe-IT repository metadata (org redirects to grokability/snipe-it),GitHub (grokability/snipe-it),AGPL-3.0,2026-09-24,v8.7.2 (2026-08-19); sha256 at retrieval 98a59f8277def032bd4a37fca26d3b370cbda9da1ab6e2f0f569f68f6097d78a,,prior-art/device-identity-correlation.md
S1013,https://api.github.com/repos/netbox-community/netbox,NetBox repository metadata,GitHub (netbox-community/netbox),Apache-2.0,2026-09-24,v4.7.1 (2026-09-15); sha256 at retrieval 50b0d2a8a2c4af83902e06de20f20898de83b6515e206d9c4a02c5b8e1e8460d,,prior-art/device-identity-correlation.md
S1014,https://api.github.com/repos/fleetdm/fleet,Fleet repository metadata,GitHub (fleetdm/fleet),UNK (GitHub reports NOASSERTION),2026-09-24,fleet-v4.92.0 (2026-09-21); sha256 at retrieval 7f5f7a930bf925f9bdf6132de33aac822a80a9358c6af9836472cb9a79040890,,prior-art/device-identity-correlation.md
S1015,https://api.github.com/repos/rundeck/rundeck,Rundeck repository metadata,GitHub (rundeck/rundeck),Apache-2.0,2026-09-24,v6.2.1 (2026-09-09); sha256 at retrieval 877cf4d8954d4814e6e5ca91b6838e02e5ac7b2f2409ea151ae76873a72c7576,,prior-art/tiered-approval-ops.md
S1016,https://api.github.com/repos/StackStorm/st2,StackStorm repository metadata,GitHub (StackStorm/st2),Apache-2.0,2026-09-24,v3.9.0 (2026-01-12); sha256 at retrieval cedc4f617dd8e31bf6d793030a07523531ab9f6c7fa15c0ff9c2de59c1220e1c,,prior-art/tiered-approval-ops.md
S1017,https://api.github.com/repos/gravitational/teleport,Teleport repository metadata,GitHub (gravitational/teleport),AGPL-3.0,2026-09-24,v18.10.0 (2026-07-09); sha256 at retrieval 8da4a84d533a5182498919f58b7a8ab573551ab61e1fd6cfe6117ef315123a97,,prior-art/tiered-approval-ops.md
S1018,https://api.github.com/repos/ansible/awx,Ansible AWX repository metadata,GitHub (ansible/awx),UNK (GitHub reports NOASSERTION),2026-09-24,24.6.1 (2024-07-02); sha256 at retrieval 832df71143d810d9451be10e25ebc5e3f1e9ac79bebb8fc9f5f4a97ff5ecc55c,,prior-art/tiered-approval-ops.md
S1019,https://api.github.com/repos/microsoft/mcp,Microsoft official MCP server catalog: repository metadata + servers/ directory listing,GitHub (microsoft/mcp),MIT,2026-09-24,main @ 2026-09-23; sha256 at retrieval 86398bb53101c05c9c069d69f03c27b54427b9b5352a5b59880f2a8271296d62,,prior-art/mcp-microsoft-endpoint-mgmt.md
S1020,https://api.github.com/repos/open-telemetry/opentelemetry-collector,OpenTelemetry Collector repository metadata,GitHub (open-telemetry/opentelemetry-collector),Apache-2.0,2026-09-24,v0.161.0 (2026-09-14); sha256 at retrieval 251a0df73a3cc10a28ede8199abc0ba7e8b6aca646d0882d58c6aef785a68bf6,,prior-art/log-collection-normalization.md
S1021,https://api.github.com/repos/fluent/fluent-bit,Fluent Bit repository metadata,GitHub (fluent/fluent-bit),Apache-2.0,2026-09-24,v5.1.2 (2026-09-05); sha256 at retrieval f604b83bca02bef169571ff590ddf2124402754efca88e962a7479269f5ea7c9,,prior-art/log-collection-normalization.md
S1022,https://raw.githubusercontent.com/pydantic/pydantic-settings/f725ca187bee4212e9ef799eefa3cb25be788462/README.md,pydantic-settings README,GitHub (pydantic/pydantic-settings),MIT,2026-09-24,v2.15.0 (2026-08-07),a1b2df6ed6bac62a822394e5eb0de60c802a6c2382a3a882f2798f8447601d67,prior-art/layered-settings-resolution.md
S1023,https://raw.githubusercontent.com/dynaconf/dynaconf/3.3.5/README.md,dynaconf README,GitHub (dynaconf/dynaconf),MIT,2026-09-24,3.3.5 (2026-08-05),8207f8f64dc4483c3997b71c11ae5e86446fa7b47ca62b71738030446ef79c12,prior-art/layered-settings-resolution.md
S1102,https://raw.githubusercontent.com/hashicorp/vault/HEAD/LICENSE,Vault repository LICENSE,HashiCorp / IBM,BUSL-1.1,2026-09-24,HEAD at fetch time; sha256 at retrieval 45f5550c3bf6df29cd3bd8811857dcd8fbb266d319736a11939c32b60d67da64,,reuse/secret-vault-encryption.md
S1103,https://raw.githubusercontent.com/pyca/cryptography/HEAD/LICENSE,cryptography repository LICENSE,Python Cryptographic Authority,Apache-2.0 OR BSD-3-Clause,2026-09-24,HEAD at fetch time; sha256 at retrieval 3e0c7c091a948b82533ba98fd7cbb40432d6f1a9acbf85f5922d2f99a93ae6bb,,reuse/secret-vault-encryption.md
S1104,https://raw.githubusercontent.com/inspec/inspec/HEAD/LICENSE,InSpec repository LICENSE,Chef Software / Progress,Apache-2.0,2026-09-24,HEAD at fetch time; sha256 at retrieval 87b58740e8d1b9800f52b891817968ad4572b5f5c24751504d18e4480f5753d8,,reuse/drift-detection.md
S1105,https://raw.githubusercontent.com/fleetdm/fleet/HEAD/LICENSE,Fleet repository LICENSE,Fleet Device Management Inc,MIT (core; ee/ and docs/ separately licensed),2026-09-24,HEAD at fetch time; sha256 at retrieval c52bf3a138a84e08fa87f0d82813bd20c9a4813ae99f3a39e49b6091948afa87,,reuse/device-identity-correlation.md
S1106,https://raw.githubusercontent.com/ansible/awx/devel/LICENSE.md,AWX repository LICENSE.md,Red Hat / Ansible,Apache-2.0,2026-09-24,devel at fetch time; sha256 at retrieval 3e3f8281fb9edb7500ebed9d9f6fb008a3fce50220a4d318cf94dc9eccfb128a,,reuse/tiered-approval-ops.md
S1200,https://techcommunity.microsoft.com/blog/windows-itpro-blog/advancing-windows-security-disabling-ntlm-by-default/4489526,Advancing Windows security: Disabling NTLM by default,Microsoft (Windows IT Pro Blog),Microsoft web terms (prose; not CC-BY),2026-09-24,published 2025-09-24,,auth/ntlm-deprecation.md;auth/kerberos.md
S1201,https://learn.microsoft.com/en-us/windows-server/identity/ad-ds/ldap-signing,LDAP signing for Active Directory Domain Services on Windows Server,Microsoft (MicrosoftDocs/windowsserverdocs),CC-BY-4.0 (prose),2026-09-24,ms.date current (Windows Server 2025 content),,auth/ldap-smb-signing.md
S1202,https://learn.microsoft.com/en-us/windows-server/storage/file-server/smb-signing,Control SMB signing behavior in Windows Server and Windows,Microsoft (MicrosoftDocs/windowsserverdocs),CC-BY-4.0 (prose),2026-09-24,ms.date current (Windows Server 2025 / Windows 11 24H2 content),,auth/ldap-smb-signing.md
S1203,https://techcommunity.microsoft.com/blog/filecab/smb-security-hardening-in-windows-server-2025--windows-11/4226591,SMB security hardening in Windows Server 2025 & Windows 11,Microsoft (Windows Server Storage team blog),Microsoft web terms (prose; not CC-BY),2026-09-24,published 2024-09,,auth/ldap-smb-signing.md
S1204,https://learn.microsoft.com/en-us/windows-server/identity/ad-ds/manage/delegated-managed-service-accounts/delegated-managed-service-accounts-overview,Delegated Managed Service Accounts overview,Microsoft (MicrosoftDocs/windowsserverdocs),CC-BY-4.0 (prose),2026-09-24,Windows Server 2025,,auth/gmsa-dmsa.md
S1205,https://learn.microsoft.com/en-us/windows-server/security/credentials-protection-and-management/protected-users-security-group,Protected Users Security Group,Microsoft (MicrosoftDocs/windowsserverdocs),CC-BY-4.0 (prose),2026-09-24,current,,auth/kerberos.md
S1206,https://learn.microsoft.com/en-us/sql/sql-server/azure-arc/microsoft-entra-authentication-with-managed-identity?view=sql-server-ver17,Set Up Managed Identity and Microsoft Entra Authentication for SQL Server enabled by Azure Arc,Microsoft (MicrosoftDocs/sql-docs),CC-BY-4.0 (prose),2026-09-24,SQL Server 2025 (17.x) content,,auth/sql-authz.md
S1207,https://learn.microsoft.com/en-us/sql/relational-databases/security/authentication-access/azure-ad-authentication-sql-server-overview?view=sql-server-ver17,Microsoft Entra authentication for SQL Server overview,Microsoft (MicrosoftDocs/sql-docs),CC-BY-4.0 (prose),2026-09-24,SQL Server 2022/2025 content,,auth/sql-authz.md
S1208,https://ldap3.readthedocs.io/en/latest/bind.html,The BIND operation (ldap3 documentation),ldap3 project (Giovanni Cannata),"LGPL-3.0 (library; docs site, publisher note: project docs not Microsoft)",2026-09-24,ldap3 2.10.2 docs,,auth/flows.csv;auth/flows.md;auth/ldap-smb-signing.md
S1209,https://github.com/cannatag/ldap3/issues/669,SASL:[GSSAPI]: Sign or Seal are required (ldap3 issue 669),ldap3 project / community reporter (GitHub issue),N/A (issue tracker),2026-09-24,accessed 2026-09-24,,auth/ldap-smb-signing.md
S1210,https://learn.microsoft.com/en-us/security/privileged-access-workstations/privileged-access-access-model,Securing privileged access: Enterprise access model,Microsoft (MicrosoftDocs security docs),CC-BY-4.0 (prose),2026-09-24,current,,auth/enterprise-access-model.md
S1211,https://learn.microsoft.com/en-us/microsoft-identity-manager/pam/privileged-identity-management-for-active-directory-domain-services,Privileged Access Management for Active Directory Domain Services,Microsoft (MicrosoftDocs identity-manager docs),CC-BY-4.0 (prose),2026-09-24,current,,auth/ad-jit-membership.md
S1212,https://learn.microsoft.com/en-us/troubleshoot/mem/configmgr/setup-migrate-backup-recovery/enable-mfa-for-sms-provider-calls,Enable multi-factor authentication for SMS Provider calls,Microsoft (MicrosoftDocs memdocs/support),CC-BY-4.0 (prose),2026-09-24,current (feature since ConfigMgr CB 1702),,auth/configmgr-rbac-auth.md
S1213,https://forums.prajwaldesai.com/threads/cm-2509-adminservice-now-rejects-ntlm-authentication.10235/,CM 2509 - AdminService now rejects NTLM authentication (forum thread),Prajwal Desai forums (community),N/A (community forum),2026-09-24,accessed 2026-09-24,,auth/configmgr-rbac-auth.md;auth/kerberos.md
S1214,https://learn.microsoft.com/en-us/windows-server/get-started/removed-deprecated-features-windows-server-2025,Features removed or no longer developed starting with Windows Server 2025,Microsoft (MicrosoftDocs/windowsserverdocs),CC-BY-4.0 (prose),2026-09-24,Windows Server 2025,,auth/ntlm-deprecation.md
S1215,https://support.microsoft.com/en-us/servicing/os/windows/2025/11/how-to-manage-kerberos-kdc-usage-of-rc4-for-service-account-ticket-issuance-changes-related-to-cve-2,How to manage Kerberos KDC usage of RC4 for service account ticket issuance changes related to CVE-2026-20833,Microsoft (support.microsoft.com),Microsoft web terms (KB article; not CC-BY),2026-09-24,published 2025-11,,auth/kerberos.md
S1216,https://www.microsoft.com/en-us/windows-server/blog/2025/12/03/beyond-rc4-for-windows-authentication/,Beyond RC4 for Windows authentication,Microsoft (Windows Server Blog),Microsoft web terms (prose; not CC-BY),2026-09-24,published 2025-12-03,,auth/kerberos.md
S1217,https://techcommunity.microsoft.com/blog/askds/what-is-going-on-with-rc4-in-kerberos/4489365,What is going on with RC4 in Kerberos?,Microsoft (AskDS blog),Microsoft web terms (prose; not CC-BY),2026-09-24,accessed 2026-09-24,,auth/kerberos.md
S1218,https://learn.microsoft.com/en-us/intune/configmgr/core/understand/fundamentals-of-role-based-administration,Role-based administration fundamentals,Microsoft (MicrosoftDocs/memdocs),CC-BY-4.0 (prose),2026-09-24,current (ConfigMgr 2603 docs),,auth/configmgr-rbac-auth.md
S1219,https://learn.microsoft.com/en-us/windows-server/identity/whats-new-active-directory-domain-services,What's new in Active Directory Domain Services in Windows Server 2016,Microsoft (MicrosoftDocs/windowsserverdocs),CC-BY-4.0 (prose),2026-09-24,Windows Server 2016 feature (still-current doc page),,auth/ad-jit-membership.md
S1220,https://www.python-ldap.org/en/python-ldap-3.3.0/reference/ldap-sasl.html,ldap.sasl SASL Authentication Methods (python-ldap documentation),python-ldap project,PSF-style/BSD (project docs; publisher not Microsoft),2026-09-24,python-ldap 3.3.0 docs,,auth/ldap-smb-signing.md
S1221,https://learn.microsoft.com/en-us/windows/win32/adsi/binding-with-encryption,Binding With Encryption (ADSI),Microsoft (MicrosoftDocs/win32),CC-BY-4.0 (prose),2026-09-24,current,,auth/ldap-smb-signing.md
S1222,https://learn.microsoft.com/en-us/windows/win32/secauthn/tls-cipher-suites-in-windows-server-2025,TLS Cipher Suites in Windows Server 2025 and later,Microsoft (MicrosoftDocs/win32),CC-BY-4.0 (prose),2026-09-24,Windows Server 2025,,auth/transport-crypto.md
S1223,https://learn.microsoft.com/en-us/entra/msal/dotnet/advanced/proof-of-possession-tokens,Proof-of-Possession (PoP) tokens - MSAL for .NET,Microsoft (MicrosoftDocs/entra-docs),CC-BY-4.0 (prose),2026-09-24,current,,auth/transport-crypto.md
S1224,https://support.microsoft.com/en-us/topic/kb5014754-certificate-based-authentication-changes-on-windows-domain-controllers-ad2c23b0-15d8-4340-a468-4d4f3b188f16,KB5014754: Certificate-based authentication changes on Windows domain controllers,Microsoft (support.microsoft.com),Microsoft web terms (KB article; not CC-BY),2026-09-24,Full Enforcement mode from 2025-02-11,,auth/enterprise-access-model.md
S1225,https://learn.microsoft.com/en-us/security/privileged-access-workstations/privileged-access-devices,Why are privileged access devices important,Microsoft (MicrosoftDocs/security),CC-BY-4.0 (prose),2026-09-24,current,,auth/enterprise-access-model.md
S1226,https://learn.microsoft.com/en-us/windows-server/identity/laps/laps-overview,Windows LAPS overview,Microsoft (MicrosoftDocs/windowsserverdocs),CC-BY-4.0 (prose),2026-09-24,current,,auth/enterprise-access-model.md
S1227,https://learn.microsoft.com/en-us/entra/identity/conditional-access/concept-token-protection,Token protection concept - Microsoft Entra ID,Microsoft (MicrosoftDocs/entra-docs),CC-BY-4.0 (prose),2026-09-24,current,,auth/msal-public-client.md;auth/token-lifetimes-cae.md;auth/transport-crypto.md
S1228,https://raw.githubusercontent.com/MicrosoftDocs/windowsserverdocs/16dafaddc757fb0b4ad7e5f8da33fbfc888fbcd4/WindowsServerDocs/storage/file-server/smb-security-hardening.md,SMB security hardening (learn: https://learn.microsoft.com/windows-server/storage/file-server/smb-security-hardening),Microsoft (MicrosoftDocs/windowsserverdocs),CC-BY-4.0,2026-09-24,commit 16dafaddc757fb0b4ad7e5f8da33fbfc888fbcd4,,auth/ldap-smb-signing.md;auth/flows.md
S1270,https://learn.microsoft.com/en-us/entra/msal/python/advanced/wam,Using MSAL Python with Web Account Manager,Microsoft,CC-BY-4.0,2026-09-24,ms.date current at retrieval,,auth/msal-public-client.md
S1271,https://learn.microsoft.com/en-us/entra/identity-platform/scenario-desktop-acquire-token-wam,Acquire a token to call a web API by using Web Account Manager (desktop app),Microsoft,CC-BY-4.0,2026-09-24,ms.date current at retrieval,,auth/msal-public-client.md
S1272,https://learn.microsoft.com/en-us/entra/identity/conditional-access/concept-authentication-flows,Conditional Access: Authentication flows (Preview),Microsoft,CC-BY-4.0,2026-09-24,ms.date current at retrieval,,auth/msal-public-client.md
S1273,https://learn.microsoft.com/en-us/entra/identity/conditional-access/policy-block-authentication-flows,Block authentication flows with Conditional Access policy,Microsoft,CC-BY-4.0,2026-09-24,ms.date current at retrieval,,auth/msal-public-client.md
S1274,https://learn.microsoft.com/en-us/entra/identity/conditional-access/deployment-guide-token-protection-windows,Token Protection Deployment Guide - Windows,Microsoft,CC-BY-4.0,2026-09-24,ms.date current at retrieval,,auth/msal-public-client.md
S1276,https://docs.gitlab.com/ci/cloud_services/,Connect to cloud services (GitLab CI/CD ID tokens),GitLab,CC-BY-SA (GitLab docs default),2026-09-24,retrieved 2026-09-24,,auth/gitlab-ci-identity.md;auth/workload-identity.md
S1277,https://docs.gitlab.com/ci/secrets/id_token_authentication/,ID token authentication (GitLab),GitLab,CC-BY-SA (GitLab docs default),2026-09-24,retrieved 2026-09-24,,auth/gitlab-ci-identity.md
S1278,https://learn.microsoft.com/en-us/entra/workload-id/workload-identities-federated-credential-mutable-subjects,Mutable subjects in federated identity credentials,Microsoft,CC-BY-4.0,2026-09-24,ms.date current at retrieval,,auth/workload-identity.md
S1279,https://learn.microsoft.com/en-us/entra/identity/hybrid/connect/how-to-connect-sync-feature-scheduler,Microsoft Entra Connect Sync: Scheduler,Microsoft,CC-BY-4.0,2026-09-24,ms.date current at retrieval,,auth/entra-intune-rbac.md
S1280,https://learn.microsoft.com/en-us/entra/identity/hybrid/cloud-sync/reference-cloud-sync-faq,Microsoft Entra Cloud Sync FAQ,Microsoft,CC-BY-4.0,2026-09-24,ms.date current at retrieval,,auth/entra-intune-rbac.md
S1281,https://learn.microsoft.com/en-us/entra/identity/hybrid/group-writeback-cloud-sync,Group writeback with Microsoft Entra Cloud Sync,Microsoft,CC-BY-4.0,2026-09-24,ms.date current at retrieval,,auth/entra-intune-rbac.md
S1282,https://learn.microsoft.com/en-us/entra/id-governance/privileged-identity-management/groups-activate-roles,Activate your group membership or ownership in PIM,Microsoft,CC-BY-4.0,2026-09-24,ms.date current at retrieval,,auth/entra-intune-rbac.md
S1283,https://learn.microsoft.com/en-us/entra/id-governance/privileged-identity-management/groups-role-settings,Configure PIM for Groups settings,Microsoft,CC-BY-4.0,2026-09-24,ms.date current at retrieval,,auth/entra-intune-rbac.md
S1284,https://learn.microsoft.com/en-us/entra/identity/hybrid/connect/how-to-connect-fed-group-claims,Configure group claims for applications by using Microsoft Entra ID,Microsoft,CC-BY-4.0,2026-09-24,ms.date current at retrieval,,auth/group-claims.md
S1285,https://learn.microsoft.com/en-us/security/zero-trust/develop/configure-tokens-group-claims-app-roles,Configure group claims and app roles in tokens,Microsoft,CC-BY-4.0,2026-09-24,ms.date current at retrieval,,auth/group-claims.md
S1286,https://learn.microsoft.com/en-us/graph/api/directoryobject-checkmembergroups?view=graph-rest-1.0,directoryObject: checkMemberGroups,Microsoft,CC-BY-4.0,2026-09-24,graph-rest-1.0,,auth/role-source-options.md
S1287,https://learn.microsoft.com/en-us/graph/api/directoryobject-getmembergroups?view=graph-rest-1.0,directoryObject: getMemberGroups,Microsoft,CC-BY-4.0,2026-09-24,graph-rest-1.0,,auth/role-source-options.md
S1289,https://learn.microsoft.com/en-us/azure/azure-arc/servers/cloud-native/identity-access,Identity and access management with Azure Arc-enabled servers,Microsoft,CC-BY-4.0,2026-09-24,ms.date current at retrieval,,auth/workload-identity.md
S1290,https://learn.microsoft.com/en-us/azure/azure-arc/servers/managed-identity-authentication,Access Azure resources with managed identity on Azure Arc-enabled servers,Microsoft,CC-BY-4.0,2026-09-24,ms.date current at retrieval,,auth/workload-identity.md
S1291,https://learn.microsoft.com/en-us/entra/architecture/resilience-with-continuous-access-evaluation,Build resilience by using Continuous Access Evaluation in Microsoft Entra ID,Microsoft,CC-BY-4.0,2026-09-24,ms.date current at retrieval,,auth/token-lifetimes-cae.md
S1292,https://learn.microsoft.com/en-us/entra/identity/conditional-access/concept-continuous-access-evaluation,Continuous access evaluation in Microsoft Entra,Microsoft,CC-BY-4.0,2026-09-24,ms.date current at retrieval,,auth/token-lifetimes-cae.md
S1293,https://learn.microsoft.com/en-us/entra/workload-id/workload-identity-federation-considerations,Workload identity federation for apps: considerations (FIC limits),Microsoft,CC-BY-4.0,2026-09-24,ms.date current at retrieval,,auth/workload-identity.md
S1294,https://learn.microsoft.com/en-us/entra/workload-id/workload-identities-flexible-federated-identity-credentials,Flexible federated identity credentials (preview),Microsoft,CC-BY-4.0,2026-09-24,preview feature; ms.date current at retrieval,,auth/workload-identity.md
S1296,https://learn.microsoft.com/en-us/entra/identity-platform/app-resilience-continuous-access-evaluation,How to use Continuous Access Evaluation enabled APIs in your applications (client_capabilities cp1),Microsoft,CC-BY-4.0,2026-09-24,ms.date current at retrieval,,auth/msal-public-client.md
S1297,https://learn.microsoft.com/en-us/entra/identity-platform/v2-oauth2-on-behalf-of-flow,Microsoft identity platform and OAuth2.0 On-Behalf-Of flow,Microsoft,CC-BY-4.0,2026-09-24,ms.date current at retrieval,,auth/delegation-kcd-obo.md
S1298,https://learn.microsoft.com/en-us/windows-server/security/kerberos/kerberos-constrained-delegation-overview,Kerberos constrained delegation overview (Windows Server),Microsoft,CC-BY-4.0,2026-09-24,ms.date current at retrieval,,auth/delegation-kcd-obo.md
S1299,https://learn.microsoft.com/en-us/entra/identity/app-proxy/how-to-configure-sso-with-kcd,Kerberos Constrained Delegation for SSO with Application Proxy,Microsoft,CC-BY-4.0,2026-09-24,ms.date current at retrieval,,auth/delegation-kcd-obo.md
S1300,https://bex.co/blog/2026/07/09/mcp-enterprise-managed-authorization-id-jag,MCP's Enterprise-Managed Authorization Goes Stable: ID-JAG (vendor/community summary; Entra native ID-JAG not GA),bex.co (community),unknown (not MicrosoftDocs; treat as COMMUNITY),2026-09-24,post dated 2026-07-09,,auth/delegation-kcd-obo.md
S1301,https://learn.microsoft.com/en-us/microsoftteams/platform/bots/how-to/authentication/bot-sso-overview,Enable SSO with Microsoft Entra ID (Teams bots),Microsoft,CC-BY-4.0,2026-09-24,ms.date current at retrieval,,auth/delegation-kcd-obo.md
S1302,https://raw.githubusercontent.com/MicrosoftDocs/entra-docs/d75a90ea1b07d0d2007cfab256c1ad02653d1e35/docs/workload-id/workload-identity-federation-create-trust.md,Configure an app to trust an external identity provider (learn: https://learn.microsoft.com/entra/workload-id/workload-identity-federation-create-trust),Microsoft (MicrosoftDocs/entra-docs),CC-BY-4.0,2026-09-24,commit d75a90ea1b07d0d2007cfab256c1ad02653d1e35,,auth/workload-identity.md;auth/flows.md
S1303,https://msal-python.readthedocs.io/en/latest/,MSAL Python documentation (client_credential cert/PFX options; client assertion claims),Microsoft (AzureAD/microsoft-authentication-library-for-python),MIT,2026-09-24,retrieved 2026-09-24,,auth/workload-identity.md
S1304,https://learn.microsoft.com/en-us/entra/identity-platform/howto-configure-app-instance-property-locks,How to configure app instance property lock in your applications,Microsoft,CC-BY-4.0,2026-09-24,ms.date current at retrieval,,auth/workload-identity.md
S1305,https://learn.microsoft.com/en-us/entra/identity/conditional-access/workload-identity,Microsoft Entra Conditional Access for workload identities,Microsoft,CC-BY-4.0,2026-09-24,ms.date current at retrieval,,auth/workload-identity.md
S1306,https://learn.microsoft.com/en-us/entra/identity/conditional-access/concept-continuous-access-evaluation-workload,Continuous access evaluation for workload identities in Microsoft Entra ID,Microsoft,CC-BY-4.0,2026-09-24,ms.date current at retrieval,,auth/propagation-latency.md;auth/revocation.md;auth/workload-identity.md
S1307,https://learn.microsoft.com/en-us/azure/azure-arc/servers/cloud-native/licensing-cost-management,Cloud-native licensing and cost management with Azure Arc-enabled servers,Microsoft,CC-BY-4.0,2026-09-24,ms.date current at retrieval,,auth/workload-identity.md
S1308,https://learn.microsoft.com/en-us/entra/identity/managed-identities-azure-resources/assign-app-role-managed-identity-powershell,Assign a managed identity to an application role using PowerShell,Microsoft,CC-BY-4.0,2026-09-24,ms.date current at retrieval,,auth/workload-identity.md
S1309,https://learn.microsoft.com/en-us/powershell/module/microsoft.graph.applications/new-mgserviceprincipalapproleassignment,New-MgServicePrincipalAppRoleAssignment (Microsoft Graph PowerShell),Microsoft,CC-BY-4.0,2026-09-24,graph-powershell-1.0,,auth/workload-identity.md
S1310,https://raw.githubusercontent.com/MicrosoftDocs/entra-docs/11fe090a889359779935d9f4354d8d8d40b39b63/docs/identity/enterprise-apps/assign-user-or-group-access-portal.md,Assign users and groups to an enterprise application (learn: https://learn.microsoft.com/entra/identity/enterprise-apps/assign-user-or-group-access-portal),Microsoft (MicrosoftDocs/entra-docs),CC-BY-4.0,2026-09-24,commit 11fe090a889359779935d9f4354d8d8d40b39b63,,auth/group-claims.md;auth/role-source-options.md
S1340,https://raw.githubusercontent.com/MicrosoftDocs/sql-docs/5445f5876ca0652a6e9c143bfb4311a6fd4b3af6/docs/connect/odbc/using-always-encrypted-with-the-odbc-driver.md,Learn: Using Always Encrypted with the ODBC Driver (learn.microsoft.com/en-us/sql/connect/odbc/using-always-encrypted-with-the-odbc-driver),Microsoft Learn (MicrosoftDocs/sql-docs),CC BY 4.0,2026-09-24,commit 5445f5876ca0652a6e9c143bfb4311a6fd4b3af6,,auth/key-management-options.md
S1341,https://raw.githubusercontent.com/MicrosoftDocs/sql-docs/2b1560ace793f3b5b44b879c6d0b915584c1e5e2/docs/relational-databases/security/encryption/create-and-store-column-master-keys-always-encrypted.md,Learn: Create and store column master keys for Always Encrypted,Microsoft Learn (MicrosoftDocs/sql-docs),CC BY 4.0,2026-09-24,commit 2b1560ace793f3b5b44b879c6d0b915584c1e5e2,,auth/key-management-options.md
S1342,https://raw.githubusercontent.com/MicrosoftDocs/win32/4db9e6236568a99b005b2436d510b7a78941712d/desktop-src/SecCNG/protection-descriptors.md,Learn: Protection Descriptors (CNG DPAPI),Microsoft Learn (MicrosoftDocs/win32),CC BY 4.0,2026-09-24,commit 4db9e6236568a99b005b2436d510b7a78941712d,,auth/key-management-options.md
S1343,https://raw.githubusercontent.com/MicrosoftDocs/win32/2fd25eb0d185d553258bfc624fc10babe7bdf1ce/desktop-src/SecCNG/cng-dpapi-constants.md,Learn: CNG DPAPI Constants (NCryptprotect.h),Microsoft Learn (MicrosoftDocs/win32),CC BY 4.0,2026-09-24,commit 2fd25eb0d185d553258bfc624fc10babe7bdf1ce,,auth/key-management-options.md
S1344,https://learn.microsoft.com/en-us/windows/security/threat-protection/security-policy-settings/maximum-lifetime-for-user-ticket,Learn: Maximum lifetime for user ticket (Kerberos policy),Microsoft Learn,CC BY 4.0,2026-09-24,ms.date not captured; fetched 2026-09-24,,auth/propagation-latency.md;auth/revocation.md
S1345,https://raw.githubusercontent.com/MicrosoftDocs/entra-docs/1465c228c0a527667cfe05a966584c3d51a5e588/docs/identity/users/users-revoke-access.md,Learn: Revoke user access in an emergency in Microsoft Entra ID,Microsoft Learn (MicrosoftDocs/entra-docs),CC BY 4.0,2026-09-24,commit 1465c228c0a527667cfe05a966584c3d51a5e588,,auth/revocation.md
S1346,https://raw.githubusercontent.com/MicrosoftDocs/entra-docs/89033f49670b05030f05cd9a57e7372c33fbecb4/docs/identity/hybrid/connect/how-to-connect-sync-feature-scheduler.md,Learn: Microsoft Entra Connect Sync: Scheduler,Microsoft Learn (MicrosoftDocs/entra-docs),CC BY 4.0,2026-09-24,commit 89033f49670b05030f05cd9a57e7372c33fbecb4,,auth/propagation-latency.md
S1347,https://raw.githubusercontent.com/MicrosoftDocs/entra-docs/0ec2a02b41a25a00c5098b7c3084645782ce54fe/docs/identity/conditional-access/concept-continuous-access-evaluation.md,Learn: Continuous access evaluation in Microsoft Entra,Microsoft Learn (MicrosoftDocs/entra-docs),CC BY 4.0,2026-09-24,commit 0ec2a02b41a25a00c5098b7c3084645782ce54fe; ms.date 2026-04-08,,auth/revocation.md;auth/propagation-latency.md
S1348,https://learn.microsoft.com/en-us/graph/api/user-revokesigninsessions?view=graph-rest-1.0,Learn: user: revokeSignInSessions (Microsoft Graph v1.0),Microsoft Learn,CC BY 4.0,2026-09-24,view=graph-rest-1.0; fetched 2026-09-24,,auth/revocation.md
S1349,https://github.com/jborean93/dpapi-ng,dpapi-ng: Python DPAPI-NG decryptor for non-Windows platforms (README),jborean93 (community),MIT,2026-09-24,main @ fetched 2026-09-24,,auth/key-management-options.md
S1350,https://raw.githubusercontent.com/microsoft/mssql-python/d89598b31a153cf3a6adee778cdb9c9267e54520/ROADMAP.md,mssql-python ROADMAP.md (no Always Encrypted item),Microsoft (microsoft/mssql-python),MIT,2026-09-24,commit d89598b31a153cf3a6adee778cdb9c9267e54520,,auth/key-management-options.md
S1351,https://learn.microsoft.com/en-us/sql/connect/python/mssql-python/python-sql-driver-mssql-python?view=sql-server-ver17,Learn: Microsoft Python Driver for SQL Server (mssql-python) overview,Microsoft Learn,CC BY 4.0,2026-09-24,view=sql-server-ver17; fetched 2026-09-24,,auth/key-management-options.md
S1352,https://support.microsoft.com/en-us/topic/overview-of-ntlm-auditing-enhancements-in-windows-11-version-24h2-and-windows-server-2025-b7ead732-6fc5-46a3-a943-27a4571d9e7b,Overview of NTLM auditing enhancements in Windows 11 24H2 and Windows Server 2025,Microsoft Support,ms-content (Microsoft Support use terms),2026-09-24,fetched 2026-09-24,,auth/threats.md
S1353,https://www.microsoft.com/en-us/msrc/blog/2024/12/mitigating-ntlm-relay-attacks-by-default,MSRC blog: Mitigating NTLM relay attacks by default,Microsoft (MSRC),ms-content (Microsoft blog use terms),2026-09-24,published 2024-12; fetched 2026-09-24,,auth/threats.md
S1354,https://raw.githubusercontent.com/MicrosoftDocs/entra-docs/a4be4ac419c4e857b1c4de7dee22c9f7e0c750f9/docs/identity-platform/app-resilience-continuous-access-evaluation.md,Learn: How to use Continuous Access Evaluation enabled APIs in your applications,Microsoft Learn (MicrosoftDocs/entra-docs),CC BY 4.0,2026-09-24,commit a4be4ac419c4e857b1c4de7dee22c9f7e0c750f9; ms.date 11/18/2024,,auth/revocation.md;auth/propagation-latency.md
S1355,https://raw.githubusercontent.com/MicrosoftDocs/entra-docs/a4be4ac419c4e857b1c4de7dee22c9f7e0c750f9/docs/identity-platform/claims-challenge.md,Learn: Claims challenges claims requests and client capabilities,Microsoft Learn (MicrosoftDocs/entra-docs),CC BY 4.0,2026-09-24,commit a4be4ac419c4e857b1c4de7dee22c9f7e0c750f9; ms.date 04/10/2024,,auth/revocation.md;auth/propagation-latency.md
S1357,https://raw.githubusercontent.com/MicrosoftDocs/sql-docs/58c9ba7063458281263c05cba4e0e8dc7da7358a/docs/relational-databases/security/auditing/sql-server-audit-action-groups-and-actions.md,Learn: SQL Server Audit Action Groups and Actions,Microsoft Learn (MicrosoftDocs/sql-docs),CC BY 4.0,2026-09-24,commit 58c9ba7063458281263c05cba4e0e8dc7da7358a,,auth/audit-events.md
S1358,https://raw.githubusercontent.com/MicrosoftDocs/entra-docs/726271012aa2be83158eeab5e8343dd80dfcbf7a/docs/identity/monitoring-health/concept-sign-in-log-activity-details.md,Learn: Learn about the sign-in log activity details,Microsoft Learn (MicrosoftDocs/entra-docs),CC BY 4.0,2026-09-24,commit 726271012aa2be83158eeab5e8343dd80dfcbf7a,,auth/audit-events.md
S1359,https://raw.githubusercontent.com/MicrosoftDocs/entra-docs/ad2392b54e54af312a83c1095d1532609ac46a05/docs/identity/monitoring-health/reference-audit-activities.md,Learn: Microsoft Entra audit log activity reference,Microsoft Learn (MicrosoftDocs/entra-docs),CC BY 4.0,2026-09-24,commit ad2392b54e54af312a83c1095d1532609ac46a05,,auth/audit-events.md
S1360,https://raw.githubusercontent.com/MicrosoftDocs/entra-docs/b394c8d643c3f25d8b8deb23505c25acc09dddf5/docs/identity/monitoring-health/concept-service-principal-sign-ins.md,Learn: Service principal sign-in logs,Microsoft Learn (MicrosoftDocs/entra-docs),CC BY 4.0,2026-09-24,commit b394c8d643c3f25d8b8deb23505c25acc09dddf5,,auth/audit-events.md
S1361,https://raw.githubusercontent.com/MicrosoftDocs/entra-docs/b394c8d643c3f25d8b8deb23505c25acc09dddf5/docs/identity/monitoring-health/concept-noninteractive-sign-ins.md,Learn: Non-interactive sign-in logs,Microsoft Learn (MicrosoftDocs/entra-docs),CC BY 4.0,2026-09-24,commit b394c8d643c3f25d8b8deb23505c25acc09dddf5,,auth/audit-events.md
S1362,https://raw.githubusercontent.com/MicrosoftDocs/entra-docs/b394c8d643c3f25d8b8deb23505c25acc09dddf5/docs/identity/monitoring-health/concept-interactive-sign-ins.md,Learn: What are interactive user sign-ins in Microsoft Entra,Microsoft Learn (MicrosoftDocs/entra-docs),CC BY 4.0,2026-09-24,commit b394c8d643c3f25d8b8deb23505c25acc09dddf5,,auth/audit-events.md
S1363,https://learn.microsoft.com/en-us/previous-versions/windows/it-pro/windows-10/security/threat-protection/auditing/audit-security-group-management,Learn: Audit Security Group Management (events 4727-4757),Microsoft Learn,CC BY 4.0,2026-09-24,fetched 2026-09-24 (previous-versions archive page),,auth/audit-events.md
S1364,https://learn.microsoft.com/en-us/previous-versions/windows/it-pro/windows-10/security/threat-protection/auditing/audit-user-account-management,Learn: Audit User Account Management (events 4720-4738 4725),Microsoft Learn,CC BY 4.0,2026-09-24,fetched 2026-09-24 (previous-versions archive page),,auth/audit-events.md
S1365,https://learn.microsoft.com/en-us/previous-versions/windows/it-pro/windows-10/security/threat-protection/auditing/audit-kerberos-authentication-service,Learn: Audit Kerberos Authentication Service (events 4768 4771),Microsoft Learn,CC BY 4.0,2026-09-24,fetched 2026-09-24 (previous-versions archive page),,auth/audit-events.md
S1366,https://learn.microsoft.com/en-us/previous-versions/windows/it-pro/windows-10/security/threat-protection/auditing/audit-kerberos-service-ticket-operations,Learn: Audit Kerberos Service Ticket Operations (event 4769),Microsoft Learn,CC BY 4.0,2026-09-24,fetched 2026-09-24 (previous-versions archive page),,auth/audit-events.md
S1367,https://learn.microsoft.com/en-us/previous-versions/windows/it-pro/windows-10/security/threat-protection/auditing/audit-logon,Learn: Audit Logon (events 4624 4625),Microsoft Learn,CC BY 4.0,2026-09-24,fetched 2026-09-24 (previous-versions archive page),,auth/audit-events.md
S1368,https://learn.microsoft.com/en-us/previous-versions/windows/it-pro/windows-10/security/threat-protection/auditing/audit-other-account-logon-events,Learn: Audit Other Account Logon Events (event 4776),Microsoft Learn,CC BY 4.0,2026-09-24,fetched 2026-09-24 (previous-versions archive page),,auth/audit-events.md
S1369,https://learn.microsoft.com/en-us/previous-versions/windows/it-pro/windows-10/security/threat-protection/auditing/audit-directory-service-access,Learn: Audit Directory Service Access (event 4662),Microsoft Learn,CC BY 4.0,2026-09-24,fetched 2026-09-24 (previous-versions archive page),,auth/audit-events.md
S1370,https://learn.microsoft.com/en-us/previous-versions/windows/it-pro/windows-10/security/threat-protection/auditing/audit-directory-service-changes,Learn: Audit Directory Service Changes (event 5136),Microsoft Learn,CC BY 4.0,2026-09-24,fetched 2026-09-24 (previous-versions archive page),,auth/audit-events.md
S1371,https://techcommunity.microsoft.com/blog/coreinfrastructureandsecurityblog/active-directory-hardening-series---part-8-%e2%80%93-disabling-ntlm/4485782,TechCommunity: Active Directory Hardening Series Part 8 - Disabling NTLM (NTLM Operational log events 8001-8004),"Microsoft (TechCommunity, Core Infrastructure and Security Blog author)",ms-content (TechCommunity terms; Microsoft-authored per PROMPT.md rule 1),2026-09-24,fetched 2026-09-24,,auth/audit-events.csv;auth/audit-events.md
S1372,https://learn.microsoft.com/en-us/intune/configmgr/develop/core/servers/manage/how-to-read-user-defined-status-messages,Learn: Read User-Defined Status Messages (Configuration Manager),Microsoft Learn,CC BY 4.0,2026-09-24,fetched 2026-09-24,,auth/audit-events.md
S1373,https://techcommunity.microsoft.com/blog/coreinfrastructureandsecurityblog/enhanced-audit-status-message-queries/884897,TechCommunity: Enhanced Audit Status Message Queries (ConfigMgr 30xxx audit message id ranges),"Microsoft (TechCommunity, Core Infrastructure and Security Blog author)",ms-content (TechCommunity terms; Microsoft-authored per PROMPT.md rule 1),2026-09-24,fetched 2026-09-24,,auth/audit-events.csv;auth/audit-events.md
S1374,https://docs.gitlab.com/user/compliance/audit_events/,GitLab Docs: Audit events (tier availability),GitLab,MIT (docs content CC BY-SA per GitLab docs licence),2026-09-24,fetched 2026-09-24,,auth/audit-events.md
S1375,https://raw.githubusercontent.com/MicrosoftDocs/sql-docs/db743f6a5077998a3712e28f4dfb0a354be7c602/docs/t-sql/statements/alter-login-transact-sql.md,Learn: ALTER LOGIN (Transact-SQL) - ENABLE/DISABLE remarks,Microsoft Learn (MicrosoftDocs/sql-docs),CC BY 4.0,2026-09-24,commit db743f6a5077998a3712e28f4dfb0a354be7c602; ms.date 2025-01-21,,auth/revocation.md
S1376,https://learn.microsoft.com/en-us/previous-versions/windows/it-pro/windows-10/security/threat-protection/security-policy-settings/maximum-lifetime-for-service-ticket,Learn: Maximum lifetime for service ticket (Kerberos policy),Microsoft Learn,CC BY 4.0,2026-09-24,fetched 2026-09-24 (previous-versions archive page),,auth/revocation.md
S1377,https://gitlab.com/gitlab-org/gitlab/-/raw/a363152d16c24d001a8f608abd7ff974e1c2964f/doc/user/profile/personal_access_tokens.md,GitLab Docs source: Personal access tokens (enterprise-user block/delete auto-revokes PATs),GitLab (gitlab-org/gitlab),MIT (docs content CC BY-SA per GitLab docs licence),2026-09-24,commit a363152d16c24d001a8f608abd7ff974e1c2964f,,auth/revocation.md
S1378,https://learn.microsoft.com/en-us/openspecs/windows_protocols/ms-kile/519392b1-625a-420d-be90-d588c852dda3,[MS-KILE] Account Revocation Checking,Microsoft (Open Specifications),Microsoft Open Specifications Promise / protocol docs terms,2026-09-24,MS-KILE current,,auth/revocation.md;auth/propagation-latency.csv
S1379,https://learn.microsoft.com/en-us/openspecs/windows_protocols/ms-kile/1163bb03-7035-433e-b5a4-802247262d18,[MS-KILE] Appendix A: Product Behavior,Microsoft (Open Specifications),Microsoft Open Specifications Promise / protocol docs terms,2026-09-24,MS-KILE current,,auth/revocation.md;auth/propagation-latency.csv
S1380,https://learn.microsoft.com/en-us/openspecs/windows_protocols/ms-kile/e19be8b8-9130-40a4-9cd1-92d0cbd46a51,MS-KILE: Check Account Policy for Every Session Ticket Request (POLICY_KERBEROS_VALIDATE_CLIENT good-standing check),Microsoft (Open Specifications),Microsoft Open Specifications Promise / protocol docs terms,2026-09-24,commit c3605e5ee61c7fcc348c3d6d006168775106f0e4 (per page metadata),,auth/revocation.md;auth/propagation-latency.csv
S1400,https://www.microsoft.com/en-us/download/details.aspx?id=55319,Microsoft Security Compliance Toolkit 1.0 download page,Microsoft,Microsoft download terms (no redistribution of tool binaries; baseline content freely usable per Microsoft baseline blog posts),2026-09-24,page current 2026-09-24,,security/baselines-catalog.md;security/settings-crosswalk.md;security/dsc-coverage.md
S1401,https://techcommunity.microsoft.com/blog/microsoft-security-baselines/windows-11-version-24h2-security-baseline/4252801,Windows 11 version 24H2 security baseline (Microsoft Security Baselines blog),Microsoft (Microsoft Security Baselines team),Microsoft techcommunity terms,2026-09-24,published 2024 (24H2 baseline),,security/baselines-catalog.md;security/first-baseline-candidates.md
S1402,https://techcommunity.microsoft.com/blog/microsoft-security-baselines/windows-11-version-25h2-security-baseline/4456231,Windows 11 version 25H2 security baseline (Microsoft Security Baselines blog),Microsoft (Microsoft Security Baselines team),Microsoft techcommunity terms,2026-09-24,published 2025/2026 (25H2 baseline),,security/baselines-catalog.md
S1403,https://learn.microsoft.com/en-us/windows/security/operating-system-security/device-management/windows-security-configuration-framework/security-compliance-toolkit-10,Microsoft Security Compliance Toolkit Guide,Microsoft Learn,CC BY 4.0 (prose),2026-09-24,page current 2026-09-24,,security/baselines-catalog.md;security/dsc-coverage.md
S1404,https://learn.microsoft.com/en-us/windows/security/operating-system-security/device-management/windows-security-configuration-framework/windows-security-baselines,Security baselines guide,Microsoft Learn,CC BY 4.0 (prose),2026-09-24,page current 2026-09-24,,security/baselines-catalog.md;security/policy-precedence.md
S1405,https://ncp.nist.gov/checklist/1184,NCP checklist entry: CIS Microsoft Windows 11 Enterprise Benchmark (NIST National Checklist Program mirror listing),NIST / CIS (NCP entry),Public NIST listing; underlying benchmark is CIS copyrighted,2026-09-24,checklist listing current 2026-09-24,,security/baselines-catalog.md
S1406,https://www.cisecurity.org/benchmark/microsoft_windows_desktop,CIS Microsoft Windows Desktop Benchmarks (listing page),Center for Internet Security,CIS Benchmark terms of use (no redistribution of full text; free PDF for non-commercial use after registration),2026-09-24,page current 2026-09-24,,security/baselines-catalog.md
S1407,https://www.cisecurity.org/insights/blog/cis-benchmarks-march-2026-update,CIS Benchmarks March 2026 Update (release notes blog),Center for Internet Security,CIS blog terms,2026-09-24,published March 2026,,security/baselines-catalog.md
S1408,https://www.cisecurity.org/insights/blog/cis-benchmarks-april-2026-update,CIS Benchmarks April 2026 Update (release notes blog),Center for Internet Security,CIS blog terms,2026-09-24,published April 2026,,security/baselines-catalog.md
S1409,https://public.cyber.mil/stigs/downloads/,DoD Cyber Exchange Public: STIGs Document Library,DISA / DoD Cyber Exchange,US Government public release (DISA STIG distribution terms; unlimited public distribution),2026-09-24,page current 2026-09-24,,security/baselines-catalog.md;security/settings-crosswalk.md
S1410,https://ncp.nist.gov/checklist/revision/6626,NCP checklist entry: Microsoft Windows 11 STIG (revision listing),NIST NCP / DISA,US Government public,2026-09-24,checklist listing current 2026-09-24,,security/baselines-catalog.md
S1411,https://public.cyber.mil/announcement/disa-releases-microsoft-windows-stig-and-scap-updates/,DISA releases Microsoft Windows STIG and SCAP updates (announcement),DISA,US Government public,2026-09-24,announcement page current 2026-09-24,,security/baselines-catalog.md
S1412,https://learn.microsoft.com/en-us/windows/client-management/mdm/policy-csp-controlpolicyconflict,ControlPolicyConflict Policy CSP (MDMWinsOverGP),Microsoft Learn,CC BY 4.0,2026-09-24,ms.date 2025-03-12,,security/policy-precedence.md
S1413,https://github.com/dsccommunity/SecurityPolicyDsc,SecurityPolicyDsc repository (dsccommunity),dsccommunity / Microsoft (community),MIT,2026-09-24,latest tagged release 3.0.0-preview0006 (2021-05-21) per PowerShell Gallery listing,,security/dsc-coverage.md
S1414,https://www.powershellgallery.com/packages/SecurityPolicyDsc/3.0.0-preview0006,PowerShell Gallery: SecurityPolicyDsc 3.0.0-preview0006,dsccommunity,MIT,2026-09-24,published 2021-05-21,,security/dsc-coverage.md
S1415,https://www.powershellgallery.com/packages/AuditPolicyDsc/1.4.0.0,PowerShell Gallery: AuditPolicyDsc 1.4.0.0,dsccommunity,MIT,2026-09-24,listed version 1.4.0.0,,security/dsc-coverage.md
S1416,https://github.com/dsccommunity/AuditPolicyDsc,AuditPolicyDsc repository (dsccommunity),dsccommunity,MIT,2026-09-24,repository current 2026-09-24,,security/dsc-coverage.md
S1417,https://learn.microsoft.com/en-us/windows/security/book/identity-protection-advanced-credential-protection,Windows Protect: Advanced credential protection (LSA protection / Credential Guard defaults),Microsoft Learn,CC BY 4.0,2026-09-24,page current 2026-09-24 (covers 24H2 changes),,security/first-baseline-candidates.md
S1418,https://techcommunity.microsoft.com/blog/microsoft-security-baselines/security-baseline-for-windows-server-2025-version-2506/4426431,Security baseline for Windows Server 2025 version 2506,Microsoft (Microsoft Security Baselines team),Microsoft techcommunity terms,2026-09-24,published 2025-06-25,,security/baselines-catalog.md
S1419,https://techcommunity.microsoft.com/blog/microsoft-security-baselines/security-baseline-for-windows-server-2025-version-2602/4496468,Security baseline for Windows Server 2025 version 2602,Microsoft (Microsoft Security Baselines team),Microsoft techcommunity terms,2026-09-24,published 2026-02-23,,security/baselines-catalog.md
S1420,https://ncp.nist.gov/checklist/1028,NCP checklist: Microsoft Windows 11 STIG Ver 2 Rel 7,NIST NCP / DISA,US Government public,2026-09-24,checklist listing current 2026-09-24,,security/baselines-catalog.md
S1421,https://learn.microsoft.com/en-us/intune/device-security/security-baselines/overview,Learn about Intune security baselines for Windows devices,Microsoft Learn,CC BY 4.0,2026-09-24,page current 2026-09-24,,security/baselines-catalog.md
S1422,https://learn.microsoft.com/en-us/intune/device-security/security-baselines/ref-defender-settings,Settings list for the Intune security baseline for Microsoft Defender for Endpoint,Microsoft Learn,CC BY 4.0,2026-09-24,page current 2026-09-24,,security/baselines-catalog.md
S1423,https://learn.microsoft.com/en-us/intune/device-security/security-baselines/ref-edge-settings,Settings list for the Microsoft Edge security baseline in Intune,Microsoft Learn,CC BY 4.0,2026-09-24,page current 2026-09-24 (format changed May 2023),,security/baselines-catalog.md
S1424,https://learn.microsoft.com/en-us/windows-server/security/osconfig/osconfig-how-to-configure-security-baselines,Configure Security Baselines for Windows Server 2025 (OSConfig),Microsoft Learn,CC BY 4.0,2026-09-24,page current 2026-09-24,,security/baselines-catalog.md
S1425,https://www.cyber.gov.au/business-government/asds-cyber-security-frameworks/essential-eight/essential-eight-maturity-model,Essential Eight maturity model,Australian Signals Directorate / ACSC,"Australian Government (Crown copyright, reuse generally permitted with attribution)",2026-09-24,first published 2017-06; revisions seen dated 2023-11 and 2024-04,,security/baselines-catalog.md
S1426,https://www.cyber.gov.au/sites/default/files/2025-09/hardening_microsoft_windows_11_workstations_september_2025.pdf,Hardening Microsoft Windows 11 workstations,Australian Signals Directorate / ACSC,Australian Government,2026-09-24,edition dated September 2025; January 2026 change-log also found,,security/baselines-catalog.md
S1470,https://dl.dod.cyber.mil/wp-content/uploads/stigs/zip/U_MS_Windows_11_V2R9_STIG.zip,Microsoft Windows 11 STIG Version 2 Release 9 (manual XCCDF),DISA,US Government work; public download without login; XCCDF notice carries no terms text,2026-09-24,"V2R9, benchmark date 2026-08-10",a452b0ec21c877539ed6a11477b1303eed1a5788a20ca4b6de29217fa89cf5a7,security/settings-crosswalk.md;security/dsc-coverage.md;security/first-baseline-candidates.md;security/baselines-catalog.md
S1471,https://dl.dod.cyber.mil/wp-content/uploads/stigs/zip/U_MS_Windows_Server_2025_V1R3_STIG.zip,Microsoft Windows Server 2025 STIG Version 1 Release 3 (manual XCCDF),DISA,US Government work; public download without login,2026-09-24,"V1R3, benchmark date 2026-08-10",b6ce0d9b411eeba602fe705e2b1d3b378ecd5e2e11f8851197bc6e081756bcbe,security/settings-crosswalk.md;security/dsc-coverage.md;security/baselines-catalog.md
S1472,https://download.microsoft.com/download/8/5/C/85C25433-A1B0-4FFA-9429-7E023E7DA8D8/Windows%2011%20v24H2%20Security%20Baseline.zip,Windows 11 v24H2 Security Baseline (Security Compliance Toolkit package),Microsoft,Microsoft Download Center terms; not redistributed; kb keeps a factual CSV extract only,2026-09-24,package files dated 2024-09-30/2024-10-01,b75439a231c64edaccaad16a16268d199f56ce78273104e117d893f82cf174a5,security/settings-crosswalk.md;security/dsc-coverage.md;security/first-baseline-candidates.md;security/baselines-catalog.md
S1473,https://learn.microsoft.com/en-us/powershell/dsc/reference/resources/microsoft/windows/windowspowershell/?view=dsc-3.0,Microsoft.Windows/WindowsPowerShell (DSC adapter reference),Microsoft (MicrosoftDocs),CC-BY-4.0 (prose),2026-09-24,"view=dsc-3.0, retrieved 2026-09-24",,security/dsc-coverage.md
S1474,https://learn.microsoft.com/en-us/powershell/dsc/reference/resources/microsoft/dsc/powershell/?view=dsc-3.0,Microsoft.DSC/PowerShell (DSC adapter reference),Microsoft (MicrosoftDocs),CC-BY-4.0 (prose),2026-09-24,"view=dsc-3.0, retrieved 2026-09-24",,security/dsc-coverage.md
S1475,https://raw.githubusercontent.com/MicrosoftDocs/memdocs/4b5429df8b47046c6b251e572ee61199fb5d4a5d/intune/device-security/security-baselines/ref-windows-mdm-settings.md,Windows MDM security baseline settings reference for Microsoft Intune,Microsoft (MicrosoftDocs/memdocs),CC-BY-4.0 (prose; repo licence file not SPDX-detected),2026-09-24,ms.date 2026-06-23; pivots 25H2/24H2/23H2,f0f199019a39df96236551f0417c0a4e76dfb9b09f3912941de1c0a866755e3c,security/settings-crosswalk.md;security/baselines-catalog.md
S1476,https://raw.githubusercontent.com/MicrosoftDocs/memdocs/4b5429df8b47046c6b251e572ee61199fb5d4a5d/intune/device-security/security-baselines/overview.md,Security baselines overview (Microsoft Intune),Microsoft (MicrosoftDocs/memdocs),CC-BY-4.0 (prose),2026-09-24,ms.date 2026-06-09,3ed516fc12294d168001702c4a9e4ec68eb96448d24ce92a6cfd0a0daaab61fe,security/baselines-catalog.md;security/policy-precedence.md
S1477,https://learn.microsoft.com/en-us/windows-server/security/credentials-protection-and-management/configuring-additional-lsa-protection,Configure added LSA protection,Microsoft (MicrosoftDocs/windowsserverdocs),CC-BY-4.0 (prose),2026-09-24,ms.date 2025-03-25; updated 2026-02-16,,security/first-baseline-candidates.md;security/settings-crosswalk.md
S1478,https://learn.microsoft.com/en-us/windows/security/identity-protection/credential-guard/,Credential Guard overview,Microsoft (MicrosoftDocs/windows-itpro-docs),CC-BY-4.0 (prose),2026-09-24,ms.date 2026-04-27,,security/first-baseline-candidates.md;security/settings-crosswalk.md
S1479,https://support.microsoft.com/en-us/topic/powershell-2-0-removal-from-windows-fe6d1edc-2ed2-4c33-b297-afe82a64200a,PowerShell 2.0 removal from Windows (KB5065506),Microsoft Support,Microsoft web terms (prose; not CC-BY),2026-09-24,published 2025-08-11,,security/first-baseline-candidates.md;security/settings-crosswalk.md
S1480,https://learn.microsoft.com/en-us/intune/configmgr/core/plan-design/hierarchy/security-and-privacy-for-site-administration,Site administration security and privacy - Configuration Manager,Microsoft Learn,CC BY 4.0 (MicrosoftDocs/memdocs prose),2026-09-24,current (ConfigMgr current branch docs),,security/management-plane-hardening.md
S1481,https://learn.microsoft.com/en-us/intune/configmgr/core/plan-design/security/plan-for-security,Plan for security - Configuration Manager,Microsoft Learn,CC BY 4.0 (MicrosoftDocs/memdocs prose),2026-09-24,current (ConfigMgr current branch docs),,security/management-plane-hardening.md
S1482,https://learn.microsoft.com/en-us/troubleshoot/mem/configmgr/setup-migrate-backup-recovery/enable-mfa-for-sms-provider-calls,Enable MFA for SMS Provider calls,Microsoft Learn,CC BY 4.0 (MicrosoftDocs prose),2026-09-24,feature since ConfigMgr current branch 1702,,security/management-plane-hardening.md
S1483,https://learn.microsoft.com/en-us/intune/configmgr/core/clients/deploy/plan/security-and-privacy-for-clients,Client security and privacy - Configuration Manager,Microsoft Learn,CC BY 4.0 (MicrosoftDocs/memdocs prose),2026-09-24,current (ConfigMgr current branch docs),,security/management-plane-hardening.md
S1484,https://learn.microsoft.com/en-us/intune/configmgr/hotfix/2207/15498768,NTLM connection fallback update for Configuration Manager,Microsoft Learn,CC BY 4.0 (MicrosoftDocs prose),2026-09-24,ConfigMgr current branch 2207 hotfix KB15498768,,security/management-plane-hardening.md
S1485,https://www.cisecurity.org/cis-benchmarks,CIS Benchmarks (list/index page),Center for Internet Security,CIS public terms (PDF free for non-commercial use; no copy of recommendation text without licence check),2026-09-24,index page current 2026-09-24,,security/management-plane-hardening.md
S1486,https://www.cisecurity.org/benchmark/microsoft_sql_server,CIS Microsoft SQL Server Benchmarks (listing),Center for Internet Security,CIS public terms (PDF free for non-commercial use),2026-09-24,lists CIS Microsoft SQL Server 2022 Benchmark (latest seen v1.3.0) and 2019 (v1.6.0),,security/management-plane-hardening.md
S1487,https://about.gitlab.com/blog/gitlab-introduces-new-cis-benchmark-for-improved-security/,GitLab introduces new CIS Benchmark for improved security,GitLab,"GitLab blog terms (summarize, do not copy)",2026-09-24,published 2024-04-17; CIS GitLab Benchmark v1.0.1 referenced by tooling,,security/management-plane-hardening.md
S1488,https://learn.microsoft.com/en-us/sql/relational-databases/security/sql-server-security-best-practices?view=sql-server-ver17,SQL Server security best practices,Microsoft Learn,CC BY 4.0 (MicrosoftDocs prose),2026-09-24,"current (view=sql-server-ver17, covers SQL Server 2022/2025)",,security/management-plane-hardening.md
S1489,https://gitlab.com/gitlab-security-oss/cis/gitlabcis,CIS GitLab Benchmark Scanner (gitlabcis),GitLab (community/security-oss project),Apache-2.0 (per project),2026-09-24,project current 2026-09-24,,security/management-plane-hardening.md
S1490,https://gitlab.com/gitlab-org/gitlab-runner/-/raw/49138a48b894f517d2ebe77dda89929d1f7f9550/docs/install/windows.md,Install GitLab Runner on Windows,GitLab,MIT (repo LICENSE); docs.gitlab.com states CC BY-SA 4.0,2026-09-24,gitlab-runner main@49138a48 (VERSION 19.5.0),,security/management-plane-hardening.md
S1491,https://learn.microsoft.com/en-us/security/benchmark/azure/mcsb-privileged-access,Microsoft cloud security benchmark - Privileged Access,Microsoft Learn,CC BY 4.0 (MicrosoftDocs prose),2026-09-24,MCSB current,,security/management-plane-hardening.md
S1492,https://cas.docs.cisecurity.org/en/latest/source/Controls8/,CIS Controls Assessment Specification for Controls v8.1 - Control 8: Audit Log Management,Center for Internet Security,"CIS public docs site (assessment spec, ID + paraphrase only)",2026-09-24,CIS Controls v8.1,,security/logging-monitoring.md
S1493,https://csrc.nist.gov/pubs/sp/800/92/r1/ipd,NIST SP 800-92 Rev. 1 (Initial Public Draft) - Cybersecurity Log Management Planning Guide,NIST,public domain (US government work),2026-09-24,"initial public draft, 2023-10-11, still draft as of 2026-09-24",,security/logging-monitoring.md
S1494,https://csrc.nist.gov/pubs/sp/800/92/final,"NIST SP 800-92 (original, final) - Guide to Computer Security Log Management",NIST,public domain (US government work),2026-09-24,2006 original; final status,,security/logging-monitoring.md
S1495,https://www.isms.online/iso-27001/annex-a-2022/8-15-logging-2022/,ISO 27001:2022 Annex A Control 8.15 - Logging (public summary),ISMS.online,third-party public summary (control number/title only; no standard text copied),2026-09-24,ISO/IEC 27001:2022,,security/logging-monitoring.md
S1496,https://www.isms.online/iso-27001/annex-a-2022/8-16-monitoring-activities-2022/,ISO 27001:2022 Annex A Control 8.16 - Monitoring Activities (public summary),ISMS.online,third-party public summary (control number/title only; no standard text copied),2026-09-24,ISO/IEC 27001:2022,,security/logging-monitoring.md
S1497,https://genai.owasp.org/llm-top-10/,OWASP Top 10 for LLM Applications (LLMRisks archive/index),OWASP,CC BY-SA 4.0 (OWASP project licence),2026-09-24,2026 edition referenced,,security/logging-monitoring.md
S1498,https://docs.claude.com/en/docs/claude-code/monitoring-usage,Monitoring - Claude Code Docs,Anthropic,"Anthropic docs terms (summarize, link)",2026-09-24,current 2026-09-24,,security/logging-monitoring.md
S1499,https://docs.claude.com/en/docs/claude-code/security,Security - Claude Code Docs,Anthropic,"Anthropic docs terms (summarize, link)",2026-09-24,current 2026-09-24,,security/logging-monitoring.md
S1500,https://docs.claude.com/en/docs/claude-code/hooks,Hooks reference - Claude Code Docs,Anthropic,"Anthropic docs terms (summarize, link)",2026-09-24,current 2026-09-24,,security/logging-monitoring.md
S1501,https://csrc.nist.gov/projects/ssdf,Secure Software Development Framework (SSDF) project page,NIST,public domain (US government work),2026-09-24,SP 800-218 v1.1,,security/supply-chain.md
S1502,https://csrc.nist.gov/pubs/sp/800/218/a/final,NIST SP 800-218A - Secure Software Development Practices for Generative AI and Dual-Use Foundation Models: An SSDF Community Profile,NIST,public domain (US government work),2026-09-24,finalized 2024-07,,security/supply-chain.md
S1503,https://slsa.dev/spec/v1.0/levels,"SLSA - Security levels (Build track, v1.0)",OpenSSF / SLSA,CC BY 4.0 (SLSA site licence),2026-09-24,SLSA v1.0,,security/supply-chain.md
S1504,https://github.com/ossf/scorecard,OpenSSF Scorecard,OpenSSF,Apache-2.0,2026-09-24,project current 2026-09-24,,security/supply-chain.md
S1505,https://spdx.dev/,SPDX (Software Package Data Exchange),Linux Foundation / SPDX project,CC0 (spec) per SPDX site,2026-09-24,SPDX 3.0 current line; ISO/IEC 5962:2021 covers SPDX 2.2.1,,security/supply-chain.md
S1506,https://cyclonedx.org/,CycloneDX,OWASP CycloneDX project,Apache-2.0 / CC0 (spec),2026-09-24,CycloneDX 1.6 current,,security/supply-chain.md
S1507,https://pip.pypa.io/en/stable/topics/secure-installs/,"Secure installs - pip documentation (hash-checking mode, --require-hashes)",Python Packaging Authority,PSF licence (docs),2026-09-24,current pip docs,,security/supply-chain.md
S1508,https://docs.pypi.org/trusted-publishers/,Publishing to PyPI with a Trusted Publisher,Python Software Foundation (PyPI),PyPI docs terms,2026-09-24,current 2026-09-24,,security/supply-chain.md
S1509,https://blog.pypi.org/posts/2024-04-17-expanding-trusted-publisher-support/,Expanding Trusted Publisher support (GitLab CI/CD as OIDC issuer),Python Software Foundation (PyPI blog),PyPI blog terms,2026-09-24,published 2024-04-17,,security/supply-chain.md
S1510,https://socket.dev/blog/pypi-expands-trusted-publishing-to-gitlab-self-managed,PyPI Expands Trusted Publishing to GitLab Self-Managed,Socket (third-party summary),third-party summary (COMMUNITY),2026-09-24,reported 2025,,security/supply-chain.md
S1511,https://docs.gitlab.com/user/application_security/dependency_scanning/dependency_scanning_sbom/,Dependency scanning by using SBOM,GitLab,CC BY-SA 4.0 (docs.gitlab.com licence),2026-09-24,current docs.gitlab.com,,security/supply-chain.md
S1512,https://docs.gitlab.com/ci/yaml/,"CI/CD YAML syntax reference (image, digest pinning)",GitLab,CC BY-SA 4.0 (docs.gitlab.com licence),2026-09-24,current docs.gitlab.com,,security/supply-chain.md
S1513,https://learn.microsoft.com/en-us/powershell/scripting/security/security-features?view=powershell-7.2,PowerShell security features,Microsoft Learn (PowerShell-Docs),CC BY 4.0 (MicrosoftDocs prose),2026-09-24,PowerShell 7.2 docs (constrained language mode under WDAC),,security/script-and-code-signing.md
S1514,https://learn.microsoft.com/en-us/answers/questions/647121/procedures-to-enforce-windows-powershell-to-run-in,Microsoft Q&A: enforce PowerShell Constrained Language Mode via WDAC,Microsoft Q&A (Microsoft-hosted forum),Microsoft Q&A terms (COMMUNITY),2026-09-24,retrieved 2026-09-24,,security/script-and-code-signing.md
S1515,https://learn.microsoft.com/en-us/powershell/module/microsoft.powershell.security/set-authenticodesignature?view=powershell-7.5,Set-AuthenticodeSignature (TimestampServer parameter),Microsoft Learn (PowerShell-Docs),CC BY 4.0 (MicrosoftDocs prose),2026-09-24,PowerShell 7.5 docs,,security/script-and-code-signing.md
S1516,https://learn.microsoft.com/en-us/powershell/module/microsoft.powershell.security/about/about_signing?view=powershell-7.5,about_Signing,Microsoft Learn (PowerShell-Docs),CC BY 4.0 (MicrosoftDocs prose),2026-09-24,PowerShell 7.5 docs,,security/script-and-code-signing.md
S1517,https://github.com/MicrosoftDocs/PowerShell-Docs-DSC/blob/main/dsc/docs-conceptual/dsc-3.0/reference/schemas/resource/manifest/root.md,DSC v3 resource manifest schema (root),Microsoft (MicrosoftDocs/PowerShell-Docs-DSC),CC BY 4.0 (MicrosoftDocs repo licence) / MIT (code samples),2026-09-24,DSC 3.0 docs (manifest filename/schema rules; no signing field documented),,security/script-and-code-signing.md;security/supply-chain.md
S1518,https://devblogs.microsoft.com/powershell/announcing-dsc-v3/,Announcing Microsoft Desired State Configuration v3.0.0,Microsoft (PowerShell Team blog),Microsoft devblogs terms (summarize),2026-09-24,DSC v3.0.0 announcement,,security/script-and-code-signing.md
S1519,https://github.com/HotCakeX/Harden-Windows-Security/wiki/Script-Enforcement-and-PowerShell-Constrained-Language-Mode-in-WDAC-App-Control-Policies,Script Enforcement and PowerShell Constrained Language Mode in WDAC App Control Policies (community wiki),"HotCakeX (community project; COMMUNITY, not official)","community wiki terms (summarize, link)",2026-09-24,retrieved 2026-09-24,,security/script-and-code-signing.md
S1520,https://learn.microsoft.com/en-us/intune/configmgr/apps/deploy-use/create-deploy-scripts,Create and run PowerShell scripts - Configuration Manager,Microsoft Learn,CC BY 4.0 (MicrosoftDocs/memdocs prose),2026-09-24,current (ms.date 2024-12-16),,security/script-and-code-signing.md
S1522,https://docs.astral.sh/uv/pip/compile/,uv pip compile (--generate-hashes),Astral (uv docs),Apache-2.0/MIT (uv project licence),2026-09-24,current uv docs,,security/supply-chain.md
S1523,https://docs.gitlab.com/ci/pipeline_security/slsa/level_3/,Achieving SLSA Build Level 3 with GitLab CI/CD,GitLab,CC BY-SA 4.0 (docs.gitlab.com licence),2026-09-24,current docs.gitlab.com,,security/supply-chain.md
S1524,https://about.gitlab.com/blog/achieve-slsa-level-2-compliance-with-gitlab/,Achieve SLSA Level 2 compliance with GitLab,GitLab,GitLab blog terms (summarize),2026-09-24,GitLab blog,,security/supply-chain.md
S1525,https://docs.pypi.org/trusted-publishers/using-a-publisher/,Using a Trusted Publisher (GitLab CI/CD OIDC configuration),Python Software Foundation (PyPI docs),PyPI docs terms,2026-09-24,current 2026-09-24,,security/supply-chain.md
S1526,https://genai.owasp.org/resource/owasp-top-10-for-agentic-applications-for-2026/,OWASP Top 10 for Agentic Applications 2026,OWASP Gen AI Security Project,CC BY-SA 4.0 (OWASP project licence),2026-09-24,published 2025-12-10,,security/logging-monitoring.md
S1527,https://nvlpubs.nist.gov/nistpubs/ai/nist.ai.600-1.pdf,NIST AI 600-1: Artificial Intelligence Risk Management Framework - Generative AI Profile,NIST,public domain (US government work),2026-09-24,published 2024-07,,security/logging-monitoring.md
S1528,https://learn.microsoft.com/en-us/windows-server/identity/ad-ds/plan/security-best-practices/audit-policy-recommendations,Audit Policy Recommendations,Microsoft Learn,CC BY 4.0 (MicrosoftDocs prose),2026-09-24,current Windows Server docs,,security/logging-monitoring.md
S1529,https://learn.microsoft.com/en-us/windows-server/security/osconfig/osconfig-how-to-configure-security-baselines,OSConfig security baselines (Security event log sizing),Microsoft Learn,CC BY 4.0 (MicrosoftDocs prose),2026-09-24,current Windows Server docs,,security/logging-monitoring.md
S1540,https://owasp.org/www-project-mcp-top-10/,OWASP MCP Top 10 project page,OWASP Foundation,CC BY-NC-SA 4.0 (as stated on page),2026-09-24,"Phase 3 beta, retrieved 2026-09-24, next release Oct 2026",,security/ai-agent-guidelines.md
S1541,https://www.nist.gov/itl/ai-risk-management-framework,NIST AI Risk Management Framework (AI RMF 1.0),NIST,public domain (US government work),2026-09-24,AI RMF 1.0 (2023-01-26),,security/ai-agent-guidelines.md
S1542,https://nvlpubs.nist.gov/nistpubs/ai/NIST.AI.600-1.pdf,NIST AI 600-1: Artificial Intelligence Risk Management Framework: Generative Artificial Intelligence Profile,NIST,public domain (US government work),2026-09-24,NIST AI 600-1 (2024-07),,security/ai-agent-guidelines.md;security/privacy-compliance.md
S1543,https://atlas.mitre.org/,MITRE ATLAS,MITRE,MITRE ATLAS terms (attribution required; check page),2026-09-24,ATLAS current (retrieved 2026-09-24),,security/ai-agent-guidelines.md;security/threat-model-inputs.md
S1544,https://www.iso.org/standard/81230.html,ISO/IEC 42001:2023 Information technology - Artificial intelligence - Management system (public summary),ISO,ISO copyright; summary/metadata only,2026-09-24,ISO/IEC 42001:2023,,security/ai-agent-guidelines.md
S1545,https://learn.microsoft.com/en-us/security/zero-trust/azure-ai-security/,Microsoft Learn: securing AI/agent workloads (Zero Trust for AI),Microsoft,CC BY 4.0,2026-09-24,retrieved 2026-09-24,,security/ai-agent-guidelines.md
S1546,https://docs.claude.com/en/docs/claude-code/mcp,Claude Code documentation: MCP,Anthropic,site terms (docs.claude.com),2026-09-24,retrieved 2026-09-24,,security/ai-agent-guidelines.md
S1547,https://docs.claude.com/en/docs/claude-code/security,Claude Code documentation: security,Anthropic,site terms (docs.claude.com),2026-09-24,retrieved 2026-09-24,,security/ai-agent-guidelines.md
S1548,https://www.anthropic.com/news/model-context-protocol,Anthropic: Introducing the Model Context Protocol,Anthropic,site terms,2026-09-24,2024-11-25,,security/ai-agent-guidelines.md
S1549,https://www.edpb.europa.eu/our-work-tools/our-documents/guidelines/guidelines-42017-data-protection-impact-assessment-dpia_en,EDPB (WP29) Guidelines on Data Protection Impact Assessment (WP248 rev.01),EDPB (Article 29 WP successor),(c) EDPB; summarized,2026-09-24,"wp248rev.01 (adopted 2017-04-04, revised and endorsed 2018-02-06)",,security/privacy-compliance.md
S1550,https://uodo.gov.pl/en,UODO (Polish supervisory authority) - official site,UODO,(c) UODO; summarized,2026-09-24,retrieved 2026-09-24,,security/privacy-compliance.md
S1551,https://uodo.gov.pl/pl/138/1052,UODO: wykaz rodzajow operacji przetwarzania wymagajacych DPIA (DPIA list),UODO,(c) UODO; summarized,2026-09-24,retrieved 2026-09-24,,security/privacy-compliance.md
S1552,https://eur-lex.europa.eu/legal-content/EN/TXT/?uri=CELEX:32022L2555,Directive (EU) 2022/2555 (NIS2),EUR-Lex / Publications Office,EU reuse (Decision 2011/833/EU),2026-09-24,"OJ L 333, 27.12.2022",,security/privacy-compliance.md;security/framework-control-map.csv
S1553,https://dziennikustaw.gov.pl/D2026000025201.pdf,Ustawa z dnia 23 stycznia 2026 r. o zmianie ustawy o krajowym systemie cyberbezpieczenstwa (KSC amendment),Kancelaria Prezesa Rady Ministrow / Dziennik Ustaw,Polish official gazette; public,2026-09-24,"Dz.U. 2026 poz. 252; adopted 2026-01-23, in force 2026-04-03",,security/privacy-compliance.md
S1554,https://nisd2.eu/en/wiki/timelines-and-status/nis2-status-poland,NIS2 Directive wiki: transposition status Poland,nisd2.eu (community tracker),summarized; secondary source,2026-09-24,retrieved 2026-09-24,,security/privacy-compliance.md
S1555,https://eur-lex.europa.eu/legal-content/EN/TXT/?uri=CELEX:32022R2554,Regulation (EU) 2022/2554 (DORA),EUR-Lex / Publications Office,EU reuse (Decision 2011/833/EU),2026-09-24,"OJ L 333, 27.12.2022",,security/privacy-compliance.md
S1556,https://eur-lex.europa.eu/legal-content/EN/TXT/?uri=CELEX:32024R1689,Regulation (EU) 2024/1689 (EU AI Act),EUR-Lex / Publications Office,EU reuse (Decision 2011/833/EU),2026-09-24,"OJ L, 2024/1689, 12.7.2024",,security/privacy-compliance.md
S1557,https://digital-strategy.ec.europa.eu/en/policies/regulatory-framework-ai,European Commission: AI Act regulatory framework overview and timeline,European Commission,EU reuse,2026-09-24,retrieved 2026-09-24,,security/privacy-compliance.md
S1558,https://www.gibsondunn.com/eu-ai-act-omnibus-agreement-postponed-high-risk-deadlines-and-other-key-changes/,Gibson Dunn: EU AI Act Omnibus Agreement - postponed high-risk deadlines,Gibson Dunn (law firm client alert),COMMUNITY; summarized,2026-09-24,2026 (post 2026-05-07 agreement),,security/privacy-compliance.md
S1559,https://labs.cloudsecurityalliance.org/research/csa-research-note-eu-ai-act-high-risk-deadline-omnibus-20260/,Cloud Security Alliance research note: EU AI Act high-risk deadline deferred via Digital Omnibus,Cloud Security Alliance,COMMUNITY; summarized,2026-09-24,2026,,security/privacy-compliance.md
S1560,https://www.iso.org/standard/27001,ISO/IEC 27001:2022 (public summary page),ISO,ISO copyright; summary/metadata only,2026-09-24,ISO/IEC 27001:2022,,security/framework-control-map.csv
S1561,https://www.iso.org/standard/75652.html,ISO/IEC 27002:2022 (public summary; Annex A control list source),ISO,ISO copyright; summary/metadata only,2026-09-24,ISO/IEC 27002:2022,,security/framework-control-map.csv
S1562,https://www.nist.gov/cyberframework,NIST Cybersecurity Framework 2.0,NIST,public domain (US government work),2026-09-24,CSF 2.0 (2024-02-26),,security/framework-control-map.csv
S1563,https://www.cisecurity.org/controls/v8-1,CIS Critical Security Controls Version 8.1,Center for Internet Security,CC BY-NC-ND 4.0,2026-09-24,v8.1 (March 2025),,security/framework-control-map.csv
S1564,https://attack.mitre.org/resources/updates/,MITRE ATT&CK: updates / current version,MITRE,ATT&CK terms of use (attribution required),2026-09-24,ATT&CK v19.2 (2026-08-06),,security/threat-model-inputs.md
S1565,https://attack.mitre.org/techniques/T1072/,MITRE ATT&CK T1072 Software Deployment Tools,MITRE,ATT&CK terms of use,2026-09-24,retrieved 2026-09-24,,security/threat-model-inputs.md
S1566,https://attack.mitre.org/techniques/T1484/,MITRE ATT&CK T1484 Domain or Tenant Policy Modification,MITRE,ATT&CK terms of use,2026-09-24,retrieved 2026-09-24,,security/threat-model-inputs.md
S1567,https://attack.mitre.org/techniques/T1098/,MITRE ATT&CK T1098 Account Manipulation,MITRE,ATT&CK terms of use,2026-09-24,retrieved 2026-09-24,,security/threat-model-inputs.md
S1568,https://attack.mitre.org/techniques/T1558/,MITRE ATT&CK T1558 Steal or Forge Kerberos Tickets,MITRE,ATT&CK terms of use,2026-09-24,retrieved 2026-09-24,,security/threat-model-inputs.md
S1569,https://attack.mitre.org/techniques/T1078/,MITRE ATT&CK T1078 Valid Accounts,MITRE,ATT&CK terms of use,2026-09-24,retrieved 2026-09-24,,security/threat-model-inputs.md
S1570,https://attack.mitre.org/techniques/T1219/,MITRE ATT&CK T1219 Remote Access Software,MITRE,ATT&CK terms of use,2026-09-24,retrieved 2026-09-24,,security/threat-model-inputs.md
S1571,https://attack.mitre.org/techniques/T1562/,MITRE ATT&CK T1562 Impair Defenses,MITRE,ATT&CK terms of use,2026-09-24,retrieved 2026-09-24,,security/threat-model-inputs.md
S1572,https://owasp.org/www-community/Threat_Modeling_Process,OWASP Threat Modeling Process (STRIDE summary),OWASP Foundation,CC BY-SA,2026-09-24,retrieved 2026-09-24,,security/threat-model-inputs.md
S1573,https://www.linddun.org/,LINDDUN privacy threat modeling framework,LINDDUN / KU Leuven,site terms; summarized,2026-09-24,retrieved 2026-09-24,,security/threat-model-inputs.md
S1574,https://learn.microsoft.com/en-us/azure/security/develop/threat-modeling-tool,Microsoft Learn: Microsoft Threat Modeling Tool,Microsoft,CC BY 4.0,2026-09-24,retrieved 2026-09-24,,security/threat-model-inputs.md
S1575,https://learn.microsoft.com/en-us/mem/configmgr/core/plan-design/hierarchy/best-practices-for-securing-configuration-manager,Microsoft Learn: security best practices for ConfigMgr,Microsoft,CC BY 4.0,2026-09-24,retrieved 2026-09-24 (ConfigMgr current branch),,security/ai-agent-guidelines.md
S1576,https://raw.githubusercontent.com/mitre-attack/attack-stix-data/v19.2/enterprise-attack/enterprise-attack.json,MITRE ATT&CK Enterprise STIX bundle (tag v19.2),MITRE (mitre-attack/attack-stix-data),ATT&CK terms of use (attribution required); STIX data repo is public,2026-09-24,tag v19.2 (2026-08-06); full bundle not stored in kb; only the subset CSV,dc1639caa5501d720e280cf1cbd8fbe009884a0c9b3e6e9ed9d0c25166c3d8f4,security/threat-model-inputs.md;security/artifacts/mitre/attack-subset.csv
S1590,https://learn.microsoft.com/en-us/windows-server/storage/file-server/troubleshoot/detect-enable-and-disable-smbv1-v2-v3,"Detect, enable, and disable SMBv1, SMBv2, and SMBv3 in Windows",Microsoft (MicrosoftDocs/windowsserverdocs),CC-BY-4.0 (prose),2026-09-24,ms.date 2025-02-28; updated 2026-09-08,,security/first-baseline-candidates.md;security/settings-crosswalk.md
S1591,https://learn.microsoft.com/en-us/windows/win32/fileio/maximum-file-path-limitation,Maximum Path Length Limitation,Microsoft (MicrosoftDocs/win32),CC-BY-4.0 (prose),2026-09-24,ms.date 2024-07-15,,security/first-baseline-candidates.md;security/policy-precedence.md
S1592,https://learn.microsoft.com/en-us/windows-server/identity/ad-ds/manage/group-policy/group-policy-processing,Group Policy processing for Windows,Microsoft (MicrosoftDocs/windowsserverdocs),CC-BY-4.0 (prose),2026-09-24,ms.date 2025-06-16,,security/policy-precedence.md
S1593,https://learn.microsoft.com/en-us/intune/configmgr/comanage/workloads,Co-management workloads (Configuration Manager),Microsoft (MicrosoftDocs/memdocs),CC-BY-4.0 (prose),2026-09-24,ms.date 2025-05-12; updated 2026-08-31,,security/policy-precedence.md;security/first-baseline-candidates.md
S1594,https://www.powershellgallery.com/api/v2/FindPackagesById()?id='SecurityPolicyDsc',PowerShell Gallery version history: SecurityPolicyDsc,PowerShell Gallery (Microsoft) / dsccommunity,MIT (module); gallery metadata,2026-09-24,latest stable 2.10.0.0 2019-09-19; latest prerelease 3.0.0-preview0006 2021-05-21,,security/dsc-coverage.md
S1595,https://www.powershellgallery.com/api/v2/FindPackagesById()?id='AuditPolicyDsc',PowerShell Gallery version history: AuditPolicyDsc,PowerShell Gallery (Microsoft) / dsccommunity,MIT (module); gallery metadata,2026-09-24,latest 1.4.0.0 2019-01-10,,security/dsc-coverage.md
S1596,https://api.github.com/repos/dsccommunity/SecurityPolicyDsc/contents/source/DSCResources,GitHub API: SecurityPolicyDsc resource folders (MSFT_* MOF resources),dsccommunity,MIT,2026-09-24,repo not archived; last push 2024-07-07; AuditPolicyDsc last push 2019-02-13,,security/dsc-coverage.md
S1597,https://docs.pypi.org/trusted-publishers/adding-a-publisher/,Adding a Trusted Publisher to a new PyPI project,Python Software Foundation (PyPI docs),PyPI docs terms (CC BY 4.0 per warehouse docs; quote 16 words),2026-09-24,retrieved 2026-09-24,,security/supply-chain.md
S1598,https://raw.githubusercontent.com/microsoft/osconfig/82a54b9e9c85b6bb48cbb0bd34345ec03480e5d7/security/SecurityBaseline_WindowsServer_2025-2606.csv,"OSConfig security baseline definition, Windows Server 2025, version 2606 (CSV)",Microsoft (microsoft/osconfig),MIT,2026-09-24,"baseline 2606; repo commit {C}; earlier files 2409, 2411, 2504, 2510",e6f00dfd0ca8861c8cb55275c72f7bdebeffd2c63b2e1a52d28f805dc2efdefa,security/settings-crosswalk.md;security/dsc-coverage.md;security/baselines-catalog.md
S1599,https://raw.githubusercontent.com/microsoft/osconfig/82a54b9e9c85b6bb48cbb0bd34345ec03480e5d7/docs/resources/README.md,"OSConfig CLI resources (AccountPolicy, AuditPolicy, Registry, UserRightsAssignment) and releases",Microsoft (microsoft/osconfig),MIT,2026-09-24,CLI preview; latest release 1.3.12-preview5 2026-05-20 (GitHub releases API),,security/dsc-coverage.md
S1600,https://kubernetes.io/docs/tasks/configure-pod-container/configure-gmsa/,Configure GMSA for Windows Pods and containers,Kubernetes (kubernetes.io),CC BY 4.0,2026-09-24,stable since v1.18; retrieved 2026-09-24,,arch/k8s-gmsa-windows.md
S1601,https://learn.microsoft.com/en-us/virtualization/windowscontainers/manage-containers/gmsa-troubleshooting,Troubleshoot gMSAs for Windows containers,Microsoft (MicrosoftDocs/Virtualization-Documentation),CC BY 4.0,2026-09-24,ms.date 2025-01-23; updated 2025-09-17,,arch/k8s-gmsa-windows.md
S1602,https://learn.microsoft.com/en-us/azure/aks/use-group-managed-service-accounts,Enable Group Managed Service Accounts (GMSA) for AKS Windows Server nodes,Microsoft (MicrosoftDocs/azure-docs),CC BY 4.0,2026-09-24,retrieved 2026-09-24,,arch/k8s-gmsa-windows.md
S1603,https://github.com/microsoft/Windows-Containers-AKS-gMSA,Windows-Containers-AKS-gMSA (AksGMSA PowerShell module tooling),Microsoft (microsoft/Windows-Containers-AKS-gMSA),MIT (repo),2026-09-24,retrieved 2026-09-24,,arch/k8s-gmsa-windows.md
S1604,https://github.com/pythongssapi/requests-gssapi,requests-gssapi: GSSAPI authentication handler for Python Requests,pythongssapi (community maintainers of former requests-kerberos successor),ISC/BSD-style (repo),2026-09-24,retrieved 2026-09-24,,arch/kerberos-linux-containers.md
S1605,https://learn.microsoft.com/en-us/sql/connect/odbc/linux-mac/using-integrated-authentication?view=sql-server-ver17,Using Integrated Authentication - ODBC Driver for SQL Server,Microsoft (MicrosoftDocs/sql-docs),CC BY 4.0,2026-09-24,ms.date 2026-08-26; updated 2026-09-10; default moniker sql-server-ver17,,arch/kerberos-linux-containers.md;arch/sql-auth-containers.md
S1606,https://learn.microsoft.com/en-us/sql/linux/security/authentication/adutil-introduction?view=sql-server-ver16,Introduction to adutil - Active Directory Utility - SQL Server,Microsoft (MicrosoftDocs/sql-docs),CC BY 4.0,2026-09-24,ms.date 2026-05-07; updated 2026-06-11,,arch/kerberos-linux-containers.md
S1607,https://aws.amazon.com/blogs/opensource/aws-now-supports-credentials-fetcher-for-gmsa-on-amazon-linux-2023/,AWS Now Supports Credentials-fetcher for gMSA on Amazon Linux 2023,AWS (Amazon Web Services Open Source Blog),AWS site terms; summarized,2026-09-24,retrieved 2026-09-24,,arch/kerberos-linux-containers.md
S1608,https://github.com/aws/credentials-fetcher,aws/credentials-fetcher: Linux daemon fetching gMSA credentials from AD over LDAP,AWS (aws/credentials-fetcher),Apache-2.0 (repo),2026-09-24,retrieved 2026-09-24,,arch/kerberos-linux-containers.md
S1609,https://learn.microsoft.com/en-us/azure/azure-arc/kubernetes/conceptual-workload-identity,Workload identity federation in Azure Arc-enabled Kubernetes (preview),Microsoft (MicrosoftDocs/azure-management-docs),CC BY 4.0,2026-09-24,ms.date 2024-11-11; updated 2025-11-18; feature preview,,arch/workload-identity-onprem-k8s.md
S1610,https://learn.microsoft.com/en-us/sql/connect/odbc/using-azure-active-directory?view=sql-server-ver16,Using Microsoft Entra ID - ODBC Driver for SQL Server,Microsoft (MicrosoftDocs/sql-docs),CC BY 4.0,2026-09-24,retrieved 2026-09-24,,arch/sql-auth-containers.md
S1700,https://docs.gitlab.com/ci/components/,CI/CD components,GitLab,CC BY-SA (GitLab docs),2026-09-24,current docs,,arch/gitlab-ci-components.md
S1701,https://gitlab.com/gitlab-org/gitlab/-/issues/427286,Backend: Enforce use of semantic versioning for catalog resources,GitLab.org (issue tracker),GitLab community licence,2026-09-24,issue current 2026-09-24,,arch/gitlab-ci-components.md
S1702,https://about.gitlab.com/blog/ci-cd-catalog-goes-ga-no-more-building-pipelines-from-scratch/,CI/CD Catalog goes GA (GitLab blog),GitLab,GitLab blog terms,2026-09-24,published 2024-05-08; GitLab 17.0 GA,,arch/gitlab-ci-components.md
S1704,https://forum.gitlab.com/t/private-ci-cd-component-cannot-be-included-from-the-catalog-if-the-user-has-the-guest-role/124256,Private CI/CD component visibility in the Catalog (GitLab community forum thread),GitLab community forum,forum terms (COMMUNITY),2026-09-24,thread current 2026-09-24,,arch/gitlab-ci-components.md
S1705,https://packaging.python.org/en/latest/specifications/dependency-specifiers/,Dependency specifiers (extras syntax PEP 508/685),Python Packaging Authority (PyPA),PSF/CC0-style PyPA docs licence,2026-09-24,current spec,,arch/python-single-package-extras.md
S1706,https://docs.astral.sh/uv/concepts/projects/dependencies/,"Managing dependencies (uv docs: extras, dependency-groups, workspaces)",Astral (uv docs),Apache-2.0/MIT (uv project licence),2026-09-24,current uv docs,,arch/python-single-package-extras.md
S1707,https://peps.python.org/pep-0735/,PEP 735 -- Dependency Groups in pyproject.toml,Python Software Foundation (PEPs),PSF licence (CC BY-SA/CC0 per PEP repo),2026-09-24,accepted PEP,,arch/python-single-package-extras.md
S1708,https://peps.python.org/pep-0621/,PEP 621 -- Storing project metadata in pyproject.toml,Python Software Foundation (PEPs),PSF licence (CC BY-SA/CC0 per PEP repo),2026-09-24,accepted PEP,,arch/python-single-package-extras.md
S1709,https://pypi.org/project/fluent.runtime/,fluent.runtime (PyPI package page),Python Software Foundation (PyPI),PyPI listing terms,2026-09-24,0.4.0,,arch/texts-catalogue-formats.md
S1710,https://projectfluent.org/python-fluent/fluent.runtime/stable/usage.html,Using fluent.runtime,Project Fluent (python-fluent docs),MPL-2.0 (python-fluent project),2026-09-24,fluent.runtime 0.4.0 docs,,arch/texts-catalogue-formats.md
S1711,https://projectfluent.org/fluent/guide/,Fluent Syntax Guide,Project Fluent,APL 2.0 (Fluent spec),2026-09-24,current guide,,arch/texts-catalogue-formats.md
S1712,https://learn.microsoft.com/en-us/powershell/module/microsoft.powershell.core/about/about_script_internationalization?view=powershell-7.4,about_Script_Internationalization,Microsoft Learn (PowerShell docs),CC BY 4.0,2026-09-24,PowerShell 7.4 docs,,arch/texts-catalogue-formats.md
S1713,https://learn.microsoft.com/en-us/powershell/module/microsoft.powershell.utility/import-localizeddata?view=powershell-5.1,Import-LocalizedData,Microsoft Learn (PowerShell docs),CC BY 4.0,2026-09-24,PowerShell 5.1 docs (current reference),,arch/texts-catalogue-formats.md
S1714,https://learn.microsoft.com/en-us/analysis-services/tabular-models/translations-in-tabular-models-analysis-services?view=sql-analysis-services-2025,Translations in tabular models (Analysis Services),Microsoft Learn,CC BY 4.0,2026-09-24,sql-analysis-services-2025 docs,,arch/texts-catalogue-formats.md
S1715,https://learn.microsoft.com/en-us/power-bi/transform-model/desktop-tmdl-view,Use Tabular Model Definition Language (TMDL) view in Power BI Desktop,Microsoft Learn (Power BI docs),CC BY 4.0,2026-09-24,current docs,,arch/texts-catalogue-formats.md
S1716,https://www.gnu.org/software/gettext/manual/gettext.html,GNU gettext utilities manual,Free Software Foundation (GNU gettext),GNU FDL,2026-09-24,current manual,,arch/texts-catalogue-formats.md
S1717,https://docs.python.org/3/library/gettext.html,gettext -- Multilingual internationalization services,Python Software Foundation (Python docs),PSF licence,2026-09-24,Python 3.13 docs,,arch/texts-catalogue-formats.md
S1718,https://12factor.net/config,III. Config,Adam Wiggins / Heroku (12factor.net),"12factor.net licence (CC BY 4.0-style, community-maintained)",2026-09-24,current text,,arch/twelve-factor-readiness.md
S1719,https://12factor.net/backing-services,IV. Backing services,Adam Wiggins / Heroku (12factor.net),12factor.net licence,2026-09-24,current text,,arch/twelve-factor-readiness.md
S1720,https://12factor.net/logs,XI. Logs,Adam Wiggins / Heroku (12factor.net),12factor.net licence,2026-09-24,current text,,arch/twelve-factor-readiness.md
S1721,https://12factor.net/disposability,IX. Disposability,Adam Wiggins / Heroku (12factor.net),12factor.net licence,2026-09-24,current text,,arch/twelve-factor-readiness.md
S1722,https://12factor.net/processes,VI. Processes,Adam Wiggins / Heroku (12factor.net),12factor.net licence,2026-09-24,current text,,arch/twelve-factor-readiness.md
S1723,https://12factor.net/dev-prod-parity,X. Dev/prod parity,Adam Wiggins / Heroku (12factor.net),12factor.net licence,2026-09-24,current text,,arch/twelve-factor-readiness.md
S1724,https://12factor.net/admin-processes,XII. Admin processes,Adam Wiggins / Heroku (12factor.net),12factor.net licence,2026-09-24,current text,,arch/twelve-factor-readiness.md
S1725,https://kubernetes.io/docs/concepts/security/secrets-good-practices/,Good practices for Kubernetes Secrets,Kubernetes (kubernetes.io docs),CC BY 4.0,2026-09-24,current docs,,arch/twelve-factor-readiness.md
S1726,https://kubernetes.io/docs/concepts/workloads/controllers/cron-jobs/,CronJob,Kubernetes (kubernetes.io docs),CC BY 4.0,2026-09-24,current docs,,arch/twelve-factor-readiness.md
S1727,https://kubernetes.io/docs/concepts/workloads/controllers/job/,Job,Kubernetes (kubernetes.io docs),CC BY 4.0,2026-09-24,current docs,,arch/twelve-factor-readiness.md
S1728,https://docs.python.org/3/library/zoneinfo.html,zoneinfo -- IANA time zone support,Python Software Foundation (Python docs),PSF licence,2026-09-24,Python 3.13 docs,,arch/twelve-factor-readiness.md
S1729,https://kubernetes.io/docs/concepts/configuration/secret/,Secrets,Kubernetes (kubernetes.io docs),CC BY 4.0,2026-09-24,current docs,,arch/twelve-factor-readiness.md
S1730,https://docs.gitlab.com/administration/pages/,GitLab Pages administration,GitLab,CC BY-SA (GitLab docs),2026-09-24,current docs,,arch/docs-home-options.md
S1731,https://docs.gitlab.com/user/project/pages/pages_access_control/,GitLab Pages access control,GitLab,CC BY-SA (GitLab docs),2026-09-24,current docs,,arch/docs-home-options.md
S1732,https://www.mkdocs.org/user-guide/cli/,MkDocs CLI reference (build --strict),MkDocs project,BSD-2-Clause (MkDocs),2026-09-24,current docs,,arch/docs-home-options.md
S1733,https://docs.gitlab.com/user/project/pages/getting_started/pages_from_scratch/,Get started with GitLab Pages (project subdirectory publishing),GitLab,CC BY-SA (GitLab docs),2026-09-24,current docs,,arch/docs-home-options.md
S1800,https://code.claude.com/docs/en/headless,Run Claude Code programmatically,Anthropic (code.claude.com),proprietary docs (no reuse licence stated),2026-09-25,retrieved 2026-09-25; notes Claude Code v2.1.205-v2.1.275 behaviour,,agents/headless-agent-runtimes.md
S1801,https://code.claude.com/docs/en/github-actions,Claude Code GitHub Actions,Anthropic (code.claude.com),proprietary docs (no reuse licence stated),2026-09-25,retrieved 2026-09-25; claude-code-action v1,,agents/headless-agent-runtimes.md
S1802,https://code.claude.com/docs/en/gitlab-ci-cd,Claude Code GitLab CI/CD,Anthropic (code.claude.com); integration maintained by GitLab,proprietary docs (no reuse licence stated),2026-09-25,retrieved 2026-09-25; feature marked beta,,agents/headless-agent-runtimes.md
S1803,https://code.claude.com/docs/en/routines,Automate work with routines,Anthropic (code.claude.com),proprietary docs (no reuse licence stated),2026-09-25,retrieved 2026-09-25; routines shipped research preview April 2026,,agents/headless-agent-runtimes.md
S1804,https://docs.github.com/en/copilot/responsible-use/copilot-cloud-agent,Responsible use of GitHub Copilot cloud agent on GitHub.com,GitHub (docs.github.com),CC BY 4.0 (docs.github.com prose),2026-09-25,retrieved 2026-09-25 via search snippet,,agents/headless-agent-runtimes.md
S1805,https://docs.github.com/en/copilot/how-tos/agents/copilot-coding-agent/customizing-or-disabling-the-firewall-for-copilot-coding-agent,Customizing or disabling the firewall for GitHub Copilot coding agent,GitHub (docs.github.com),CC BY 4.0 (docs.github.com prose),2026-09-25,retrieved 2026-09-25 via search snippet,,agents/headless-agent-runtimes.md
S1806,https://docs.gitlab.com/user/duo_agent_platform/agents/external/,External agents,GitLab (docs.gitlab.com),CC BY-SA 4.0 (GitLab docs default),2026-09-25,retrieved 2026-09-25,,agents/headless-agent-runtimes.md
S1807,https://about.gitlab.com/press/releases/2026-01-15-gitlab-announces-duo-agent-platform-general-availability/,GitLab Announces the General Availability of GitLab Duo Agent Platform,GitLab Inc.,all rights reserved (press release; summarized only),2026-09-25,2026-01-15,,agents/headless-agent-runtimes.md
S1808,https://cognition.com/blog/deepwiki,DeepWiki: AI docs for any repo,Cognition AI,all rights reserved (summarized only),2026-09-25,2025-04-25 launch post,,agents/docs-maintenance-agents.md
S1809,https://docs.devin.ai/work-with-devin/deepwiki,DeepWiki repository wikis,Cognition AI (docs.devin.ai),all rights reserved (summarized only),2026-09-25,retrieved 2026-09-25,,agents/docs-maintenance-agents.md
S1810,https://github.com/CognitionAI/deepwiki,CognitionAI/deepwiki,Cognition AI (GitHub),repository licence not verified this session,2026-09-25,retrieved 2026-09-25 via search snippet,,agents/docs-maintenance-agents.md
S1811,https://www.mintlify.com/docs/ai/llmstxt,llms.txt,Mintlify,all rights reserved (summarized only),2026-09-25,retrieved 2026-09-25,,agents/docs-maintenance-agents.md
S1812,https://www.mintlify.com/blog/how-to-generate-llmstxt-file-automatically,How to generate llms.txt,Mintlify,all rights reserved (summarized only),2026-09-25,retrieved 2026-09-25,,agents/docs-maintenance-agents.md
S1813,https://llmstxt.org/,The /llms.txt file,Jeremy Howard / llms.txt project,CC0-declared open spec (site states open for community input); reuse not independently verified,2026-09-25,v1 published 2024-09-03; v2 updated 2026-08-10,,agents/docs-maintenance-agents.md
S1814,https://swimm.io/blog/sync-dont-sink-why-we-built-swimm-for-dev-teams,Sync don't sink: why we built Swimm for dev teams,Swimm,all rights reserved (summarized only),2026-09-25,retrieved 2026-09-25 via search snippet,,agents/docs-maintenance-agents.md
S1815,https://swimm.io/learn/code-documentation/reasons-continuous-integration-documentation-is-a-must,The Importance of Continuous Integration Documentation,Swimm,all rights reserved (summarized only),2026-09-25,retrieved 2026-09-25 via search snippet,,agents/docs-maintenance-agents.md
S1816,https://docs.github.com/en/copilot/concepts/context/spaces,About GitHub Copilot Spaces,GitHub (docs.github.com),CC BY 4.0 (docs.github.com prose),2026-09-25,retrieved 2026-09-25 via search snippet,,agents/docs-maintenance-agents.md
S1817,https://github.blog/changelog/2025-09-24-copilot-spaces-is-now-generally-available/,Copilot Spaces is now generally available,GitHub,all rights reserved (summarized only),2026-09-25,2025-09-24,,agents/docs-maintenance-agents.md
S1818,https://github.github.io/gh-aw/,GitHub Agentic Workflows documentation,GitHub Next / Microsoft Research (github.github.io),proprietary docs (no reuse licence stated for prose; project code is MIT),2026-09-25,retrieved 2026-09-25,,agents/headless-agent-runtimes.md
S1819,https://github.com/githubnext/gh-aw,githubnext/gh-aw,GitHub (GitHub Next),MIT (project code),2026-09-25,retrieved 2026-09-25,,agents/headless-agent-runtimes.md
S1820,https://agents.md/,AGENTS.md,Agentic AI Foundation (Linux Foundation),CC BY 4.0 stated intent for open standards (not independently verified this session),2026-09-25,retrieved 2026-09-25,,agents/docs-maintenance-agents.md
S1821,https://docs.github.com/en/copilot/how-tos/agents/copilot-coding-agent/best-practices-for-using-copilot-to-work-on-tasks,Best practices for using Copilot to work on tasks,GitHub (docs.github.com),CC BY 4.0 (docs.github.com prose),2026-09-25,retrieved 2026-09-25,,agents/docs-maintenance-agents.md
S1822,https://vale.sh/,Vale: a prose linter,Vale project (errata-ai),MIT,2026-09-25,retrieved 2026-09-25,,agents/docs-maintenance-agents.md
S1823,https://github.com/DavidAnson/markdownlint,DavidAnson/markdownlint,David Anson (GitHub),MIT,2026-09-25,retrieved 2026-09-25,,agents/docs-maintenance-agents.md
S1824,https://code.claude.com/docs/en/cli-reference,Claude Code CLI reference (--max-budget-usd / --max-turns / --permission-mode),Anthropic,Anthropic terms (quote ≤25 words),2026-09-25,page retrieved 2026-09-25,,agents/headless-agent-runtimes.md
S1825,https://developers.googleblog.com/en/introducing-code-wiki-accelerating-your-code-understanding/,Introducing Code Wiki: accelerating your code understanding,Google (Google for Developers blog),Google site terms (quote ≤25 words),2026-09-25,published 2025-11-13,,agents/docs-maintenance-agents.md
S1840,https://learn.microsoft.com/en-us/microsoft-365/copilot/extensibility/declarative-agent-manifest-1.4,Declarative agent schema 1.4 for Microsoft 365 Copilot,Microsoft (MicrosoftDocs/m365copilot-docs-pr),CC BY 4.0,2026-09-25,ms.date 2026-05-11; updated 2026-07-29,,agents/instruction-and-context-limits.md
S1841,https://techcommunity.microsoft.com/discussions/microsoft365copilot/ai-agent-instructions-character-limit-in-studio-license/4468072,AI Agent instructions character limit in Studio license,"Microsoft (Microsoft Community Hub, Microsoft author thread)",Microsoft Community Hub terms,2026-09-25,retrieved 2026-09-25,,agents/instruction-and-context-limits.csv;agents/instruction-and-context-limits.md
S1842,https://learn.microsoft.com/en-us/troubleshoot/power-platform/copilot-studio/authoring/error-codes,Understand error codes - Copilot Studio,Microsoft (MicrosoftDocs/SupportArticles-docs-pr),CC BY 4.0,2026-09-25,ms.date 2026-06-04,,agents/instruction-and-context-limits.md
S1843,https://zenchong.substack.com/p/your-copilot-studio-agents-instructions,"Your Copilot Studio agent's instructions are 4,200 characters. Performance is degrading.",Independent blog (Substack),COMMUNITY - all rights reserved,2026-09-25,retrieved 2026-09-25,,agents/agent-error-catalogue.csv;agents/agent-error-catalogue.md;agents/instruction-and-context-limits.csv;agents/instruction-and-context-limits.md
S1844,https://community.openai.com/t/why-is-the-my-gpt-instructions-limited-by-8000-characters/1006936,Why is the My GPT Instructions limited by 8000 characters,OpenAI Developer Community (forum),COMMUNITY - forum terms,2026-09-25,retrieved 2026-09-25,,agents/instruction-and-context-limits.md
S1845,https://community.openai.com/t/token-character-restrictions-for-assistants-api/511174,Token/character restrictions for assistants-api?,OpenAI Developer Community (forum),COMMUNITY - forum terms,2026-09-25,retrieved 2026-09-25,,agents/instruction-and-context-limits.md
S1846,https://discuss.ai.google.dev/t/400-request-contains-an-invalid-argument-when-systeminstruction-exceeds-85-90k-tokens-3-7-3-8-flash-3-1-pro/183049,"400 ""Request contains an invalid argument"" when systemInstruction exceeds ~85-90k tokens",Google AI Developers Forum,COMMUNITY - forum terms,2026-09-25,retrieved 2026-09-25 (thread dated around 2026-09-14/15),,agents/instruction-and-context-limits.md
S1847,https://platform.claude.com/docs/en/api/errors,Claude API errors,Anthropic (platform.claude.com),Anthropic docs terms,2026-09-25,retrieved 2026-09-25,,agents/agent-error-catalogue.md
S1848,https://github.com/anthropics/claude-code/issues/40121,[DOCS] Skills docs omit the 250-character cap for /skills descriptions,Anthropic (github.com/anthropics/claude-code issue tracker),"GitHub ToS (issue text, not code)",2026-09-25,retrieved 2026-09-25,,agents/instruction-and-context-limits.md
S1849,https://github.com/anthropics/claude-code/issues/47627,[DOCS] Skills docs still describe a 250-character description cap and omit the truncation startup warning,Anthropic (github.com/anthropics/claude-code issue tracker),"GitHub ToS (issue text, not code)",2026-09-25,retrieved 2026-09-25,,agents/instruction-and-context-limits.md
S1850,https://github.com/anthropics/skills/issues/1613,claude-api: frontmatter description exceeds 1024-character limit,Anthropic (github.com/anthropics/skills issue tracker),"GitHub ToS (issue text, not code)",2026-09-25,retrieved 2026-09-25,,agents/agent-error-catalogue.md;agents/instruction-and-context-limits.csv;agents/instruction-and-context-limits.md
S1851,https://docs.github.com/en/copilot/tutorials/customize-code-review,Using custom instructions to unlock the power of Copilot code review,GitHub (docs.github.com),CC BY 4.0 (GitHub Docs),2026-09-25,retrieved 2026-09-25,,agents/instruction-and-context-limits.md
S1852,https://github.blog/changelog/2026-06-12-copilot-code-review-new-configurations-and-controls/,Copilot code review: New configurations and controls,GitHub (github.blog changelog),GitHub ToS,2026-09-25,2026-06-12,,agents/instruction-and-context-limits.md
S1853,https://github.com/orgs/community/discussions/151848,What is the maximum size of the custom-instructions.md,GitHub Community discussion,GitHub ToS (COMMUNITY),2026-09-25,retrieved 2026-09-25,,agents/instruction-and-context-limits.md
S1854,https://arxiv.org/pdf/2507.11538,How Many Instructions Can LLMs Follow at Once? (IFScale),arXiv preprint (Distyl AI authors),arXiv non-exclusive licence,2026-09-25,submitted 2026-07,,agents/instruction-and-context-limits.md
S1855,https://www.anthropic.com/engineering/effective-context-engineering-for-ai-agents,Effective context engineering for AI agents,Anthropic (anthropic.com/engineering),Anthropic site terms,2026-09-25,retrieved 2026-09-25,,agents/instruction-and-context-limits.md
S1856,https://github.com/anthropics/claude-code/issues/45188,System prompt size grew ~70K tokens between v2.1.89 and v2.1.96,Anthropic (github.com/anthropics/claude-code issue tracker),"GitHub ToS (issue text, not code)",2026-09-25,retrieved 2026-09-25,,agents/instruction-and-context-limits.md
S1857,https://github.com/anthropics/claude-code/issues/96152,[Bug] Anthropic API Error: Tool name exceeds 128 character limit,Anthropic (github.com/anthropics/claude-code issue tracker),"GitHub ToS (issue text, not code)",2026-09-25,retrieved 2026-09-25,,agents/agent-error-catalogue.csv;agents/agent-error-catalogue.md;agents/instruction-and-context-limits.csv;agents/instruction-and-context-limits.md
S1858,https://github.com/anthropics/claude-code/issues/11026,[Bug] Anthropic API Error: Invalid tool_result block without corresponding tool_use,Anthropic (github.com/anthropics/claude-code issue tracker),"GitHub ToS (issue text, not code)",2026-09-25,retrieved 2026-09-25,,agents/agent-error-catalogue.csv;agents/agent-error-catalogue.md
S1859,https://support.claude.com/en/articles/9519177-how-can-i-create-and-manage-projects,How can I create and manage projects?,Anthropic (support.claude.com),Anthropic docs terms,2026-09-25,retrieved 2026-09-25,,agents/instruction-and-context-limits.md
S1860,https://code.claude.com/docs/en/skills,Agent Skills,Anthropic (code.claude.com),Anthropic docs terms,2026-09-25,retrieved 2026-09-25,,agents/instruction-and-context-limits.md
S1861,https://modelcontextprotocol.io/specification/2026-07-28/basic/transports/stdio,stdio transport - Model Context Protocol Specification,Model Context Protocol (modelcontextprotocol.io),MCP spec licence (Apache 2.0 per repo),2026-09-25,spec revision 2026-07-28,,agents/agent-error-catalogue.md
S1862,https://code.claude.com/docs/en/mcp,Connect Claude Code to tools via MCP,Anthropic (code.claude.com),Anthropic docs terms,2026-09-25,retrieved 2026-09-25,,agents/agent-error-catalogue.md
S1863,https://code.claude.com/docs/en/memory,How Claude remembers your project,Anthropic (code.claude.com),Anthropic docs terms,2026-09-25,retrieved 2026-09-25,,agents/instruction-and-context-limits.md
S1864,https://raw.githubusercontent.com/anthropics/claude-code/main/CHANGELOG.md,claude-code CHANGELOG.md,Anthropic (github.com/anthropics/claude-code),GitHub ToS / repo licence,2026-09-25,retrieved 2026-09-25 (entries through 2.1.281),,agents/agent-error-catalogue.md
S1865,https://developers.openai.com/api/docs/guides/function-calling,Function calling,"OpenAI (developers.openai.com, formerly platform.openai.com)",OpenAI docs terms,2026-09-25,retrieved 2026-09-25,,agents/agent-error-catalogue.csv;agents/agent-error-catalogue.md;agents/instruction-and-context-limits.csv;agents/instruction-and-context-limits.md
S1866,https://ai.google.dev/gemini-api/docs/function-calling,Function calling with the Gemini API,Google (ai.google.dev),Google docs terms,2026-09-25,retrieved 2026-09-25,,agents/instruction-and-context-limits.md
S1867,https://developers.openai.com/api/docs/guides/structured-outputs,Structured outputs,"OpenAI (developers.openai.com, formerly platform.openai.com)",OpenAI docs terms,2026-09-25,retrieved 2026-09-25,,agents/agent-error-catalogue.md;agents/instruction-and-context-limits.csv;agents/instruction-and-context-limits.md
S1868,https://platform.claude.com/docs/en/agents-and-tools/tool-use/overview,Tool use with Claude,Anthropic (platform.claude.com),Anthropic docs terms,2026-09-25,retrieved 2026-09-25,,agents/agent-error-catalogue.md
S1869,https://platform.claude.com/docs/en/agents-and-tools/tool-use/strict-tool-use,Strict tool use,Anthropic (platform.claude.com),Anthropic docs terms,2026-09-25,retrieved 2026-09-25,,agents/instruction-and-context-limits.md
S1870,https://www.trychroma.com/research/context-rot,Context Rot: How Increasing Input Tokens Impacts LLM Performance,Chroma (trychroma.com research),Chroma site terms; vendor-authored independent benchmark,2026-09-25,published 2025-07-14,,agents/instruction-and-context-limits.md
S1880,https://modelcontextprotocol.io/docs/tools/inspector,MCP Inspector,Model Context Protocol (Anthropic-led),CC-BY-4.0 (docs),2026-09-25,retrieved 2026-09-25,,agents/agent-evaluation.md
S1881,https://github.com/modelcontextprotocol/inspector,MCP Inspector repository (README + LICENSE),modelcontextprotocol (GitHub org),"Apache-2.0 (new code); MIT (legacy, unconsented); CC-BY-4.0 (docs, excl. spec)",2026-09-25,v2 line; roadmap Aug 2026-Feb 2027,,agents/agent-evaluation.md
S1882,https://www.anthropic.com/engineering/writing-effective-tools-for-agents,Writing effective tools for agents,Anthropic,"not verified on page (Anthropic engineering blog, standard terms)",2026-09-25,published 2025-09-11,,agents/agent-evaluation.md;agents/mcp-stress-testing.md
S1883,https://www.promptfoo.dev/docs/providers/mcp/,MCP Provider,Promptfoo,not verified on page,2026-09-25,retrieved 2026-09-25,,agents/mcp-stress-testing.md
S1884,https://www.promptfoo.dev/docs/red-team/mcp-security-testing/,MCP Security Testing Guide,Promptfoo,not verified on page,2026-09-25,page footer dated 2026-09-25,,agents/mcp-stress-testing.md
S1885,https://github.com/promptfoo/promptfoo,promptfoo repository (README + LICENSE),Promptfoo Inc.,MIT,2026-09-25,"25.4k stars, 9848 commits at retrieval",,agents/mcp-stress-testing.md
S1886,https://github.com/UKGovernmentBEIS/inspect_ai,Inspect: A framework for LLM evaluations (repository),UK AI Security Institute (AISI),MIT,2026-09-25,7827 commits at retrieval,,agents/agent-evaluation.md
S1887,https://inspect.aisi.org.uk/,Inspect AI documentation home,UK AI Security Institute (AISI),MIT (per repository),2026-09-25,retrieved 2026-09-25,,agents/agent-evaluation.md
S1888,https://deepeval.com/docs/evaluation-mcp,Model Context Protocol (MCP) — DeepEval docs,Confident AI,not verified on page,2026-09-25,retrieved 2026-09-25,,agents/agent-evaluation.md
S1889,https://github.com/confident-ai/deepeval,deepeval repository (README + LICENSE),Confident AI,Apache-2.0,2026-09-25,10295 commits at retrieval,,agents/agent-evaluation.md
S1890,https://github.com/NVIDIA/garak,garak: the LLM vulnerability scanner (repository),NVIDIA,"GPL-3.0 (project), Apache-2.0 (site content per garak.ai)",2026-09-25,first released 2023-06-13; retrieved 2026-09-25,,agents/agent-evaluation.md;agents/mcp-stress-testing.md
S1891,https://github.com/NVIDIA/garak/blob/main/LICENSE,garak LICENSE file,NVIDIA,GPL-3.0,2026-09-25,retrieved 2026-09-25,,agents/mcp-stress-testing.md
S1892,https://github.com/microsoft/PyRIT,PyRIT: Python Risk Identification Tool (repository),Microsoft,MIT,2026-09-25,v0.11.0 (2026-02),,agents/mcp-stress-testing.md
S1893,https://github.com/openai/evals,evals: a framework for evaluating LLMs (repository),OpenAI,MIT,2026-09-25,retrieved 2026-09-25,,agents/agent-evaluation.md
S1894,https://developers.openai.com/api/docs/guides/evaluation-best-practices,Evaluation best practices,OpenAI,not verified on page,2026-09-25,"retrieved 2026-09-25; deprecation notice: Evals platform read-only 2026-10-31, shut down 2026-11-30",,agents/agent-evaluation.md
S1895,https://developers.openai.com/cookbook/examples/evaluation/use-cases/mcp_eval_notebook,Evals API Use-case: MCP Evaluation,OpenAI,"not verified on page (cookbook, MIT per repo typical)",2026-09-25,retrieved 2026-09-25,,agents/agent-evaluation.md
S1896,https://www.anthropic.com/engineering/demystifying-evals-for-ai-agents,Demystifying evals for AI agents,Anthropic,not verified on page,2026-09-25,published 2026-01-09,,agents/agent-evaluation.md
S1897,https://platform.claude.com/docs/en/test-and-evaluate/define-success,Define your success criteria,Anthropic,not verified on page,2026-09-25,retrieved 2026-09-25,,agents/agent-evaluation.md
S1898,https://platform.claude.com/docs/en/test-and-evaluate/develop-tests,Define success criteria and build evaluations,Anthropic,not verified on page,2026-09-25,retrieved 2026-09-25,,agents/agent-evaluation.md
S1899,https://arxiv.org/abs/2406.12045,tau-bench: A Benchmark for Tool-Agent-User Interaction in Real-World Domains,Sierra (Yao et al.),arXiv non-exclusive licence,2026-09-25,submitted 2024-06; v paper,,agents/agent-evaluation.md
S1900,https://github.com/sierra-research/tau2-bench,tau2-bench repository,Sierra,MIT,2026-09-25,"v1.0.1 (2026-07); tau, tau2, tau3 lineage",,agents/agent-evaluation.md
S1901,https://github.com/vishalhabib99/mcp-fuzz,mcp-fuzz: runtime behavioral testing for MCP servers,vishalhabib99 (community),not verified on page,2026-09-25,release v0.10.0,,agents/mcp-stress-testing.md
S1902,https://github.com/Agent-Hellboy/mcp-server-fuzzer,mcp-server-fuzzer: a generic MCP server fuzzer,Agent-Hellboy (community),not verified on page,2026-09-25,retrieved 2026-09-25,,agents/mcp-stress-testing.md
S1903,https://github.com/NVIDIA/garak/issues/1639,MCP Server Security Scanning: OWASP MCP Top 10 coverage (issue),community contributor on NVIDIA/garak,GPL-3.0 (repo),2026-09-25,retrieved 2026-09-25,,agents/mcp-stress-testing.md
S1904,https://github.com/ShovalBenjer/mcp-guard,mcp-guard: adversarial fuzzer for MCP servers,ShovalBenjer (community),not verified on page,2026-09-25,retrieved 2026-09-25,,agents/mcp-stress-testing.md
S1905,https://github.com/manthanghasadiya/mcpsec,mcpsec: dynamic protocol fuzzer for MCP,manthanghasadiya (community),not verified on page,2026-09-25,retrieved 2026-09-25,,agents/mcp-stress-testing.md
S1920,https://www.anthropic.com/engineering/building-effective-agents,Building Effective Agents,Anthropic (anthropic.com/engineering),Anthropic site terms,2026-09-25,retrieved 2026-09-25,,agents/subagents-vs-deterministic-tools.md
S1921,https://www.anthropic.com/engineering/multi-agent-research-system,How we built our multi-agent research system,Anthropic (anthropic.com/engineering),Anthropic site terms,2026-09-25,retrieved 2026-09-25,,agents/subagents-vs-deterministic-tools.md
S1922,https://www.anthropic.com/engineering/code-execution-with-mcp,Code execution with MCP: Building more efficient agents,Anthropic (anthropic.com/engineering),Anthropic site terms,2026-09-25,retrieved 2026-09-25,,agents/subagents-vs-deterministic-tools.md
S1923,https://code.claude.com/docs/en/sub-agents,Create custom subagents,Anthropic (code.claude.com),Anthropic docs terms,2026-09-25,retrieved 2026-09-25,,agents/subagents-vs-deterministic-tools.md
S1924,https://cdn.openai.com/business-guides-and-resources/a-practical-guide-to-building-agents.pdf,A practical guide to building agents,OpenAI,OpenAI content terms,2026-09-25,retrieved 2026-09-25 (2025 publication),,agents/subagents-vs-deterministic-tools.md
S1925,https://learn.microsoft.com/en-us/azure/architecture/ai-ml/guide/ai-agent-design-patterns,AI Agent Orchestration Patterns - Azure Architecture Center,Microsoft (MicrosoftDocs/architecture-center),CC BY 4.0,2026-09-25,ms.date 2026-02-12; updated 2026-09-21,,agents/subagents-vs-deterministic-tools.md
S1926,https://cognition.com/blog/dont-build-multi-agents,Don't Build Multi-Agents,Cognition (Walden Yan),COMMUNITY - all rights reserved (summarized only),2026-09-25,2025-06-12,,agents/subagents-vs-deterministic-tools.md
S1927,https://cognition.com/blog/multi-agents-working,Multi-Agents: What's Actually Working,Cognition,COMMUNITY - all rights reserved (summarized only),2026-09-25,retrieved 2026-09-25,,agents/subagents-vs-deterministic-tools.md
S1928,https://modelcontextprotocol.io/specification/2025-06-18/server/tools,Tools (MCP specification),modelcontextprotocol.io,MIT/CC (spec site),2026-09-25,spec revision 2025-06-18; retrieved 2026-09-25,,agents/subagents-vs-deterministic-tools.md
S1929,https://x.com/codingscape/status/1937503477971697684,Anthropic multi-agent 15x tokens / 90.2% / 80% variance thread,Codingscape (X/Twitter),COMMUNITY - platform terms,2026-09-25,retrieved 2026-09-25,,agents/subagents-vs-deterministic-tools.md
S1930,https://www.augmentcode.com/guides/multi-agent-cost-compounding,Multi-Agent Cost Compounding: Why 3 Agents Cost 10x,Augment Code,COMMUNITY - all rights reserved (summarized only),2026-09-25,retrieved 2026-09-25,,agents/subagents-vs-deterministic-tools.md
S1931,https://aimultiple.com/code-execution-with-mcp,Code Execution with MCP: A New Approach to AI Agent Efficiency,AIMultiple,COMMUNITY - all rights reserved (summarized only),2026-09-25,retrieved 2026-09-25,,agents/subagents-vs-deterministic-tools.md
S1932,https://particula.tech/blog/code-execution-mcp-token-reduction-pattern,Code Execution With MCP: Cut Tool Tokens up to 98%,Particula,COMMUNITY - all rights reserved (summarized only),2026-09-25,retrieved 2026-09-25,,agents/subagents-vs-deterministic-tools.md
S1933,https://laxmikumars.medium.com/writing-effective-tools-for-ai-agents-lessons-from-anthropic-25b85bf74f5d,Writing Effective Tools for AI Agents: Lessons from Anthropic,Medium (independent summary of Anthropic post),COMMUNITY - all rights reserved (summarized only),2026-09-25,retrieved 2026-09-25,,agents/subagents-vs-deterministic-tools.md
S1934,https://theaiengineer.substack.com/p/how-anthropic-built-multi-agent-deep,Anthropic's Multi-Agent Research Architecture Explained,The AI Engineer (Substack),COMMUNITY - all rights reserved (summarized only),2026-09-25,retrieved 2026-09-25,,agents/subagents-vs-deterministic-tools.md
S1935,https://www.anthropic.com/engineering/writing-tools-for-agents,Writing effective tools for agents — with agents,Anthropic (anthropic.com/engineering),Anthropic site terms,2026-09-25,2025-09-11; retrieved 2026-09-25,,agents/subagents-vs-deterministic-tools.md
S1936,https://www.anthropic.com/engineering/equipping-agents-for-the-real-world-with-agent-skills,Equipping agents for the real world with Agent Skills,Anthropic (anthropic.com/engineering),Anthropic site terms,2026-09-25,retrieved 2026-09-25,,agents/subagents-vs-deterministic-tools.md
S1937,https://platform.claude.com/docs/en/agents-and-tools/agent-skills/best-practices,Skill authoring best practices,Anthropic (platform.claude.com),Anthropic docs terms,2026-09-25,retrieved 2026-09-25,,agents/subagents-vs-deterministic-tools.md
S1938,https://learn.microsoft.com/en-us/agent-framework/overview/,Microsoft Agent Framework Overview,Microsoft (MicrosoftDocs),CC BY 4.0,2026-09-25,retrieved 2026-09-25 (Agent Framework 1.0; sha256 at retrieval GA 2026-04-03),,
S1939,https://github.com/microsoft/agent-framework,microsoft/agent-framework,Microsoft (GitHub),MIT (repo),2026-09-25,retrieved 2026-09-25,,agents/subagents-vs-deterministic-tools.md
S1940,https://techcommunity.microsoft.com/blog/azuredevcommunityblog/the-future-of-agentic-ai-inside-microsoft-agent-framework-1-0/4510698,The Future of Agentic AI: Inside Microsoft Agent Framework 1.0,"Microsoft (Microsoft Community Hub, Microsoft author blog)",Microsoft Community Hub terms,2026-09-25,retrieved 2026-09-25,,agents/subagents-vs-deterministic-tools.md
S1941,https://cdn.openai.com/business-guides-and-resources/a-practical-guide-to-building-agents.pdf,A practical guide to building agents (manager/decentralized patterns),OpenAI,OpenAI content terms,2026-09-25,retrieved 2026-09-25 (2025 publication),,agents/subagents-vs-deterministic-tools.md
S1942,https://www.promptfoo.dev/docs/guides/evaluate-coding-agents/,Evaluate Coding Agents,Promptfoo,MIT (tool docs),2026-09-25,retrieved 2026-09-25,,agents/subagents-vs-deterministic-tools.md
S1943,https://dev.to/trknhr/trying-out-agentinspect-53c,Trying Out AgentInspect (trajectory diff vs golden baseline),Independent (DEV Community),COMMUNITY - DEV Community terms,2026-09-25,retrieved 2026-09-25,,agents/subagents-vs-deterministic-tools.md
S1944,https://arxiv.org/pdf/2508.02721,"Blueprint First, Model Second: A Framework for Deterministic LLM Workflow",arXiv preprint,arXiv non-exclusive licence,2026-09-25,submitted 2025-08,,agents/subagents-vs-deterministic-tools.md
S1945,https://data443.com/blog/deterministic-policy-vs-llm-filters/,Deterministic Policy vs LLM-Based Filters for AI Agents,Data443,COMMUNITY - all rights reserved (summarized only),2026-09-25,retrieved 2026-09-25,,agents/subagents-vs-deterministic-tools.md
S1960,https://learn.microsoft.com/en-us/microsoft-copilot-studio/requirements-quotas,Quotas and limits - Microsoft Copilot Studio,Microsoft (learn.microsoft.com),CC BY 4.0,2026-09-25,ms.date 2026-06-18; updated 2026-08-04,,agents/copilot-studio-inventory.md;agents/copilot-studio-feature-map.csv
S1961,https://learn.microsoft.com/en-us/microsoft-copilot-studio/billing-licensing,Standard harness licensing - Microsoft Copilot Studio,Microsoft (learn.microsoft.com),CC BY 4.0,2026-09-25,ms.date 2026-08-03,,agents/copilot-studio-inventory.md;agents/copilot-studio-feature-map.csv
S1962,https://learn.microsoft.com/en-us/microsoft-copilot-studio/fundamentals-what-is-copilot-studio,Overview - Microsoft Copilot Studio,Microsoft (learn.microsoft.com),CC BY 4.0,2026-09-25,ms.date 2026-08-03; updated 2026-09-09,,agents/copilot-studio-inventory.md
S1963,https://learn.microsoft.com/en-us/microsoft-copilot-studio/guidance/topics-code-editor,Use the code editor in topics - Microsoft Copilot Studio,Microsoft (learn.microsoft.com),CC BY 4.0,2026-09-25,ms.date 2025-04-17; updated 2026-08-19,,agents/copilot-studio-inventory.md;agents/copilot-studio-feature-map.csv
S1964,https://learn.microsoft.com/en-us/microsoft-copilot-studio/mcp-add-existing-server-to-agent,Connect your agent to an existing MCP server - Microsoft Copilot Studio,Microsoft (learn.microsoft.com),CC BY 4.0,2026-09-25,ms.date 2026-05-28; updated 2026-08-19,,agents/copilot-studio-inventory.md;agents/copilot-studio-feature-map.csv;agents/own-chatbot-architecture.md
S1965,https://learn.microsoft.com/en-us/microsoft-copilot-studio/mcp-create-new-server,Create a new MCP server - Microsoft Copilot Studio,Microsoft (learn.microsoft.com),CC BY 4.0,2026-09-25,ms.date 2026-08-25; updated 2026-08-27,,agents/copilot-studio-inventory.md;agents/own-chatbot-architecture.md
S1966,https://learn.microsoft.com/en-us/microsoft-copilot-studio/configure-sso,Configure single sign-on with Microsoft Entra ID - Microsoft Copilot Studio,Microsoft (learn.microsoft.com),CC BY 4.0,2026-09-25,ms.date 2026-04-01; updated 2026-07-09,,agents/copilot-studio-inventory.md;agents/copilot-studio-feature-map.csv
S1967,https://learn.microsoft.com/en-us/power-platform/release-plan/2024wave2/microsoft-copilot-studio/solution-management-copilot-studio,Solution management in Microsoft Copilot Studio,Microsoft (learn.microsoft.com),CC BY 4.0,2026-09-25,GA 2024-12-16 (archived release-plan page); updated 2026-06-11,,agents/copilot-studio-inventory.md;agents/copilot-studio-feature-map.csv
S1968,https://learn.microsoft.com/en-us/microsoft-365/agents-sdk/,Microsoft 365 Agents SDK documentation,Microsoft (learn.microsoft.com),CC BY 4.0,2026-09-25,ms.date 2025-05-09; updated 2026-08-21,,agents/copilot-studio-inventory.md;agents/own-chatbot-architecture.md
S1969,https://github.com/microsoft/Agents-for-python,microsoft/Agents-for-python (Microsoft 365 Agents SDK - Python),Microsoft (github.com/microsoft),MIT,2026-09-25,retrieved 2026-09-25 (no tagged version shown on page),,agents/own-chatbot-architecture.md
S1970,https://learn.microsoft.com/en-us/azure/foundry/agents/overview,What is Microsoft Foundry Agent Service? - Microsoft Foundry,Microsoft (learn.microsoft.com),CC BY 4.0,2026-09-25,ms.date 2026-09-25,,agents/copilot-studio-inventory.md;agents/own-chatbot-architecture.md
S1971,https://learn.microsoft.com/en-us/microsoft-365/agents-sdk/agents-sdk-overview,What is the Microsoft 365 Agents SDK,Microsoft (learn.microsoft.com),CC BY 4.0,2026-09-25,ms.date 2026-04-28; updated 2026-08-19,,agents/own-chatbot-architecture.md
S1972,https://learn.microsoft.com/en-us/microsoft-copilot-studio/advanced-hand-off,Hand off to a live agent - Microsoft Copilot Studio,Microsoft (learn.microsoft.com),CC BY 4.0,2026-09-25,ms.date 2026-04-30; updated 2026-08-19,,agents/copilot-studio-inventory.md;agents/copilot-studio-feature-map.csv
S1973,https://learn.microsoft.com/en-us/microsoft-copilot-studio/analytics-overview,Monitor overview - Microsoft Copilot Studio,Microsoft (learn.microsoft.com),CC BY 4.0,2026-09-25,ms.date 2026-06-01; updated 2026-08-25,,agents/copilot-studio-inventory.md;agents/copilot-studio-feature-map.csv
S1974,https://learn.microsoft.com/en-us/power-platform/admin/wp-data-loss-prevention,Data policies - Power Platform,Microsoft (learn.microsoft.com),CC BY 4.0,2026-09-25,ms.date 2026-04-07; updated 2026-08-14,,agents/copilot-studio-inventory.md;agents/copilot-studio-feature-map.csv
S1975,https://learn.microsoft.com/en-us/microsoft-copilot-studio/microsoft-365-copilot-extend-with-agents,Extend Microsoft 365 Copilot with the Copilot chat harness - Microsoft Copilot Studio,Microsoft (learn.microsoft.com),CC BY 4.0,2026-09-25,ms.date 2026-08-25; updated 2026-09-17,,agents/copilot-studio-inventory.md;agents/copilot-studio-feature-map.csv
S1976,https://github.com/microsoft/botframework-sdk,microsoft/botframework-sdk (README: retirement notice),Microsoft (github.com/microsoft),MIT,2026-09-25,README states final long-term support ends 2025-12-31; archive planned no later than end of Dec 2025,,agents/copilot-studio-inventory.md;agents/own-chatbot-architecture.md
S1977,https://learn.microsoft.com/en-us/microsoft-copilot-studio/publication-fundamentals-publish-channels,Key concepts - Publish and deploy your agent - Microsoft Copilot Studio,Microsoft (learn.microsoft.com),CC BY 4.0,2026-09-25,ms.date 2026-09-16; updated 2026-09-24,,agents/copilot-studio-inventory.md;agents/copilot-studio-feature-map.csv
S1978,https://learn.microsoft.com/en-us/microsoft-copilot-studio/authoring-variables,Work with variables - Microsoft Copilot Studio,Microsoft (learn.microsoft.com),CC BY 4.0,2026-09-25,ms.date 2026-03-12; updated 2026-08-19,,agents/copilot-studio-inventory.md;agents/copilot-studio-feature-map.csv
S1979,https://learn.microsoft.com/en-us/microsoft-copilot-studio/flows-overview,Agent flows overview - Microsoft Copilot Studio,Microsoft (learn.microsoft.com),CC BY 4.0,2026-09-25,ms.date 2026-06-18; updated 2026-08-03,,agents/copilot-studio-inventory.md;agents/copilot-studio-feature-map.csv
S1980,https://learn.microsoft.com/en-us/microsoft-copilot-studio/faq-billing-licensing,FAQ for Copilot Studio billing and licensing,Microsoft (learn.microsoft.com),CC BY 4.0,2026-09-25,retrieved via search summary 2026-09-25,,agents/copilot-studio-inventory.md
S1981,https://learn.microsoft.com/en-us/microsoft-copilot-studio/mcp-server-certification,Microsoft MCP server certification - Microsoft Copilot Studio,Microsoft (learn.microsoft.com),CC BY 4.0,2026-09-25,retrieved via search summary 2026-09-25,,agents/copilot-studio-inventory.md;agents/copilot-studio-feature-map.csv
S1982,https://learn.microsoft.com/en-us/microsoft-copilot-studio/authoring-create-edit-topics,Create and edit topics - Microsoft Copilot Studio,Microsoft (learn.microsoft.com),CC BY 4.0,2026-09-25,retrieved via search summary 2026-09-25,,agents/copilot-studio-inventory.md;agents/copilot-studio-feature-map.csv
S1983,https://learn.microsoft.com/en-us/microsoft-copilot-studio/advanced-generative-actions,Orchestrate agent behavior with generative AI - Microsoft Copilot Studio,Microsoft (learn.microsoft.com),CC BY 4.0,2026-09-25,retrieved via search summary 2026-09-25,,agents/copilot-studio-inventory.md;agents/copilot-studio-feature-map.csv
S1984,https://learn.microsoft.com/en-us/microsoft-copilot-studio/guidance/custom-knowledge-sources,Connect to custom knowledge sources - Microsoft Copilot Studio,Microsoft (learn.microsoft.com),CC BY 4.0,2026-09-25,retrieved via search summary 2026-09-25,,agents/copilot-studio-inventory.md;agents/copilot-studio-feature-map.csv
S1985,https://github.com/microsoft/Agents,microsoft/Agents (Microsoft 365 Agent SDK monorepo),Microsoft (github.com/microsoft),MIT,2026-09-25,retrieved via search summary 2026-09-25,,agents/own-chatbot-architecture.md
S2000,https://opentelemetry.io/docs/specs/semconv/gen-ai/,GenAI semantic conventions (index; content moved),OpenTelemetry Authors,Apache-2.0,2026-09-25,retrieved 2026-09-25 (page states content moved to semantic-conventions-genai repo),,agents/genai-telemetry.md
S2001,https://github.com/open-telemetry/semantic-conventions-genai,semantic-conventions-genai repository,OpenTelemetry Authors,Apache-2.0,2026-09-25,retrieved 2026-09-25 (repo split out of open-telemetry/semantic-conventions),,agents/genai-telemetry.md
S2002,https://raw.githubusercontent.com/open-telemetry/semantic-conventions-genai/e57c543b4889619eb2a05702471937db5119165d/docs/gen-ai/gen-ai-agent-spans.md,GenAI agent spans (create_agent / invoke_agent),OpenTelemetry Authors,Apache-2.0,2026-09-25,commit e57c543b4889619eb2a05702471937db5119165d (2026-09-24),,agents/genai-telemetry.md
S2003,https://raw.githubusercontent.com/open-telemetry/semantic-conventions-genai/e57c543b4889619eb2a05702471937db5119165d/docs/gen-ai/mcp.md,GenAI semantic conventions for MCP,OpenTelemetry Authors,Apache-2.0,2026-09-25,commit e57c543b4889619eb2a05702471937db5119165d (2026-09-24),,agents/genai-telemetry.md
S2004,https://raw.githubusercontent.com/open-telemetry/semantic-conventions-genai/e57c543b4889619eb2a05702471937db5119165d/docs/gen-ai/gen-ai-spans.md,GenAI spans: execute_tool,OpenTelemetry Authors,Apache-2.0,2026-09-25,commit e57c543b4889619eb2a05702471937db5119165d (2026-09-24),,agents/genai-telemetry.md
S2005,https://arxiv.org/abs/2506.08837,Design Patterns for Securing LLM Agents against Prompt Injections,"Beurer-Kellner, Buesser, Creţu, Debenedetti, Dobos, Fabian, Fischer, Froelicher, Grosse, Naeff, Ozoani, Paverd, Tramèr, Volhejn (arXiv preprint)","arXiv non-exclusive licence (COMMUNITY per PROMPT-agents rule 1: preprint, non-vendor)",2026-09-25,v1 2025-06-10; v3 2025-06-27,,agents/prompt-injection-design-patterns.md
S2006,https://arxiv.org/abs/2503.18813,Defeating Prompt Injections by Design (CaMeL),"Debenedetti, Shumailov, Fan, Hayes, Carlini, Fabian, Kern, Shi, Terzis, Tramèr (Google Research; arXiv preprint)",arXiv non-exclusive licence (COMMUNITY per PROMPT-agents rule 1: preprint),2026-09-25,v1 2025-03-24; v2 2025-06-24,,agents/prompt-injection-design-patterns.md
S2007,https://simonwillison.net/2023/Apr/25/dual-llm-pattern/,The Dual LLM pattern for building AI assistants that can resist prompt injection,Simon Willison (personal blog),COMMUNITY - all rights reserved (summarize only),2026-09-25,published 2023-04-25,,agents/prompt-injection-design-patterns.md
S2008,https://learn.microsoft.com/en-us/azure/ai-services/content-safety/concepts/jailbreak-detection,Prompt Shields in Azure AI Content Safety (incl. Spotlighting preview),Microsoft (learn.microsoft.com),CC BY 4.0,2026-09-25,ms.date 2026-08-28; updated 2026-09-18,,agents/prompt-injection-design-patterns.md
S2009,https://www.anthropic.com/research/prompt-injection-defenses,Detecting and countering misuse of AI: prompt injection defenses (Claude for Chrome),Anthropic,site terms (summarize; link),2026-09-25,published 2025-11-24,,agents/prompt-injection-design-patterns.md
S2010,https://code.claude.com/docs/en/security,Security - Claude Code Docs,Anthropic (code.claude.com),Anthropic docs (summarize; quote <=25 words),2026-09-25,retrieved 2026-09-25,,agents/prompt-injection-design-patterns.md
S2012,https://github.com/modelcontextprotocol/registry,MCP Registry (community-driven server registry; server.json schema),Model Context Protocol community (Registry Working Group),MIT,2026-09-25,preview since 2025-09-08; API freeze v0.1 since 2025-10-24; retrieved 2026-09-25,,agents/mcp-server-lifecycle.md
S2013,https://platform.claude.com/docs/en/manage-claude/usage-cost-api,Usage and Cost API,Anthropic (platform.claude.com),Anthropic docs (summarize; quote <=25 words),2026-09-25,retrieved 2026-09-25,,agents/agent-cost-governance.md
S2040,https://learn.microsoft.com/en-us/entra/agent-id/agent-identities,Overview of agent identities in Microsoft Entra,Microsoft,CC-BY-4.0,2026-09-25,ms.date 2026-03-30 (updated 2026-06-15),,agents/agent-rbac.md
S2041,https://code.claude.com/docs/en/iam,Authentication (Claude Code),Anthropic,"Anthropic docs; no open licence stated (summarize, quote <=25 words)",2026-09-25,retrieved 2026-09-25,,agents/agent-rbac.md
S2042,https://code.claude.com/docs/en/managed-settings,Deploy managed settings (Claude Code),Anthropic,"Anthropic docs; no open licence stated (summarize, quote <=25 words)",2026-09-25,retrieved 2026-09-25,,agents/agent-rbac.md
S2043,https://pypi.org/project/keyring/,keyring (PyPI project page),Python Keyring community / jaraco,MIT,2026-09-25,25.7.0 (2025-11-16),,agents/api-tokens-issue-and-store.md
S2044,https://github.com/AzureAD/microsoft-authentication-extensions-for-python,microsoft-authentication-extensions-for-python (msal-extensions),Microsoft (AzureAD),MIT,2026-09-25,retrieved 2026-09-25,,agents/api-tokens-issue-and-store.md
S2045,https://modelcontextprotocol.io/specification/draft/basic/authorization,"Authorization (MCP specification, draft revision)",Model Context Protocol / Anthropic,MIT-licensed spec repo (per PROMPT-agents rule 1),2026-09-25,draft (post 2026-07-28; includes scope-selection strategy and step-up flow not in S707/2026-07-28),,agents/agent-rbac.md
S2046,https://docs.gitlab.com/user/profile/personal_access_tokens/,Personal access tokens,GitLab,"CC BY-SA 4.0 (docs, per GitLab repo licence)",2026-09-25,retrieved 2026-09-25 (references GitLab 17.6 for 400-day max lifetime feature flag),,agents/api-tokens-issue-and-store.md;agents/api-tokens.csv;agents/secret-storage-options.csv
S2047,https://learn.microsoft.com/en-us/azure/key-vault/general/overview,Azure Key Vault Overview,Microsoft,CC-BY-4.0,2026-09-25,ms.date 2025-12-03 (updated 2026-06-12),,agents/api-tokens-issue-and-store.md
S2048,https://developer.hashicorp.com/vault/docs/what-is-vault,What is Vault?,HashiCorp,"HashiCorp docs (BUSL-1.1 product; docs summarized, quote <=25 words)",2026-09-25,v2.x (latest) at retrieval,,agents/api-tokens-issue-and-store.md;agents/secret-storage-options.csv
S2049,https://developer.hashicorp.com/vault/docs/auth/approle,AppRole auth method,HashiCorp,"HashiCorp docs (BUSL-1.1 product; docs summarized, quote <=25 words)",2026-09-25,v2.x (latest) at retrieval,,agents/api-tokens-issue-and-store.md;agents/api-tokens.csv;agents/secret-storage-options.csv
S2050,https://learn.microsoft.com/en-us/entra/identity/role-based-access-control/groups-create-eligible,Create a role-assignable group in Microsoft Entra ID,Microsoft,CC-BY-4.0,2026-09-25,ms.date 2025-01-03 (updated 2026-06-15),,agents/agent-rbac.md
S2051,https://techcommunity.microsoft.com/blog/microsoft-entra-blog/announcing-microsoft-entra-agent-id-secure-and-manage-your-ai-agents/3827392,Announcing Microsoft Entra Agent ID: Secure and manage your AI agents,Microsoft (Entra Blog authors),"Microsoft (techcommunity; summarize, quote <=25 words)",2026-09-25,blog post; public preview announced (early 2026 per WebSearch summary),,agents/agent-rbac.md
S2052,https://learn.microsoft.com/en-us/entra/id-governance/privileged-identity-management/concept-pim-for-groups,Privileged Identity Management (PIM) for Groups,Microsoft,CC-BY-4.0,2026-09-25,ms.date 2026-04-23 (updated 2026-09-23),,agents/agent-rbac.md
S2053,https://learn.microsoft.com/en-us/entra/identity-platform/howto-add-app-roles-in-apps,Add app roles and get them from a token,Microsoft,CC-BY-4.0,2026-09-25,ms.date 2024-11-13 (updated 2026-06-15),,agents/agent-rbac.md
S2054,https://developer.hashicorp.com/vault/docs/secrets/databases,Database secrets engine (HashiCorp Vault docs),HashiCorp,"HashiCorp docs (BUSL-1.1 product; docs summarized, quote <=25 words)",2026-09-25,v2.x (latest) at retrieval,,agents/api-tokens-issue-and-store.md;agents/api-tokens.csv;agents/secret-storage-options.csv
S2055,https://docs.gitlab.com/ci/secrets/,Using external secrets in CI/CD,GitLab,"CC BY-SA 4.0 (docs, per GitLab repo licence)",2026-09-25,retrieved 2026-09-25,,agents/api-tokens-issue-and-store.md;agents/api-tokens.csv;agents/secret-storage-options.csv
S2056,https://developer.hashicorp.com/vault/docs/auth/jwt,JWT/OIDC auth method (HashiCorp Vault docs),HashiCorp,"HashiCorp docs (BUSL-1.1 product; docs summarized, quote <=25 words)",2026-09-25,v2.x (latest) at retrieval,,agents/api-tokens-issue-and-store.md;agents/api-tokens.csv
S2057,https://code.claude.com/docs/en/settings,Settings files and precedence (Claude Code),Anthropic,"Anthropic docs; no open licence stated (summarize, quote <=25 words)",2026-09-25,retrieved 2026-09-25,,agents/api-tokens-issue-and-store.md
S2058,https://owasp.org/www-project-non-human-identities-top-10/,OWASP Non-Human Identities Top 10,OWASP,CC BY-SA 4.0 (OWASP project licence),2026-09-25,2025 version,,agents/agent-rbac.md
S2080,https://learn.microsoft.com/en-us/microsoft-copilot-studio/agents-experience/authoring-add-other-agents,Connected agents overview - Microsoft Copilot Studio,Microsoft,CC-BY-4.0,2026-09-25,ms.date 2026-06-23 (updated 2026-08-27),,agents/agent-dispatch-and-shared-services.md
S2081,https://learn.microsoft.com/en-us/microsoft-copilot-studio/guidance/multi-agent-patterns,Multi-agent orchestration patterns and best practices - Microsoft Copilot Studio,Microsoft,CC-BY-4.0,2026-09-25,retrieved via search summary 2026-09-25,,agents/agent-dispatch-and-shared-services.md
S2082,https://devblogs.microsoft.com/agent-framework/microsoft-agent-framework-at-build-2026-announce/,Microsoft Agent Framework at BUILD 2026: Agent Harness Hosted Agents CodeAct,Microsoft,Microsoft devblogs (summarize; quote <=25 words),2026-09-25,blog post 2026 (BUILD 2026),,agents/agent-dispatch-and-shared-services.md
S2083,https://code.claude.com/docs/en/sub-agents,Create custom subagents - Claude Code Docs,Anthropic,Anthropic docs (summarize; quote <=25 words),2026-09-25,retrieved 2026-09-25,,agents/agent-dispatch-and-shared-services.md
S2084,https://blog.modelcontextprotocol.io/posts/2026-07-28/,The 2026-07-28 Specification,Model Context Protocol / Linux Foundation,CC-BY-4.0 (per MCP docs licence),2026-09-25,spec revision 2026-07-28,,agents/agent-dispatch-and-shared-services.md
S2085,https://microsoft.github.io/presidio/samples/docker/,Using Presidio in Docker,Presidio Contributors (Microsoft docs site),MIT (docs),2026-09-25,retrieved via search summary 2026-09-25 (site returned 404 on direct fetch; content from search index),,agents/shared-ner-service.md
S2086,https://github.com/data-privacy-stack/presidio/blob/main/docs/samples/docker/index.md,presidio docs/samples/docker/index.md,Presidio Contributors,MIT,2026-09-25,main branch as of 2026-09-25,,agents/shared-ner-service.md
S2087,https://hub.docker.com/r/microsoft/presidio-analyzer,microsoft/presidio-analyzer - Docker Image,Docker Hub / Presidio,MIT (image); Docker Hub listing,2026-09-25,listing retrieved 2026-09-25 (legacy mcr.microsoft.com images no longer updated per search summary),,agents/shared-ner-service.md
S2088,https://github.com/microsoft/presidio/blob/main/docs/samples/deployments/app-service/index.md,Presidio Azure App Service deployment sample,Presidio Contributors,MIT,2026-09-25,retrieved via search summary 2026-09-25,,agents/shared-ner-service.md
S2089,https://microsoft.github.io/presidio/samples/deployments/k8s/,Presidio with Kubernetes,Presidio Contributors,MIT (docs),2026-09-25,retrieved via search summary 2026-09-25 (site returned 404 on direct fetch; content from search index),,agents/shared-ner-service.md
S2090,https://github.com/data-privacy-stack/presidio/blob/main/docs/samples/deployments/data-factory/presidio-data-factory.md,Presidio + Azure Data Factory batch sample,Presidio Contributors,MIT,2026-09-25,retrieved via search summary 2026-09-25,,agents/shared-ner-service.md
S2091,https://learn.microsoft.com/en-us/azure/ai-services/language-service/personally-identifiable-information/how-to/use-containers,Use PII detection Docker containers on-premises,Microsoft,CC-BY-4.0,2026-09-25,ms.date 2026-08-01 (updated 2026-08-19),,agents/shared-ner-service.md
S2092,https://learn.microsoft.com/en-us/azure/ai-services/language-service/personally-identifiable-information/overview,What is the PII detection feature in Azure Language,Microsoft,CC-BY-4.0,2026-09-25,ms.date 2026-06-30 (updated 2026-08-03),,agents/shared-ner-service.md
S2093,https://learn.microsoft.com/en-us/azure/ai-services/language-service/concepts/data-limits,Service limits for Azure Language in Foundry Tools,Microsoft,CC-BY-4.0,2026-09-25,retrieved via page reference 2026-09-25,,agents/shared-ner-service.md
S2094,https://learn.microsoft.com/en-us/azure/ai-services/containers/disconnected-containers,Use Docker containers in disconnected environments,Microsoft,CC-BY-4.0,2026-09-25,referenced from S2091,,agents/shared-ner-service.md
S2095,https://azure.microsoft.com/en-us/pricing/details/language/,Pricing - Azure Language in Foundry Tools,Microsoft,Microsoft pricing page (data),2026-09-25,retrieved via fetch 2026-09-25,,agents/shared-ner-service.md
S2096,https://learn.microsoft.com/en-us/azure/ai-services/language-service/personally-identifiable-information/concepts/entity-categories,Entity categories recognized by PII and PHI detection,Microsoft,CC-BY-4.0,2026-09-25,retrieved via search summary 2026-09-25 (Text PII preview 2026-04-15-preview adds Password/PIN/Zip/Airport code entities),,agents/shared-ner-service.md
S2097,https://docs.aws.amazon.com/comprehend/latest/dg/how-pii.html,Detecting PII entities - Amazon Comprehend,AWS,AWS docs (summarize; quote <=25 words),2026-09-25,retrieved via search summary 2026-09-25,,agents/shared-ner-service.md
S2098,https://docs.aws.amazon.com/comprehend/latest/dg/realtime-pii-api.html,PII real-time analysis (API) - Amazon Comprehend,AWS,AWS docs (summarize; quote <=25 words),2026-09-25,retrieved via search summary 2026-09-25,,agents/shared-ner-service.md
S2099,https://aws.amazon.com/comprehend/pricing,Amazon Comprehend pricing,AWS,AWS pricing page (data),2026-09-25,retrieved via search summary 2026-09-25,,agents/shared-ner-service.md
S2100,https://docs.cloud.google.com/sensitive-data-protection/docs/infotypes-reference,InfoType detector reference - Sensitive Data Protection,Google,Google docs (CC-BY 4.0 per Google terms),2026-09-25,retrieved via search summary 2026-09-25,,agents/shared-ner-service.md
S2101,https://cloud.google.com/sensitive-data-protection/pricing,Sensitive Data Protection pricing,Google,Google pricing page (data),2026-09-25,retrieved via search summary 2026-09-25,,agents/shared-ner-service.md
S2102,https://huggingface.co/onnx-community/gliner_multi-v2.1,onnx-community/gliner_multi-v2.1,Hugging Face / GLiNER community,per model card (Apache-2.0 GLiNER code; model licence per card),2026-09-25,retrieved via search summary 2026-09-25,,agents/shared-ner-service.md
S2103,https://huggingface.co/SemplificaAI/gliner2-multi-v1-onnx,SemplificaAI/gliner2-multi-v1-onnx,Hugging Face community,COMMUNITY (third-party model card),2026-09-25,retrieved via search summary 2026-09-25,,agents/shared-ner-service.md
S2104,https://microsoft.github.io/presidio/evaluation/,PII detection evaluation - Microsoft Presidio,Presidio Contributors,MIT (docs),2026-09-25,retrieved via search summary 2026-09-25,,agents/shared-ner-service.md
S2105,https://github.com/data-privacy-stack/presidio-research/blob/main/README.md,presidio-research README,Presidio Contributors,MIT,2026-09-25,retrieved via search summary 2026-09-25,,agents/shared-ner-service.md
S2106,https://learn.microsoft.com/en-us/azure/ai-foundry/responsible-ai/language-service/data-privacy,Data privacy and security - Language service Responsible AI,Microsoft,CC-BY-4.0,2026-09-25,referenced from S2092,,agents/shared-ner-service.md
S2107,https://aws.amazon.com/about-aws/whats-new/2022/05/amazon-comprehend-detects-redacts-pll-entity-types-across-us-uk-canada-india,Amazon Comprehend detects and redacts 14 new PII entity types across the U.S. U.K. Canada and India,AWS,AWS docs (summarize; quote <=25 words),2026-09-25,announcement 2022-05,,agents/shared-ner-service.md
S2108,https://docs.cloud.google.com/sensitive-data-protection/docs,Sensitive Data Protection documentation,Google,Google docs terms,2026-09-25,retrieved via search summary 2026-09-25,,agents/shared-ner-service.md
S2109,https://learn.microsoft.com/en-us/microsoft-copilot-studio/admin-share-bots,Share agents with other users - Microsoft Copilot Studio,Microsoft,CC-BY-4.0,2026-09-25,retrieved via search summary 2026-09-25,,agents/agent-dispatch-and-shared-services.md
S2110,https://blog.modelcontextprotocol.io/posts/mcp-roadmap/,The New MCP Roadmap,Model Context Protocol / Linux Foundation,CC-BY-4.0 (per MCP docs licence),2026-09-25,retrieved via search summary 2026-09-25,,agents/agent-dispatch-and-shared-services.md
S2111,https://pypi.org/project/presidio-evaluator/,presidio-evaluator PyPI,PyPI / Presidio Contributors,MIT (package); PyPI metadata,2026-09-25,retrieved via search summary 2026-09-25,,agents/shared-ner-service.md
S2112,https://learn.microsoft.com/en-us/azure/ai-services/language-service/personally-identifiable-information/how-to/redact-text-pii,Detect and redact PII in text,Microsoft,CC-BY-4.0,2026-09-25,referenced from S2092,,agents/shared-ner-service.md
S2120,https://a2a-protocol.org/latest/specification/,A2A Protocol Specification,Linux Foundation / a2aproject,Apache-2.0 (spec text; per repo LICENSE),2026-09-25,spec v1.0.0; page references Aug 27 2026 post,,agents/a2a-protocol.md
S2121,https://github.com/a2aproject/A2A,a2aproject/A2A repository,Linux Foundation / a2aproject,Apache-2.0,2026-09-25,commit 43e0c874d3baba68ed84b98678d7f2268438e69f (main),,agents/a2a-protocol.md
S2122,https://raw.githubusercontent.com/a2aproject/A2A/43e0c874d3baba68ed84b98678d7f2268438e69f/specification/a2a.proto,A2A protocol buffer definition (a2a.proto),Linux Foundation / a2aproject,Apache-2.0,2026-09-25,pinned at commit 43e0c874d3baba68ed84b98678d7f2268438e69f,945df6e34001b2bfd0fd62d9484b63094dfad9d78705e41e2873441c419ae2d1,agents/a2a-protocol.md
S2123,https://www.linuxfoundation.org/press/linux-foundation-launches-the-agent2agent-protocol-project-to-enable-secure-intelligent-communication-between-ai-agents,Linux Foundation Launches the Agent2Agent Protocol Project,Linux Foundation,Linux Foundation press (summarize; quote <=25 words),2026-09-25,announced 2026-06-23,,agents/a2a-protocol.md
S2124,https://www.linuxfoundation.org/press/a2a-protocol-surpasses-150-organizations-lands-in-major-cloud-platforms-and-sees-enterprise-production-use-in-first-year,A2A Protocol Surpasses 150 Organizations,Linux Foundation,Linux Foundation press (summarize; quote <=25 words),2026-09-25,dated ~2026 (one-year anniversary post),,agents/a2a-protocol.md
S2125,https://github.com/a2aproject/a2a-python,a2aproject/a2a-python (a2a-sdk),Linux Foundation / a2aproject,Apache-2.0,2026-09-25,package a2a-sdk; requires Python 3.10+,,agents/a2a-protocol.md
S2126,https://learn.microsoft.com/en-us/microsoft-copilot-studio/add-agent-agent-to-agent,Connect to an agent over the Agent2Agent (A2A) protocol - Microsoft Copilot Studio,Microsoft (MicrosoftDocs),CC-BY-4.0,2026-09-25,ms.date 2026-08-26,,agents/a2a-protocol.md
S2127,https://www.microsoft.com/en-us/microsoft-cloud/blog/2025/05/07/empowering-multi-agent-apps-with-the-open-agent2agent-a2a-protocol/,Empowering multi-agent apps with the open Agent2Agent (A2A) protocol,Microsoft,Microsoft blog (summarize; quote <=25 words),2026-09-25,posted 2025-05-07,,agents/a2a-protocol.md
S2128,https://developers.googleblog.com/en/a2a-a-new-era-of-agent-interoperability/,Announcing the Agent2Agent Protocol (A2A),Google (Developers Blog),Google blog (summarize; quote <=25 words),2026-09-25,posted 2025-04,,agents/a2a-protocol.md
S2129,https://www.anthropic.com/webinars/deploying-multi-agent-systems-using-mcp-and-a2a-with-claude-on-vertex-ai,Deploying multi-agent systems using MCP and A2A with Claude on Vertex AI,Anthropic,anthropic.com (summarize; quote <=25 words),2026-09-25,webinar page; no fixed date shown,,agents/a2a-protocol.md
S2130,https://platform.claude.com/docs/en/build-with-claude/prompt-caching,Prompt caching,Anthropic (platform.claude.com),Anthropic docs (summarize; quote <=25 words),2026-09-25,retrieved 2026-09-25; covers models through Opus 5.5/Fable 5.1,,agents/agent-caching.md
S2131,https://platform.claude.com/docs/en/about-claude/pricing,Pricing,Anthropic (platform.claude.com),Anthropic docs (summarize; quote <=25 words),2026-09-25,retrieved 2026-09-25,,agents/agent-caching.md
S2132,https://code.claude.com/docs/en/costs,Manage costs effectively,Anthropic (code.claude.com),Anthropic docs (summarize; quote <=25 words),2026-09-25,requires Claude Code v2.1.251+ for cache line; v2.1.260+ for likely-cause text,,agents/agent-caching.md
S2133,https://developers.openai.com/api/docs/guides/prompt-caching,Prompt caching,OpenAI (developers.openai.com),OpenAI docs (summarize; quote <=25 words),2026-09-25,covers GPT-5.6+ and earlier models,,agents/agent-caching.md
S2134,https://learn.microsoft.com/en-us/azure/ai-foundry/openai/how-to/prompt-caching,Prompt caching with Azure OpenAI in Microsoft Foundry Models,Microsoft (MicrosoftDocs),CC-BY-4.0,2026-09-25,retrieved 2026-09-25,,agents/agent-caching.md
S2135,https://modelcontextprotocol.io/specification/2026-07-28/server/tools,Tools (MCP specification 2026-07-28),modelcontextprotocol.io,MIT (spec repo),2026-09-25,spec revision 2026-07-28,,agents/agent-caching.md
S2136,https://modelcontextprotocol.io/specification/2026-07-28/server/utilities/caching,Caching (MCP specification 2026-07-28),modelcontextprotocol.io,MIT (spec repo),2026-09-25,spec revision 2026-07-28,,agents/agent-caching.md
S2137,https://www.anthropic.com/engineering,Anthropic Engineering blog index,Anthropic,anthropic.com (summarize; quote <=25 words),2026-09-25,retrieved 2026-09-25,,agents/anthropic-materials.md;agents/anthropic-materials.csv
S2138,https://www.anthropic.com/engineering/building-effective-agents,Building effective agents,Anthropic,anthropic.com (summarize; quote <=25 words),2026-09-25,2024-12-19,,agents/anthropic-materials.csv
S2139,https://www.anthropic.com/engineering/multi-agent-research-system,How we built our multi-agent research system,Anthropic,anthropic.com (summarize; quote <=25 words),2026-09-25,2025-06-13,,agents/anthropic-materials.csv
S2140,https://www.anthropic.com/engineering/claude-code-best-practices,Claude Code: Best practices for agentic coding,Anthropic,anthropic.com (summarize; quote <=25 words),2026-09-25,2025-04-18,,agents/anthropic-materials.csv
S2141,https://www.anthropic.com/engineering/writing-tools-for-agents,Writing effective tools for agents — with agents,Anthropic,anthropic.com (summarize; quote <=25 words),2026-09-25,2025-09-11,,agents/anthropic-materials.csv
S2142,https://www.anthropic.com/engineering/effective-context-engineering-for-ai-agents,Effective context engineering for AI agents,Anthropic,anthropic.com (summarize; quote <=25 words),2026-09-25,2025-09-29,,agents/anthropic-materials.csv
S2143,https://www.anthropic.com/engineering/equipping-agents-for-the-real-world-with-agent-skills,Equipping agents for the real world with Agent Skills,Anthropic,anthropic.com (summarize; quote <=25 words),2026-09-25,2025-10-16,,agents/anthropic-materials.csv
S2144,https://www.anthropic.com/engineering/code-execution-with-mcp,Code execution with MCP: Building more efficient agents,Anthropic,anthropic.com (summarize; quote <=25 words),2026-09-25,2025-11-04,,agents/anthropic-materials.csv
S2145,https://www.anthropic.com/engineering/demystifying-evals-for-ai-agents,Demystifying evals for AI agents,Anthropic,anthropic.com (summarize; quote <=25 words),2026-09-25,2026-01-09,,agents/anthropic-materials.csv
S2146,https://www.anthropic.com/engineering/contextual-retrieval,Introducing Contextual Retrieval,Anthropic,anthropic.com (summarize; quote <=25 words),2026-09-25,2024-09-19,,agents/anthropic-materials.csv
S2147,https://www.anthropic.com/engineering/claude-think-tool,"The ""think"" tool: Enabling Claude to stop and think in complex tool use situations",Anthropic,anthropic.com (summarize; quote <=25 words),2026-09-25,2025-03-20,,agents/anthropic-materials.csv
S2148,https://www.anthropic.com/engineering/desktop-extensions,Desktop Extensions: One-click MCP server installation for Claude Desktop,Anthropic,anthropic.com (summarize; quote <=25 words),2026-09-25,2025-06-26,,agents/anthropic-materials.csv
S2149,https://www.anthropic.com/engineering/advanced-tool-use,Introducing advanced tool use on the Claude Developer Platform,Anthropic,anthropic.com (summarize; quote <=25 words),2026-09-25,2025-11-24,,agents/anthropic-materials.csv
S2150,https://www.anthropic.com/engineering/effective-harnesses-for-long-running-agents,Effective harnesses for long-running agents,Anthropic,anthropic.com (summarize; quote <=25 words),2026-09-25,2025-11-26,,agents/anthropic-materials.csv
S2151,https://www.anthropic.com/engineering/claude-code-sandboxing,Beyond permission prompts: making Claude Code more secure and autonomous,Anthropic,anthropic.com (summarize; quote <=25 words),2026-09-25,2025-10-20,,agents/anthropic-materials.csv
S2152,https://www.anthropic.com/engineering/managed-agents,Scaling Managed Agents: Decoupling the brain from the hands,Anthropic,anthropic.com (summarize; quote <=25 words),2026-09-25,2026-04-08,,agents/anthropic-materials.csv
S2153,https://www.anthropic.com/engineering/harness-design-long-running-apps,Harness design for long-running application development,Anthropic,anthropic.com (summarize; quote <=25 words),2026-09-25,2026-03-24,,agents/anthropic-materials.csv
S2154,https://www.anthropic.com/engineering/claude-code-auto-mode,How we built Claude Code auto mode: a safer way to skip permissions,Anthropic,anthropic.com (summarize; quote <=25 words),2026-09-25,2026-03-25,,agents/anthropic-materials.csv
S2155,https://github.com/anthropics/anthropic-cookbook,anthropics/anthropic-cookbook repository,Anthropic,MIT,2026-09-25,retrieved 2026-09-25,,agents/anthropic-materials.md;agents/anthropic-materials.csv
S2156,https://github.com/anthropics/courses,anthropics/courses repository,Anthropic,"repo (licence per file; treat as COMMUNITY-adjacent official repo, summarize)",2026-09-25,retrieved 2026-09-25 via WebSearch,,agents/anthropic-materials.md
S2157,https://code.claude.com/docs/en/sub-agents,Subagents (Claude Code docs),Anthropic (code.claude.com),Anthropic docs (summarize; quote <=25 words),2026-09-25,confirmed via WebFetch 2026-09-25,,agents/anthropic-materials.csv
S2158,https://code.claude.com/docs/en/skills,Agent Skills (Claude Code docs),Anthropic (code.claude.com),Anthropic docs (summarize; quote <=25 words),2026-09-25,confirmed via WebFetch 2026-09-25,,agents/anthropic-materials.csv
S2159,https://code.claude.com/docs/en/prompt-caching,Prompt caching in Claude Code (docs section),Anthropic (code.claude.com),Anthropic docs (summarize; quote <=25 words),2026-09-25,linked from S2132 costs page,,agents/agent-caching.md;agents/anthropic-materials.csv
S2160,https://docs.cloud.google.com/architecture/choose-agentic-ai-architecture-components,Choose your agentic AI architecture components,Google (Cloud Architecture Center),Google terms of service,2026-09-25,retrieved 2026-09-25 (via search summary; direct fetch returned HTTP 403),,agents/agent-overuse-patterns.md
S2161,https://www.kaggle.com/whitepaper-agent-companion,Agents Companion (Google whitepaper),Google,Google terms of service,2026-09-25,retrieved 2026-09-25 (via search summary),,agents/agent-overuse-patterns.md
S2162,https://techcommunity.microsoft.com/blog/azure-ai-foundry-blog/three-tiers-of-agentic-ai---and-when-to-use-none-of-them/4510377,Three tiers of Agentic AI - and when to use none of them,Microsoft (Microsoft Community Hub author),Microsoft Community Hub terms,2026-09-25,retrieved 2026-09-25 (title/summary only; body not retrievable by WebFetch this session),,agents/agent-overuse-patterns.md
S2163,https://techcommunity.microsoft.com/blog/azure-ai-foundry-blog/stop-letting-agents-run-the-workflow/4550068,Stop Letting Agents Run the Workflow,Microsoft (Microsoft Community Hub author),Microsoft Community Hub terms,2026-09-25,retrieved 2026-09-25 (title only; WebFetch returned no body this session),,agents/agent-overuse-patterns.md
S2164,https://www.thoughtworks.com/content/dam/thoughtworks/documents/radar/2026/04/tr_technology_radar_vol_34_en.pdf,Technology Radar Volume 34,Thoughtworks,Thoughtworks content terms,2026-09-25,April 2026,,agents/agent-overuse-patterns.md
S2165,https://www.thoughtworks.com/en-ec/radar/techniques/agent-skills,Agent Skills (Technology Radar technique entry),Thoughtworks,Thoughtworks content terms,2026-09-25,"Vol 34, April 2026",,agents/agent-overuse-patterns.md
S2166,https://jqlang.org/manual/,jq 1.8 Manual,jq project (jqlang.org),MIT,2026-09-25,jq 1.8,,agents/agent-overuse-patterns.csv
S2167,https://docs.renovatebot.com/,Renovate Docs,Renovate (Mend),CC BY 4.0 / Apache-2.0 (repo),2026-09-25,Renovate 44.115.4 (docs site version banner),,agents/agent-overuse-patterns.csv
S2168,https://docs.github.com/en/code-security/dependabot/dependabot-version-updates/about-dependabot-version-updates,About Dependabot version updates,GitHub (docs.github.com),GitHub Docs licence (CC BY 4.0 content),2026-09-25,retrieved 2026-09-25,,agents/agent-overuse-patterns.csv
S2169,https://www.conventionalcommits.org/en/v1.0.0/,Conventional Commits v1.0.0,Conventional Commits project,CC BY 3.0,2026-09-25,v1.0.0,,agents/agent-overuse-patterns.csv
S2170,https://semantic-release.gitbook.io/semantic-release,semantic-release docs (discontinued mirror; canonical now semantic-release.org),semantic-release maintainers,MIT (tool),2026-09-25,retrieved 2026-09-25 (page states site discontinued in favour of semantic-release.org),,agents/agent-overuse-patterns.csv
S2171,https://microsoft.github.io/language-server-protocol/,Language Server Protocol,Microsoft (microsoft.github.io),Microsoft Open Source (spec site),2026-09-25,LSP specification 3.18,,agents/agent-overuse-patterns.csv
S2172,https://arxiv.org/pdf/2603.02601,AgentAssay: Token-Efficient Regression Testing for Non-Deterministic AI Agent Workflows,arXiv preprint,arXiv non-exclusive licence,2026-09-25,submitted 2026-03,,agents/agent-overuse-patterns.md
S2173,https://online.stevens.edu/blog/hidden-economics-ai-agents-token-costs-latency/,The Hidden Economics of AI Agents: Managing Token Costs and Latency Trade-offs,Stevens Institute of Technology (Stevens Online blog),COMMUNITY - all rights reserved (summarized only),2026-09-25,retrieved 2026-09-25,,agents/agent-overuse-patterns.md
S2174,https://dev.to/akaranjkar08/agent-orchestration-decision-matrix-2026-when-to-script-vs-model-drive-4l1,Agent Orchestration Decision Matrix 2026: When to Script vs Model-Drive,Independent (DEV Community),COMMUNITY - DEV Community terms,2026-09-25,retrieved 2026-09-25,,agents/agent-overuse-patterns.md
S2175,https://teriradichel.substack.com/p/when-to-use-an-ai-agent,When to Use An AI Agent,"Teri Radichel (Substack, independent practitioner)",COMMUNITY - all rights reserved (summarized only),2026-09-25,retrieved 2026-09-25,,agents/agent-overuse-patterns.md
