id,url,kind,repo,pin,path,retrieved_utc,http_status,bucket,evidence,proof,note,used_in,outcome,outcome_note
S100,https://raw.githubusercontent.com/PowerShell/DSC/ea572fa755dbd49fb52339043409fbd50a625600/dsc/src/args.rs,raw-pin,github.com/PowerShell/DSC,ea572fa755dbd49fb52339043409fbd50a625600,dsc/src/args.rs,2026-09-25,200,OK,file identical at the pin and at release/v3.3@ea572fa755db,release/v3.3@ea572fa755db,,dsc/cli-reference.md;dsc/functions.md;dsc/mcp-server.md;dsc/what-if.md,,
S101,https://raw.githubusercontent.com/PowerShell/DSC/ea572fa755dbd49fb52339043409fbd50a625600/dsc/src/util.rs,raw-pin,github.com/PowerShell/DSC,ea572fa755dbd49fb52339043409fbd50a625600,dsc/src/util.rs,2026-09-25,200,OK,file identical at the pin and at release/v3.3@ea572fa755db,release/v3.3@ea572fa755db,,dsc/cli-reference.md;dsc/secrets.md;dsc/settings-and-paths.md,,
S102,https://raw.githubusercontent.com/PowerShell/DSC/ea572fa755dbd49fb52339043409fbd50a625600/lib/dsc-lib/src/configure/mod.rs,raw-pin,github.com/PowerShell/DSC,ea572fa755dbd49fb52339043409fbd50a625600,lib/dsc-lib/src/configure/mod.rs,2026-09-25,200,OK,file identical at the pin and at release/v3.3@ea572fa755db,release/v3.3@ea572fa755db,,dsc/directives.md;dsc/what-if.md,,
S103,https://raw.githubusercontent.com/PowerShell/DSC/ea572fa755dbd49fb52339043409fbd50a625600/lib/dsc-lib/src/configure/config_doc.rs,raw-pin,github.com/PowerShell/DSC,ea572fa755dbd49fb52339043409fbd50a625600,lib/dsc-lib/src/configure/config_doc.rs,2026-09-25,200,OK,file identical at the pin and at release/v3.3@ea572fa755db,release/v3.3@ea572fa755db,,dsc/directives.md,,
S104,https://raw.githubusercontent.com/PowerShell/DSC/ea572fa755dbd49fb52339043409fbd50a625600/lib/dsc-lib/src/types/semantic_version_req.rs,raw-pin,github.com/PowerShell/DSC,ea572fa755dbd49fb52339043409fbd50a625600,lib/dsc-lib/src/types/semantic_version_req.rs,2026-09-25,200,OK,file identical at the pin and at release/v3.3@ea572fa755db,release/v3.3@ea572fa755db,,dsc/directives.md,,
S105,https://raw.githubusercontent.com/PowerShell/DSC/ea572fa755dbd49fb52339043409fbd50a625600/lib/dsc-lib/src/dscresources/command_resource.rs,raw-pin,github.com/PowerShell/DSC,ea572fa755dbd49fb52339043409fbd50a625600,lib/dsc-lib/src/dscresources/command_resource.rs,2026-09-25,200,OK,file identical at the pin and at release/v3.3@ea572fa755db,release/v3.3@ea572fa755db,,dsc/directives.md;dsc/manifests-diff.md;dsc/secrets.md;dsc/what-if.md,,
S106,https://raw.githubusercontent.com/PowerShell/DSC/ea572fa755dbd49fb52339043409fbd50a625600/lib/dsc-lib/src/discovery/command_discovery.rs,raw-pin,github.com/PowerShell/DSC,ea572fa755dbd49fb52339043409fbd50a625600,lib/dsc-lib/src/discovery/command_discovery.rs,2026-09-25,200,OK,file identical at the pin and at release/v3.3@ea572fa755db,release/v3.3@ea572fa755db,,dsc/manifests-diff.md;dsc/secrets.md;dsc/settings-and-paths.md;dsc/what-if.md,,
S107,https://raw.githubusercontent.com/PowerShell/DSC/ea572fa755dbd49fb52339043409fbd50a625600/lib/dsc-lib/src/util.rs,raw-pin,github.com/PowerShell/DSC,ea572fa755dbd49fb52339043409fbd50a625600,lib/dsc-lib/src/util.rs,2026-09-25,200,OK,file identical at the pin and at release/v3.3@ea572fa755db,release/v3.3@ea572fa755db,,dsc/secrets.md;dsc/settings-and-paths.md,,
S108,https://raw.githubusercontent.com/PowerShell/DSC/ea572fa755dbd49fb52339043409fbd50a625600/dsc/src/server/invoke_dsc_config.rs,raw-pin,github.com/PowerShell/DSC,ea572fa755dbd49fb52339043409fbd50a625600,dsc/src/server/invoke_dsc_config.rs,2026-09-25,200,OK,file identical at the pin and at release/v3.3@ea572fa755db,release/v3.3@ea572fa755db,,dsc/mcp-server.md;dsc/what-if.md,,
S109,https://raw.githubusercontent.com/PowerShell/DSC/9c60d043f0c018f3026feee481cb6402100f4331/dsc/src/server/invoke_dsc_config.rs,raw-pin,github.com/PowerShell/DSC,9c60d043f0c018f3026feee481cb6402100f4331,dsc/src/server/invoke_dsc_config.rs,2026-09-25,200,OK,file identical at the pin and at HEAD@f050e3ef2996,HEAD@f050e3ef2996,,dsc/mcp-server.md;dsc/what-if.md,,
S110,https://raw.githubusercontent.com/PowerShell/DSC/4b492407ef4a9875c78986bbb08e1db277581ec9/dsc/Cargo.toml,raw-pin,github.com/PowerShell/DSC,4b492407ef4a9875c78986bbb08e1db277581ec9,dsc/Cargo.toml,2026-09-25,200,OK,file identical at the pin and at HEAD@f050e3ef2996,HEAD@f050e3ef2996,,dsc/releases-feature-matrix.md,,
S111,https://raw.githubusercontent.com/PowerShell/DSC/ea572fa755dbd49fb52339043409fbd50a625600/dsc/Cargo.toml,raw-pin,github.com/PowerShell/DSC,ea572fa755dbd49fb52339043409fbd50a625600,dsc/Cargo.toml,2026-09-25,200,OK,file identical at the pin and at release/v3.3@ea572fa755db,release/v3.3@ea572fa755db,,dsc/directives.md;dsc/releases-feature-matrix.md,,
S112,https://raw.githubusercontent.com/PowerShell/DSC/ea572fa755dbd49fb52339043409fbd50a625600/lib/dsc-lib/Cargo.toml,raw-pin,github.com/PowerShell/DSC,ea572fa755dbd49fb52339043409fbd50a625600,lib/dsc-lib/Cargo.toml,2026-09-25,200,OK,file identical at the pin and at release/v3.3@ea572fa755db,release/v3.3@ea572fa755db,,dsc/directives.md;dsc/releases-feature-matrix.md,,
S113,https://api.github.com/repos/PowerShell/DSC/releases?per_page=100,api-releases,github.com/PowerShell/DSC,,,2026-09-25,,OK,no release tagged after retrieval 2026-09-25,no release after 2026-09-25,,dsc/mcp-server.md;dsc/releases-feature-matrix.md,,
S114,https://github.com/PowerShell/DSC/releases/download/v3.3.0/DSC-3.3.0-x86_64-pc-windows-msvc.zip,release,github.com/PowerShell/DSC,v3.3.0,,2026-09-25,,OK,v3.3.0 is still the newest release of its series,release v3.3.0 newest,,dsc/manifests-diff.md;dsc/mcp-server.md;dsc/releases-feature-matrix.md;dsc/secrets.md;dsc/settings-and-paths.md;dsc/what-if.md;security/dsc-coverage.md,,
S115,https://github.com/PowerShell/DSC/releases/download/v3.4.0-preview.1/DSC-3.4.0-preview.1-x86_64-pc-windows-msvc.zip,release,github.com/PowerShell/DSC,v3.4.0-preview.1,,2026-09-25,,OK,v3.4.0-preview.1 is still the newest release of its series,release v3.4.0-preview.1 newest,,dsc/manifests-diff.md;dsc/mcp-server.md;dsc/releases-feature-matrix.md;dsc/secrets.md;dsc/what-if.md;security/dsc-coverage.md,,
S116,https://github.com/PowerShell/DSC/releases/download/v3.3.0/DSC-3.3.0-aarch64-apple-darwin.tar.gz,release,github.com/PowerShell/DSC,v3.3.0,,2026-09-25,,OK,v3.3.0 is still the newest release of its series,release v3.3.0 newest,,dsc/cli-reference.md;dsc/directives.md;dsc/functions.md;dsc/mcp-server.md;dsc/releases-feature-matrix.md;dsc/schemas.md;dsc/secrets.md,,
S117,https://github.com/PowerShell/DSC/releases/download/v3.4.0-preview.1/DSC-3.4.0-preview.1-aarch64-apple-darwin.tar.gz,release,github.com/PowerShell/DSC,v3.4.0-preview.1,,2026-09-25,,OK,v3.4.0-preview.1 is still the newest release of its series,release v3.4.0-preview.1 newest,,dsc/cli-reference.md;dsc/directives.md;dsc/functions.md;dsc/mcp-server.md;dsc/releases-feature-matrix.md;dsc/schemas.md;dsc/secrets.md,,
S118,https://github.com/PowerShell/DSC/releases/tag/v3.3.0,release,github.com/PowerShell/DSC,v3.3.0,,2026-09-25,,OK,v3.3.0 is still the newest release of its series,release v3.3.0 newest,,dsc/cli-reference.md;dsc/mcp-server.md;dsc/releases-feature-matrix.md,,
S119,https://github.com/PowerShell/DSC/releases/tag/v3.4.0-preview.1,release,github.com/PowerShell/DSC,v3.4.0-preview.1,,2026-09-25,,OK,v3.4.0-preview.1 is still the newest release of its series,release v3.4.0-preview.1 newest,,dsc/releases-feature-matrix.md,,
S120,https://raw.githubusercontent.com/PowerShell/DSC/9c60d043f0c018f3026feee481cb6402100f4331/data.build.json,raw-pin,github.com/PowerShell/DSC,9c60d043f0c018f3026feee481cb6402100f4331,data.build.json,2026-09-25,200,OK,file identical at the pin and at HEAD@f050e3ef2996,HEAD@f050e3ef2996,,dsc/manifests-diff.md;dsc/releases-feature-matrix.md,,
S121,https://raw.githubusercontent.com/PowerShell/DSC/9c60d043f0c018f3026feee481cb6402100f4331/adapters/group_policy_template/group_policy_template.dsc.resource.json,raw-pin,github.com/PowerShell/DSC,9c60d043f0c018f3026feee481cb6402100f4331,adapters/group_policy_template/group_policy_template.dsc.resource.json,2026-09-25,200,OK,file identical at the pin and at HEAD@f050e3ef2996,HEAD@f050e3ef2996,,dsc/manifests-diff.md;dsc/releases-feature-matrix.md;security/dsc-coverage.md,,
S122,https://raw.githubusercontent.com/PowerShell/DSC/ea572fa755dbd49fb52339043409fbd50a625600/resources/windows_personalization/windows_personalization.dsc.adaptedResource.yaml,raw-pin,github.com/PowerShell/DSC,ea572fa755dbd49fb52339043409fbd50a625600,resources/windows_personalization/windows_personalization.dsc.adaptedResource.yaml,2026-09-25,200,OK,file identical at the pin and at release/v3.3@ea572fa755db,release/v3.3@ea572fa755db,,dsc/manifests-diff.md;dsc/releases-feature-matrix.md,,
S123,https://raw.githubusercontent.com/PowerShell/DSC/ea572fa755dbd49fb52339043409fbd50a625600/dsc/tests/dsc_version.tests.ps1,raw-pin,github.com/PowerShell/DSC,ea572fa755dbd49fb52339043409fbd50a625600,dsc/tests/dsc_version.tests.ps1,2026-09-25,200,OK,file identical at the pin and at release/v3.3@ea572fa755db,release/v3.3@ea572fa755db,,dsc/directives.md,,
S124,https://raw.githubusercontent.com/PowerShell/DSC/ea572fa755dbd49fb52339043409fbd50a625600/lib/dsc-lib/src/functions/secret.rs,raw-pin,github.com/PowerShell/DSC,ea572fa755dbd49fb52339043409fbd50a625600,lib/dsc-lib/src/functions/secret.rs,2026-09-25,200,OK,file identical at the pin and at release/v3.3@ea572fa755db,release/v3.3@ea572fa755db,,dsc/functions.md;dsc/secrets.md,,
S125,https://raw.githubusercontent.com/PowerShell/DSC/ea572fa755dbd49fb52339043409fbd50a625600/lib/dsc-lib/src/configure/parameters.rs,raw-pin,github.com/PowerShell/DSC,ea572fa755dbd49fb52339043409fbd50a625600,lib/dsc-lib/src/configure/parameters.rs,2026-09-25,200,OK,file identical at the pin and at release/v3.3@ea572fa755db,release/v3.3@ea572fa755db,,dsc/secrets.md,,
S126,https://api.github.com/repos/PowerShell/DSC/issues?state=open&labels=Issue-Bug&per_page=100,api-other,,,,2026-09-23,,NEEDS-READING,"a github.com page (issues, wiki, home) or API call; read it",,github page,dsc/open-bugs-windows.md;dsc/secrets.md;dsc/settings-and-paths.md,,
S127,https://raw.githubusercontent.com/PowerShell/DSC/ea572fa755dbd49fb52339043409fbd50a625600/dsc/dsc.settings.json,raw-pin,github.com/PowerShell/DSC,ea572fa755dbd49fb52339043409fbd50a625600,dsc/dsc.settings.json,2026-09-25,200,OK,file identical at the pin and at release/v3.3@ea572fa755db,release/v3.3@ea572fa755db,,dsc/settings-and-paths.md,,
S128,https://raw.githubusercontent.com/PowerShell/DSC/ea572fa755dbd49fb52339043409fbd50a625600/dsc/src/main.rs,raw-pin,github.com/PowerShell/DSC,ea572fa755dbd49fb52339043409fbd50a625600,dsc/src/main.rs,2026-09-25,200,OK,file identical at the pin and at release/v3.3@ea572fa755db,release/v3.3@ea572fa755db,,dsc/cli-reference.md;dsc/settings-and-paths.md,,
S129,https://raw.githubusercontent.com/PowerShell/DSC/631d0e14621f5df7cbda9cb59473bc3282dc79fd/dsc_lib/src/functions/mod.rs,raw-pin,github.com/PowerShell/DSC,631d0e14621f5df7cbda9cb59473bc3282dc79fd,dsc_lib/src/functions/mod.rs,2026-09-25,200,OK,file identical at the pin and at release/v3.0.0@b619ff241a1b,release/v3.0.0@b619ff241a1b,,dsc/functions.md;dsc/releases-feature-matrix.md,,
S130,https://raw.githubusercontent.com/PowerShell/DSC/598ee78e3967d5d9562d582509c3d01095a53caf/dsc_lib/src/functions/mod.rs,raw-pin,github.com/PowerShell/DSC,598ee78e3967d5d9562d582509c3d01095a53caf,dsc_lib/src/functions/mod.rs,2026-09-25,200,OK,file identical at the pin and at release/v3.1@becb9123e7b7,release/v3.1@becb9123e7b7,,dsc/functions.md;dsc/releases-feature-matrix.md,,
S131,https://raw.githubusercontent.com/PowerShell/DSC/119832c26b43d3fb4dc4ce0d5eeff29efe4f72e3/lib/dsc-lib/src/functions/mod.rs,raw-pin,github.com/PowerShell/DSC,119832c26b43d3fb4dc4ce0d5eeff29efe4f72e3,lib/dsc-lib/src/functions/mod.rs,2026-09-25,200,OK,file identical at the pin and at release/v3.2@f21670dce633,release/v3.2@f21670dce633,,dsc/functions.md;dsc/releases-feature-matrix.md,,
S132,https://raw.githubusercontent.com/PowerShell/DSC/631d0e14621f5df7cbda9cb59473bc3282dc79fd/dsc/src/args.rs,raw-pin,github.com/PowerShell/DSC,631d0e14621f5df7cbda9cb59473bc3282dc79fd,dsc/src/args.rs,2026-09-25,200,CHANGED,file differs at release/v3.0.0@b619ff241a1b; latest change dc7f9a7eb96f 2025-04-07,release/v3.0.0@b619ff241a1b,latest=dc7f9a7eb96fdc5c30e4765fc9f10e098eb79513,dsc/cli-reference.md;dsc/mcp-server.md;dsc/releases-feature-matrix.md,,
S133,https://raw.githubusercontent.com/PowerShell/DSC/598ee78e3967d5d9562d582509c3d01095a53caf/dsc/src/args.rs,raw-pin,github.com/PowerShell/DSC,598ee78e3967d5d9562d582509c3d01095a53caf,dsc/src/args.rs,2026-09-25,200,OK,file identical at the pin and at release/v3.1@becb9123e7b7,release/v3.1@becb9123e7b7,,dsc/cli-reference.md;dsc/mcp-server.md;dsc/releases-feature-matrix.md,,
S134,https://raw.githubusercontent.com/PowerShell/DSC/119832c26b43d3fb4dc4ce0d5eeff29efe4f72e3/dsc/src/args.rs,raw-pin,github.com/PowerShell/DSC,119832c26b43d3fb4dc4ce0d5eeff29efe4f72e3,dsc/src/args.rs,2026-09-25,200,CHANGED,file differs at release/v3.2@f21670dce633; latest change 87fb34096ea4 2026-07-15,release/v3.2@f21670dce633,latest=87fb34096ea4eb26178623c471b818511ea0fd24,dsc/cli-reference.md;dsc/mcp-server.md;dsc/releases-feature-matrix.md,,
S135,https://raw.githubusercontent.com/MicrosoftDocs/PowerShell-Docs-DSC/55c3581bed2a90d7169aa9c660496215155c5f88/dsc/docs-conceptual/dsc-3.0/reference/cli/index.md,raw-pin,github.com/MicrosoftDocs/PowerShell-Docs-DSC,55c3581bed2a90d7169aa9c660496215155c5f88,dsc/docs-conceptual/dsc-3.0/reference/cli/index.md,2026-09-25,200,OK,file identical at the pin and at HEAD@55c3581bed2a,HEAD@55c3581bed2a,,dsc/cli-reference.md,,
S136,https://raw.githubusercontent.com/PowerShell/DSC/ea572fa755dbd49fb52339043409fbd50a625600/docs/reference/cli/server/index.md,raw-pin,github.com/PowerShell/DSC,ea572fa755dbd49fb52339043409fbd50a625600,docs/reference/cli/server/index.md,2026-09-25,200,OK,file identical at the pin and at release/v3.3@ea572fa755db,release/v3.3@ea572fa755db,,dsc/cli-reference.md;dsc/mcp-server.md,,
S137,https://raw.githubusercontent.com/PowerShell/DSC/ea572fa755dbd49fb52339043409fbd50a625600/schemas/schemas.config.yaml,raw-pin,github.com/PowerShell/DSC,ea572fa755dbd49fb52339043409fbd50a625600,schemas/schemas.config.yaml,2026-09-25,200,OK,file identical at the pin and at release/v3.3@ea572fa755db,release/v3.3@ea572fa755db,,dsc/schemas.md,,
S138,https://raw.githubusercontent.com/PowerShell/DSC/ea572fa755dbd49fb52339043409fbd50a625600/resources/windows_service/src/main.rs,raw-pin,github.com/PowerShell/DSC,ea572fa755dbd49fb52339043409fbd50a625600,resources/windows_service/src/main.rs,2026-09-25,200,OK,file identical at the pin and at release/v3.3@ea572fa755db,release/v3.3@ea572fa755db,,dsc/what-if.md,,
S139,https://raw.githubusercontent.com/PowerShell/DSC/ea572fa755dbd49fb52339043409fbd50a625600/resources/windows_firewall/src/firewall.rs,raw-pin,github.com/PowerShell/DSC,ea572fa755dbd49fb52339043409fbd50a625600,resources/windows_firewall/src/firewall.rs,2026-09-25,200,OK,file identical at the pin and at release/v3.3@ea572fa755db,release/v3.3@ea572fa755db,,dsc/what-if.md,,
S140,https://raw.githubusercontent.com/PowerShell/DSC/ea572fa755dbd49fb52339043409fbd50a625600/lib/dsc-lib/locales/en-us.toml,raw-pin,github.com/PowerShell/DSC,ea572fa755dbd49fb52339043409fbd50a625600,lib/dsc-lib/locales/en-us.toml,2026-09-25,200,OK,file identical at the pin and at release/v3.3@ea572fa755db,release/v3.3@ea572fa755db,,dsc/directives.md;dsc/what-if.md,,
S141,https://raw.githubusercontent.com/PowerShell/DSC/ea572fa755dbd49fb52339043409fbd50a625600/dsc/locales/en-us.toml,raw-pin,github.com/PowerShell/DSC,ea572fa755dbd49fb52339043409fbd50a625600,dsc/locales/en-us.toml,2026-09-25,200,OK,file identical at the pin and at release/v3.3@ea572fa755db,release/v3.3@ea572fa755db,,dsc/cli-reference.md;dsc/mcp-server.md,,
S142,https://raw.githubusercontent.com/PowerShell/DSC/ea572fa755dbd49fb52339043409fbd50a625600/lib/dsc-lib/src/dscresources/dscresource.rs,raw-pin,github.com/PowerShell/DSC,ea572fa755dbd49fb52339043409fbd50a625600,lib/dsc-lib/src/dscresources/dscresource.rs,2026-09-25,200,OK,file identical at the pin and at release/v3.3@ea572fa755db,release/v3.3@ea572fa755db,,dsc/secrets.md,,
S143,https://raw.githubusercontent.com/PowerShell/DSC/ea572fa755dbd49fb52339043409fbd50a625600/CHANGELOG.md,raw-pin,github.com/PowerShell/DSC,ea572fa755dbd49fb52339043409fbd50a625600,CHANGELOG.md,2026-09-25,200,OK,file identical at the pin and at release/v3.3@ea572fa755db,release/v3.3@ea572fa755db,,dsc/releases-feature-matrix.md,,
S144,https://github.com/PowerShell/DSC/tree/release/v3.3,gh-ref,github.com/PowerShell/DSC,release,v3.3,2026-09-25,,OK,no commit on release/v3.3 touches it since 2026-09-25; release/v3.3@ea572fa755db,release/v3.3@ea572fa755db,,dsc/releases-feature-matrix.md,,
S145,https://raw.githubusercontent.com/MicrosoftDocs/PowerShell-Docs-DSC/55c3581bed2a90d7169aa9c660496215155c5f88/dsc/docs-conceptual/dsc-3.0/reference/schemas/config/document.md,raw-pin,github.com/MicrosoftDocs/PowerShell-Docs-DSC,55c3581bed2a90d7169aa9c660496215155c5f88,dsc/docs-conceptual/dsc-3.0/reference/schemas/config/document.md,2026-09-25,200,OK,file identical at the pin and at HEAD@55c3581bed2a,HEAD@55c3581bed2a,,dsc/schemas.md,,
S146,https://raw.githubusercontent.com/PowerShell/DSC/ea572fa755dbd49fb52339043409fbd50a625600/schemas/v3/bundled/config/document.json,raw-pin,github.com/PowerShell/DSC,ea572fa755dbd49fb52339043409fbd50a625600,schemas/v3/bundled/config/document.json,2026-09-25,200,OK,file identical at the pin and at release/v3.3@ea572fa755db,release/v3.3@ea572fa755db,,dsc/schemas.md,,
S147,https://raw.githubusercontent.com/PowerShell/DSC/ea572fa755dbd49fb52339043409fbd50a625600/schemas/v3/bundled/extension/manifest.json,raw-pin,github.com/PowerShell/DSC,ea572fa755dbd49fb52339043409fbd50a625600,schemas/v3/bundled/extension/manifest.json,2026-09-25,200,OK,file identical at the pin and at release/v3.3@ea572fa755db,release/v3.3@ea572fa755db,,dsc/schemas.md,,
S148,https://raw.githubusercontent.com/PowerShell/DSC/ea572fa755dbd49fb52339043409fbd50a625600/schemas/v3/bundled/outputs/config/get.json,raw-pin,github.com/PowerShell/DSC,ea572fa755dbd49fb52339043409fbd50a625600,schemas/v3/bundled/outputs/config/get.json,2026-09-25,200,OK,file identical at the pin and at release/v3.3@ea572fa755db,release/v3.3@ea572fa755db,,dsc/schemas.md,,
S149,https://raw.githubusercontent.com/PowerShell/DSC/ea572fa755dbd49fb52339043409fbd50a625600/schemas/v3/bundled/outputs/config/set.json,raw-pin,github.com/PowerShell/DSC,ea572fa755dbd49fb52339043409fbd50a625600,schemas/v3/bundled/outputs/config/set.json,2026-09-25,200,OK,file identical at the pin and at release/v3.3@ea572fa755db,release/v3.3@ea572fa755db,,dsc/schemas.md,,
S150,https://raw.githubusercontent.com/PowerShell/DSC/ea572fa755dbd49fb52339043409fbd50a625600/schemas/v3/bundled/outputs/config/test.json,raw-pin,github.com/PowerShell/DSC,ea572fa755dbd49fb52339043409fbd50a625600,schemas/v3/bundled/outputs/config/test.json,2026-09-25,200,OK,file identical at the pin and at release/v3.3@ea572fa755db,release/v3.3@ea572fa755db,,agents/agent-overuse-patterns.csv;agents/agent-overuse-patterns.md;dsc/schemas.md,,
S151,https://raw.githubusercontent.com/PowerShell/DSC/ea572fa755dbd49fb52339043409fbd50a625600/schemas/v3/bundled/outputs/resource/get.json,raw-pin,github.com/PowerShell/DSC,ea572fa755dbd49fb52339043409fbd50a625600,schemas/v3/bundled/outputs/resource/get.json,2026-09-25,200,OK,file identical at the pin and at release/v3.3@ea572fa755db,release/v3.3@ea572fa755db,,dsc/schemas.md,,
S152,https://raw.githubusercontent.com/PowerShell/DSC/ea572fa755dbd49fb52339043409fbd50a625600/schemas/v3/bundled/outputs/resource/list.json,raw-pin,github.com/PowerShell/DSC,ea572fa755dbd49fb52339043409fbd50a625600,schemas/v3/bundled/outputs/resource/list.json,2026-09-25,200,OK,file identical at the pin and at release/v3.3@ea572fa755db,release/v3.3@ea572fa755db,,dsc/schemas.md,,
S153,https://raw.githubusercontent.com/PowerShell/DSC/ea572fa755dbd49fb52339043409fbd50a625600/schemas/v3/bundled/outputs/resource/set.json,raw-pin,github.com/PowerShell/DSC,ea572fa755dbd49fb52339043409fbd50a625600,schemas/v3/bundled/outputs/resource/set.json,2026-09-25,200,OK,file identical at the pin and at release/v3.3@ea572fa755db,release/v3.3@ea572fa755db,,dsc/schemas.md,,
S154,https://raw.githubusercontent.com/PowerShell/DSC/ea572fa755dbd49fb52339043409fbd50a625600/schemas/v3/bundled/outputs/resource/test.json,raw-pin,github.com/PowerShell/DSC,ea572fa755dbd49fb52339043409fbd50a625600,schemas/v3/bundled/outputs/resource/test.json,2026-09-25,200,OK,file identical at the pin and at release/v3.3@ea572fa755db,release/v3.3@ea572fa755db,,agents/agent-overuse-patterns.csv;agents/agent-overuse-patterns.md;dsc/schemas.md,,
S155,https://raw.githubusercontent.com/PowerShell/DSC/ea572fa755dbd49fb52339043409fbd50a625600/schemas/v3/bundled/resource/manifest.json,raw-pin,github.com/PowerShell/DSC,ea572fa755dbd49fb52339043409fbd50a625600,schemas/v3/bundled/resource/manifest.json,2026-09-25,200,OK,file identical at the pin and at release/v3.3@ea572fa755db,release/v3.3@ea572fa755db,,dsc/schemas.md,,
S200,https://raw.githubusercontent.com/MicrosoftDocs/memdocs/4b5429df8b47046c6b251e572ee61199fb5d4a5d/intune/configmgr/compliance/deploy-use/create-custom-configuration-items-for-windows-desktop-and-server-computers-managed-with-the-client.md,raw-pin,github.com/MicrosoftDocs/memdocs,4b5429df8b47046c6b251e572ee61199fb5d4a5d,intune/configmgr/compliance/deploy-use/create-custom-configuration-items-for-windows-desktop-and-server-computers-managed-with-the-client.md,2026-09-23,200,NEEDS-READING,file identical at the pin and at HEAD@4b5429df8b47; MicrosoftDocs/memdocs is archived: re-source to the live Learn page,,memdocs,mecm/compliance-script-ci.md;mecm/sql-views-compliance.csv;mecm/sql-views-compliance.md,,
S201,https://raw.githubusercontent.com/MicrosoftDocs/memdocs/4b5429df8b47046c6b251e572ee61199fb5d4a5d/intune/configmgr/compliance/deploy-use/create-configuration-baselines.md,raw-pin,github.com/MicrosoftDocs/memdocs,4b5429df8b47046c6b251e572ee61199fb5d4a5d,intune/configmgr/compliance/deploy-use/create-configuration-baselines.md,2026-09-23,200,NEEDS-READING,file identical at the pin and at HEAD@4b5429df8b47; MicrosoftDocs/memdocs is archived: re-source to the live Learn page,,memdocs,mecm/baselines.md,,
S202,https://raw.githubusercontent.com/MicrosoftDocs/memdocs/4b5429df8b47046c6b251e572ee61199fb5d4a5d/intune/configmgr/compliance/deploy-use/deploy-configuration-baselines.md,raw-pin,github.com/MicrosoftDocs/memdocs,4b5429df8b47046c6b251e572ee61199fb5d4a5d,intune/configmgr/compliance/deploy-use/deploy-configuration-baselines.md,2026-09-23,200,NEEDS-READING,file identical at the pin and at HEAD@4b5429df8b47; MicrosoftDocs/memdocs is archived: re-source to the live Learn page,,memdocs,mecm/baselines.md,,
S203,https://raw.githubusercontent.com/MicrosoftDocs/memdocs/4b5429df8b47046c6b251e572ee61199fb5d4a5d/intune/configmgr/compliance/deploy-use/monitor-compliance-settings.md,raw-pin,github.com/MicrosoftDocs/memdocs,4b5429df8b47046c6b251e572ee61199fb5d4a5d,intune/configmgr/compliance/deploy-use/monitor-compliance-settings.md,2026-09-23,200,NEEDS-READING,file identical at the pin and at HEAD@4b5429df8b47; MicrosoftDocs/memdocs is archived: re-source to the live Learn page,,memdocs,mecm/baselines.md;mecm/sql-views-compliance.md,,
S204,https://raw.githubusercontent.com/MicrosoftDocs/memdocs/4b5429df8b47046c6b251e572ee61199fb5d4a5d/intune/configmgr/core/clients/deploy/about-client-settings.md,raw-pin,github.com/MicrosoftDocs/memdocs,4b5429df8b47046c6b251e572ee61199fb5d4a5d,intune/configmgr/core/clients/deploy/about-client-settings.md,2026-09-23,200,NEEDS-READING,file identical at the pin and at HEAD@4b5429df8b47; MicrosoftDocs/memdocs is archived: re-source to the live Learn page,,memdocs,mecm/application-model.md;mecm/baselines.md;mecm/client-settings.md;mecm/compliance-script-ci.md,,
S205,https://raw.githubusercontent.com/MicrosoftDocs/memdocs/4b5429df8b47046c6b251e572ee61199fb5d4a5d/intune/configmgr/core/plan-design/changes/whats-new-in-version-2207.md,raw-pin,github.com/MicrosoftDocs/memdocs,4b5429df8b47046c6b251e572ee61199fb5d4a5d,intune/configmgr/core/plan-design/changes/whats-new-in-version-2207.md,2026-09-23,200,NEEDS-READING,file identical at the pin and at HEAD@4b5429df8b47; MicrosoftDocs/memdocs is archived: re-source to the live Learn page,,memdocs,mecm/compliance-script-ci.md,,
S206,https://raw.githubusercontent.com/MicrosoftDocs/memdocs/4b5429df8b47046c6b251e572ee61199fb5d4a5d/intune/configmgr/develop/core/understand/sqlviews/compliance-settings-views-configuration-manager.md,raw-pin,github.com/MicrosoftDocs/memdocs,4b5429df8b47046c6b251e572ee61199fb5d4a5d,intune/configmgr/develop/core/understand/sqlviews/compliance-settings-views-configuration-manager.md,2026-09-23,200,NEEDS-READING,file identical at the pin and at HEAD@4b5429df8b47; MicrosoftDocs/memdocs is archived: re-source to the live Learn page,,memdocs,mecm/sql-views-compliance.csv;mecm/sql-views-compliance.md,,
S207,https://raw.githubusercontent.com/MicrosoftDocs/memdocs/4b5429df8b47046c6b251e572ee61199fb5d4a5d/intune/configmgr/develop/core/understand/sqlviews/status-alert-views-configuration-manager.md,raw-pin,github.com/MicrosoftDocs/memdocs,4b5429df8b47046c6b251e572ee61199fb5d4a5d,intune/configmgr/develop/core/understand/sqlviews/status-alert-views-configuration-manager.md,2026-09-23,200,NEEDS-READING,file identical at the pin and at HEAD@4b5429df8b47; MicrosoftDocs/memdocs is archived: re-source to the live Learn page,,memdocs,mecm/sql-views-compliance.md,,
S208,https://raw.githubusercontent.com/MicrosoftDocs/memdocs/4b5429df8b47046c6b251e572ee61199fb5d4a5d/intune/configmgr/develop/core/understand/sqlviews/sample-queries-compliance-settings-configuration-manager.md,raw-pin,github.com/MicrosoftDocs/memdocs,4b5429df8b47046c6b251e572ee61199fb5d4a5d,intune/configmgr/develop/core/understand/sqlviews/sample-queries-compliance-settings-configuration-manager.md,2026-09-23,200,NEEDS-READING,file identical at the pin and at HEAD@4b5429df8b47; MicrosoftDocs/memdocs is archived: re-source to the live Learn page,,memdocs,mecm/sql-views-compliance.md,,
S209,https://raw.githubusercontent.com/MicrosoftDocs/memdocs/4b5429df8b47046c6b251e572ee61199fb5d4a5d/intune/configmgr/develop/reference/compliance/sms_dcmdeploymentcompliantdetailsperasset-server-wmi-class.md,raw-pin,github.com/MicrosoftDocs/memdocs,4b5429df8b47046c6b251e572ee61199fb5d4a5d,intune/configmgr/develop/reference/compliance/sms_dcmdeploymentcompliantdetailsperasset-server-wmi-class.md,2026-09-23,200,NEEDS-READING,file identical at the pin and at HEAD@4b5429df8b47; MicrosoftDocs/memdocs is archived: re-source to the live Learn page,,memdocs,mecm/sql-views-compliance.md,,
S210,https://raw.githubusercontent.com/MicrosoftDocs/memdocs/4b5429df8b47046c6b251e572ee61199fb5d4a5d/intune/configmgr/develop/reference/compliance/sms_ci_currentcompliancestatus-server-wmi-class.md,raw-pin,github.com/MicrosoftDocs/memdocs,4b5429df8b47046c6b251e572ee61199fb5d4a5d,intune/configmgr/develop/reference/compliance/sms_ci_currentcompliancestatus-server-wmi-class.md,2026-09-23,200,NEEDS-READING,file identical at the pin and at HEAD@4b5429df8b47; MicrosoftDocs/memdocs is archived: re-source to the live Learn page,,memdocs,mecm/sql-views-compliance.md,,
S211,https://raw.githubusercontent.com/MicrosoftDocs/memdocs/4b5429df8b47046c6b251e572ee61199fb5d4a5d/intune/configmgr/core/servers/manage/list-of-reports.md,raw-pin,github.com/MicrosoftDocs/memdocs,4b5429df8b47046c6b251e572ee61199fb5d4a5d,intune/configmgr/core/servers/manage/list-of-reports.md,2026-09-23,200,NEEDS-READING,file identical at the pin and at HEAD@4b5429df8b47; MicrosoftDocs/memdocs is archived: re-source to the live Learn page,,memdocs,mecm/sql-views-compliance.md,,
S212,https://raw.githubusercontent.com/MicrosoftDocs/memdocs/4b5429df8b47046c6b251e572ee61199fb5d4a5d/intune/configmgr/core/plan-design/hierarchy/log-files.md,raw-pin,github.com/MicrosoftDocs/memdocs,4b5429df8b47046c6b251e572ee61199fb5d4a5d,intune/configmgr/core/plan-design/hierarchy/log-files.md,2026-09-23,200,NEEDS-READING,file identical at the pin and at HEAD@4b5429df8b47; MicrosoftDocs/memdocs is archived: re-source to the live Learn page,,memdocs,mecm/compliance-script-ci.md;mecm/log-files.csv;mecm/log-files.md;mecm/osd-task-sequences.md,,
S213,https://raw.githubusercontent.com/MicrosoftDocs/memdocs/4b5429df8b47046c6b251e572ee61199fb5d4a5d/intune/configmgr/core/plan-design/hierarchy/includes/logs-cmg.md,raw-pin,github.com/MicrosoftDocs/memdocs,4b5429df8b47046c6b251e572ee61199fb5d4a5d,intune/configmgr/core/plan-design/hierarchy/includes/logs-cmg.md,2026-09-23,200,NEEDS-READING,file identical at the pin and at HEAD@4b5429df8b47; MicrosoftDocs/memdocs is archived: re-source to the live Learn page,,memdocs,mecm/log-files.csv;mecm/log-files.md,,
S214,https://raw.githubusercontent.com/MicrosoftDocs/memdocs/4b5429df8b47046c6b251e572ee61199fb5d4a5d/intune/configmgr/core/plan-design/hierarchy/about-log-files.md,raw-pin,github.com/MicrosoftDocs/memdocs,4b5429df8b47046c6b251e572ee61199fb5d4a5d,intune/configmgr/core/plan-design/hierarchy/about-log-files.md,2026-09-23,200,NEEDS-READING,file identical at the pin and at HEAD@4b5429df8b47; MicrosoftDocs/memdocs is archived: re-source to the live Learn page,,memdocs,mecm/log-files.md;mecm/logging.md,,
S215,https://raw.githubusercontent.com/MicrosoftDocs/memdocs/4b5429df8b47046c6b251e572ee61199fb5d4a5d/intune/configmgr/core/support/cmtrace.md,raw-pin,github.com/MicrosoftDocs/memdocs,4b5429df8b47046c6b251e572ee61199fb5d4a5d,intune/configmgr/core/support/cmtrace.md,2026-09-23,200,NEEDS-READING,file identical at the pin and at HEAD@4b5429df8b47; MicrosoftDocs/memdocs is archived: re-source to the live Learn page,,memdocs,mecm/logging.md,,
S216,https://raw.githubusercontent.com/MicrosoftDocs/memdocs/4b5429df8b47046c6b251e572ee61199fb5d4a5d/intune/configmgr/core/servers/manage/current-branch-versions-supported.md,raw-pin,github.com/MicrosoftDocs/memdocs,4b5429df8b47046c6b251e572ee61199fb5d4a5d,intune/configmgr/core/servers/manage/current-branch-versions-supported.md,2026-09-23,200,NEEDS-READING,file identical at the pin and at HEAD@4b5429df8b47; MicrosoftDocs/memdocs is archived: re-source to the live Learn page,,memdocs,mecm/versions-lifecycle.md,,
S217,https://raw.githubusercontent.com/MicrosoftDocs/memdocs/4b5429df8b47046c6b251e572ee61199fb5d4a5d/intune/configmgr/core/servers/manage/updates.md,raw-pin,github.com/MicrosoftDocs/memdocs,4b5429df8b47046c6b251e572ee61199fb5d4a5d,intune/configmgr/core/servers/manage/updates.md,2026-09-23,200,NEEDS-READING,file identical at the pin and at HEAD@4b5429df8b47; MicrosoftDocs/memdocs is archived: re-source to the live Learn page,,memdocs,mecm/versions-lifecycle.md,,
S218,https://raw.githubusercontent.com/MicrosoftDocs/memdocs/4b5429df8b47046c6b251e572ee61199fb5d4a5d/intune/configmgr/core/plan-design/changes/whats-new-in-version-2603.md,raw-pin,github.com/MicrosoftDocs/memdocs,4b5429df8b47046c6b251e572ee61199fb5d4a5d,intune/configmgr/core/plan-design/changes/whats-new-in-version-2603.md,2026-09-23,200,NEEDS-READING,file identical at the pin and at HEAD@4b5429df8b47; MicrosoftDocs/memdocs is archived: re-source to the live Learn page,,memdocs,mecm/versions-lifecycle.md,,
S219,https://raw.githubusercontent.com/MicrosoftDocs/memdocs/4b5429df8b47046c6b251e572ee61199fb5d4a5d/intune/configmgr/hotfix/2603/37426535.md,raw-pin,github.com/MicrosoftDocs/memdocs,4b5429df8b47046c6b251e572ee61199fb5d4a5d,intune/configmgr/hotfix/2603/37426535.md,2026-09-23,200,NEEDS-READING,file identical at the pin and at HEAD@4b5429df8b47; MicrosoftDocs/memdocs is archived: re-source to the live Learn page,,memdocs,mecm/versions-lifecycle.md,,
S220,https://raw.githubusercontent.com/MicrosoftDocs/memdocs/4b5429df8b47046c6b251e572ee61199fb5d4a5d/intune/configmgr/hotfix/2603/38982839.md,raw-pin,github.com/MicrosoftDocs/memdocs,4b5429df8b47046c6b251e572ee61199fb5d4a5d,intune/configmgr/hotfix/2603/38982839.md,2026-09-23,200,NEEDS-READING,file identical at the pin and at HEAD@4b5429df8b47; MicrosoftDocs/memdocs is archived: re-source to the live Learn page,,memdocs,mecm/versions-lifecycle.md,,
S221,https://raw.githubusercontent.com/MicrosoftDocs/memdocs/4b5429df8b47046c6b251e572ee61199fb5d4a5d/intune/configmgr/core/clients/manage/client-notification.md,raw-pin,github.com/MicrosoftDocs/memdocs,4b5429df8b47046c6b251e572ee61199fb5d4a5d,intune/configmgr/core/clients/manage/client-notification.md,2026-09-23,200,NEEDS-READING,file identical at the pin and at HEAD@4b5429df8b47; MicrosoftDocs/memdocs is archived: re-source to the live Learn page,,memdocs,auth/permissions-matrix.csv;mecm/collect-client-logs.md;mecm/logging.md,,
S222,https://raw.githubusercontent.com/MicrosoftDocs/memdocs/4b5429df8b47046c6b251e572ee61199fb5d4a5d/intune/configmgr/core/clients/manage/inventory/use-resource-explorer-to-view-software-inventory.md,raw-pin,github.com/MicrosoftDocs/memdocs,4b5429df8b47046c6b251e572ee61199fb5d4a5d,intune/configmgr/core/clients/manage/inventory/use-resource-explorer-to-view-software-inventory.md,2026-09-23,200,NEEDS-READING,file identical at the pin and at HEAD@4b5429df8b47; MicrosoftDocs/memdocs is archived: re-source to the live Learn page,,memdocs,mecm/collect-client-logs.md,,
S223,https://raw.githubusercontent.com/MicrosoftDocs/memdocs/4b5429df8b47046c6b251e572ee61199fb5d4a5d/intune/configmgr/core/servers/manage/reference-for-maintenance-tasks.md,raw-pin,github.com/MicrosoftDocs/memdocs,4b5429df8b47046c6b251e572ee61199fb5d4a5d,intune/configmgr/core/servers/manage/reference-for-maintenance-tasks.md,2026-09-23,200,NEEDS-READING,file identical at the pin and at HEAD@4b5429df8b47; MicrosoftDocs/memdocs is archived: re-source to the live Learn page,,memdocs,mecm/collect-client-logs.md,,
S224,https://raw.githubusercontent.com/MicrosoftDocs/memdocs/4b5429df8b47046c6b251e572ee61199fb5d4a5d/intune/configmgr/core/get-started/2019/includes/1912/4226618.md,raw-pin,github.com/MicrosoftDocs/memdocs,4b5429df8b47046c6b251e572ee61199fb5d4a5d,intune/configmgr/core/get-started/2019/includes/1912/4226618.md,2026-09-23,200,NEEDS-READING,file identical at the pin and at HEAD@4b5429df8b47; MicrosoftDocs/memdocs is archived: re-source to the live Learn page,,memdocs,mecm/collect-client-logs.md,,
S225,https://raw.githubusercontent.com/MicrosoftDocs/memdocs/4b5429df8b47046c6b251e572ee61199fb5d4a5d/intune/configmgr/develop/reference/core/clients/client-classes/setgloballoggingconfiguration-method-in-class-sms_client.md,raw-pin,github.com/MicrosoftDocs/memdocs,4b5429df8b47046c6b251e572ee61199fb5d4a5d,intune/configmgr/develop/reference/core/clients/client-classes/setgloballoggingconfiguration-method-in-class-sms_client.md,2026-09-23,200,NEEDS-READING,file identical at the pin and at HEAD@4b5429df8b47; MicrosoftDocs/memdocs is archived: re-source to the live Learn page,,memdocs,mecm/logging.md,,
S226,https://raw.githubusercontent.com/MicrosoftDocs/memdocs/4b5429df8b47046c6b251e572ee61199fb5d4a5d/intune/configmgr/develop/reference/core/clients/manage/sms_g_system_collectedfile-server-wmi-class.md,raw-pin,github.com/MicrosoftDocs/memdocs,4b5429df8b47046c6b251e572ee61199fb5d4a5d,intune/configmgr/develop/reference/core/clients/manage/sms_g_system_collectedfile-server-wmi-class.md,2026-09-23,200,NEEDS-READING,file identical at the pin and at HEAD@4b5429df8b47; MicrosoftDocs/memdocs is archived: re-source to the live Learn page,,memdocs,mecm/collect-client-logs.md,,
S227,https://raw.githubusercontent.com/MicrosoftDocs/memdocs/4b5429df8b47046c6b251e572ee61199fb5d4a5d/intune/configmgr/apps/deploy-use/create-applications.md,raw-pin,github.com/MicrosoftDocs/memdocs,4b5429df8b47046c6b251e572ee61199fb5d4a5d,intune/configmgr/apps/deploy-use/create-applications.md,2026-09-23,200,NEEDS-READING,file identical at the pin and at HEAD@4b5429df8b47; MicrosoftDocs/memdocs is archived: re-source to the live Learn page,,memdocs,mecm/application-model.md;mecm/compliance-script-ci.md,,
S228,https://raw.githubusercontent.com/MicrosoftDocs/memdocs/4b5429df8b47046c6b251e572ee61199fb5d4a5d/intune/configmgr/apps/deploy-use/revise-and-supersede-applications.md,raw-pin,github.com/MicrosoftDocs/memdocs,4b5429df8b47046c6b251e572ee61199fb5d4a5d,intune/configmgr/apps/deploy-use/revise-and-supersede-applications.md,2026-09-23,200,NEEDS-READING,file identical at the pin and at HEAD@4b5429df8b47; MicrosoftDocs/memdocs is archived: re-source to the live Learn page,,memdocs,mecm/application-model.md,,
S229,https://raw.githubusercontent.com/MicrosoftDocs/memdocs/4b5429df8b47046c6b251e572ee61199fb5d4a5d/intune/configmgr/apps/deploy-use/deploy-applications.md,raw-pin,github.com/MicrosoftDocs/memdocs,4b5429df8b47046c6b251e572ee61199fb5d4a5d,intune/configmgr/apps/deploy-use/deploy-applications.md,2026-09-23,200,NEEDS-READING,file identical at the pin and at HEAD@4b5429df8b47; MicrosoftDocs/memdocs is archived: re-source to the live Learn page,,memdocs,mecm/application-model.md;mecm/client-settings.md,,
S230,https://raw.githubusercontent.com/MicrosoftDocs/memdocs/4b5429df8b47046c6b251e572ee61199fb5d4a5d/intune/configmgr/apps/deploy-use/create-global-conditions.md,raw-pin,github.com/MicrosoftDocs/memdocs,4b5429df8b47046c6b251e572ee61199fb5d4a5d,intune/configmgr/apps/deploy-use/create-global-conditions.md,2026-09-23,200,NEEDS-READING,file identical at the pin and at HEAD@4b5429df8b47; MicrosoftDocs/memdocs is archived: re-source to the live Learn page,,memdocs,mecm/compliance-script-ci.md,,
S231,https://raw.githubusercontent.com/MicrosoftDocs/memdocs/4b5429df8b47046c6b251e572ee61199fb5d4a5d/intune/configmgr/develop/reference/core/servers/configure/sms_st_recurinterval-server-wmi-class.md,raw-pin,github.com/MicrosoftDocs/memdocs,4b5429df8b47046c6b251e572ee61199fb5d4a5d,intune/configmgr/develop/reference/core/servers/configure/sms_st_recurinterval-server-wmi-class.md,2026-09-23,200,NEEDS-READING,file identical at the pin and at HEAD@4b5429df8b47; MicrosoftDocs/memdocs is archived: re-source to the live Learn page,,memdocs,mecm/baselines.md,,
S232,https://raw.githubusercontent.com/MicrosoftDocs/memdocs/4b5429df8b47046c6b251e572ee61199fb5d4a5d/intune/configmgr/develop/reference/compliance/sms_ciassignmentbaseclass-server-wmi-class.md,raw-pin,github.com/MicrosoftDocs/memdocs,4b5429df8b47046c6b251e572ee61199fb5d4a5d,intune/configmgr/develop/reference/compliance/sms_ciassignmentbaseclass-server-wmi-class.md,2026-09-23,200,NEEDS-READING,file identical at the pin and at HEAD@4b5429df8b47; MicrosoftDocs/memdocs is archived: re-source to the live Learn page,,memdocs,mecm/baselines.md,,
S233,https://raw.githubusercontent.com/MicrosoftDocs/memdocs/4b5429df8b47046c6b251e572ee61199fb5d4a5d/intune/configmgr/apps/deploy-use/create-deploy-scripts.md,raw-pin,github.com/MicrosoftDocs/memdocs,4b5429df8b47046c6b251e572ee61199fb5d4a5d,intune/configmgr/apps/deploy-use/create-deploy-scripts.md,2026-09-23,200,NEEDS-READING,file identical at the pin and at HEAD@4b5429df8b47; MicrosoftDocs/memdocs is archived: re-source to the live Learn page,,memdocs,mecm/compliance-script-ci.md,,
S234,https://raw.githubusercontent.com/MicrosoftDocs/SupportArticles-docs/c059e57ad347ac39ac748cc22c54285463e7172f/support/mem/configmgr/setup-migrate-backup-recovery/state-messaging-description.md,raw-pin,github.com/MicrosoftDocs/SupportArticles-docs,c059e57ad347ac39ac748cc22c54285463e7172f,support/mem/configmgr/setup-migrate-backup-recovery/state-messaging-description.md,2026-09-25,200,OK,file identical at the pin and at HEAD@899bff3bc0ce,HEAD@899bff3bc0ce,,mecm/logging.md;mecm/sql-views-compliance.md,,
S235,https://raw.githubusercontent.com/MicrosoftDocs/memdocs/4b5429df8b47046c6b251e572ee61199fb5d4a5d/intune/configmgr/develop/core/understand/sqlviews/software-inventory-views-configuration-manager.md,raw-pin,github.com/MicrosoftDocs/memdocs,4b5429df8b47046c6b251e572ee61199fb5d4a5d,intune/configmgr/develop/core/understand/sqlviews/software-inventory-views-configuration-manager.md,2026-09-23,200,NEEDS-READING,file identical at the pin and at HEAD@4b5429df8b47; MicrosoftDocs/memdocs is archived: re-source to the live Learn page,,memdocs,mecm/collect-client-logs.md,,
S300,https://raw.githubusercontent.com/MicrosoftDocs/memdocs/4b5429df8b47046c6b251e572ee61199fb5d4a5d/intune/configmgr/develop/adminservice/overview.md,raw-pin,github.com/MicrosoftDocs/memdocs,4b5429df8b47046c6b251e572ee61199fb5d4a5d,intune/configmgr/develop/adminservice/overview.md,2026-09-23,200,NEEDS-READING,file identical at the pin and at HEAD@4b5429df8b47; MicrosoftDocs/memdocs is archived: re-source to the live Learn page,,memdocs,auth/flows.csv;auth/flows.md;auth/permissions-matrix.csv;mecm/adminservice-routes.csv;mecm/adminservice.md;mecm/rbac-permissions.csv,,
S301,https://raw.githubusercontent.com/MicrosoftDocs/memdocs/4b5429df8b47046c6b251e572ee61199fb5d4a5d/intune/configmgr/develop/adminservice/set-up.md,raw-pin,github.com/MicrosoftDocs/memdocs,4b5429df8b47046c6b251e572ee61199fb5d4a5d,intune/configmgr/develop/adminservice/set-up.md,2026-09-23,200,NEEDS-READING,file identical at the pin and at HEAD@4b5429df8b47; MicrosoftDocs/memdocs is archived: re-source to the live Learn page,,memdocs,auth/flows.csv;auth/flows.md;mecm/adminservice-routes.csv;mecm/adminservice.md,,
S302,https://raw.githubusercontent.com/MicrosoftDocs/memdocs/4b5429df8b47046c6b251e572ee61199fb5d4a5d/intune/configmgr/develop/adminservice/usage.md,raw-pin,github.com/MicrosoftDocs/memdocs,4b5429df8b47046c6b251e572ee61199fb5d4a5d,intune/configmgr/develop/adminservice/usage.md,2026-09-23,200,NEEDS-READING,file identical at the pin and at HEAD@4b5429df8b47; MicrosoftDocs/memdocs is archived: re-source to the live Learn page,,memdocs,mecm/adminservice-routes.csv;mecm/adminservice.md;mecm/cmpivot.md;mecm/run-scripts.md,,
S303,https://raw.githubusercontent.com/MicrosoftDocs/memdocs/4b5429df8b47046c6b251e572ee61199fb5d4a5d/intune/configmgr/develop/adminservice/custom-properties.md,raw-pin,github.com/MicrosoftDocs/memdocs,4b5429df8b47046c6b251e572ee61199fb5d4a5d,intune/configmgr/develop/adminservice/custom-properties.md,2026-09-23,200,NEEDS-READING,file identical at the pin and at HEAD@4b5429df8b47; MicrosoftDocs/memdocs is archived: re-source to the live Learn page,,memdocs,mecm/adminservice-routes.csv;mecm/adminservice.md;mecm/rbac-permissions.csv;mecm/rbac.md,,
S304,https://raw.githubusercontent.com/MicrosoftDocs/memdocs/4b5429df8b47046c6b251e572ee61199fb5d4a5d/intune/configmgr/develop/adminservice/audit.md,raw-pin,github.com/MicrosoftDocs/memdocs,4b5429df8b47046c6b251e572ee61199fb5d4a5d,intune/configmgr/develop/adminservice/audit.md,2026-09-23,200,NEEDS-READING,file identical at the pin and at HEAD@4b5429df8b47; MicrosoftDocs/memdocs is archived: re-source to the live Learn page,,memdocs,mecm/adminservice.md,,
S305,https://raw.githubusercontent.com/MicrosoftDocs/memdocs/4b5429df8b47046c6b251e572ee61199fb5d4a5d/intune/configmgr/develop/adminservice/faq.yml,raw-pin,github.com/MicrosoftDocs/memdocs,4b5429df8b47046c6b251e572ee61199fb5d4a5d,intune/configmgr/develop/adminservice/faq.yml,2026-09-23,200,NEEDS-READING,file identical at the pin and at HEAD@4b5429df8b47; MicrosoftDocs/memdocs is archived: re-source to the live Learn page,,memdocs,auth/flows.csv;auth/permissions-matrix.csv;mecm/adminservice.md;mecm/rbac-permissions.csv,,
S306,https://raw.githubusercontent.com/MicrosoftDocs/memdocs/4b5429df8b47046c6b251e572ee61199fb5d4a5d/intune/configmgr/develop/adminservice/release-notes.md,raw-pin,github.com/MicrosoftDocs/memdocs,4b5429df8b47046c6b251e572ee61199fb5d4a5d,intune/configmgr/develop/adminservice/release-notes.md,2026-09-23,200,NEEDS-READING,file identical at the pin and at HEAD@4b5429df8b47; MicrosoftDocs/memdocs is archived: re-source to the live Learn page,,memdocs,mecm/adminservice-routes.csv;mecm/adminservice.md,,
S307,https://raw.githubusercontent.com/MicrosoftDocs/memdocs/4b5429df8b47046c6b251e572ee61199fb5d4a5d/intune/configmgr/core/plan-design/changes/whats-new-in-version-2509.md,raw-pin,github.com/MicrosoftDocs/memdocs,4b5429df8b47046c6b251e572ee61199fb5d4a5d,intune/configmgr/core/plan-design/changes/whats-new-in-version-2509.md,2026-09-23,200,NEEDS-READING,file identical at the pin and at HEAD@4b5429df8b47; MicrosoftDocs/memdocs is archived: re-source to the live Learn page,,memdocs,auth/configmgr-rbac-auth.md;auth/flows.csv;auth/flows.md;auth/kerberos.md;mecm/adminservice.md,,
S308,https://raw.githubusercontent.com/MicrosoftDocs/memdocs/4b5429df8b47046c6b251e572ee61199fb5d4a5d/intune/configmgr/core/plan-design/changes/whats-new-in-version-2207.md,raw-pin,github.com/MicrosoftDocs/memdocs,4b5429df8b47046c6b251e572ee61199fb5d4a5d,intune/configmgr/core/plan-design/changes/whats-new-in-version-2207.md,2026-09-23,200,NEEDS-READING,file identical at the pin and at HEAD@4b5429df8b47; MicrosoftDocs/memdocs is archived: re-source to the live Learn page,,memdocs,mecm/adminservice.md,,
S309,https://raw.githubusercontent.com/MicrosoftDocs/memdocs/4b5429df8b47046c6b251e572ee61199fb5d4a5d/intune/configmgr/core/servers/deploy/configure/azure-services-wizard.md,raw-pin,github.com/MicrosoftDocs/memdocs,4b5429df8b47046c6b251e572ee61199fb5d4a5d,intune/configmgr/core/servers/deploy/configure/azure-services-wizard.md,2026-09-23,200,NEEDS-READING,file identical at the pin and at HEAD@4b5429df8b47; MicrosoftDocs/memdocs is archived: re-source to the live Learn page,,memdocs,mecm/adminservice.md,,
S310,https://raw.githubusercontent.com/MicrosoftDocs/memdocs/4b5429df8b47046c6b251e572ee61199fb5d4a5d/intune/configmgr/core/plan-design/configs/size-and-scale-numbers.md,raw-pin,github.com/MicrosoftDocs/memdocs,4b5429df8b47046c6b251e572ee61199fb5d4a5d,intune/configmgr/core/plan-design/configs/size-and-scale-numbers.md,2026-09-23,200,NEEDS-READING,file identical at the pin and at HEAD@4b5429df8b47; MicrosoftDocs/memdocs is archived: re-source to the live Learn page,,memdocs,mecm/adminservice.md,,
S311,https://raw.githubusercontent.com/MicrosoftDocs/memdocs/4b5429df8b47046c6b251e572ee61199fb5d4a5d/intune/configmgr/core/plan-design/hierarchy/includes/sms-provider-authentication.md,raw-pin,github.com/MicrosoftDocs/memdocs,4b5429df8b47046c6b251e572ee61199fb5d4a5d,intune/configmgr/core/plan-design/hierarchy/includes/sms-provider-authentication.md,2026-09-23,200,NEEDS-READING,file identical at the pin and at HEAD@4b5429df8b47; MicrosoftDocs/memdocs is archived: re-source to the live Learn page,,memdocs,auth/configmgr-rbac-auth.md;auth/flows.csv;auth/flows.md;auth/kerberos.md;mecm/adminservice.md,,
S312,https://raw.githubusercontent.com/MicrosoftDocs/memdocs/4b5429df8b47046c6b251e572ee61199fb5d4a5d/intune/configmgr/hotfix/2603/37426535.md,raw-pin,github.com/MicrosoftDocs/memdocs,4b5429df8b47046c6b251e572ee61199fb5d4a5d,intune/configmgr/hotfix/2603/37426535.md,2026-09-23,200,NEEDS-READING,file identical at the pin and at HEAD@4b5429df8b47; MicrosoftDocs/memdocs is archived: re-source to the live Learn page,,memdocs,mecm/adminservice.md;mecm/cmpivot.md,,
S313,https://raw.githubusercontent.com/microsoft/configmgr-hub/eb3e27d2dc454ceafc59072c70d3b227cb4fb3e7/samples/TokenSample.ps1,raw-pin,github.com/microsoft/configmgr-hub,eb3e27d2dc454ceafc59072c70d3b227cb4fb3e7,samples/TokenSample.ps1,2026-09-25,200,OK,file identical at the pin and at HEAD@eb3e27d2dc45,HEAD@eb3e27d2dc45,,mecm/adminservice-routes.csv;mecm/adminservice.md,,
S314,https://raw.githubusercontent.com/MicrosoftDocs/memdocs/4b5429df8b47046c6b251e572ee61199fb5d4a5d/intune/configmgr/core/servers/manage/external-notifications.md,raw-pin,github.com/MicrosoftDocs/memdocs,4b5429df8b47046c6b251e572ee61199fb5d4a5d,intune/configmgr/core/servers/manage/external-notifications.md,2026-09-23,200,NEEDS-READING,file identical at the pin and at HEAD@4b5429df8b47; MicrosoftDocs/memdocs is archived: re-source to the live Learn page,,memdocs,mecm/adminservice-routes.csv;mecm/adminservice.md,,
S315,https://raw.githubusercontent.com/MicrosoftDocs/memdocs/4b5429df8b47046c6b251e572ee61199fb5d4a5d/intune/configmgr/core/servers/manage/cmpivot.md,raw-pin,github.com/MicrosoftDocs/memdocs,4b5429df8b47046c6b251e572ee61199fb5d4a5d,intune/configmgr/core/servers/manage/cmpivot.md,2026-09-23,200,NEEDS-READING,file identical at the pin and at HEAD@4b5429df8b47; MicrosoftDocs/memdocs is archived: re-source to the live Learn page,,memdocs,agents/agent-overuse-patterns.csv;agents/agent-overuse-patterns.md;auth/permissions-matrix.csv;mecm/cmpivot.md;mecm/rbac-permissions.csv;mecm/rbac.md,,
S316,https://raw.githubusercontent.com/MicrosoftDocs/memdocs/4b5429df8b47046c6b251e572ee61199fb5d4a5d/intune/configmgr/core/servers/manage/cmpivot-changes.md,raw-pin,github.com/MicrosoftDocs/memdocs,4b5429df8b47046c6b251e572ee61199fb5d4a5d,intune/configmgr/core/servers/manage/cmpivot-changes.md,2026-09-23,200,NEEDS-READING,file identical at the pin and at HEAD@4b5429df8b47; MicrosoftDocs/memdocs is archived: re-source to the live Learn page,,memdocs,agents/agent-overuse-patterns.csv;agents/agent-overuse-patterns.md;auth/permissions-matrix.csv;mecm/cmpivot-entities.csv;mecm/cmpivot.md;mecm/rbac-permissions.csv;mecm/rbac.md;mecm/run-scripts.md,,
S317,https://raw.githubusercontent.com/MicrosoftDocs/memdocs/4b5429df8b47046c6b251e572ee61199fb5d4a5d/intune/configmgr/core/servers/manage/includes/cmpivot-overview-shared.md,raw-pin,github.com/MicrosoftDocs/memdocs,4b5429df8b47046c6b251e572ee61199fb5d4a5d,intune/configmgr/core/servers/manage/includes/cmpivot-overview-shared.md,2026-09-23,200,NEEDS-READING,file identical at the pin and at HEAD@4b5429df8b47; MicrosoftDocs/memdocs is archived: re-source to the live Learn page,,memdocs,agents/agent-overuse-patterns.csv;agents/agent-overuse-patterns.md;mecm/cmpivot-entities.csv;mecm/cmpivot.md,,
S318,https://raw.githubusercontent.com/MicrosoftDocs/memdocs/4b5429df8b47046c6b251e572ee61199fb5d4a5d/intune/configmgr/core/servers/manage/cmpivot-tsg.md,raw-pin,github.com/MicrosoftDocs/memdocs,4b5429df8b47046c6b251e572ee61199fb5d4a5d,intune/configmgr/core/servers/manage/cmpivot-tsg.md,2026-09-23,200,NEEDS-READING,file identical at the pin and at HEAD@4b5429df8b47; MicrosoftDocs/memdocs is archived: re-source to the live Learn page,,memdocs,mecm/client-notification.md;mecm/client-operation-types.csv;mecm/cmpivot.md;mecm/run-scripts.md,,
S319,https://raw.githubusercontent.com/MicrosoftDocs/memdocs/4b5429df8b47046c6b251e572ee61199fb5d4a5d/intune/configmgr/tenant-attach/cmpivot-overview-attached.md,raw-pin,github.com/MicrosoftDocs/memdocs,4b5429df8b47046c6b251e572ee61199fb5d4a5d,intune/configmgr/tenant-attach/cmpivot-overview-attached.md,2026-09-23,200,NEEDS-READING,file identical at the pin and at HEAD@4b5429df8b47; MicrosoftDocs/memdocs is archived: re-source to the live Learn page,,memdocs,mecm/cmpivot.md,,
S320,https://raw.githubusercontent.com/MicrosoftDocs/memdocs/4b5429df8b47046c6b251e572ee61199fb5d4a5d/intune/configmgr/tenant-attach/cmpivot-start.md,raw-pin,github.com/MicrosoftDocs/memdocs,4b5429df8b47046c6b251e572ee61199fb5d4a5d,intune/configmgr/tenant-attach/cmpivot-start.md,2026-09-23,200,NEEDS-READING,file identical at the pin and at HEAD@4b5429df8b47; MicrosoftDocs/memdocs is archived: re-source to the live Learn page,,memdocs,mecm/cmpivot.md;mecm/rbac-permissions.csv;mecm/rbac.md,,
S321,https://raw.githubusercontent.com/MicrosoftDocs/memdocs/4b5429df8b47046c6b251e572ee61199fb5d4a5d/intune/configmgr/core/servers/manage/includes/cmpivot-samples-shared.md,raw-pin,github.com/MicrosoftDocs/memdocs,4b5429df8b47046c6b251e572ee61199fb5d4a5d,intune/configmgr/core/servers/manage/includes/cmpivot-samples-shared.md,2026-09-23,200,NEEDS-READING,file identical at the pin and at HEAD@4b5429df8b47; MicrosoftDocs/memdocs is archived: re-source to the live Learn page,,memdocs,mecm/cmpivot-entities.csv;mecm/cmpivot.md,,
S322,https://raw.githubusercontent.com/MicrosoftDocs/memdocs/4b5429df8b47046c6b251e572ee61199fb5d4a5d/intune/configmgr/core/servers/manage/includes/cmpivot-standalone.md,raw-pin,github.com/MicrosoftDocs/memdocs,4b5429df8b47046c6b251e572ee61199fb5d4a5d,intune/configmgr/core/servers/manage/includes/cmpivot-standalone.md,2026-09-23,200,NEEDS-READING,file identical at the pin and at HEAD@4b5429df8b47; MicrosoftDocs/memdocs is archived: re-source to the live Learn page,,memdocs,mecm/cmpivot.md,,
S323,https://raw.githubusercontent.com/MicrosoftDocs/memdocs/4b5429df8b47046c6b251e572ee61199fb5d4a5d/intune/configmgr/apps/deploy-use/create-deploy-scripts.md,raw-pin,github.com/MicrosoftDocs/memdocs,4b5429df8b47046c6b251e572ee61199fb5d4a5d,intune/configmgr/apps/deploy-use/create-deploy-scripts.md,2026-09-23,200,NEEDS-READING,file identical at the pin and at HEAD@4b5429df8b47; MicrosoftDocs/memdocs is archived: re-source to the live Learn page,,memdocs,auth/permissions-matrix.csv;mecm/rbac-permissions.csv;mecm/rbac.md;mecm/run-scripts.md,,
S324,https://raw.githubusercontent.com/MicrosoftDocs/memdocs/4b5429df8b47046c6b251e572ee61199fb5d4a5d/intune/configmgr/apps/deploy-use/learn-script-security.md,raw-pin,github.com/MicrosoftDocs/memdocs,4b5429df8b47046c6b251e572ee61199fb5d4a5d,intune/configmgr/apps/deploy-use/learn-script-security.md,2026-09-23,200,NEEDS-READING,file identical at the pin and at HEAD@4b5429df8b47; MicrosoftDocs/memdocs is archived: re-source to the live Learn page,,memdocs,mecm/run-scripts.md,,
S325,https://raw.githubusercontent.com/MicrosoftDocs/memdocs/4b5429df8b47046c6b251e572ee61199fb5d4a5d/intune/configmgr/tenant-attach/scripts.md,raw-pin,github.com/MicrosoftDocs/memdocs,4b5429df8b47046c6b251e572ee61199fb5d4a5d,intune/configmgr/tenant-attach/scripts.md,2026-09-23,200,NEEDS-READING,file identical at the pin and at HEAD@4b5429df8b47; MicrosoftDocs/memdocs is archived: re-source to the live Learn page,,memdocs,mecm/rbac-permissions.csv;mecm/rbac.md;mecm/run-scripts.md,,
S326,https://raw.githubusercontent.com/MicrosoftDocs/memdocs/4b5429df8b47046c6b251e572ee61199fb5d4a5d/intune/configmgr/core/clients/manage/client-notification.md,raw-pin,github.com/MicrosoftDocs/memdocs,4b5429df8b47046c6b251e572ee61199fb5d4a5d,intune/configmgr/core/clients/manage/client-notification.md,2026-09-23,200,NEEDS-READING,file identical at the pin and at HEAD@4b5429df8b47; MicrosoftDocs/memdocs is archived: re-source to the live Learn page,,memdocs,auth/permissions-matrix.csv;mecm/client-notification.md;mecm/rbac-permissions.csv;mecm/rbac.md;mecm/run-scripts.md,,
S327,https://raw.githubusercontent.com/MicrosoftDocs/memdocs/4b5429df8b47046c6b251e572ee61199fb5d4a5d/intune/configmgr/core/clients/manage/manage-clients.md,raw-pin,github.com/MicrosoftDocs/memdocs,4b5429df8b47046c6b251e572ee61199fb5d4a5d,intune/configmgr/core/clients/manage/manage-clients.md,2026-09-23,200,NEEDS-READING,file identical at the pin and at HEAD@4b5429df8b47; MicrosoftDocs/memdocs is archived: re-source to the live Learn page,,memdocs,mecm/client-notification.md,,
S328,https://raw.githubusercontent.com/MicrosoftDocs/memdocs/4b5429df8b47046c6b251e572ee61199fb5d4a5d/intune/configmgr/develop/reference/protect/sms_clientoperation-server-wmi-class.md,raw-pin,github.com/MicrosoftDocs/memdocs,4b5429df8b47046c6b251e572ee61199fb5d4a5d,intune/configmgr/develop/reference/protect/sms_clientoperation-server-wmi-class.md,2026-09-23,200,NEEDS-READING,file identical at the pin and at HEAD@4b5429df8b47; MicrosoftDocs/memdocs is archived: re-source to the live Learn page,,memdocs,mecm/client-notification.md;mecm/client-operation-types.csv,,
S329,https://raw.githubusercontent.com/MicrosoftDocs/memdocs/4b5429df8b47046c6b251e572ee61199fb5d4a5d/intune/configmgr/develop/reference/protect/initiateclientoperation-method-in-class-sms_clientoperation.md,raw-pin,github.com/MicrosoftDocs/memdocs,4b5429df8b47046c6b251e572ee61199fb5d4a5d,intune/configmgr/develop/reference/protect/initiateclientoperation-method-in-class-sms_clientoperation.md,2026-09-23,200,NEEDS-READING,file identical at the pin and at HEAD@4b5429df8b47; MicrosoftDocs/memdocs is archived: re-source to the live Learn page,,memdocs,mecm/client-notification.md;mecm/client-operation-types.csv,,
S330,https://raw.githubusercontent.com/MicrosoftDocs/memdocs/4b5429df8b47046c6b251e572ee61199fb5d4a5d/intune/configmgr/develop/reference/protect/sms_clientoperationstatus-server-wmi-class.md,raw-pin,github.com/MicrosoftDocs/memdocs,4b5429df8b47046c6b251e572ee61199fb5d4a5d,intune/configmgr/develop/reference/protect/sms_clientoperationstatus-server-wmi-class.md,2026-09-23,200,NEEDS-READING,file identical at the pin and at HEAD@4b5429df8b47; MicrosoftDocs/memdocs is archived: re-source to the live Learn page,,memdocs,mecm/client-notification.md;mecm/client-operation-types.csv,,
S331,https://raw.githubusercontent.com/MicrosoftDocs/memdocs/4b5429df8b47046c6b251e572ee61199fb5d4a5d/intune/configmgr/develop/reference/protect/isclientoperationallowed-method-in-class-sms_clientoperation.md,raw-pin,github.com/MicrosoftDocs/memdocs,4b5429df8b47046c6b251e572ee61199fb5d4a5d,intune/configmgr/develop/reference/protect/isclientoperationallowed-method-in-class-sms_clientoperation.md,2026-09-23,200,NEEDS-READING,file identical at the pin and at HEAD@4b5429df8b47; MicrosoftDocs/memdocs is archived: re-source to the live Learn page,,memdocs,mecm/client-notification.md;mecm/rbac.md,,
S332,https://raw.githubusercontent.com/MicrosoftDocs/memdocs/4b5429df8b47046c6b251e572ee61199fb5d4a5d/intune/configmgr/develop/reference/protect/cancelclientoperation-method-in-class-sms_clientoperation.md,raw-pin,github.com/MicrosoftDocs/memdocs,4b5429df8b47046c6b251e572ee61199fb5d4a5d,intune/configmgr/develop/reference/protect/cancelclientoperation-method-in-class-sms_clientoperation.md,2026-09-23,200,NEEDS-READING,file identical at the pin and at HEAD@4b5429df8b47; MicrosoftDocs/memdocs is archived: re-source to the live Learn page,,memdocs,mecm/client-notification.md,,
S333,https://raw.githubusercontent.com/MicrosoftDocs/memdocs/4b5429df8b47046c6b251e572ee61199fb5d4a5d/intune/configmgr/develop/reference/protect/deleteclientoperation-method-in-class-sms_clientoperation.md,raw-pin,github.com/MicrosoftDocs/memdocs,4b5429df8b47046c6b251e572ee61199fb5d4a5d,intune/configmgr/develop/reference/protect/deleteclientoperation-method-in-class-sms_clientoperation.md,2026-09-23,200,NEEDS-READING,file identical at the pin and at HEAD@4b5429df8b47; MicrosoftDocs/memdocs is archived: re-source to the live Learn page,,memdocs,mecm/client-notification.md,,
S334,https://learn.microsoft.com/en-us/powershell/module/configurationmanager/invoke-cmclientaction?view=sccm-ps,learn,,,,2026-09-23,200,NEEDS-READING,a Learn page without a public source repo; read it (microsoft_docs_fetch),,learn,mecm/client-notification.md;mecm/client-operation-types.csv,,
S335,https://learn.microsoft.com/en-us/powershell/module/configurationmanager/invoke-cmscript?view=sccm-ps,learn,,,,2026-09-23,200,NEEDS-READING,a Learn page without a public source repo; read it (microsoft_docs_fetch),,learn,mecm/run-scripts.md,,
S336,https://learn.microsoft.com/en-us/powershell/module/configurationmanager/new-cmscript?view=sccm-ps,learn,,,,2026-09-23,200,NEEDS-READING,a Learn page without a public source repo; read it (microsoft_docs_fetch),,learn,mecm/run-scripts.md,,
S337,https://learn.microsoft.com/en-us/powershell/module/configurationmanager/approve-cmscript?view=sccm-ps,learn,,,,2026-09-23,200,NEEDS-READING,a Learn page without a public source repo; read it (microsoft_docs_fetch),,learn,mecm/run-scripts.md,,
S339,https://raw.githubusercontent.com/MicrosoftDocs/memdocs/4b5429df8b47046c6b251e572ee61199fb5d4a5d/intune/configmgr/core/understand/fundamentals-of-role-based-administration.md,raw-pin,github.com/MicrosoftDocs/memdocs,4b5429df8b47046c6b251e572ee61199fb5d4a5d,intune/configmgr/core/understand/fundamentals-of-role-based-administration.md,2026-09-23,200,NEEDS-READING,file identical at the pin and at HEAD@4b5429df8b47; MicrosoftDocs/memdocs is archived: re-source to the live Learn page,,memdocs,mecm/rbac-permissions.csv;mecm/rbac.md,,
S340,https://raw.githubusercontent.com/MicrosoftDocs/memdocs/4b5429df8b47046c6b251e572ee61199fb5d4a5d/intune/configmgr/core/plan-design/changes/whats-new-in-version-1810.md,raw-pin,github.com/MicrosoftDocs/memdocs,4b5429df8b47046c6b251e572ee61199fb5d4a5d,intune/configmgr/core/plan-design/changes/whats-new-in-version-1810.md,2026-09-23,200,NEEDS-READING,file identical at the pin and at HEAD@4b5429df8b47; MicrosoftDocs/memdocs is archived: re-source to the live Learn page,,memdocs,mecm/client-notification.md;mecm/rbac-permissions.csv;mecm/rbac.md,,
S341,https://raw.githubusercontent.com/MicrosoftDocs/memdocs/4b5429df8b47046c6b251e572ee61199fb5d4a5d/intune/configmgr/cloud-attach/use-intune-rbac.md,raw-pin,github.com/MicrosoftDocs/memdocs,4b5429df8b47046c6b251e572ee61199fb5d4a5d,intune/configmgr/cloud-attach/use-intune-rbac.md,2026-09-23,200,NEEDS-READING,file identical at the pin and at HEAD@4b5429df8b47; MicrosoftDocs/memdocs is archived: re-source to the live Learn page,,memdocs,mecm/cmpivot.md;mecm/rbac-permissions.csv;mecm/rbac.md;mecm/run-scripts.md,,
S342,https://raw.githubusercontent.com/MicrosoftDocs/memdocs/4b5429df8b47046c6b251e572ee61199fb5d4a5d/intune/configmgr/develop/core/understand/sqlviews/security-views-configuration-manager.md,raw-pin,github.com/MicrosoftDocs/memdocs,4b5429df8b47046c6b251e572ee61199fb5d4a5d,intune/configmgr/develop/core/understand/sqlviews/security-views-configuration-manager.md,2026-09-23,200,NEEDS-READING,file identical at the pin and at HEAD@4b5429df8b47; MicrosoftDocs/memdocs is archived: re-source to the live Learn page,,memdocs,mecm/rbac.md,,
S343,https://raw.githubusercontent.com/MicrosoftDocs/memdocs/4b5429df8b47046c6b251e572ee61199fb5d4a5d/intune/configmgr/develop/reference/core/servers/configure/sms_aroleoperation-server-wmi-class.md,raw-pin,github.com/MicrosoftDocs/memdocs,4b5429df8b47046c6b251e572ee61199fb5d4a5d,intune/configmgr/develop/reference/core/servers/configure/sms_aroleoperation-server-wmi-class.md,2026-09-23,200,NEEDS-READING,file identical at the pin and at HEAD@4b5429df8b47; MicrosoftDocs/memdocs is archived: re-source to the live Learn page,,memdocs,mecm/rbac.md,,
S344,https://raw.githubusercontent.com/MicrosoftDocs/memdocs/4b5429df8b47046c6b251e572ee61199fb5d4a5d/intune/configmgr/core/plan-design/changes/whats-new-in-version-2603.md,raw-pin,github.com/MicrosoftDocs/memdocs,4b5429df8b47046c6b251e572ee61199fb5d4a5d,intune/configmgr/core/plan-design/changes/whats-new-in-version-2603.md,2026-09-23,200,NEEDS-READING,file identical at the pin and at HEAD@4b5429df8b47; MicrosoftDocs/memdocs is archived: re-source to the live Learn page,,memdocs,mecm/adminservice.md,,
S345,https://raw.githubusercontent.com/MicrosoftDocs/memdocs/4b5429df8b47046c6b251e572ee61199fb5d4a5d/intune/configmgr/hotfix/2409/35360093.md,raw-pin,github.com/MicrosoftDocs/memdocs,4b5429df8b47046c6b251e572ee61199fb5d4a5d,intune/configmgr/hotfix/2409/35360093.md,2026-09-23,200,NEEDS-READING,file identical at the pin and at HEAD@4b5429df8b47; MicrosoftDocs/memdocs is archived: re-source to the live Learn page,,memdocs,mecm/adminservice.md;mecm/cmpivot.md,,
S346,https://raw.githubusercontent.com/MicrosoftDocs/memdocs/4b5429df8b47046c6b251e572ee61199fb5d4a5d/intune/configmgr/hotfix/2603/38982839.md,raw-pin,github.com/MicrosoftDocs/memdocs,4b5429df8b47046c6b251e572ee61199fb5d4a5d,intune/configmgr/hotfix/2603/38982839.md,2026-09-23,200,NEEDS-READING,file identical at the pin and at HEAD@4b5429df8b47; MicrosoftDocs/memdocs is archived: re-source to the live Learn page,,memdocs,mecm/adminservice.md,,
S347,https://raw.githubusercontent.com/MicrosoftDocs/memdocs/4b5429df8b47046c6b251e572ee61199fb5d4a5d/intune/configmgr/tenant-attach/prerequisites.md,raw-pin,github.com/MicrosoftDocs/memdocs,4b5429df8b47046c6b251e572ee61199fb5d4a5d,intune/configmgr/tenant-attach/prerequisites.md,2026-09-23,200,NEEDS-READING,file identical at the pin and at HEAD@4b5429df8b47; MicrosoftDocs/memdocs is archived: re-source to the live Learn page,,memdocs,mecm/adminservice.md,,
S348,https://raw.githubusercontent.com/MicrosoftDocs/memdocs/4b5429df8b47046c6b251e572ee61199fb5d4a5d/intune/configmgr/core/plan-design/hierarchy/ports.md,raw-pin,github.com/MicrosoftDocs/memdocs,4b5429df8b47046c6b251e572ee61199fb5d4a5d,intune/configmgr/core/plan-design/hierarchy/ports.md,2026-09-23,200,NEEDS-READING,file identical at the pin and at HEAD@4b5429df8b47; MicrosoftDocs/memdocs is archived: re-source to the live Learn page,,memdocs,mecm/adminservice.md,,
S349,https://raw.githubusercontent.com/MicrosoftDocs/memdocs/4b5429df8b47046c6b251e572ee61199fb5d4a5d/intune/configmgr/tenant-attach/timeline.md,raw-pin,github.com/MicrosoftDocs/memdocs,4b5429df8b47046c6b251e572ee61199fb5d4a5d,intune/configmgr/tenant-attach/timeline.md,2026-09-23,200,NEEDS-READING,file identical at the pin and at HEAD@4b5429df8b47; MicrosoftDocs/memdocs is archived: re-source to the live Learn page,,memdocs,mecm/rbac-permissions.csv;mecm/rbac.md,,
S350,https://github.com/AdamGrossTX/Toolbox/blob/master/ConfigMgr/AdminService/MiscSamples/RunScriptSample.ps1,gh-ref,github.com/AdamGrossTX/Toolbox,master,ConfigMgr/AdminService/MiscSamples/RunScriptSample.ps1,2026-09-25,,OK,no commit on master touches it since 2026-09-25; master@ddbcb1904de4,master@ddbcb1904de4,,mecm/adminservice.md;mecm/run-scripts.md,,
S351,https://raw.githubusercontent.com/MicrosoftDocs/memdocs/4b5429df8b47046c6b251e572ee61199fb5d4a5d/intune/configmgr/core/plan-design/changes/whats-new-in-version-2403.md,raw-pin,github.com/MicrosoftDocs/memdocs,4b5429df8b47046c6b251e572ee61199fb5d4a5d,intune/configmgr/core/plan-design/changes/whats-new-in-version-2403.md,2026-09-23,200,NEEDS-READING,file identical at the pin and at HEAD@4b5429df8b47; MicrosoftDocs/memdocs is archived: re-source to the live Learn page,,memdocs,mecm/rbac-permissions.csv;mecm/rbac.md;mecm/run-scripts.md,,
S352,https://maikkoster.com/start-cancel-or-delete-a-sccm-client-operation/,live,,,,2026-09-23,200,NEEDS-READING,"HTTP 200, no last-updated date",,,mecm/client-notification.md;mecm/client-operation-types.csv,,
S400,https://raw.githubusercontent.com/MicrosoftDocs/windowsserverdocs/62d7b049a49a912c16c87e0e8e429492ffea24f9/WindowsServerDocs/identity/ad-ds/manage/group-managed-service-accounts/group-managed-service-accounts/manage-group-managed-service-accounts.md,raw-pin,github.com/MicrosoftDocs/windowsserverdocs,62d7b049a49a912c16c87e0e8e429492ffea24f9,WindowsServerDocs/identity/ad-ds/manage/group-managed-service-accounts/group-managed-service-accounts/manage-group-managed-service-accounts.md,2026-09-25,200,OK,file identical at the pin and at HEAD@62d7b049a49a,HEAD@62d7b049a49a,,arch/k8s-gmsa-windows.md;windows/gitlab-runner-windows.md;windows/gmsa.md,,
S401,https://raw.githubusercontent.com/MicrosoftDocs/windowsserverdocs/62d7b049a49a912c16c87e0e8e429492ffea24f9/WindowsServerDocs/identity/ad-ds/manage/group-managed-service-accounts/group-managed-service-accounts/group-managed-service-accounts-overview.md,raw-pin,github.com/MicrosoftDocs/windowsserverdocs,62d7b049a49a912c16c87e0e8e429492ffea24f9,WindowsServerDocs/identity/ad-ds/manage/group-managed-service-accounts/group-managed-service-accounts/group-managed-service-accounts-overview.md,2026-09-25,200,OK,file identical at the pin and at HEAD@62d7b049a49a,HEAD@62d7b049a49a,,windows/gmsa.md,,
S402,https://raw.githubusercontent.com/MicrosoftDocs/windowsserverdocs/62d7b049a49a912c16c87e0e8e429492ffea24f9/WindowsServerDocs/identity/ad-ds/manage/group-managed-service-accounts/group-managed-service-accounts/create-the-key-distribution-services-kds-root-key.md,raw-pin,github.com/MicrosoftDocs/windowsserverdocs,62d7b049a49a912c16c87e0e8e429492ffea24f9,WindowsServerDocs/identity/ad-ds/manage/group-managed-service-accounts/group-managed-service-accounts/create-the-key-distribution-services-kds-root-key.md,2026-09-25,200,OK,file identical at the pin and at HEAD@62d7b049a49a,HEAD@62d7b049a49a,,windows/gmsa.md,,
S403,https://raw.githubusercontent.com/MicrosoftDocs/windowsserverdocs/62d7b049a49a912c16c87e0e8e429492ffea24f9/WindowsServerDocs/identity/ad-ds/manage/understand-service-accounts.md,raw-pin,github.com/MicrosoftDocs/windowsserverdocs,62d7b049a49a912c16c87e0e8e429492ffea24f9,WindowsServerDocs/identity/ad-ds/manage/understand-service-accounts.md,2026-09-25,200,OK,file identical at the pin and at HEAD@62d7b049a49a,HEAD@62d7b049a49a,,windows/gmsa.md,,
S404,https://raw.githubusercontent.com/MicrosoftDocs/win32/e103fa4e8810bd8d42c4777e17081e24dbe62dbd/desktop-src/TaskSchd/principal-logontype.md,raw-pin,github.com/MicrosoftDocs/win32,e103fa4e8810bd8d42c4777e17081e24dbe62dbd,desktop-src/TaskSchd/principal-logontype.md,2026-09-25,200,OK,file identical at the pin and at HEAD@e103fa4e8810,HEAD@e103fa4e8810,,windows/gmsa.md,,
S405,https://raw.githubusercontent.com/MicrosoftDocs/windows-powershell-docs/c3934e67de374f52fa6759f916c112c30a1240c7/docset/winserver2025-ps/ScheduledTasks/New-ScheduledTaskPrincipal.md,raw-pin,github.com/MicrosoftDocs/windows-powershell-docs,c3934e67de374f52fa6759f916c112c30a1240c7,docset/winserver2025-ps/ScheduledTasks/New-ScheduledTaskPrincipal.md,2026-09-25,200,OK,file identical at the pin and at HEAD@c3934e67de37,HEAD@c3934e67de37,,windows/gmsa.md,,
S406,https://gitlab.com/gitlab-org/gitlab-runner/-/raw/49138a48b894f517d2ebe77dda89929d1f7f9550/docs/install/windows.md,raw-pin,gitlab.com/gitlab-org/gitlab-runner,49138a48b894f517d2ebe77dda89929d1f7f9550,docs/install/windows.md,2026-09-25,200,OK,file identical at the pin and at HEAD@0e3fe7d3f8c1,HEAD@0e3fe7d3f8c1,,windows/gitlab-runner-windows.md,,
S407,https://gitlab.com/gitlab-org/gitlab-runner/-/raw/49138a48b894f517d2ebe77dda89929d1f7f9550/docs/shells/_index.md,raw-pin,gitlab.com/gitlab-org/gitlab-runner,49138a48b894f517d2ebe77dda89929d1f7f9550,docs/shells/_index.md,2026-09-25,200,OK,file identical at the pin and at HEAD@0e3fe7d3f8c1,HEAD@0e3fe7d3f8c1,,windows/execution-policy-signing.md;windows/gitlab-runner-windows.md,,
S408,https://gitlab.com/gitlab-org/gitlab-runner/-/raw/49138a48b894f517d2ebe77dda89929d1f7f9550/docs/configuration/advanced-configuration.md,raw-pin,gitlab.com/gitlab-org/gitlab-runner,49138a48b894f517d2ebe77dda89929d1f7f9550,docs/configuration/advanced-configuration.md,2026-09-25,200,OK,file identical at the pin and at HEAD@0e3fe7d3f8c1,HEAD@0e3fe7d3f8c1,,windows/gitlab-runner-windows.md,,
S409,https://gitlab.com/gitlab-org/gitlab-runner/-/raw/49138a48b894f517d2ebe77dda89929d1f7f9550/shells/abstract.go,raw-pin,gitlab.com/gitlab-org/gitlab-runner,49138a48b894f517d2ebe77dda89929d1f7f9550,shells/abstract.go,2026-09-25,200,OK,file identical at the pin and at HEAD@0e3fe7d3f8c1,HEAD@0e3fe7d3f8c1,,windows/gitlab-runner-windows.md,,
S410,https://gitlab.com/gitlab-org/gitlab-runner/-/raw/49138a48b894f517d2ebe77dda89929d1f7f9550/common/config.go,raw-pin,gitlab.com/gitlab-org/gitlab-runner,49138a48b894f517d2ebe77dda89929d1f7f9550,common/config.go,2026-09-25,200,OK,file identical at the pin and at HEAD@0e3fe7d3f8c1,HEAD@0e3fe7d3f8c1,,windows/gitlab-runner-windows.md,,
S411,https://gitlab.com/gitlab-org/gitlab-runner/-/raw/49138a48b894f517d2ebe77dda89929d1f7f9550/executors/shell/shell.go,raw-pin,gitlab.com/gitlab-org/gitlab-runner,49138a48b894f517d2ebe77dda89929d1f7f9550,executors/shell/shell.go,2026-09-25,200,OK,file identical at the pin and at HEAD@0e3fe7d3f8c1,HEAD@0e3fe7d3f8c1,,windows/gitlab-runner-windows.md,,
S412,https://gitlab.com/gitlab-org/gitlab-runner/-/raw/49138a48b894f517d2ebe77dda89929d1f7f9550/executors/docker/docker_command.go,raw-pin,gitlab.com/gitlab-org/gitlab-runner,49138a48b894f517d2ebe77dda89929d1f7f9550,executors/docker/docker_command.go,2026-09-25,200,OK,file identical at the pin and at HEAD@0e3fe7d3f8c1,HEAD@0e3fe7d3f8c1,,windows/gitlab-runner-windows.md,,
S413,https://gitlab.com/gitlab-org/gitlab-runner/-/raw/49138a48b894f517d2ebe77dda89929d1f7f9550/commands/service.go,raw-pin,gitlab.com/gitlab-org/gitlab-runner,49138a48b894f517d2ebe77dda89929d1f7f9550,commands/service.go,2026-09-25,200,OK,file identical at the pin and at HEAD@0e3fe7d3f8c1,HEAD@0e3fe7d3f8c1,,windows/gitlab-runner-windows.md,,
S414,https://gitlab.com/gitlab-org/gitlab-runner/-/work_items/27895,live,,,,2026-09-25,200,NEEDS-READING,"HTTP 200, no last-updated date",,,windows/gitlab-runner-windows.md,,
S415,https://gitlab.com/gitlab-org/gitlab-runner/-/work_items/30963,live,,,,2026-09-25,200,NEEDS-READING,"HTTP 200, no last-updated date",,,windows/gitlab-runner-windows.md,,
S416,https://gitlab.com/gitlab-org/gitlab-runner/-/raw/49138a48b894f517d2ebe77dda89929d1f7f9550/LICENSE,raw-pin,gitlab.com/gitlab-org/gitlab-runner,49138a48b894f517d2ebe77dda89929d1f7f9550,LICENSE,2026-09-25,200,OK,file identical at the pin and at HEAD@0e3fe7d3f8c1,HEAD@0e3fe7d3f8c1,,,,
S420,https://raw.githubusercontent.com/MicrosoftDocs/PowerShell-Docs/5f0f622fc6579cf4b635eb4ac6b99ceef091460e/reference/7.5/Microsoft.PowerShell.Core/About/about_Execution_Policies.md,raw-pin,github.com/MicrosoftDocs/PowerShell-Docs,5f0f622fc6579cf4b635eb4ac6b99ceef091460e,reference/7.5/Microsoft.PowerShell.Core/About/about_Execution_Policies.md,2026-09-25,200,OK,file identical at the pin and at HEAD@a3de8f225521,HEAD@a3de8f225521,,windows/execution-policy-signing.md,,
S421,https://raw.githubusercontent.com/MicrosoftDocs/PowerShell-Docs/5f0f622fc6579cf4b635eb4ac6b99ceef091460e/reference/5.1/Microsoft.PowerShell.Core/About/about_Execution_Policies.md,raw-pin,github.com/MicrosoftDocs/PowerShell-Docs,5f0f622fc6579cf4b635eb4ac6b99ceef091460e,reference/5.1/Microsoft.PowerShell.Core/About/about_Execution_Policies.md,2026-09-25,200,OK,file identical at the pin and at HEAD@a3de8f225521,HEAD@a3de8f225521,,windows/execution-policy-signing.md,,
S422,https://raw.githubusercontent.com/MicrosoftDocs/PowerShell-Docs/5f0f622fc6579cf4b635eb4ac6b99ceef091460e/reference/7.5/Microsoft.PowerShell.Core/About/about_Signing.md,raw-pin,github.com/MicrosoftDocs/PowerShell-Docs,5f0f622fc6579cf4b635eb4ac6b99ceef091460e,reference/7.5/Microsoft.PowerShell.Core/About/about_Signing.md,2026-09-25,200,OK,file identical at the pin and at HEAD@a3de8f225521,HEAD@a3de8f225521,,windows/execution-policy-signing.md,,
S423,https://raw.githubusercontent.com/MicrosoftDocs/memdocs/4b5429df8b47046c6b251e572ee61199fb5d4a5d/intune/configmgr/core/clients/deploy/about-client-settings.md,raw-pin,github.com/MicrosoftDocs/memdocs,4b5429df8b47046c6b251e572ee61199fb5d4a5d,intune/configmgr/core/clients/deploy/about-client-settings.md,2026-09-24,200,NEEDS-READING,file identical at the pin and at HEAD@4b5429df8b47; MicrosoftDocs/memdocs is archived: re-source to the live Learn page,,memdocs,windows/execution-policy-signing.md,,
S424,https://raw.githubusercontent.com/MicrosoftDocs/memdocs/4b5429df8b47046c6b251e572ee61199fb5d4a5d/intune/configmgr/core/clients/deploy/plan/security-and-privacy-for-clients.md,raw-pin,github.com/MicrosoftDocs/memdocs,4b5429df8b47046c6b251e572ee61199fb5d4a5d,intune/configmgr/core/clients/deploy/plan/security-and-privacy-for-clients.md,2026-09-24,200,NEEDS-READING,file identical at the pin and at HEAD@4b5429df8b47; MicrosoftDocs/memdocs is archived: re-source to the live Learn page,,memdocs,windows/execution-policy-signing.md,,
S425,https://raw.githubusercontent.com/MicrosoftDocs/memdocs/4b5429df8b47046c6b251e572ee61199fb5d4a5d/intune/configmgr/develop/reference/core/clients/config/sms_configmgrclientagentconfig-server-wmi-class.md,raw-pin,github.com/MicrosoftDocs/memdocs,4b5429df8b47046c6b251e572ee61199fb5d4a5d,intune/configmgr/develop/reference/core/clients/config/sms_configmgrclientagentconfig-server-wmi-class.md,2026-09-24,200,NEEDS-READING,file identical at the pin and at HEAD@4b5429df8b47; MicrosoftDocs/memdocs is archived: re-source to the live Learn page,,memdocs,windows/execution-policy-signing.md,,
S426,https://raw.githubusercontent.com/MicrosoftDocs/memdocs/4b5429df8b47046c6b251e572ee61199fb5d4a5d/intune/configmgr/core/servers/manage/cmpivot.md,raw-pin,github.com/MicrosoftDocs/memdocs,4b5429df8b47046c6b251e572ee61199fb5d4a5d,intune/configmgr/core/servers/manage/cmpivot.md,2026-09-24,200,NEEDS-READING,file identical at the pin and at HEAD@4b5429df8b47; MicrosoftDocs/memdocs is archived: re-source to the live Learn page,,memdocs,windows/execution-policy-signing.md,,
S427,https://raw.githubusercontent.com/MicrosoftDocs/memdocs/4b5429df8b47046c6b251e572ee61199fb5d4a5d/intune/configmgr/compliance/deploy-use/create-custom-configuration-items-for-windows-desktop-and-server-computers-managed-with-the-client.md,raw-pin,github.com/MicrosoftDocs/memdocs,4b5429df8b47046c6b251e572ee61199fb5d4a5d,intune/configmgr/compliance/deploy-use/create-custom-configuration-items-for-windows-desktop-and-server-computers-managed-with-the-client.md,2026-09-24,200,NEEDS-READING,file identical at the pin and at HEAD@4b5429df8b47; MicrosoftDocs/memdocs is archived: re-source to the live Learn page,,memdocs,windows/execution-policy-signing.md,,
S430,https://raw.githubusercontent.com/MicrosoftDocs/windowsserverdocs/62d7b049a49a912c16c87e0e8e429492ffea24f9/WindowsServerDocs/administration/OpenSSH/OpenSSH_Install_FirstUse.md,raw-pin,github.com/MicrosoftDocs/windowsserverdocs,62d7b049a49a912c16c87e0e8e429492ffea24f9,WindowsServerDocs/administration/OpenSSH/OpenSSH_Install_FirstUse.md,2026-09-25,200,OK,file identical at the pin and at HEAD@62d7b049a49a,HEAD@62d7b049a49a,,windows/openssh-server.md,,
S431,https://raw.githubusercontent.com/MicrosoftDocs/windowsserverdocs/62d7b049a49a912c16c87e0e8e429492ffea24f9/WindowsServerDocs/administration/OpenSSH/openssh-server-configuration.md,raw-pin,github.com/MicrosoftDocs/windowsserverdocs,62d7b049a49a912c16c87e0e8e429492ffea24f9,WindowsServerDocs/administration/OpenSSH/openssh-server-configuration.md,2026-09-25,200,OK,file identical at the pin and at HEAD@62d7b049a49a,HEAD@62d7b049a49a,,windows/openssh-server.md,,
S432,https://raw.githubusercontent.com/MicrosoftDocs/windowsserverdocs/62d7b049a49a912c16c87e0e8e429492ffea24f9/WindowsServerDocs/administration/OpenSSH/OpenSSH_KeyManagement.md,raw-pin,github.com/MicrosoftDocs/windowsserverdocs,62d7b049a49a912c16c87e0e8e429492ffea24f9,WindowsServerDocs/administration/OpenSSH/OpenSSH_KeyManagement.md,2026-09-25,200,OK,file identical at the pin and at HEAD@62d7b049a49a,HEAD@62d7b049a49a,,windows/openssh-server.md,,
S440,https://gitlab.com/gitlab-org/gitlab/-/raw/56c82a97c3b74a303b33a7cf746157df1e39601f/doc/user/project/merge_requests/approvals/settings.md,raw-pin,gitlab.com/gitlab-org/gitlab,56c82a97c3b74a303b33a7cf746157df1e39601f,doc/user/project/merge_requests/approvals/settings.md,2026-09-25,200,OK,file identical at the pin and at HEAD@1ee957c5237e,HEAD@1ee957c5237e,,gitlab/codeowners.md;gitlab/mr-approvals.md,,
S441,https://gitlab.com/gitlab-org/gitlab/-/raw/56c82a97c3b74a303b33a7cf746157df1e39601f/doc/user/project/merge_requests/approvals/_index.md,raw-pin,gitlab.com/gitlab-org/gitlab,56c82a97c3b74a303b33a7cf746157df1e39601f,doc/user/project/merge_requests/approvals/_index.md,2026-09-25,200,OK,file identical at the pin and at HEAD@1ee957c5237e,HEAD@1ee957c5237e,,gitlab/mr-approvals.md,,
S442,https://gitlab.com/gitlab-org/gitlab/-/raw/56c82a97c3b74a303b33a7cf746157df1e39601f/doc/user/project/merge_requests/approvals/rules.md,raw-pin,gitlab.com/gitlab-org/gitlab,56c82a97c3b74a303b33a7cf746157df1e39601f,doc/user/project/merge_requests/approvals/rules.md,2026-09-25,429,OK,file identical at the pin and at HEAD@1ee957c5237e,HEAD@1ee957c5237e,,gitlab/mr-approvals.md,,
S443,https://gitlab.com/gitlab-org/gitlab/-/raw/56c82a97c3b74a303b33a7cf746157df1e39601f/doc/administration/merge_requests_approvals.md,raw-pin,gitlab.com/gitlab-org/gitlab,56c82a97c3b74a303b33a7cf746157df1e39601f,doc/administration/merge_requests_approvals.md,2026-09-25,429,OK,file identical at the pin and at HEAD@1ee957c5237e,HEAD@1ee957c5237e,,gitlab/mr-approvals.md,,
S444,https://gitlab.com/gitlab-org/gitlab/-/raw/56c82a97c3b74a303b33a7cf746157df1e39601f/doc/user/project/repository/branches/protected.md,raw-pin,gitlab.com/gitlab-org/gitlab,56c82a97c3b74a303b33a7cf746157df1e39601f,doc/user/project/repository/branches/protected.md,2026-09-25,429,OK,file identical at the pin and at HEAD@1ee957c5237e,HEAD@1ee957c5237e,,auth/permissions-matrix.csv;gitlab/codeowners.md;gitlab/mr-approvals.md;gitlab/protected-branches-tags.md,,
S445,https://gitlab.com/gitlab-org/gitlab/-/raw/56c82a97c3b74a303b33a7cf746157df1e39601f/doc/user/project/protected_tags.md,raw-pin,gitlab.com/gitlab-org/gitlab,56c82a97c3b74a303b33a7cf746157df1e39601f,doc/user/project/protected_tags.md,2026-09-25,429,OK,file identical at the pin and at HEAD@1ee957c5237e,HEAD@1ee957c5237e,,auth/permissions-matrix.csv;gitlab/protected-branches-tags.md,,
S446,https://gitlab.com/gitlab-org/gitlab/-/raw/56c82a97c3b74a303b33a7cf746157df1e39601f/doc/ci/pipelines/merge_request_pipelines.md,raw-pin,gitlab.com/gitlab-org/gitlab,56c82a97c3b74a303b33a7cf746157df1e39601f,doc/ci/pipelines/merge_request_pipelines.md,2026-09-25,429,OK,file identical at the pin and at HEAD@1ee957c5237e,HEAD@1ee957c5237e,,arch/gitlab-ci-components.md;auth/permissions-matrix.csv;gitlab/pipelines-rules.md;gitlab/protected-branches-tags.md;gitlab/variables.md,,
S447,https://gitlab.com/gitlab-org/gitlab/-/raw/56c82a97c3b74a303b33a7cf746157df1e39601f/doc/ci/yaml/_index.md,raw-pin,gitlab.com/gitlab-org/gitlab,56c82a97c3b74a303b33a7cf746157df1e39601f,doc/ci/yaml/_index.md,2026-09-25,429,CHANGED,file differs at HEAD@1ee957c5237e; latest change 99e225abf7d0 2026-09-24,HEAD@1ee957c5237e,latest=99e225abf7d05e3fded2886d0ec0a6be3ee851e6,gitlab/pipelines-rules.md,,
S448,https://gitlab.com/gitlab-org/gitlab/-/raw/56c82a97c3b74a303b33a7cf746157df1e39601f/doc/ci/pipelines/schedules.md,raw-pin,gitlab.com/gitlab-org/gitlab,56c82a97c3b74a303b33a7cf746157df1e39601f,doc/ci/pipelines/schedules.md,2026-09-25,429,OK,file identical at the pin and at HEAD@1ee957c5237e,HEAD@1ee957c5237e,,gitlab/pipelines-rules.md,,
S449,https://gitlab.com/gitlab-org/gitlab/-/raw/56c82a97c3b74a303b33a7cf746157df1e39601f/doc/ci/variables/_index.md,raw-pin,gitlab.com/gitlab-org/gitlab,56c82a97c3b74a303b33a7cf746157df1e39601f,doc/ci/variables/_index.md,2026-09-25,429,OK,file identical at the pin and at HEAD@1ee957c5237e,HEAD@1ee957c5237e,,agents/api-tokens-issue-and-store.md;agents/secret-storage-options.csv;gitlab/variables.md,,
S450,https://gitlab.com/gitlab-org/gitlab/-/raw/56c82a97c3b74a303b33a7cf746157df1e39601f/doc/user/project/codeowners/_index.md,raw-pin,gitlab.com/gitlab-org/gitlab,56c82a97c3b74a303b33a7cf746157df1e39601f,doc/user/project/codeowners/_index.md,2026-09-25,429,OK,file identical at the pin and at HEAD@1ee957c5237e,HEAD@1ee957c5237e,,gitlab/codeowners.md;gitlab/mr-approvals.md,,
S451,https://gitlab.com/gitlab-org/gitlab/-/raw/56c82a97c3b74a303b33a7cf746157df1e39601f/doc/user/project/releases/_index.md,raw-pin,gitlab.com/gitlab-org/gitlab,56c82a97c3b74a303b33a7cf746157df1e39601f,doc/user/project/releases/_index.md,2026-09-25,200,OK,file identical at the pin and at HEAD@1ee957c5237e,HEAD@1ee957c5237e,,gitlab/pipelines-rules.md,,
S452,https://gitlab.com/gitlab-org/gitlab/-/raw/56c82a97c3b74a303b33a7cf746157df1e39601f/LICENSE,raw-pin,gitlab.com/gitlab-org/gitlab,56c82a97c3b74a303b33a7cf746157df1e39601f,LICENSE,2026-09-25,200,OK,file identical at the pin and at HEAD@1ee957c5237e,HEAD@1ee957c5237e,,gitlab/mr-approvals.md,,
S453,https://gitlab.com/gitlab-org/gitlab/-/raw/56c82a97c3b74a303b33a7cf746157df1e39601f/doc/ci/jobs/job_rules.md,raw-pin,gitlab.com/gitlab-org/gitlab,56c82a97c3b74a303b33a7cf746157df1e39601f,doc/ci/jobs/job_rules.md,2026-09-25,429,OK,file identical at the pin and at HEAD@1ee957c5237e,HEAD@1ee957c5237e,,gitlab/pipelines-rules.md,,
S460,https://raw.githubusercontent.com/MicrosoftDocs/sql-docs/e68830c3a18b6b5b770ae629ebdf58dacf898d78/docs/relational-databases/tables/temporal/manage-retention.md,raw-pin,github.com/MicrosoftDocs/sql-docs,e68830c3a18b6b5b770ae629ebdf58dacf898d78,docs/relational-databases/tables/temporal/manage-retention.md,2026-09-25,200,OK,file identical at the pin and at HEAD@2e21fb07c211,HEAD@2e21fb07c211,,sqlserver/linux-container.md;sqlserver/temporal-tables.md,,
S461,https://raw.githubusercontent.com/MicrosoftDocs/sql-docs/e68830c3a18b6b5b770ae629ebdf58dacf898d78/docs/t-sql/statements/create-table-transact-sql.md,raw-pin,github.com/MicrosoftDocs/sql-docs,e68830c3a18b6b5b770ae629ebdf58dacf898d78,docs/t-sql/statements/create-table-transact-sql.md,2026-09-25,200,OK,file identical at the pin and at HEAD@2e21fb07c211,HEAD@2e21fb07c211,,sqlserver/temporal-tables.md,,
S462,https://raw.githubusercontent.com/MicrosoftDocs/sql-docs/e68830c3a18b6b5b770ae629ebdf58dacf898d78/docs/relational-databases/system-stored-procedures/temporal-table-sys-sp-cleanup-temporal-history.md,raw-pin,github.com/MicrosoftDocs/sql-docs,e68830c3a18b6b5b770ae629ebdf58dacf898d78,docs/relational-databases/system-stored-procedures/temporal-table-sys-sp-cleanup-temporal-history.md,2026-09-25,200,OK,file identical at the pin and at HEAD@2e21fb07c211,HEAD@2e21fb07c211,,sqlserver/temporal-tables.md,,
S463,https://raw.githubusercontent.com/MicrosoftDocs/sql-docs/e68830c3a18b6b5b770ae629ebdf58dacf898d78/docs/sql-server/editions-and-components-of-sql-server-2017.md,raw-pin,github.com/MicrosoftDocs/sql-docs,e68830c3a18b6b5b770ae629ebdf58dacf898d78,docs/sql-server/editions-and-components-of-sql-server-2017.md,2026-09-25,200,OK,file identical at the pin and at HEAD@2e21fb07c211,HEAD@2e21fb07c211,,sqlserver/temporal-tables.md,,
S464,https://raw.githubusercontent.com/MicrosoftDocs/sql-docs/e68830c3a18b6b5b770ae629ebdf58dacf898d78/docs/sql-server/editions-and-components-of-sql-server-2019.md,raw-pin,github.com/MicrosoftDocs/sql-docs,e68830c3a18b6b5b770ae629ebdf58dacf898d78,docs/sql-server/editions-and-components-of-sql-server-2019.md,2026-09-25,200,OK,file identical at the pin and at HEAD@2e21fb07c211,HEAD@2e21fb07c211,,sqlserver/temporal-tables.md,,
S465,https://raw.githubusercontent.com/MicrosoftDocs/sql-docs/e68830c3a18b6b5b770ae629ebdf58dacf898d78/docs/sql-server/editions-and-components-of-sql-server-2022.md,raw-pin,github.com/MicrosoftDocs/sql-docs,e68830c3a18b6b5b770ae629ebdf58dacf898d78,docs/sql-server/editions-and-components-of-sql-server-2022.md,2026-09-25,200,OK,file identical at the pin and at HEAD@2e21fb07c211,HEAD@2e21fb07c211,,sqlserver/temporal-tables.md,,
S466,https://raw.githubusercontent.com/MicrosoftDocs/sql-docs/e68830c3a18b6b5b770ae629ebdf58dacf898d78/docs/sql-server/editions-and-components-of-sql-server-2025.md,raw-pin,github.com/MicrosoftDocs/sql-docs,e68830c3a18b6b5b770ae629ebdf58dacf898d78,docs/sql-server/editions-and-components-of-sql-server-2025.md,2026-09-25,200,OK,file identical at the pin and at HEAD@2e21fb07c211,HEAD@2e21fb07c211,,sqlserver/linux-container.md;sqlserver/temporal-tables.md,,
S467,https://raw.githubusercontent.com/MicrosoftDocs/sql-docs/e68830c3a18b6b5b770ae629ebdf58dacf898d78/docs/relational-databases/system-stored-procedures/sp-getapplock-transact-sql.md,raw-pin,github.com/MicrosoftDocs/sql-docs,e68830c3a18b6b5b770ae629ebdf58dacf898d78,docs/relational-databases/system-stored-procedures/sp-getapplock-transact-sql.md,2026-09-25,200,OK,file identical at the pin and at HEAD@2e21fb07c211,HEAD@2e21fb07c211,,sqlserver/sp-getapplock.md,,
S468,https://raw.githubusercontent.com/MicrosoftDocs/sql-docs/e68830c3a18b6b5b770ae629ebdf58dacf898d78/docs/t-sql/statements/deny-transact-sql.md,raw-pin,github.com/MicrosoftDocs/sql-docs,e68830c3a18b6b5b770ae629ebdf58dacf898d78,docs/t-sql/statements/deny-transact-sql.md,2026-09-25,200,OK,file identical at the pin and at HEAD@2e21fb07c211,HEAD@2e21fb07c211,,auth/flows.csv;auth/flows.md;auth/permissions-matrix.csv;sqlserver/insert-only-audit.md,,
S469,https://raw.githubusercontent.com/MicrosoftDocs/sql-docs/e68830c3a18b6b5b770ae629ebdf58dacf898d78/docs/t-sql/statements/deny-object-permissions-transact-sql.md,raw-pin,github.com/MicrosoftDocs/sql-docs,e68830c3a18b6b5b770ae629ebdf58dacf898d78,docs/t-sql/statements/deny-object-permissions-transact-sql.md,2026-09-25,200,OK,file identical at the pin and at HEAD@2e21fb07c211,HEAD@2e21fb07c211,,auth/flows.csv;auth/flows.md;auth/permissions-matrix.csv;sqlserver/insert-only-audit.md,,
S470,https://raw.githubusercontent.com/MicrosoftDocs/sql-docs/e68830c3a18b6b5b770ae629ebdf58dacf898d78/docs/t-sql/statements/grant-schema-permissions-transact-sql.md,raw-pin,github.com/MicrosoftDocs/sql-docs,e68830c3a18b6b5b770ae629ebdf58dacf898d78,docs/t-sql/statements/grant-schema-permissions-transact-sql.md,2026-09-25,200,OK,file identical at the pin and at HEAD@2e21fb07c211,HEAD@2e21fb07c211,,sqlserver/insert-only-audit.md,,
S471,https://raw.githubusercontent.com/MicrosoftDocs/sql-docs/e68830c3a18b6b5b770ae629ebdf58dacf898d78/docs/relational-databases/security/authentication-access/database-level-roles.md,raw-pin,github.com/MicrosoftDocs/sql-docs,e68830c3a18b6b5b770ae629ebdf58dacf898d78,docs/relational-databases/security/authentication-access/database-level-roles.md,2026-09-25,200,OK,file identical at the pin and at HEAD@2e21fb07c211,HEAD@2e21fb07c211,,sqlserver/insert-only-audit.md,,
S473,https://raw.githubusercontent.com/MicrosoftDocs/sql-docs/e68830c3a18b6b5b770ae629ebdf58dacf898d78/docs/linux/containers/deploy.md,raw-pin,github.com/MicrosoftDocs/sql-docs,e68830c3a18b6b5b770ae629ebdf58dacf898d78,docs/linux/containers/deploy.md,2026-09-25,200,OK,file identical at the pin and at HEAD@2e21fb07c211,HEAD@2e21fb07c211,,sqlserver/linux-container.md,,
S474,https://raw.githubusercontent.com/MicrosoftDocs/sql-docs/e68830c3a18b6b5b770ae629ebdf58dacf898d78/docs/linux/configure/environment-variables.md,raw-pin,github.com/MicrosoftDocs/sql-docs,e68830c3a18b6b5b770ae629ebdf58dacf898d78,docs/linux/configure/environment-variables.md,2026-09-25,200,OK,file identical at the pin and at HEAD@2e21fb07c211,HEAD@2e21fb07c211,,sqlserver/linux-container.md,,
S475,https://raw.githubusercontent.com/MicrosoftDocs/sql-docs/e68830c3a18b6b5b770ae629ebdf58dacf898d78/docs/linux/includes/editions-sql-server-2025-later-versions.md,raw-pin,github.com/MicrosoftDocs/sql-docs,e68830c3a18b6b5b770ae629ebdf58dacf898d78,docs/linux/includes/editions-sql-server-2025-later-versions.md,2026-09-25,200,OK,file identical at the pin and at HEAD@2e21fb07c211,HEAD@2e21fb07c211,,sqlserver/linux-container.md,,
S476,https://raw.githubusercontent.com/MicrosoftDocs/sql-docs/e68830c3a18b6b5b770ae629ebdf58dacf898d78/docs/linux/includes/editions-sql-server-2022-earlier-versions.md,raw-pin,github.com/MicrosoftDocs/sql-docs,e68830c3a18b6b5b770ae629ebdf58dacf898d78,docs/linux/includes/editions-sql-server-2022-earlier-versions.md,2026-09-25,200,OK,file identical at the pin and at HEAD@2e21fb07c211,HEAD@2e21fb07c211,,sqlserver/linux-container.md,,
S477,https://raw.githubusercontent.com/MicrosoftDocs/sql-docs/e68830c3a18b6b5b770ae629ebdf58dacf898d78/docs/linux/install-upgrade/quickstart-install-docker.md,raw-pin,github.com/MicrosoftDocs/sql-docs,e68830c3a18b6b5b770ae629ebdf58dacf898d78,docs/linux/install-upgrade/quickstart-install-docker.md,2026-09-25,200,OK,file identical at the pin and at HEAD@2e21fb07c211,HEAD@2e21fb07c211,,sqlserver/linux-container.md,,
S478,https://mcr.microsoft.com/v2/mssql/server/tags/list,live,,,,2026-09-25,200,NEEDS-READING,"HTTP 200, no last-updated date",,,sqlserver/linux-container.md,,
S500,https://raw.githubusercontent.com/microsoftgraph/msgraph-metadata/b8cbef92f6959dca8150bf3edcc650863765e529/clean_v10_metadata/cleanMetadataWithDescriptionsAndAnnotationsv1.0.xml,raw-pin,github.com/microsoftgraph/msgraph-metadata,b8cbef92f6959dca8150bf3edcc650863765e529,clean_v10_metadata/cleanMetadataWithDescriptionsAndAnnotationsv1.0.xml,2026-09-25,200,OK,file identical at the pin and at HEAD@b8cbef92f695,HEAD@b8cbef92f695,,graph/csdl-device.md;graph/csdl-managedDevice.md;graph/csdl-windowsAutopilotDeviceIdentity.md;graph/delta-query.md,,
S501,https://raw.githubusercontent.com/microsoftgraph/msgraph-metadata/b8cbef92f6959dca8150bf3edcc650863765e529/clean_beta_metadata/cleanMetadataWithDescriptionsAndAnnotationsbeta.xml,raw-pin,github.com/microsoftgraph/msgraph-metadata,b8cbef92f6959dca8150bf3edcc650863765e529,clean_beta_metadata/cleanMetadataWithDescriptionsAndAnnotationsbeta.xml,2026-09-25,200,OK,file identical at the pin and at HEAD@b8cbef92f695,HEAD@b8cbef92f695,,graph/csdl-device.md;graph/csdl-managedDevice.md;graph/csdl-windowsAutopilotDeviceIdentity.md;graph/delta-query.md,,
S502,https://raw.githubusercontent.com/microsoftgraph/msgraph-metadata/b8cbef92f6959dca8150bf3edcc650863765e529/clean_v10_metadata/cleanMetadata.xml,raw-pin,github.com/microsoftgraph/msgraph-metadata,b8cbef92f6959dca8150bf3edcc650863765e529,clean_v10_metadata/cleanMetadata.xml,2026-09-25,200,OK,file identical at the pin and at HEAD@b8cbef92f695,HEAD@b8cbef92f695,,graph/csdl-managedDevice.md;graph/csdl-windowsAutopilotDeviceIdentity.md;graph/delta-query.md,,
S503,https://raw.githubusercontent.com/microsoftgraph/msgraph-metadata/b8cbef92f6959dca8150bf3edcc650863765e529/clean_beta_metadata/cleanMetadata.xml,raw-pin,github.com/microsoftgraph/msgraph-metadata,b8cbef92f6959dca8150bf3edcc650863765e529,clean_beta_metadata/cleanMetadata.xml,2026-09-25,200,OK,file identical at the pin and at HEAD@b8cbef92f695,HEAD@b8cbef92f695,,graph/csdl-managedDevice.md;graph/csdl-windowsAutopilotDeviceIdentity.md;graph/delta-query.md,,
S504,https://raw.githubusercontent.com/microsoftgraph/microsoft-graph-docs-contrib/4ad99fd37a9e2e8538275a0a9cdff7907052f3ec/api-reference/v1.0/resources/device.md,raw-pin,github.com/microsoftgraph/microsoft-graph-docs-contrib,4ad99fd37a9e2e8538275a0a9cdff7907052f3ec,api-reference/v1.0/resources/device.md,2026-09-25,200,OK,file identical at the pin and at HEAD@4ad99fd37a9e,HEAD@4ad99fd37a9e,,autopilot/device-identity.md;entra/conditional-access-devices.md;entra/device-identity.md;entra/hybrid-deviceid-objectguid.md;entra/stale-devices.md;graph/csdl-device.md,,
S505,https://raw.githubusercontent.com/microsoftgraph/microsoft-graph-docs-contrib/4ad99fd37a9e2e8538275a0a9cdff7907052f3ec/api-reference/beta/resources/device.md,raw-pin,github.com/microsoftgraph/microsoft-graph-docs-contrib,4ad99fd37a9e2e8538275a0a9cdff7907052f3ec,api-reference/beta/resources/device.md,2026-09-25,200,OK,file identical at the pin and at HEAD@4ad99fd37a9e,HEAD@4ad99fd37a9e,,graph/csdl-device.md,,
S506,https://raw.githubusercontent.com/microsoftgraph/microsoft-graph-docs-contrib/4ad99fd37a9e2e8538275a0a9cdff7907052f3ec/api-reference/v1.0/resources/intune-devices-manageddevice.md,raw-pin,github.com/microsoftgraph/microsoft-graph-docs-contrib,4ad99fd37a9e2e8538275a0a9cdff7907052f3ec,api-reference/v1.0/resources/intune-devices-manageddevice.md,2026-09-25,200,OK,file identical at the pin and at HEAD@4ad99fd37a9e,HEAD@4ad99fd37a9e,,graph/csdl-managedDevice.md,,
S507,https://raw.githubusercontent.com/microsoftgraph/microsoft-graph-docs-contrib/4ad99fd37a9e2e8538275a0a9cdff7907052f3ec/api-reference/beta/resources/intune-devices-manageddevice.md,raw-pin,github.com/microsoftgraph/microsoft-graph-docs-contrib,4ad99fd37a9e2e8538275a0a9cdff7907052f3ec,api-reference/beta/resources/intune-devices-manageddevice.md,2026-09-25,200,OK,file identical at the pin and at HEAD@4ad99fd37a9e,HEAD@4ad99fd37a9e,,graph/csdl-managedDevice.md,,
S508,https://raw.githubusercontent.com/microsoftgraph/microsoft-graph-docs-contrib/4ad99fd37a9e2e8538275a0a9cdff7907052f3ec/api-reference/v1.0/resources/intune-enrollment-windowsautopilotdeviceidentity.md,raw-pin,github.com/microsoftgraph/microsoft-graph-docs-contrib,4ad99fd37a9e2e8538275a0a9cdff7907052f3ec,api-reference/v1.0/resources/intune-enrollment-windowsautopilotdeviceidentity.md,2026-09-25,200,OK,file identical at the pin and at HEAD@4ad99fd37a9e,HEAD@4ad99fd37a9e,,autopilot/device-identity.md;graph/csdl-windowsAutopilotDeviceIdentity.md,,
S509,https://raw.githubusercontent.com/microsoftgraph/microsoft-graph-docs-contrib/4ad99fd37a9e2e8538275a0a9cdff7907052f3ec/api-reference/beta/resources/intune-enrollment-windowsautopilotdeviceidentity.md,raw-pin,github.com/microsoftgraph/microsoft-graph-docs-contrib,4ad99fd37a9e2e8538275a0a9cdff7907052f3ec,api-reference/beta/resources/intune-enrollment-windowsautopilotdeviceidentity.md,2026-09-25,200,OK,file identical at the pin and at HEAD@4ad99fd37a9e,HEAD@4ad99fd37a9e,,autopilot/device-identity.md;graph/csdl-windowsAutopilotDeviceIdentity.md,,
S510,https://raw.githubusercontent.com/microsoftgraph/microsoft-graph-docs-contrib/4ad99fd37a9e2e8538275a0a9cdff7907052f3ec/concepts/delta-query-overview.md,raw-pin,github.com/microsoftgraph/microsoft-graph-docs-contrib,4ad99fd37a9e2e8538275a0a9cdff7907052f3ec,concepts/delta-query-overview.md,2026-09-25,200,OK,file identical at the pin and at HEAD@4ad99fd37a9e,HEAD@4ad99fd37a9e,,graph/delta-query.md,,
S511,https://raw.githubusercontent.com/microsoftgraph/microsoft-graph-docs-contrib/4ad99fd37a9e2e8538275a0a9cdff7907052f3ec/api-reference/v1.0/api/device-delta.md,raw-pin,github.com/microsoftgraph/microsoft-graph-docs-contrib,4ad99fd37a9e2e8538275a0a9cdff7907052f3ec,api-reference/v1.0/api/device-delta.md,2026-09-25,200,OK,file identical at the pin and at HEAD@4ad99fd37a9e,HEAD@4ad99fd37a9e,,graph/delta-query.md,,
S512,https://raw.githubusercontent.com/microsoftgraph/microsoft-graph-docs-contrib/4ad99fd37a9e2e8538275a0a9cdff7907052f3ec/api-reference/v1.0/includes/permissions/device-list-permissions.md,raw-pin,github.com/microsoftgraph/microsoft-graph-docs-contrib,4ad99fd37a9e2e8538275a0a9cdff7907052f3ec,api-reference/v1.0/includes/permissions/device-list-permissions.md,2026-09-25,200,OK,file identical at the pin and at HEAD@4ad99fd37a9e,HEAD@4ad99fd37a9e,,auth/flows.csv;auth/flows.md;auth/permissions-matrix.csv;graph/permissions.csv;graph/permissions.md,,
S513,https://raw.githubusercontent.com/microsoftgraph/microsoft-graph-docs-contrib/4ad99fd37a9e2e8538275a0a9cdff7907052f3ec/api-reference/v1.0/includes/permissions/device-get-permissions.md,raw-pin,github.com/microsoftgraph/microsoft-graph-docs-contrib,4ad99fd37a9e2e8538275a0a9cdff7907052f3ec,api-reference/v1.0/includes/permissions/device-get-permissions.md,2026-09-25,200,OK,file identical at the pin and at HEAD@4ad99fd37a9e,HEAD@4ad99fd37a9e,,graph/permissions.csv;graph/permissions.md,,
S514,https://raw.githubusercontent.com/microsoftgraph/microsoft-graph-docs-contrib/4ad99fd37a9e2e8538275a0a9cdff7907052f3ec/api-reference/v1.0/includes/permissions/device-delta-permissions.md,raw-pin,github.com/microsoftgraph/microsoft-graph-docs-contrib,4ad99fd37a9e2e8538275a0a9cdff7907052f3ec,api-reference/v1.0/includes/permissions/device-delta-permissions.md,2026-09-25,200,OK,file identical at the pin and at HEAD@4ad99fd37a9e,HEAD@4ad99fd37a9e,,auth/permissions-matrix.csv;graph/permissions.csv;graph/permissions.md,,
S515,https://raw.githubusercontent.com/microsoftgraph/microsoft-graph-docs-contrib/4ad99fd37a9e2e8538275a0a9cdff7907052f3ec/api-reference/v1.0/includes/permissions/device-delete-permissions.md,raw-pin,github.com/microsoftgraph/microsoft-graph-docs-contrib,4ad99fd37a9e2e8538275a0a9cdff7907052f3ec,api-reference/v1.0/includes/permissions/device-delete-permissions.md,2026-09-25,200,OK,file identical at the pin and at HEAD@4ad99fd37a9e,HEAD@4ad99fd37a9e,,graph/permissions.csv;graph/permissions.md,,
S516,https://raw.githubusercontent.com/microsoftgraph/microsoft-graph-docs-contrib/4ad99fd37a9e2e8538275a0a9cdff7907052f3ec/api-reference/v1.0/api/device-delete.md,raw-pin,github.com/microsoftgraph/microsoft-graph-docs-contrib,4ad99fd37a9e2e8538275a0a9cdff7907052f3ec,api-reference/v1.0/api/device-delete.md,2026-09-25,200,OK,file identical at the pin and at HEAD@4ad99fd37a9e,HEAD@4ad99fd37a9e,,graph/permissions.csv;graph/permissions.md,,
S517,https://raw.githubusercontent.com/microsoftgraph/microsoft-graph-docs-contrib/4ad99fd37a9e2e8538275a0a9cdff7907052f3ec/api-reference/v1.0/includes/rbac-for-apis/rbac-devices-apis-read.md,raw-pin,github.com/microsoftgraph/microsoft-graph-docs-contrib,4ad99fd37a9e2e8538275a0a9cdff7907052f3ec,api-reference/v1.0/includes/rbac-for-apis/rbac-devices-apis-read.md,2026-09-25,200,OK,file identical at the pin and at HEAD@4ad99fd37a9e,HEAD@4ad99fd37a9e,,graph/permissions.csv;graph/permissions.md,,
S518,https://raw.githubusercontent.com/microsoftgraph/microsoft-graph-docs-contrib/4ad99fd37a9e2e8538275a0a9cdff7907052f3ec/api-reference/v1.0/api/intune-devices-manageddevice-list.md,raw-pin,github.com/microsoftgraph/microsoft-graph-docs-contrib,4ad99fd37a9e2e8538275a0a9cdff7907052f3ec,api-reference/v1.0/api/intune-devices-manageddevice-list.md,2026-09-25,200,OK,file identical at the pin and at HEAD@4ad99fd37a9e,HEAD@4ad99fd37a9e,,auth/flows.csv;auth/flows.md;auth/permissions-matrix.csv;graph/permissions.csv;graph/permissions.md,,
S519,https://raw.githubusercontent.com/microsoftgraph/microsoft-graph-docs-contrib/4ad99fd37a9e2e8538275a0a9cdff7907052f3ec/api-reference/v1.0/api/intune-devices-manageddevice-get.md,raw-pin,github.com/microsoftgraph/microsoft-graph-docs-contrib,4ad99fd37a9e2e8538275a0a9cdff7907052f3ec,api-reference/v1.0/api/intune-devices-manageddevice-get.md,2026-09-25,200,OK,file identical at the pin and at HEAD@4ad99fd37a9e,HEAD@4ad99fd37a9e,,graph/permissions.csv;graph/permissions.md,,
S520,https://raw.githubusercontent.com/microsoftgraph/microsoft-graph-docs-contrib/4ad99fd37a9e2e8538275a0a9cdff7907052f3ec/api-reference/v1.0/api/intune-devices-manageddevice-delete.md,raw-pin,github.com/microsoftgraph/microsoft-graph-docs-contrib,4ad99fd37a9e2e8538275a0a9cdff7907052f3ec,api-reference/v1.0/api/intune-devices-manageddevice-delete.md,2026-09-25,200,OK,file identical at the pin and at HEAD@4ad99fd37a9e,HEAD@4ad99fd37a9e,,graph/permissions.csv;graph/permissions.md,,
S521,https://raw.githubusercontent.com/microsoftgraph/microsoft-graph-docs-contrib/4ad99fd37a9e2e8538275a0a9cdff7907052f3ec/api-reference/v1.0/api/intune-enrollment-windowsautopilotdeviceidentity-list.md,raw-pin,github.com/microsoftgraph/microsoft-graph-docs-contrib,4ad99fd37a9e2e8538275a0a9cdff7907052f3ec,api-reference/v1.0/api/intune-enrollment-windowsautopilotdeviceidentity-list.md,2026-09-25,200,OK,file identical at the pin and at HEAD@4ad99fd37a9e,HEAD@4ad99fd37a9e,,auth/flows.csv;auth/flows.md;auth/permissions-matrix.csv;graph/permissions.csv;graph/permissions.md,,
S522,https://raw.githubusercontent.com/microsoftgraph/microsoft-graph-docs-contrib/4ad99fd37a9e2e8538275a0a9cdff7907052f3ec/api-reference/v1.0/api/intune-enrollment-windowsautopilotdeviceidentity-get.md,raw-pin,github.com/microsoftgraph/microsoft-graph-docs-contrib,4ad99fd37a9e2e8538275a0a9cdff7907052f3ec,api-reference/v1.0/api/intune-enrollment-windowsautopilotdeviceidentity-get.md,2026-09-25,200,OK,file identical at the pin and at HEAD@4ad99fd37a9e,HEAD@4ad99fd37a9e,,graph/permissions.csv;graph/permissions.md,,
S523,https://raw.githubusercontent.com/microsoftgraph/microsoft-graph-docs-contrib/4ad99fd37a9e2e8538275a0a9cdff7907052f3ec/api-reference/v1.0/api/intune-enrollment-windowsautopilotdeviceidentity-delete.md,raw-pin,github.com/microsoftgraph/microsoft-graph-docs-contrib,4ad99fd37a9e2e8538275a0a9cdff7907052f3ec,api-reference/v1.0/api/intune-enrollment-windowsautopilotdeviceidentity-delete.md,2026-09-25,200,OK,file identical at the pin and at HEAD@4ad99fd37a9e,HEAD@4ad99fd37a9e,,autopilot/lifecycle.md;graph/permissions.csv;graph/permissions.md,,
S524,https://raw.githubusercontent.com/microsoftgraph/microsoft-graph-docs-contrib/4ad99fd37a9e2e8538275a0a9cdff7907052f3ec/concepts/permissions-reference.md,raw-pin,github.com/microsoftgraph/microsoft-graph-docs-contrib,4ad99fd37a9e2e8538275a0a9cdff7907052f3ec,concepts/permissions-reference.md,2026-09-25,200,OK,file identical at the pin and at HEAD@4ad99fd37a9e,HEAD@4ad99fd37a9e,,auth/role-source-options.md;graph/permission-ids.csv;graph/permissions.md,,
S525,https://raw.githubusercontent.com/microsoftgraph/microsoft-graph-docs-contrib/4ad99fd37a9e2e8538275a0a9cdff7907052f3ec/concepts/throttling-limits.md,raw-pin,github.com/microsoftgraph/microsoft-graph-docs-contrib,4ad99fd37a9e2e8538275a0a9cdff7907052f3ec,concepts/throttling-limits.md,2026-09-25,200,OK,file identical at the pin and at HEAD@4ad99fd37a9e,HEAD@4ad99fd37a9e,,graph/throttling.md,,
S526,https://raw.githubusercontent.com/microsoftgraph/microsoft-graph-docs-contrib/4ad99fd37a9e2e8538275a0a9cdff7907052f3ec/includes/throttling-identity-and-access.md,raw-pin,github.com/microsoftgraph/microsoft-graph-docs-contrib,4ad99fd37a9e2e8538275a0a9cdff7907052f3ec,includes/throttling-identity-and-access.md,2026-09-25,200,OK,file identical at the pin and at HEAD@4ad99fd37a9e,HEAD@4ad99fd37a9e,,graph/throttling.md,,
S527,https://raw.githubusercontent.com/microsoftgraph/microsoft-graph-docs-contrib/4ad99fd37a9e2e8538275a0a9cdff7907052f3ec/includes/throttling-device-operation.md,raw-pin,github.com/microsoftgraph/microsoft-graph-docs-contrib,4ad99fd37a9e2e8538275a0a9cdff7907052f3ec,includes/throttling-device-operation.md,2026-09-25,200,OK,file identical at the pin and at HEAD@4ad99fd37a9e,HEAD@4ad99fd37a9e,,graph/throttling.md,,
S528,https://raw.githubusercontent.com/microsoftgraph/microsoft-graph-docs-contrib/4ad99fd37a9e2e8538275a0a9cdff7907052f3ec/includes/throttling-intune-devices.md,raw-pin,github.com/microsoftgraph/microsoft-graph-docs-contrib,4ad99fd37a9e2e8538275a0a9cdff7907052f3ec,includes/throttling-intune-devices.md,2026-09-25,200,OK,file identical at the pin and at HEAD@4ad99fd37a9e,HEAD@4ad99fd37a9e,,graph/throttling.md,,
S529,https://raw.githubusercontent.com/microsoftgraph/microsoft-graph-docs-contrib/4ad99fd37a9e2e8538275a0a9cdff7907052f3ec/concepts/throttling.md,raw-pin,github.com/microsoftgraph/microsoft-graph-docs-contrib,4ad99fd37a9e2e8538275a0a9cdff7907052f3ec,concepts/throttling.md,2026-09-25,200,OK,file identical at the pin and at HEAD@4ad99fd37a9e,HEAD@4ad99fd37a9e,,graph/batching-and-query.md;graph/throttling.md,,
S530,https://raw.githubusercontent.com/microsoftgraph/microsoft-graph-docs-contrib/4ad99fd37a9e2e8538275a0a9cdff7907052f3ec/concepts/aad-advanced-queries.md,raw-pin,github.com/microsoftgraph/microsoft-graph-docs-contrib,4ad99fd37a9e2e8538275a0a9cdff7907052f3ec,concepts/aad-advanced-queries.md,2026-09-25,200,OK,file identical at the pin and at HEAD@4ad99fd37a9e,HEAD@4ad99fd37a9e,,graph/batching-and-query.md;graph/csdl-device.md,,
S531,https://raw.githubusercontent.com/microsoftgraph/microsoft-graph-docs-contrib/4ad99fd37a9e2e8538275a0a9cdff7907052f3ec/api-reference/v1.0/api/bitlocker-list-recoverykeys.md,raw-pin,github.com/microsoftgraph/microsoft-graph-docs-contrib,4ad99fd37a9e2e8538275a0a9cdff7907052f3ec,api-reference/v1.0/api/bitlocker-list-recoverykeys.md,2026-09-25,200,OK,file identical at the pin and at HEAD@4ad99fd37a9e,HEAD@4ad99fd37a9e,,entra/bitlocker-key-deletion.md;graph/permissions.csv;graph/permissions.md;windows/bitlocker.md,,
S540,https://raw.githubusercontent.com/MicrosoftDocs/entra-docs/8fcc223342e1c464806a024a5a7a85c8f762b2e9/docs/identity/devices/overview.md,raw-pin,github.com/MicrosoftDocs/entra-docs,8fcc223342e1c464806a024a5a7a85c8f762b2e9,docs/identity/devices/overview.md,2026-09-25,200,OK,file identical at the pin and at HEAD@902ee3bc2c29,HEAD@902ee3bc2c29,,entra/device-identity.md,,
S541,https://raw.githubusercontent.com/MicrosoftDocs/entra-docs/8fcc223342e1c464806a024a5a7a85c8f762b2e9/docs/identity/devices/concept-device-registration.md,raw-pin,github.com/MicrosoftDocs/entra-docs,8fcc223342e1c464806a024a5a7a85c8f762b2e9,docs/identity/devices/concept-device-registration.md,2026-09-25,200,OK,file identical at the pin and at HEAD@902ee3bc2c29,HEAD@902ee3bc2c29,,entra/device-identity.md,,
S542,https://raw.githubusercontent.com/MicrosoftDocs/entra-docs/8fcc223342e1c464806a024a5a7a85c8f762b2e9/docs/identity/devices/concept-directory-join.md,raw-pin,github.com/MicrosoftDocs/entra-docs,8fcc223342e1c464806a024a5a7a85c8f762b2e9,docs/identity/devices/concept-directory-join.md,2026-09-25,200,OK,file identical at the pin and at HEAD@902ee3bc2c29,HEAD@902ee3bc2c29,,entra/device-identity.md,,
S543,https://raw.githubusercontent.com/MicrosoftDocs/entra-docs/8fcc223342e1c464806a024a5a7a85c8f762b2e9/docs/identity/devices/concept-hybrid-join.md,raw-pin,github.com/MicrosoftDocs/entra-docs,8fcc223342e1c464806a024a5a7a85c8f762b2e9,docs/identity/devices/concept-hybrid-join.md,2026-09-25,200,OK,file identical at the pin and at HEAD@902ee3bc2c29,HEAD@902ee3bc2c29,,entra/device-identity.md,,
S544,https://raw.githubusercontent.com/MicrosoftDocs/entra-docs/8fcc223342e1c464806a024a5a7a85c8f762b2e9/docs/identity/devices/troubleshoot-device-dsregcmd.md,raw-pin,github.com/MicrosoftDocs/entra-docs,8fcc223342e1c464806a024a5a7a85c8f762b2e9,docs/identity/devices/troubleshoot-device-dsregcmd.md,2026-09-25,200,OK,file identical at the pin and at HEAD@902ee3bc2c29,HEAD@902ee3bc2c29,,entra/device-identity.md;entra/dsregcmd.md;entra/hybrid-deviceid-objectguid.md,,
S545,https://raw.githubusercontent.com/MicrosoftDocs/entra-docs/8fcc223342e1c464806a024a5a7a85c8f762b2e9/docs/identity/devices/manage-stale-devices.md,raw-pin,github.com/MicrosoftDocs/entra-docs,8fcc223342e1c464806a024a5a7a85c8f762b2e9,docs/identity/devices/manage-stale-devices.md,2026-09-25,200,OK,file identical at the pin and at HEAD@902ee3bc2c29,HEAD@902ee3bc2c29,,autopilot/device-identity.md;autopilot/lifecycle.md;entra/bitlocker-key-deletion.md;entra/stale-devices.md,,
S546,https://raw.githubusercontent.com/MicrosoftDocs/entra-docs/8fcc223342e1c464806a024a5a7a85c8f762b2e9/docs/identity/devices/manage-device-identities.md,raw-pin,github.com/MicrosoftDocs/entra-docs,8fcc223342e1c464806a024a5a7a85c8f762b2e9,docs/identity/devices/manage-device-identities.md,2026-09-25,200,OK,file identical at the pin and at HEAD@902ee3bc2c29,HEAD@902ee3bc2c29,,entra/bitlocker-key-deletion.md,,
S547,https://raw.githubusercontent.com/MicrosoftDocs/entra-docs/8fcc223342e1c464806a024a5a7a85c8f762b2e9/docs/identity/devices/concept-soft-delete-devices.md,raw-pin,github.com/MicrosoftDocs/entra-docs,8fcc223342e1c464806a024a5a7a85c8f762b2e9,docs/identity/devices/concept-soft-delete-devices.md,2026-09-25,200,OK,file identical at the pin and at HEAD@902ee3bc2c29,HEAD@902ee3bc2c29,,entra/bitlocker-key-deletion.md;entra/stale-devices.md,,
S548,https://raw.githubusercontent.com/MicrosoftDocs/entra-docs/8fcc223342e1c464806a024a5a7a85c8f762b2e9/docs/identity/devices/device-registration-how-it-works.md,raw-pin,github.com/MicrosoftDocs/entra-docs,8fcc223342e1c464806a024a5a7a85c8f762b2e9,docs/identity/devices/device-registration-how-it-works.md,2026-09-25,200,OK,file identical at the pin and at HEAD@902ee3bc2c29,HEAD@902ee3bc2c29,,entra/dsregcmd.md;entra/hybrid-deviceid-objectguid.md,,
S549,https://raw.githubusercontent.com/MicrosoftDocs/entra-docs/8fcc223342e1c464806a024a5a7a85c8f762b2e9/docs/identity/hybrid/connect/reference-connect-sync-attributes-synchronized.md,raw-pin,github.com/MicrosoftDocs/entra-docs,8fcc223342e1c464806a024a5a7a85c8f762b2e9,docs/identity/hybrid/connect/reference-connect-sync-attributes-synchronized.md,2026-09-25,200,OK,file identical at the pin and at HEAD@902ee3bc2c29,HEAD@902ee3bc2c29,,ad/computer-attributes.md;entra/hybrid-deviceid-objectguid.md,,
S550,https://raw.githubusercontent.com/MicrosoftDocs/entra-docs/8fcc223342e1c464806a024a5a7a85c8f762b2e9/docs/identity/hybrid/cloud-sync/device-sync.md,raw-pin,github.com/MicrosoftDocs/entra-docs,8fcc223342e1c464806a024a5a7a85c8f762b2e9,docs/identity/hybrid/cloud-sync/device-sync.md,2026-09-25,200,OK,file identical at the pin and at HEAD@902ee3bc2c29,HEAD@902ee3bc2c29,,entra/hybrid-deviceid-objectguid.md,,
S551,https://raw.githubusercontent.com/MicrosoftDocs/entra-docs/8fcc223342e1c464806a024a5a7a85c8f762b2e9/docs/identity/devices/hybrid-join-manual.md,raw-pin,github.com/MicrosoftDocs/entra-docs,8fcc223342e1c464806a024a5a7a85c8f762b2e9,docs/identity/devices/hybrid-join-manual.md,2026-09-25,200,OK,file identical at the pin and at HEAD@902ee3bc2c29,HEAD@902ee3bc2c29,,entra/hybrid-deviceid-objectguid.md,,
S552,https://raw.githubusercontent.com/MicrosoftDocs/SupportArticles-docs/c059e57ad347ac39ac748cc22c54285463e7172f/support/entra/entra-id/ad-dmn-services/reference-connect-device-disappearance.md,raw-pin,github.com/MicrosoftDocs/SupportArticles-docs,c059e57ad347ac39ac748cc22c54285463e7172f,support/entra/entra-id/ad-dmn-services/reference-connect-device-disappearance.md,2026-09-25,200,OK,file identical at the pin and at HEAD@899bff3bc0ce,HEAD@899bff3bc0ce,,ad/computer-attributes.md;entra/hybrid-deviceid-objectguid.md,,
S553,https://raw.githubusercontent.com/MicrosoftDocs/entra-docs/8fcc223342e1c464806a024a5a7a85c8f762b2e9/docs/identity/conditional-access/concept-condition-filters-for-devices.md,raw-pin,github.com/MicrosoftDocs/entra-docs,8fcc223342e1c464806a024a5a7a85c8f762b2e9,docs/identity/conditional-access/concept-condition-filters-for-devices.md,2026-09-25,200,OK,file identical at the pin and at HEAD@902ee3bc2c29,HEAD@902ee3bc2c29,,autopilot/device-identity.md,,
S554,https://raw.githubusercontent.com/MicrosoftDocs/entra-docs/8fcc223342e1c464806a024a5a7a85c8f762b2e9/docs/identity/users/groups-dynamic-membership.md,raw-pin,github.com/MicrosoftDocs/entra-docs,8fcc223342e1c464806a024a5a7a85c8f762b2e9,docs/identity/users/groups-dynamic-membership.md,2026-09-25,200,OK,file identical at the pin and at HEAD@902ee3bc2c29,HEAD@902ee3bc2c29,,autopilot/device-identity.md,,
S555,https://raw.githubusercontent.com/MicrosoftDocs/entra-docs/8fcc223342e1c464806a024a5a7a85c8f762b2e9/docs/identity-platform/optional-claims-reference.md,raw-pin,github.com/MicrosoftDocs/entra-docs,8fcc223342e1c464806a024a5a7a85c8f762b2e9,docs/identity-platform/optional-claims-reference.md,2026-09-25,200,OK,file identical at the pin and at HEAD@902ee3bc2c29,HEAD@902ee3bc2c29,,autopilot/device-identity.md,,
S560,https://raw.githubusercontent.com/MicrosoftDocs/win32/e103fa4e8810bd8d42c4777e17081e24dbe62dbd/desktop-src/ADSchema/a-objectguid.md,raw-pin,github.com/MicrosoftDocs/win32,e103fa4e8810bd8d42c4777e17081e24dbe62dbd,desktop-src/ADSchema/a-objectguid.md,2026-09-25,200,OK,file identical at the pin and at HEAD@e103fa4e8810,HEAD@e103fa4e8810,,ad/computer-attributes.csv;ad/computer-attributes.md;ad/ldap-paging-filters.md,,
S561,https://raw.githubusercontent.com/MicrosoftDocs/win32/e103fa4e8810bd8d42c4777e17081e24dbe62dbd/desktop-src/ADSchema/a-objectsid.md,raw-pin,github.com/MicrosoftDocs/win32,e103fa4e8810bd8d42c4777e17081e24dbe62dbd,desktop-src/ADSchema/a-objectsid.md,2026-09-25,200,OK,file identical at the pin and at HEAD@e103fa4e8810,HEAD@e103fa4e8810,,ad/computer-attributes.csv;ad/computer-attributes.md,,
S562,https://raw.githubusercontent.com/MicrosoftDocs/win32/e103fa4e8810bd8d42c4777e17081e24dbe62dbd/desktop-src/ADSchema/a-lastlogontimestamp.md,raw-pin,github.com/MicrosoftDocs/win32,e103fa4e8810bd8d42c4777e17081e24dbe62dbd,desktop-src/ADSchema/a-lastlogontimestamp.md,2026-09-25,200,OK,file identical at the pin and at HEAD@e103fa4e8810,HEAD@e103fa4e8810,,ad/computer-attributes.csv;ad/computer-attributes.md,,
S563,https://raw.githubusercontent.com/MicrosoftDocs/win32/e103fa4e8810bd8d42c4777e17081e24dbe62dbd/desktop-src/ADSchema/a-msds-logontimesyncinterval.md,raw-pin,github.com/MicrosoftDocs/win32,e103fa4e8810bd8d42c4777e17081e24dbe62dbd,desktop-src/ADSchema/a-msds-logontimesyncinterval.md,2026-09-25,200,OK,file identical at the pin and at HEAD@e103fa4e8810,HEAD@e103fa4e8810,,ad/computer-attributes.csv;ad/computer-attributes.md,,
S564,https://raw.githubusercontent.com/MicrosoftDocs/win32/e103fa4e8810bd8d42c4777e17081e24dbe62dbd/desktop-src/ADSchema/a-dnshostname.md,raw-pin,github.com/MicrosoftDocs/win32,e103fa4e8810bd8d42c4777e17081e24dbe62dbd,desktop-src/ADSchema/a-dnshostname.md,2026-09-25,200,OK,file identical at the pin and at HEAD@e103fa4e8810,HEAD@e103fa4e8810,,ad/computer-attributes.csv;ad/computer-attributes.md,,
S565,https://raw.githubusercontent.com/MicrosoftDocs/win32/e103fa4e8810bd8d42c4777e17081e24dbe62dbd/desktop-src/ADSchema/a-usercertificate.md,raw-pin,github.com/MicrosoftDocs/win32,e103fa4e8810bd8d42c4777e17081e24dbe62dbd,desktop-src/ADSchema/a-usercertificate.md,2026-09-25,200,OK,file identical at the pin and at HEAD@e103fa4e8810,HEAD@e103fa4e8810,,ad/computer-attributes.csv;ad/computer-attributes.md,,
S566,https://raw.githubusercontent.com/MicrosoftDocs/win32/e103fa4e8810bd8d42c4777e17081e24dbe62dbd/desktop-src/ADSchema/c-computer.md,raw-pin,github.com/MicrosoftDocs/win32,e103fa4e8810bd8d42c4777e17081e24dbe62dbd,desktop-src/ADSchema/c-computer.md,2026-09-25,200,OK,file identical at the pin and at HEAD@e103fa4e8810,HEAD@e103fa4e8810,,ad/computer-attributes.md,,
S567,https://raw.githubusercontent.com/MicrosoftDocs/win32/e103fa4e8810bd8d42c4777e17081e24dbe62dbd/desktop-src/ADSI/search-filter-syntax.md,raw-pin,github.com/MicrosoftDocs/win32,e103fa4e8810bd8d42c4777e17081e24dbe62dbd,desktop-src/ADSI/search-filter-syntax.md,2026-09-25,200,OK,file identical at the pin and at HEAD@e103fa4e8810,HEAD@e103fa4e8810,,ad/ldap-paging-filters.md,,
S568,https://raw.githubusercontent.com/MicrosoftDocs/win32/e103fa4e8810bd8d42c4777e17081e24dbe62dbd/desktop-src/ADSI/paging-with-idirectorysearch.md,raw-pin,github.com/MicrosoftDocs/win32,e103fa4e8810bd8d42c4777e17081e24dbe62dbd,desktop-src/ADSI/paging-with-idirectorysearch.md,2026-09-25,200,OK,file identical at the pin and at HEAD@e103fa4e8810,HEAD@e103fa4e8810,,ad/ldap-paging-filters.md,,
S569,https://raw.githubusercontent.com/MicrosoftDocs/SupportArticles-docs/c059e57ad347ac39ac748cc22c54285463e7172f/support/windows-server/active-directory/view-set-ldap-policy-using-ntdsutil.md,raw-pin,github.com/MicrosoftDocs/SupportArticles-docs,c059e57ad347ac39ac748cc22c54285463e7172f,support/windows-server/active-directory/view-set-ldap-policy-using-ntdsutil.md,2026-09-25,200,OK,file identical at the pin and at HEAD@899bff3bc0ce,HEAD@899bff3bc0ce,,ad/ldap-paging-filters.md,,
S570,https://raw.githubusercontent.com/MicrosoftDocs/SupportArticles-docs/c059e57ad347ac39ac748cc22c54285463e7172f/support/windows-server/active-directory/domain-controller-returns-500-values-ldap-response.md,raw-pin,github.com/MicrosoftDocs/SupportArticles-docs,c059e57ad347ac39ac748cc22c54285463e7172f,support/windows-server/active-directory/domain-controller-returns-500-values-ldap-response.md,2026-09-25,200,OK,file identical at the pin and at HEAD@899bff3bc0ce,HEAD@899bff3bc0ce,,ad/ldap-paging-filters.md,,
S571,https://raw.githubusercontent.com/MicrosoftDocs/win32/e103fa4e8810bd8d42c4777e17081e24dbe62dbd/desktop-src/ADSchema/rootdse.md,raw-pin,github.com/MicrosoftDocs/win32,e103fa4e8810bd8d42c4777e17081e24dbe62dbd,desktop-src/ADSchema/rootdse.md,2026-09-25,200,OK,file identical at the pin and at HEAD@e103fa4e8810,HEAD@e103fa4e8810,,ad/ldap-paging-filters.md,,
S580,https://raw.githubusercontent.com/MicrosoftDocs/memdocs/4b5429df8b47046c6b251e572ee61199fb5d4a5d/autopilot/registration-overview.md,raw-pin,github.com/MicrosoftDocs/memdocs,4b5429df8b47046c6b251e572ee61199fb5d4a5d,autopilot/registration-overview.md,2026-09-24,200,NEEDS-READING,file identical at the pin and at HEAD@4b5429df8b47; MicrosoftDocs/memdocs is archived: re-source to the live Learn page,,memdocs,autopilot/device-identity.md;autopilot/lifecycle.md,,
S581,https://raw.githubusercontent.com/MicrosoftDocs/memdocs/4b5429df8b47046c6b251e572ee61199fb5d4a5d/autopilot/includes/deregister-autopilot-device.md,raw-pin,github.com/MicrosoftDocs/memdocs,4b5429df8b47046c6b251e572ee61199fb5d4a5d,autopilot/includes/deregister-autopilot-device.md,2026-09-24,200,NEEDS-READING,file identical at the pin and at HEAD@4b5429df8b47; MicrosoftDocs/memdocs is archived: re-source to the live Learn page,,memdocs,autopilot/lifecycle.md,,
S582,https://raw.githubusercontent.com/MicrosoftDocs/memdocs/4b5429df8b47046c6b251e572ee61199fb5d4a5d/autopilot/autopilot-motherboard-replacement.md,raw-pin,github.com/MicrosoftDocs/memdocs,4b5429df8b47046c6b251e572ee61199fb5d4a5d,autopilot/autopilot-motherboard-replacement.md,2026-09-24,200,NEEDS-READING,file identical at the pin and at HEAD@4b5429df8b47; MicrosoftDocs/memdocs is archived: re-source to the live Learn page,,memdocs,autopilot/lifecycle.md,,
S583,https://raw.githubusercontent.com/MicrosoftDocs/memdocs/4b5429df8b47046c6b251e572ee61199fb5d4a5d/autopilot/windows-autopilot-hybrid.md,raw-pin,github.com/MicrosoftDocs/memdocs,4b5429df8b47046c6b251e572ee61199fb5d4a5d,autopilot/windows-autopilot-hybrid.md,2026-09-24,200,NEEDS-READING,file identical at the pin and at HEAD@4b5429df8b47; MicrosoftDocs/memdocs is archived: re-source to the live Learn page,,memdocs,autopilot/lifecycle.md,,
S584,https://raw.githubusercontent.com/MicrosoftDocs/memdocs/4b5429df8b47046c6b251e572ee61199fb5d4a5d/autopilot/add-devices.md,raw-pin,github.com/MicrosoftDocs/memdocs,4b5429df8b47046c6b251e572ee61199fb5d4a5d,autopilot/add-devices.md,2026-09-24,200,NEEDS-READING,file identical at the pin and at HEAD@4b5429df8b47; MicrosoftDocs/memdocs is archived: re-source to the live Learn page,,memdocs,autopilot/device-identity.md,,
S585,https://raw.githubusercontent.com/MicrosoftDocs/memdocs/4b5429df8b47046c6b251e572ee61199fb5d4a5d/autopilot/enrollment-autopilot.md,raw-pin,github.com/MicrosoftDocs/memdocs,4b5429df8b47046c6b251e572ee61199fb5d4a5d,autopilot/enrollment-autopilot.md,2026-09-24,200,NEEDS-READING,file identical at the pin and at HEAD@4b5429df8b47; MicrosoftDocs/memdocs is archived: re-source to the live Learn page,,memdocs,autopilot/device-identity.md,,
S586,https://raw.githubusercontent.com/MicrosoftDocs/memdocs/4b5429df8b47046c6b251e572ee61199fb5d4a5d/autopilot/known-issues.md,raw-pin,github.com/MicrosoftDocs/memdocs,4b5429df8b47046c6b251e572ee61199fb5d4a5d,autopilot/known-issues.md,2026-09-24,200,NEEDS-READING,file identical at the pin and at HEAD@4b5429df8b47; MicrosoftDocs/memdocs is archived: re-source to the live Learn page,,memdocs,autopilot/device-identity.md,,
S600,https://raw.githubusercontent.com/MicrosoftDocs/memdocs/4b5429df8b47046c6b251e572ee61199fb5d4a5d/intune/configmgr/comanage/workloads.md,raw-pin,github.com/MicrosoftDocs/memdocs,4b5429df8b47046c6b251e572ee61199fb5d4a5d,intune/configmgr/comanage/workloads.md,2026-09-24,200,NEEDS-READING,file identical at the pin and at HEAD@4b5429df8b47; MicrosoftDocs/memdocs is archived: re-source to the live Learn page,,memdocs,intune/co-management.md;intune/configuration-policies.md,,
S601,https://raw.githubusercontent.com/MicrosoftDocs/memdocs/4b5429df8b47046c6b251e572ee61199fb5d4a5d/intune/configmgr/comanage/how-to-switch-workloads.md,raw-pin,github.com/MicrosoftDocs/memdocs,4b5429df8b47046c6b251e572ee61199fb5d4a5d,intune/configmgr/comanage/how-to-switch-workloads.md,2026-09-24,200,NEEDS-READING,file identical at the pin and at HEAD@4b5429df8b47; MicrosoftDocs/memdocs is archived: re-source to the live Learn page,,memdocs,intune/co-management.md,,
S602,https://raw.githubusercontent.com/MicrosoftDocs/memdocs/4b5429df8b47046c6b251e572ee61199fb5d4a5d/intune/configmgr/comanage/overview.md,raw-pin,github.com/MicrosoftDocs/memdocs,4b5429df8b47046c6b251e572ee61199fb5d4a5d,intune/configmgr/comanage/overview.md,2026-09-24,200,NEEDS-READING,file identical at the pin and at HEAD@4b5429df8b47; MicrosoftDocs/memdocs is archived: re-source to the live Learn page,,memdocs,intune/co-management.md,,
S603,https://raw.githubusercontent.com/MicrosoftDocs/memdocs/4b5429df8b47046c6b251e572ee61199fb5d4a5d/intune/configmgr/comanage/how-to-monitor.md,raw-pin,github.com/MicrosoftDocs/memdocs,4b5429df8b47046c6b251e572ee61199fb5d4a5d,intune/configmgr/comanage/how-to-monitor.md,2026-09-24,200,NEEDS-READING,file identical at the pin and at HEAD@4b5429df8b47; MicrosoftDocs/memdocs is archived: re-source to the live Learn page,,memdocs,intune/co-management.md;logs/sources.csv;logs/sources.md,,
S604,https://raw.githubusercontent.com/MicrosoftDocs/memdocs/4b5429df8b47046c6b251e572ee61199fb5d4a5d/intune/fundamentals/tenant-attach.md,raw-pin,github.com/MicrosoftDocs/memdocs,4b5429df8b47046c6b251e572ee61199fb5d4a5d,intune/fundamentals/tenant-attach.md,2026-09-24,200,NEEDS-READING,file identical at the pin and at HEAD@4b5429df8b47; MicrosoftDocs/memdocs is archived: re-source to the live Learn page,,memdocs,intune/tenant-attach.md,,
S605,https://raw.githubusercontent.com/MicrosoftDocs/memdocs/4b5429df8b47046c6b251e572ee61199fb5d4a5d/intune/configmgr/tenant-attach/prerequisites.md,raw-pin,github.com/MicrosoftDocs/memdocs,4b5429df8b47046c6b251e572ee61199fb5d4a5d,intune/configmgr/tenant-attach/prerequisites.md,2026-09-24,200,NEEDS-READING,file identical at the pin and at HEAD@4b5429df8b47; MicrosoftDocs/memdocs is archived: re-source to the live Learn page,,memdocs,intune/tenant-attach.md,,
S606,https://raw.githubusercontent.com/MicrosoftDocs/memdocs/4b5429df8b47046c6b251e572ee61199fb5d4a5d/intune/configmgr/tenant-attach/device-sync-actions.md,raw-pin,github.com/MicrosoftDocs/memdocs,4b5429df8b47046c6b251e572ee61199fb5d4a5d,intune/configmgr/tenant-attach/device-sync-actions.md,2026-09-24,200,NEEDS-READING,file identical at the pin and at HEAD@4b5429df8b47; MicrosoftDocs/memdocs is archived: re-source to the live Learn page,,memdocs,intune/tenant-attach.md,,
S607,https://raw.githubusercontent.com/MicrosoftDocs/memdocs/4b5429df8b47046c6b251e572ee61199fb5d4a5d/intune/configmgr/tenant-attach/scripts.md,raw-pin,github.com/MicrosoftDocs/memdocs,4b5429df8b47046c6b251e572ee61199fb5d4a5d,intune/configmgr/tenant-attach/scripts.md,2026-09-24,200,NEEDS-READING,file identical at the pin and at HEAD@4b5429df8b47; MicrosoftDocs/memdocs is archived: re-source to the live Learn page,,memdocs,intune/tenant-attach.md,,
S608,https://raw.githubusercontent.com/MicrosoftDocs/memdocs/4b5429df8b47046c6b251e572ee61199fb5d4a5d/intune/configmgr/tenant-attach/troubleshoot.md,raw-pin,github.com/MicrosoftDocs/memdocs,4b5429df8b47046c6b251e572ee61199fb5d4a5d,intune/configmgr/tenant-attach/troubleshoot.md,2026-09-24,200,NEEDS-READING,file identical at the pin and at HEAD@4b5429df8b47; MicrosoftDocs/memdocs is archived: re-source to the live Learn page,,memdocs,intune/tenant-attach.md;logs/sources.csv;logs/sources.md,,
S609,https://raw.githubusercontent.com/MicrosoftDocs/memdocs/4b5429df8b47046c6b251e572ee61199fb5d4a5d/intune/device-management/tools/deploy-remediations.md,raw-pin,github.com/MicrosoftDocs/memdocs,4b5429df8b47046c6b251e572ee61199fb5d4a5d,intune/device-management/tools/deploy-remediations.md,2026-09-24,200,NEEDS-READING,file identical at the pin and at HEAD@4b5429df8b47; MicrosoftDocs/memdocs is archived: re-source to the live Learn page,,memdocs,intune/remediations.md;intune/remote-actions.md,,
S610,https://raw.githubusercontent.com/MicrosoftDocs/memdocs/4b5429df8b47046c6b251e572ee61199fb5d4a5d/intune/device-management/tools/run-powershell-scripts-windows.md,raw-pin,github.com/MicrosoftDocs/memdocs,4b5429df8b47046c6b251e572ee61199fb5d4a5d,intune/device-management/tools/run-powershell-scripts-windows.md,2026-09-24,200,NEEDS-READING,file identical at the pin and at HEAD@4b5429df8b47; MicrosoftDocs/memdocs is archived: re-source to the live Learn page,,memdocs,intune/remediations.md,,
S611,https://raw.githubusercontent.com/MicrosoftDocs/memdocs/4b5429df8b47046c6b251e572ee61199fb5d4a5d/intune/device-management/tools/management-extension-windows.md,raw-pin,github.com/MicrosoftDocs/memdocs,4b5429df8b47046c6b251e572ee61199fb5d4a5d,intune/device-management/tools/management-extension-windows.md,2026-09-24,200,NEEDS-READING,file identical at the pin and at HEAD@4b5429df8b47; MicrosoftDocs/memdocs is archived: re-source to the live Learn page,,memdocs,intune/ime-logs.md;intune/remediations.md;logs/sources.csv;logs/sources.md,,
S612,https://raw.githubusercontent.com/MicrosoftDocs/memdocs/4b5429df8b47046c6b251e572ee61199fb5d4a5d/intune/advanced-analytics/device-query.md,raw-pin,github.com/MicrosoftDocs/memdocs,4b5429df8b47046c6b251e572ee61199fb5d4a5d,intune/advanced-analytics/device-query.md,2026-09-24,200,NEEDS-READING,file identical at the pin and at HEAD@4b5429df8b47; MicrosoftDocs/memdocs is archived: re-source to the live Learn page,,memdocs,intune/device-query.md,,
S613,https://raw.githubusercontent.com/MicrosoftDocs/memdocs/4b5429df8b47046c6b251e572ee61199fb5d4a5d/intune/advanced-analytics/device-query-multiple-devices.md,raw-pin,github.com/MicrosoftDocs/memdocs,4b5429df8b47046c6b251e572ee61199fb5d4a5d,intune/advanced-analytics/device-query-multiple-devices.md,2026-09-24,200,NEEDS-READING,file identical at the pin and at HEAD@4b5429df8b47; MicrosoftDocs/memdocs is archived: re-source to the live Learn page,,memdocs,intune/device-query.md,,
S614,https://raw.githubusercontent.com/MicrosoftDocs/memdocs/4b5429df8b47046c6b251e572ee61199fb5d4a5d/intune/advanced-analytics/index.md,raw-pin,github.com/MicrosoftDocs/memdocs,4b5429df8b47046c6b251e572ee61199fb5d4a5d,intune/advanced-analytics/index.md,2026-09-24,200,NEEDS-READING,file identical at the pin and at HEAD@4b5429df8b47; MicrosoftDocs/memdocs is archived: re-source to the live Learn page,,memdocs,intune/device-query.md,,
S615,https://raw.githubusercontent.com/MicrosoftDocs/memdocs/4b5429df8b47046c6b251e572ee61199fb5d4a5d/intune/device-configuration/collect-device-properties.md,raw-pin,github.com/MicrosoftDocs/memdocs,4b5429df8b47046c6b251e572ee61199fb5d4a5d,intune/device-configuration/collect-device-properties.md,2026-09-24,200,NEEDS-READING,file identical at the pin and at HEAD@4b5429df8b47; MicrosoftDocs/memdocs is archived: re-source to the live Learn page,,memdocs,intune/device-query.md,,
S616,https://raw.githubusercontent.com/MicrosoftDocs/memdocs/4b5429df8b47046c6b251e572ee61199fb5d4a5d/intune/device-management/actions/collect-diagnostics.md,raw-pin,github.com/MicrosoftDocs/memdocs,4b5429df8b47046c6b251e572ee61199fb5d4a5d,intune/device-management/actions/collect-diagnostics.md,2026-09-24,200,NEEDS-READING,file identical at the pin and at HEAD@4b5429df8b47; MicrosoftDocs/memdocs is archived: re-source to the live Learn page,,memdocs,intune/collect-diagnostics.csv;intune/collect-diagnostics.md;intune/mdmdiagnosticstool.md;intune/remote-actions.csv;intune/remote-actions.md;logs/sources.csv;logs/sources.md,,
S617,https://learn.microsoft.com/en-us/windows/client-management/diagnose-mdm-failures-in-windows-10,learn,,,,2026-09-24,200,NEEDS-READING,a Learn page without a public source repo; read it (microsoft_docs_fetch),,learn,intune/mdmdiagnosticstool.md;logs/sources.csv;logs/sources.md,,
S618,https://raw.githubusercontent.com/MicrosoftDocs/SupportArticles-docs/c059e57ad347ac39ac748cc22c54285463e7172f/support/mem/intune/device-enrollment/understand-troubleshoot-esp.md,raw-pin,github.com/MicrosoftDocs/SupportArticles-docs,c059e57ad347ac39ac748cc22c54285463e7172f,support/mem/intune/device-enrollment/understand-troubleshoot-esp.md,2026-09-25,200,OK,file identical at the pin and at HEAD@899bff3bc0ce,HEAD@899bff3bc0ce,,intune/mdmdiagnosticstool.md;logs/sources.csv;logs/sources.md,,
S619,https://raw.githubusercontent.com/MicrosoftDocs/memdocs/4b5429df8b47046c6b251e572ee61199fb5d4a5d/autopilot/troubleshooting-faq.yml,raw-pin,github.com/MicrosoftDocs/memdocs,4b5429df8b47046c6b251e572ee61199fb5d4a5d,autopilot/troubleshooting-faq.yml,2026-09-24,200,NEEDS-READING,file identical at the pin and at HEAD@4b5429df8b47; MicrosoftDocs/memdocs is archived: re-source to the live Learn page,,memdocs,logs/sources.csv;logs/sources.md,,
S620,https://learn.microsoft.com/en-us/defender-endpoint/api/machine,learn,,,,2026-09-24,200,NEEDS-READING,a Learn page without a public source repo; read it (microsoft_docs_fetch),,learn,defender/machine-properties.csv;defender/machine-resource.md,,
S621,https://learn.microsoft.com/en-us/defender-endpoint/api/get-machines,learn,,,,2026-09-24,200,NEEDS-READING,a Learn page without a public source repo; read it (microsoft_docs_fetch),,learn,auth/flows.csv;auth/flows.md;auth/permissions-matrix.csv;defender/advanced-hunting.md;defender/machine-properties.csv;defender/machine-resource.md;defender/permissions-limits.md,,
S622,https://learn.microsoft.com/en-us/defender-endpoint/api/get-machine-by-id,learn,,,,2026-09-24,200,NEEDS-READING,a Learn page without a public source repo; read it (microsoft_docs_fetch),,learn,defender/machine-properties.csv;defender/machine-resource.md;defender/permissions-limits.md,,
S623,https://learn.microsoft.com/en-us/defender-endpoint/api/common-errors,learn,,,,2026-09-24,200,NEEDS-READING,a Learn page without a public source repo; read it (microsoft_docs_fetch),,learn,defender/permissions-limits.md,,
S624,https://learn.microsoft.com/en-us/defender-endpoint/api/exposed-apis-list,learn,,,,2026-09-24,200,NEEDS-READING,a Learn page without a public source repo; read it (microsoft_docs_fetch),,learn,defender/permissions-limits.md,,
S625,https://learn.microsoft.com/en-us/defender-endpoint/api/apis-intro,learn,,,,2026-09-24,200,NEEDS-READING,a Learn page without a public source repo; read it (microsoft_docs_fetch),,learn,defender/permissions-limits.md,,
S626,https://learn.microsoft.com/en-us/defender-endpoint/api/exposed-apis-create-app-nativeapp,learn,,,,2026-09-24,200,NEEDS-READING,a Learn page without a public source repo; read it (microsoft_docs_fetch),,learn,defender/permissions-limits.md,,
S627,https://learn.microsoft.com/en-us/defender-xdr/advanced-hunting-deviceinfo-table,learn,,,,2026-09-24,200,NEEDS-READING,a Learn page without a public source repo; read it (microsoft_docs_fetch),,learn,defender/advanced-hunting-tables.csv;defender/advanced-hunting.md;defender/machine-resource.md,,
S628,https://learn.microsoft.com/en-us/defender-endpoint/api/exposed-apis-odata-samples,learn,,,,2026-09-24,200,NEEDS-READING,a Learn page without a public source repo; read it (microsoft_docs_fetch),,learn,defender/machine-resource.md,,
S629,https://learn.microsoft.com/en-us/defender-endpoint/machines-view-overview,learn,,,,2026-09-24,200,NEEDS-READING,a Learn page without a public source repo; read it (microsoft_docs_fetch),,learn,defender/machine-resource.md,,
S630,https://raw.githubusercontent.com/microsoftgraph/microsoft-graph-docs-contrib/4ad99fd37a9e2e8538275a0a9cdff7907052f3ec/api-reference/v1.0/resources/security-deviceevidence.md,raw-pin,github.com/microsoftgraph/microsoft-graph-docs-contrib,4ad99fd37a9e2e8538275a0a9cdff7907052f3ec,api-reference/v1.0/resources/security-deviceevidence.md,2026-09-25,200,OK,file identical at the pin and at HEAD@4ad99fd37a9e,HEAD@4ad99fd37a9e,,defender/machine-resource.md,,
S631,https://learn.microsoft.com/en-us/answers/questions/5509797/defender-api-and-defender-portal,learn,,,,2026-09-24,200,NEEDS-READING,a Learn page without a public source repo; read it (microsoft_docs_fetch),,learn,defender/machine-resource.md,,
S632,https://raw.githubusercontent.com/MicrosoftDocs/entra-docs/8fcc223342e1c464806a024a5a7a85c8f762b2e9/docs/identity/devices/troubleshoot-hybrid-join-windows-current.md,raw-pin,github.com/MicrosoftDocs/entra-docs,8fcc223342e1c464806a024a5a7a85c8f762b2e9,docs/identity/devices/troubleshoot-hybrid-join-windows-current.md,2026-09-25,200,OK,file identical at the pin and at HEAD@902ee3bc2c29,HEAD@902ee3bc2c29,,logs/sources.csv;logs/sources.md,,
S633,https://raw.githubusercontent.com/MicrosoftDocs/SupportArticles-docs/c059e57ad347ac39ac748cc22c54285463e7172f/support/windows-server/group-policy/applying-group-policy-troubleshooting-guidance.md,raw-pin,github.com/MicrosoftDocs/SupportArticles-docs,c059e57ad347ac39ac748cc22c54285463e7172f,support/windows-server/group-policy/applying-group-policy-troubleshooting-guidance.md,2026-09-25,200,OK,file identical at the pin and at HEAD@899bff3bc0ce,HEAD@899bff3bc0ce,,logs/sources.csv;logs/sources.md,,
S634,https://raw.githubusercontent.com/MicrosoftDocs/SupportArticles-docs/c059e57ad347ac39ac748cc22c54285463e7172f/support/windows-client/windows-security/enable-debug-logging-netlogon-service.md,raw-pin,github.com/MicrosoftDocs/SupportArticles-docs,c059e57ad347ac39ac748cc22c54285463e7172f,support/windows-client/windows-security/enable-debug-logging-netlogon-service.md,2026-09-25,200,OK,file identical at the pin and at HEAD@899bff3bc0ce,HEAD@899bff3bc0ce,,logs/sources.csv;logs/sources.md,,
S635,https://raw.githubusercontent.com/MicrosoftDocs/SupportArticles-docs/c059e57ad347ac39ac748cc22c54285463e7172f/support/windows-server/windows-security/kerberos-protocol-registry-kdc-configuration-keys.md,raw-pin,github.com/MicrosoftDocs/SupportArticles-docs,c059e57ad347ac39ac748cc22c54285463e7172f,support/windows-server/windows-security/kerberos-protocol-registry-kdc-configuration-keys.md,2026-09-25,200,OK,file identical at the pin and at HEAD@899bff3bc0ce,HEAD@899bff3bc0ce,,logs/sources.csv;logs/sources.md,,
S636,https://raw.githubusercontent.com/MicrosoftDocs/SupportArticles-docs/c059e57ad347ac39ac748cc22c54285463e7172f/support/windows-client/setup-upgrade-and-drivers/windows-setup-log-file-locations.md,raw-pin,github.com/MicrosoftDocs/SupportArticles-docs,c059e57ad347ac39ac748cc22c54285463e7172f,support/windows-client/setup-upgrade-and-drivers/windows-setup-log-file-locations.md,2026-09-25,200,OK,file identical at the pin and at HEAD@899bff3bc0ce,HEAD@899bff3bc0ce,,logs/sources.csv;logs/sources.md,,
S637,https://raw.githubusercontent.com/MicrosoftDocs/SupportArticles-docs/c059e57ad347ac39ac748cc22c54285463e7172f/support/azure/virtual-machines/windows/troubleshoot-cbs-component-store-corruption-azure-vm.md,raw-pin,github.com/MicrosoftDocs/SupportArticles-docs,c059e57ad347ac39ac748cc22c54285463e7172f,support/azure/virtual-machines/windows/troubleshoot-cbs-component-store-corruption-azure-vm.md,2026-09-25,200,OK,file identical at the pin and at HEAD@899bff3bc0ce,HEAD@899bff3bc0ce,,logs/sources.csv;logs/sources.md,,
S638,https://raw.githubusercontent.com/MicrosoftDocs/windows-powershell-docs/c3934e67de374f52fa6759f916c112c30a1240c7/docset/winserver2025-ps/WindowsUpdate/Get-WindowsUpdateLog.md,raw-pin,github.com/MicrosoftDocs/windows-powershell-docs,c3934e67de374f52fa6759f916c112c30a1240c7,docset/winserver2025-ps/WindowsUpdate/Get-WindowsUpdateLog.md,2026-09-25,200,OK,file identical at the pin and at HEAD@c3934e67de37,HEAD@c3934e67de37,,logs/sources.csv;logs/sources.md,,
S639,https://raw.githubusercontent.com/open-telemetry/opentelemetry-specification/cac5b81ebcfdecb272bb4e2d31f885b7142207d9/specification/logs/data-model.md,raw-pin,github.com/open-telemetry/opentelemetry-specification,cac5b81ebcfdecb272bb4e2d31f885b7142207d9,specification/logs/data-model.md,2026-09-25,200,OK,file identical at the pin and at HEAD@cac5b81ebcfd,HEAD@cac5b81ebcfd,,logs/ecs-log-fields.md;logs/otel-log-data-model.md,,
S640,https://raw.githubusercontent.com/open-telemetry/semantic-conventions/838e414e11e30bc4f67d733b2b0baf2887d12d31/docs/registry/attributes/log.md,raw-pin,github.com/open-telemetry/semantic-conventions,838e414e11e30bc4f67d733b2b0baf2887d12d31,docs/registry/attributes/log.md,2026-09-25,200,OK,file identical at the pin and at HEAD@094950f2ccfb,HEAD@094950f2ccfb,,logs/ecs-log-fields.md;logs/otel-log-semconv.md,,
S641,https://raw.githubusercontent.com/open-telemetry/semantic-conventions/838e414e11e30bc4f67d733b2b0baf2887d12d31/docs/registry/attributes/code.md,raw-pin,github.com/open-telemetry/semantic-conventions,838e414e11e30bc4f67d733b2b0baf2887d12d31,docs/registry/attributes/code.md,2026-09-25,200,OK,file identical at the pin and at HEAD@094950f2ccfb,HEAD@094950f2ccfb,,logs/ecs-log-fields.md;logs/otel-log-semconv.md,,
S642,https://raw.githubusercontent.com/open-telemetry/semantic-conventions/838e414e11e30bc4f67d733b2b0baf2887d12d31/model/log/registry.yaml,raw-pin,github.com/open-telemetry/semantic-conventions,838e414e11e30bc4f67d733b2b0baf2887d12d31,model/log/registry.yaml,2026-09-25,200,OK,file identical at the pin and at HEAD@094950f2ccfb,HEAD@094950f2ccfb,,logs/otel-log-semconv.md,,
S643,https://raw.githubusercontent.com/open-telemetry/semantic-conventions/838e414e11e30bc4f67d733b2b0baf2887d12d31/model/code/registry.yaml,raw-pin,github.com/open-telemetry/semantic-conventions,838e414e11e30bc4f67d733b2b0baf2887d12d31,model/code/registry.yaml,2026-09-25,200,OK,file identical at the pin and at HEAD@094950f2ccfb,HEAD@094950f2ccfb,,logs/otel-log-semconv.md,,
S644,https://raw.githubusercontent.com/elastic/ecs/9868ff5b9cab65376fab3e3829382b3424a3ee69/schemas/log.yml,raw-pin,github.com/elastic/ecs,9868ff5b9cab65376fab3e3829382b3424a3ee69,schemas/log.yml,2026-09-25,200,OK,file identical at the pin and at HEAD@9868ff5b9cab,HEAD@9868ff5b9cab,,logs/ecs-log-fields.md,,
S645,https://raw.githubusercontent.com/elastic/ecs/9868ff5b9cab65376fab3e3829382b3424a3ee69/LICENSE.txt,raw-pin,github.com/elastic/ecs,9868ff5b9cab65376fab3e3829382b3424a3ee69,LICENSE.txt,2026-09-25,200,OK,file identical at the pin and at HEAD@9868ff5b9cab,HEAD@9868ff5b9cab,,logs/ecs-log-fields.md,,
S646,https://raw.githubusercontent.com/open-telemetry/semantic-conventions/838e414e11e30bc4f67d733b2b0baf2887d12d31/docs/exceptions/exceptions-logs.md,raw-pin,github.com/open-telemetry/semantic-conventions,838e414e11e30bc4f67d733b2b0baf2887d12d31,docs/exceptions/exceptions-logs.md,2026-09-25,200,OK,file identical at the pin and at HEAD@094950f2ccfb,HEAD@094950f2ccfb,,logs/otel-log-semconv.md,,
S647,https://raw.githubusercontent.com/MicrosoftDocs/memdocs/4b5429df8b47046c6b251e572ee61199fb5d4a5d/intune/configmgr/core/servers/manage/create-queries.md,raw-pin,github.com/MicrosoftDocs/memdocs,4b5429df8b47046c6b251e572ee61199fb5d4a5d,intune/configmgr/core/servers/manage/create-queries.md,2026-09-24,200,NEEDS-READING,file identical at the pin and at HEAD@4b5429df8b47; MicrosoftDocs/memdocs is archived: re-source to the live Learn page,,memdocs,intune/co-management.md,,
S648,https://raw.githubusercontent.com/MicrosoftDocs/SupportArticles-docs/c059e57ad347ac39ac748cc22c54285463e7172f/support/windows-server/installing-updates-features-roles/troubleshoot-windows-update-error-0x80070070.md,raw-pin,github.com/MicrosoftDocs/SupportArticles-docs,c059e57ad347ac39ac748cc22c54285463e7172f,support/windows-server/installing-updates-features-roles/troubleshoot-windows-update-error-0x80070070.md,2026-09-25,200,OK,file identical at the pin and at HEAD@899bff3bc0ce,HEAD@899bff3bc0ce,,logs/sources.csv;logs/sources.md,,
S649,https://raw.githubusercontent.com/MicrosoftDocs/memdocs/4b5429df8b47046c6b251e572ee61199fb5d4a5d/autopilot/known-issues.md,raw-pin,github.com/MicrosoftDocs/memdocs,4b5429df8b47046c6b251e572ee61199fb5d4a5d,autopilot/known-issues.md,2026-09-24,200,NEEDS-READING,file identical at the pin and at HEAD@4b5429df8b47; MicrosoftDocs/memdocs is archived: re-source to the live Learn page,,memdocs,logs/sources.csv;logs/sources.md,,
S700,https://raw.githubusercontent.com/modelcontextprotocol/modelcontextprotocol/a99bdd15ea9ff96bf4d758aac907bbb27e9329dc/docs/specification/2026-07-28/index.mdx,raw-pin,github.com/modelcontextprotocol/modelcontextprotocol,a99bdd15ea9ff96bf4d758aac907bbb27e9329dc,docs/specification/2026-07-28/index.mdx,2026-09-25,200,OK,file identical at the pin and at HEAD@ab3a39c13bd2,HEAD@ab3a39c13bd2,,mcp/spec-overview.md,,
S701,https://raw.githubusercontent.com/modelcontextprotocol/modelcontextprotocol/a99bdd15ea9ff96bf4d758aac907bbb27e9329dc/docs/specification/2026-07-28/changelog.mdx,raw-pin,github.com/modelcontextprotocol/modelcontextprotocol,a99bdd15ea9ff96bf4d758aac907bbb27e9329dc,docs/specification/2026-07-28/changelog.mdx,2026-09-25,200,OK,file identical at the pin and at HEAD@ab3a39c13bd2,HEAD@ab3a39c13bd2,,mcp/authorization.md;mcp/deprecations.md;mcp/elicitation.md;mcp/spec-overview.md;mcp/tasks-extension.md;mcp/tools.md,,
S702,https://raw.githubusercontent.com/modelcontextprotocol/modelcontextprotocol/a99bdd15ea9ff96bf4d758aac907bbb27e9329dc/docs/specification/2026-07-28/deprecated.mdx,raw-pin,github.com/modelcontextprotocol/modelcontextprotocol,a99bdd15ea9ff96bf4d758aac907bbb27e9329dc,docs/specification/2026-07-28/deprecated.mdx,2026-09-25,200,OK,file identical at the pin and at HEAD@ab3a39c13bd2,HEAD@ab3a39c13bd2,,mcp/authorization.md;mcp/deprecations.md,,
S703,https://raw.githubusercontent.com/modelcontextprotocol/modelcontextprotocol/a99bdd15ea9ff96bf4d758aac907bbb27e9329dc/docs/specification/2026-07-28/basic/versioning.mdx,raw-pin,github.com/modelcontextprotocol/modelcontextprotocol,a99bdd15ea9ff96bf4d758aac907bbb27e9329dc,docs/specification/2026-07-28/basic/versioning.mdx,2026-09-25,200,OK,file identical at the pin and at HEAD@ab3a39c13bd2,HEAD@ab3a39c13bd2,,mcp/spec-overview.md;mcp/transports-stdio.md;mcp/transports-streamable-http.md,,
S704,https://raw.githubusercontent.com/modelcontextprotocol/modelcontextprotocol/a99bdd15ea9ff96bf4d758aac907bbb27e9329dc/docs/specification/2026-07-28/basic/index.mdx,raw-pin,github.com/modelcontextprotocol/modelcontextprotocol,a99bdd15ea9ff96bf4d758aac907bbb27e9329dc,docs/specification/2026-07-28/basic/index.mdx,2026-09-25,200,OK,file identical at the pin and at HEAD@ab3a39c13bd2,HEAD@ab3a39c13bd2,,mcp/spec-overview.md;mcp/transports-streamable-http.md,,
S705,https://raw.githubusercontent.com/modelcontextprotocol/modelcontextprotocol/a99bdd15ea9ff96bf4d758aac907bbb27e9329dc/docs/specification/2026-07-28/basic/transports/stdio.mdx,raw-pin,github.com/modelcontextprotocol/modelcontextprotocol,a99bdd15ea9ff96bf4d758aac907bbb27e9329dc,docs/specification/2026-07-28/basic/transports/stdio.mdx,2026-09-25,200,OK,file identical at the pin and at HEAD@ab3a39c13bd2,HEAD@ab3a39c13bd2,,mcp/transports-stdio.md,,
S706,https://raw.githubusercontent.com/modelcontextprotocol/modelcontextprotocol/a99bdd15ea9ff96bf4d758aac907bbb27e9329dc/docs/specification/2026-07-28/basic/transports/index.mdx,raw-pin,github.com/modelcontextprotocol/modelcontextprotocol,a99bdd15ea9ff96bf4d758aac907bbb27e9329dc,docs/specification/2026-07-28/basic/transports/index.mdx,2026-09-25,200,OK,file identical at the pin and at HEAD@ab3a39c13bd2,HEAD@ab3a39c13bd2,,mcp/transports-stdio.md;mcp/transports-streamable-http.md,,
S707,https://raw.githubusercontent.com/modelcontextprotocol/modelcontextprotocol/a99bdd15ea9ff96bf4d758aac907bbb27e9329dc/docs/specification/2026-07-28/basic/authorization/index.mdx,raw-pin,github.com/modelcontextprotocol/modelcontextprotocol,a99bdd15ea9ff96bf4d758aac907bbb27e9329dc,docs/specification/2026-07-28/basic/authorization/index.mdx,2026-09-25,200,OK,file identical at the pin and at HEAD@ab3a39c13bd2,HEAD@ab3a39c13bd2,,agents/agent-rbac.md;mcp/authorization.md;mcp/transports-stdio.md,,
S708,https://raw.githubusercontent.com/modelcontextprotocol/modelcontextprotocol/a99bdd15ea9ff96bf4d758aac907bbb27e9329dc/docs/specification/2026-07-28/server/tools.mdx,raw-pin,github.com/modelcontextprotocol/modelcontextprotocol,a99bdd15ea9ff96bf4d758aac907bbb27e9329dc,docs/specification/2026-07-28/server/tools.mdx,2026-09-25,200,OK,file identical at the pin and at HEAD@ab3a39c13bd2,HEAD@ab3a39c13bd2,,mcp/tools.md,,
S709,https://raw.githubusercontent.com/modelcontextprotocol/modelcontextprotocol/a99bdd15ea9ff96bf4d758aac907bbb27e9329dc/docs/specification/2026-07-28/client/elicitation.mdx,raw-pin,github.com/modelcontextprotocol/modelcontextprotocol,a99bdd15ea9ff96bf4d758aac907bbb27e9329dc,docs/specification/2026-07-28/client/elicitation.mdx,2026-09-25,200,OK,file identical at the pin and at HEAD@ab3a39c13bd2,HEAD@ab3a39c13bd2,,mcp/elicitation.md,,
S710,https://raw.githubusercontent.com/modelcontextprotocol/modelcontextprotocol/a99bdd15ea9ff96bf4d758aac907bbb27e9329dc/docs/specification/2026-07-28/basic/patterns/mrtr.mdx,raw-pin,github.com/modelcontextprotocol/modelcontextprotocol,a99bdd15ea9ff96bf4d758aac907bbb27e9329dc,docs/specification/2026-07-28/basic/patterns/mrtr.mdx,2026-09-25,200,OK,file identical at the pin and at HEAD@ab3a39c13bd2,HEAD@ab3a39c13bd2,,claude/elicitation.md;mcp/elicitation.md;mcp/security-best-practices.md;mcp/tools.md,,
S711,https://raw.githubusercontent.com/modelcontextprotocol/modelcontextprotocol/a99bdd15ea9ff96bf4d758aac907bbb27e9329dc/schema/2026-07-28/schema.ts,raw-pin,github.com/modelcontextprotocol/modelcontextprotocol,a99bdd15ea9ff96bf4d758aac907bbb27e9329dc,schema/2026-07-28/schema.ts,2026-09-25,200,OK,file identical at the pin and at HEAD@ab3a39c13bd2,HEAD@ab3a39c13bd2,,mcp/schema/2026-07-28/README.md;mcp/spec-overview.md;mcp/tools.md,,
S712,https://raw.githubusercontent.com/modelcontextprotocol/modelcontextprotocol/a99bdd15ea9ff96bf4d758aac907bbb27e9329dc/schema/2026-07-28/schema.json,raw-pin,github.com/modelcontextprotocol/modelcontextprotocol,a99bdd15ea9ff96bf4d758aac907bbb27e9329dc,schema/2026-07-28/schema.json,2026-09-25,200,OK,file identical at the pin and at HEAD@ab3a39c13bd2,HEAD@ab3a39c13bd2,,mcp/schema/2026-07-28/README.md,,
S713,https://raw.githubusercontent.com/modelcontextprotocol/modelcontextprotocol/a99bdd15ea9ff96bf4d758aac907bbb27e9329dc/docs/extensions/tasks/overview.mdx,raw-pin,github.com/modelcontextprotocol/modelcontextprotocol,a99bdd15ea9ff96bf4d758aac907bbb27e9329dc,docs/extensions/tasks/overview.mdx,2026-09-25,200,OK,file identical at the pin and at HEAD@ab3a39c13bd2,HEAD@ab3a39c13bd2,,mcp/tasks-extension.md,,
S714,https://raw.githubusercontent.com/modelcontextprotocol/modelcontextprotocol/a99bdd15ea9ff96bf4d758aac907bbb27e9329dc/docs/extensions/overview.mdx,raw-pin,github.com/modelcontextprotocol/modelcontextprotocol,a99bdd15ea9ff96bf4d758aac907bbb27e9329dc,docs/extensions/overview.mdx,2026-09-25,200,OK,file identical at the pin and at HEAD@ab3a39c13bd2,HEAD@ab3a39c13bd2,,mcp/tasks-extension.md,,
S715,https://raw.githubusercontent.com/modelcontextprotocol/modelcontextprotocol/a99bdd15ea9ff96bf4d758aac907bbb27e9329dc/docs/extensions/client-matrix.mdx,raw-pin,github.com/modelcontextprotocol/modelcontextprotocol,a99bdd15ea9ff96bf4d758aac907bbb27e9329dc,docs/extensions/client-matrix.mdx,2026-09-25,200,OK,file identical at the pin and at HEAD@ab3a39c13bd2,HEAD@ab3a39c13bd2,,mcp/tasks-extension.md,,
S716,https://raw.githubusercontent.com/modelcontextprotocol/modelcontextprotocol/a99bdd15ea9ff96bf4d758aac907bbb27e9329dc/docs/docs/2026-07-28/tutorials/security/security_best_practices.mdx,raw-pin,github.com/modelcontextprotocol/modelcontextprotocol,a99bdd15ea9ff96bf4d758aac907bbb27e9329dc,docs/docs/2026-07-28/tutorials/security/security_best_practices.mdx,2026-09-25,200,OK,file identical at the pin and at HEAD@ab3a39c13bd2,HEAD@ab3a39c13bd2,,mcp/security-best-practices.md;mcp/transports-streamable-http.md,,
S717,https://raw.githubusercontent.com/modelcontextprotocol/modelcontextprotocol/a99bdd15ea9ff96bf4d758aac907bbb27e9329dc/LICENSE,raw-pin,github.com/modelcontextprotocol/modelcontextprotocol,a99bdd15ea9ff96bf4d758aac907bbb27e9329dc,LICENSE,2026-09-25,200,OK,file identical at the pin and at HEAD@ab3a39c13bd2,HEAD@ab3a39c13bd2,,mcp/schema/2026-07-28/README.md;mcp/spec-overview.md,,
S718,https://raw.githubusercontent.com/modelcontextprotocol/ext-tasks/9263312d11a682ac83f83fe84794d4627efd22f5/specification/2026-07-28/tasks.md,raw-pin,github.com/modelcontextprotocol/ext-tasks,9263312d11a682ac83f83fe84794d4627efd22f5,specification/2026-07-28/tasks.md,2026-09-25,200,OK,file identical at the pin and at HEAD@6c0997fbc040,HEAD@6c0997fbc040,,mcp/tasks-extension.md,,
S719,https://raw.githubusercontent.com/modelcontextprotocol/modelcontextprotocol/a99bdd15ea9ff96bf4d758aac907bbb27e9329dc/docs/docs.json,raw-pin,github.com/modelcontextprotocol/modelcontextprotocol,a99bdd15ea9ff96bf4d758aac907bbb27e9329dc,docs/docs.json,2026-09-25,200,CHANGED,file differs at HEAD@ab3a39c13bd2; latest change ab3a39c13bd2 2026-09-24,HEAD@ab3a39c13bd2,latest=ab3a39c13bd23be691c2760e1c6c5c15a64582e1,mcp/spec-overview.md,,
S720,https://raw.githubusercontent.com/modelcontextprotocol/python-sdk/9972c21aa42054fb1450c5fc614761ed11847ec6/docs/handlers/elicitation.md,raw-pin,github.com/modelcontextprotocol/python-sdk,9972c21aa42054fb1450c5fc614761ed11847ec6,docs/handlers/elicitation.md,2026-09-25,200,OK,file identical at the pin and at HEAD@f1b658908853,HEAD@f1b658908853,,mcp/elicitation.md;mcp/python-sdk.md,,
S721,https://raw.githubusercontent.com/modelcontextprotocol/python-sdk/9972c21aa42054fb1450c5fc614761ed11847ec6/docs/handlers/multi-round-trip.md,raw-pin,github.com/modelcontextprotocol/python-sdk,9972c21aa42054fb1450c5fc614761ed11847ec6,docs/handlers/multi-round-trip.md,2026-09-25,200,OK,file identical at the pin and at HEAD@f1b658908853,HEAD@f1b658908853,,mcp/elicitation.md;mcp/python-sdk.md,,
S722,https://raw.githubusercontent.com/modelcontextprotocol/python-sdk/9972c21aa42054fb1450c5fc614761ed11847ec6/docs/protocol-versions.md,raw-pin,github.com/modelcontextprotocol/python-sdk,9972c21aa42054fb1450c5fc614761ed11847ec6,docs/protocol-versions.md,2026-09-25,200,OK,file identical at the pin and at HEAD@f1b658908853,HEAD@f1b658908853,,mcp/python-sdk.md,,
S723,https://raw.githubusercontent.com/modelcontextprotocol/python-sdk/9972c21aa42054fb1450c5fc614761ed11847ec6/docs/run/legacy-clients.md,raw-pin,github.com/modelcontextprotocol/python-sdk,9972c21aa42054fb1450c5fc614761ed11847ec6,docs/run/legacy-clients.md,2026-09-25,200,OK,file identical at the pin and at HEAD@f1b658908853,HEAD@f1b658908853,,mcp/python-sdk.md,,
S724,https://raw.githubusercontent.com/modelcontextprotocol/python-sdk/9972c21aa42054fb1450c5fc614761ed11847ec6/docs/run/index.md,raw-pin,github.com/modelcontextprotocol/python-sdk,9972c21aa42054fb1450c5fc614761ed11847ec6,docs/run/index.md,2026-09-25,200,OK,file identical at the pin and at HEAD@f1b658908853,HEAD@f1b658908853,,mcp/python-sdk.md;mcp/transports-stdio.md,,
S725,https://raw.githubusercontent.com/modelcontextprotocol/python-sdk/9972c21aa42054fb1450c5fc614761ed11847ec6/docs/servers/tools.md,raw-pin,github.com/modelcontextprotocol/python-sdk,9972c21aa42054fb1450c5fc614761ed11847ec6,docs/servers/tools.md,2026-09-25,200,OK,file identical at the pin and at HEAD@f1b658908853,HEAD@f1b658908853,,mcp/python-sdk.md;mcp/tools.md,,
S726,https://raw.githubusercontent.com/modelcontextprotocol/python-sdk/9972c21aa42054fb1450c5fc614761ed11847ec6/docs/servers/structured-output.md,raw-pin,github.com/modelcontextprotocol/python-sdk,9972c21aa42054fb1450c5fc614761ed11847ec6,docs/servers/structured-output.md,2026-09-25,200,OK,file identical at the pin and at HEAD@f1b658908853,HEAD@f1b658908853,,mcp/python-sdk.md;mcp/tools.md,,
S727,https://raw.githubusercontent.com/modelcontextprotocol/python-sdk/9972c21aa42054fb1450c5fc614761ed11847ec6/docs/deprecated.md,raw-pin,github.com/modelcontextprotocol/python-sdk,9972c21aa42054fb1450c5fc614761ed11847ec6,docs/deprecated.md,2026-09-25,200,OK,file identical at the pin and at HEAD@f1b658908853,HEAD@f1b658908853,,mcp/deprecations.md;mcp/python-sdk.md,,
S728,https://raw.githubusercontent.com/modelcontextprotocol/python-sdk/9972c21aa42054fb1450c5fc614761ed11847ec6/docs/migration.md,raw-pin,github.com/modelcontextprotocol/python-sdk,9972c21aa42054fb1450c5fc614761ed11847ec6,docs/migration.md,2026-09-25,200,OK,file identical at the pin and at HEAD@f1b658908853,HEAD@f1b658908853,,mcp/python-sdk.md,,
S729,https://raw.githubusercontent.com/modelcontextprotocol/python-sdk/9972c21aa42054fb1450c5fc614761ed11847ec6/docs/whats-new.md,raw-pin,github.com/modelcontextprotocol/python-sdk,9972c21aa42054fb1450c5fc614761ed11847ec6,docs/whats-new.md,2026-09-25,200,OK,file identical at the pin and at HEAD@f1b658908853,HEAD@f1b658908853,,mcp/python-sdk.md,,
S730,https://raw.githubusercontent.com/modelcontextprotocol/python-sdk/9972c21aa42054fb1450c5fc614761ed11847ec6/VERSIONING.md,raw-pin,github.com/modelcontextprotocol/python-sdk,9972c21aa42054fb1450c5fc614761ed11847ec6,VERSIONING.md,2026-09-25,200,OK,file identical at the pin and at HEAD@f1b658908853,HEAD@f1b658908853,,mcp/python-sdk.md,,
S731,https://api.github.com/repos/modelcontextprotocol/python-sdk/releases?per_page=15,api-releases,github.com/modelcontextprotocol/python-sdk,,,2026-09-25,,OK,recorded release v2.2.0 is still the newest of its series,release v2.2.0 newest,,mcp/python-sdk.md,,
S732,https://raw.githubusercontent.com/modelcontextprotocol/python-sdk/9972c21aa42054fb1450c5fc614761ed11847ec6/src/mcp/server/fastmcp.py,raw-pin,github.com/modelcontextprotocol/python-sdk,9972c21aa42054fb1450c5fc614761ed11847ec6,src/mcp/server/fastmcp.py,2026-09-25,200,OK,file identical at the pin and at HEAD@f1b658908853,HEAD@f1b658908853,,mcp/python-sdk.md,,
S733,https://raw.githubusercontent.com/modelcontextprotocol/python-sdk/9972c21aa42054fb1450c5fc614761ed11847ec6/docs_src/elicitation/tutorial004.py,raw-pin,github.com/modelcontextprotocol/python-sdk,9972c21aa42054fb1450c5fc614761ed11847ec6,docs_src/elicitation/tutorial004.py,2026-09-25,200,OK,file identical at the pin and at HEAD@f1b658908853,HEAD@f1b658908853,,mcp/elicitation.md;mcp/python-sdk.md,,
S734,https://raw.githubusercontent.com/modelcontextprotocol/python-sdk/9972c21aa42054fb1450c5fc614761ed11847ec6/LICENSE,raw-pin,github.com/modelcontextprotocol/python-sdk,9972c21aa42054fb1450c5fc614761ed11847ec6,LICENSE,2026-09-25,200,OK,file identical at the pin and at HEAD@f1b658908853,HEAD@f1b658908853,,mcp/python-sdk.md,,
S735,https://raw.githubusercontent.com/modelcontextprotocol/python-sdk/9972c21aa42054fb1450c5fc614761ed11847ec6/src/mcp/server/lowlevel/server.py,raw-pin,github.com/modelcontextprotocol/python-sdk,9972c21aa42054fb1450c5fc614761ed11847ec6,src/mcp/server/lowlevel/server.py,2026-09-25,200,OK,file identical at the pin and at HEAD@f1b658908853,HEAD@f1b658908853,,mcp/python-sdk.md;mcp/transports-stdio.md,,
S736,https://raw.githubusercontent.com/modelcontextprotocol/python-sdk/9972c21aa42054fb1450c5fc614761ed11847ec6/docs_src/tools/tutorial005.py,raw-pin,github.com/modelcontextprotocol/python-sdk,9972c21aa42054fb1450c5fc614761ed11847ec6,docs_src/tools/tutorial005.py,2026-09-25,200,OK,file identical at the pin and at HEAD@f1b658908853,HEAD@f1b658908853,,mcp/python-sdk.md;mcp/tools.md,,
S740,https://code.claude.com/docs/en/mcp.md,live,,,,2026-09-25,200,OK,"sitemap lastmod 2026-09-25, not after retrieval 2026-09-25",sitemap lastmod 2026-09-25,,agents/api-tokens-issue-and-store.md;agents/api-tokens.csv;agents/secret-storage-options.csv;claude/elicitation.md;claude/permissions-mcp.md;claude/tool-output-limits.md;mcp/python-sdk.md,,
S741,https://code.claude.com/docs/en/managed-mcp.md,live,,,,2026-09-25,200,OK,"sitemap lastmod 2026-09-24, not after retrieval 2026-09-25",sitemap lastmod 2026-09-24,,claude/managed-mcp.md;claude/otel-monitoring.md,,
S742,https://code.claude.com/docs/en/permissions.md,live,,,,2026-09-25,200,OK,"sitemap lastmod 2026-09-25, not after retrieval 2026-09-25",sitemap lastmod 2026-09-25,,claude/permissions-mcp.md,,
S743,https://code.claude.com/docs/en/hooks.md,live,,,,2026-09-25,200,CHANGED,sitemap lastmod 2026-09-26 is after retrieval 2026-09-25,sitemap lastmod 2026-09-26,,claude/elicitation.md;claude/hooks.md;claude/otel-monitoring.md;claude/permissions-mcp.md;security/logging-monitoring.md,,
S744,https://code.claude.com/docs/en/monitoring-usage.md,live,,,,2026-09-25,200,CHANGED,sitemap lastmod 2026-09-26 is after retrieval 2026-09-25,sitemap lastmod 2026-09-26,,agents/agent-overuse-patterns.md;agents/subagents-vs-deterministic-tools.md;claude/otel-monitoring.md,,
S745,https://code.claude.com/docs/en/env-vars.md,live,,,,2026-09-25,200,CHANGED,sitemap lastmod 2026-09-26 is after retrieval 2026-09-25,sitemap lastmod 2026-09-26,,agents/agent-overuse-patterns.md;agents/subagents-vs-deterministic-tools.md;claude/elicitation.md;claude/otel-monitoring.md;claude/tool-output-limits.md,,
S746,https://code.claude.com/docs/en/changelog.md,live,,,,2026-09-25,200,OK,"sitemap lastmod 2026-09-25, not after retrieval 2026-09-25",sitemap lastmod 2026-09-25,,claude/elicitation.md;claude/hooks.md;claude/managed-mcp.md;claude/permissions-mcp.md;claude/tool-output-limits.md,,
S747,https://code.claude.com/docs/en/data-usage.md,live,,,,2026-09-25,200,CHANGED,sitemap lastmod 2026-09-26 is after retrieval 2026-09-25,sitemap lastmod 2026-09-26,,claude/data-retention.md,,
S748,https://code.claude.com/docs/en/zero-data-retention.md,live,,,,2026-09-25,200,OK,"sitemap lastmod 2026-09-25, not after retrieval 2026-09-25",sitemap lastmod 2026-09-25,,claude/data-retention.md,,
S749,https://platform.claude.com/docs/en/manage-claude/api-and-data-retention.md,live,,,,2026-09-25,200,NEEDS-READING,"HTTP 200, no last-updated date",,,claude/data-retention.md,,
S760,https://raw.githubusercontent.com/OWASP/www-project-mcp-top-10/main/index.md,raw-ref,github.com/OWASP/www-project-mcp-top-10,main,index.md,2026-09-25,200,OK,no commit on main touches it since 2026-09-25; main@165fe0f78ef1,main@165fe0f78ef1,,security/ai-agent-guidelines.md;standards/owasp.csv;standards/owasp.md,,
S761,https://genai.owasp.org/resource/owasp-top-10-for-agentic-applications-for-2026/,live,,,,2026-09-23,200,NEEDS-READING,"HTTP 200, no last-updated date",,,security/ai-agent-guidelines.md;standards/owasp.md,,
S762,https://genai.owasp.org/2025/12/09/owasp-top-10-for-agentic-applications-the-benchmark-for-agentic-security-in-the-age-of-autonomous-ai/,live,,,,2026-09-23,200,NEEDS-READING,"HTTP 200, no last-updated date",,,security/ai-agent-guidelines.md;standards/owasp.csv;standards/owasp.md,,
S763,https://genai.owasp.org/llm-top-10/,live,,,,2026-09-23,200,NEEDS-READING,"HTTP 200, no last-updated date",,,security/ai-agent-guidelines.md;standards/owasp.csv;standards/owasp.md,,
S764,https://genai.owasp.org/resource/owasp-genai-llm-top-10-2026/,live,,,,2026-09-23,200,NEEDS-READING,"HTTP 200, no last-updated date",,,security/ai-agent-guidelines.md;standards/owasp.md,,
S765,https://genai.owasp.org/2026/09/01/owasp-genai-security-project-unveils-2026-top-10-for-llm-applications-new-agent-control-standard-and-sponsors-as-community-tops-30000-members/,live,,,,2026-09-23,200,NEEDS-READING,"HTTP 200, no last-updated date",,,security/ai-agent-guidelines.md;standards/owasp.md,,
S800,https://raw.githubusercontent.com/data-privacy-stack/presidio/e9895a51f5af6a00ed859a1ee38d627868355f8a/CHANGELOG.md,raw-pin,github.com/data-privacy-stack/presidio,e9895a51f5af6a00ed859a1ee38d627868355f8a,CHANGELOG.md,2026-09-25,200,OK,file identical at the pin and at HEAD@4ef07bdbd9a4,HEAD@4ef07bdbd9a4,,privacy/presidio-operators-deanonymize.md;privacy/presidio-recognizer-yaml.md;privacy/presidio.md,,
S801,https://api.github.com/repos/data-privacy-stack/presidio/releases?per_page=10,api-releases,github.com/data-privacy-stack/presidio,,,2026-09-25,,OK,recorded release 2.2.364 is still the newest of its series,release 2.2.364 newest,,privacy/presidio-recognizer-yaml.md;privacy/presidio.md,,
S802,https://pypi.org/pypi/presidio-analyzer/json,live,,,,2026-09-25,200,OK,PyPI latest 2.2.364 matches the recorded version,PyPI 2.2.364,,privacy/presidio.md,,
S803,https://pypi.org/pypi/presidio-anonymizer/json,live,,,,2026-09-25,200,OK,PyPI latest 2.2.364 matches the recorded version,PyPI 2.2.364,,privacy/presidio.md,,
S804,https://api.github.com/repos/data-privacy-stack/presidio/git/refs/tags/2.2.364,api-tagref,github.com/data-privacy-stack/presidio,2.2.364,,2026-09-25,,OK,tag 2.2.364 still points to 779dbd286d5e,tag 2.2.364=779dbd286d5e,,privacy/presidio.md,,
S805,https://api.github.com/repos/data-privacy-stack/presidio/contents/presidio-analyzer/presidio_analyzer/predefined_recognizers/generic?ref=2.2.364,api-contents,github.com/data-privacy-stack/presidio,2.2.364,presidio-analyzer/presidio_analyzer/predefined_recognizers/generic,2026-09-25,,OK,tag 2.2.364 is the newest release of its series,tag 2.2.364 newest,,privacy/presidio.md,,
S806,https://raw.githubusercontent.com/data-privacy-stack/presidio/779dbd286d5ef4d1fbe2514275fb1bce358f2417/presidio-analyzer/presidio_analyzer/conf/default_recognizers.yaml,raw-pin,github.com/data-privacy-stack/presidio,779dbd286d5ef4d1fbe2514275fb1bce358f2417,presidio-analyzer/presidio_analyzer/conf/default_recognizers.yaml,2026-09-25,200,CHANGED,file differs at HEAD@4ef07bdbd9a4; latest change 07ba0344fd74 2026-09-15,HEAD@4ef07bdbd9a4,latest=07ba0344fd741055e62135a801ffc97c273681d9,privacy/presidio.md,,
S807,https://api.github.com/repos/data-privacy-stack/presidio/commits?path=presidio-analyzer/presidio_analyzer/predefined_recognizers/generic/uuid_recognizer.py&per_page=5,api-commits,github.com/data-privacy-stack/presidio,,presidio-analyzer/presidio_analyzer/predefined_recognizers/generic/uuid_recognizer.py,2026-09-25,,OK,no commit on HEAD touches it since 2026-09-25; HEAD@4ef07bdbd9a4,HEAD@4ef07bdbd9a4,,privacy/presidio.md,,
S808,https://raw.githubusercontent.com/data-privacy-stack/presidio/e9895a51f5af6a00ed859a1ee38d627868355f8a/presidio-analyzer/presidio_analyzer/predefined_recognizers/generic/uuid_recognizer.py,raw-pin,github.com/data-privacy-stack/presidio,e9895a51f5af6a00ed859a1ee38d627868355f8a,presidio-analyzer/presidio_analyzer/predefined_recognizers/generic/uuid_recognizer.py,2026-09-25,200,OK,file identical at the pin and at HEAD@4ef07bdbd9a4,HEAD@4ef07bdbd9a4,,privacy/presidio.md,,
S809,https://raw.githubusercontent.com/data-privacy-stack/presidio/e9895a51f5af6a00ed859a1ee38d627868355f8a/presidio-analyzer/presidio_analyzer/conf/default_recognizers.yaml,raw-pin,github.com/data-privacy-stack/presidio,e9895a51f5af6a00ed859a1ee38d627868355f8a,presidio-analyzer/presidio_analyzer/conf/default_recognizers.yaml,2026-09-25,200,OK,file identical at the pin and at HEAD@4ef07bdbd9a4,HEAD@4ef07bdbd9a4,,privacy/presidio-entities.md;privacy/presidio-recognizer-yaml.md;privacy/presidio.md,,
S810,https://raw.githubusercontent.com/data-privacy-stack/presidio/e9895a51f5af6a00ed859a1ee38d627868355f8a/docs/supported_entities.md,raw-pin,github.com/data-privacy-stack/presidio,e9895a51f5af6a00ed859a1ee38d627868355f8a,docs/supported_entities.md,2026-09-25,200,OK,file identical at the pin and at HEAD@4ef07bdbd9a4,HEAD@4ef07bdbd9a4,,privacy/presidio-entities.md,,
S811,https://raw.githubusercontent.com/data-privacy-stack/presidio/2.2.355/presidio-analyzer/presidio_analyzer/predefined_recognizers/__init__.py,raw-ref,github.com/data-privacy-stack/presidio,2.2.355,presidio-analyzer/presidio_analyzer/predefined_recognizers/__init__.py,2026-09-25,200,NEWER-VERSION,newer release 2.2.364; the file differs from 2.2.355,,newer=2.2.364,privacy/presidio-entities.md,,
S812,https://raw.githubusercontent.com/data-privacy-stack/presidio/2.2.356/presidio-analyzer/presidio_analyzer/predefined_recognizers/__init__.py,raw-ref,github.com/data-privacy-stack/presidio,2.2.356,presidio-analyzer/presidio_analyzer/predefined_recognizers/__init__.py,2026-09-25,200,NEWER-VERSION,newer release 2.2.364; the file differs from 2.2.356,,newer=2.2.364,privacy/presidio-entities.md,,
S813,https://raw.githubusercontent.com/data-privacy-stack/presidio/2.2.357/presidio-analyzer/presidio_analyzer/predefined_recognizers/__init__.py,raw-ref,github.com/data-privacy-stack/presidio,2.2.357,presidio-analyzer/presidio_analyzer/predefined_recognizers/__init__.py,2026-09-25,200,NEWER-VERSION,newer release 2.2.364; the file differs from 2.2.357,,newer=2.2.364,privacy/presidio-entities.md,,
S814,https://raw.githubusercontent.com/data-privacy-stack/presidio/2.2.358/presidio-analyzer/presidio_analyzer/predefined_recognizers/__init__.py,raw-ref,github.com/data-privacy-stack/presidio,2.2.358,presidio-analyzer/presidio_analyzer/predefined_recognizers/__init__.py,2026-09-25,200,NEWER-VERSION,newer release 2.2.364; the file differs from 2.2.358,,newer=2.2.364,privacy/presidio-entities.md,,
S815,https://raw.githubusercontent.com/data-privacy-stack/presidio/2.2.359/presidio-analyzer/presidio_analyzer/predefined_recognizers/__init__.py,raw-ref,github.com/data-privacy-stack/presidio,2.2.359,presidio-analyzer/presidio_analyzer/predefined_recognizers/__init__.py,2026-09-25,200,NEWER-VERSION,newer release 2.2.364; the file differs from 2.2.359,,newer=2.2.364,privacy/presidio-entities.md,,
S816,https://raw.githubusercontent.com/data-privacy-stack/presidio/2.2.360/presidio-analyzer/presidio_analyzer/predefined_recognizers/__init__.py,raw-ref,github.com/data-privacy-stack/presidio,2.2.360,presidio-analyzer/presidio_analyzer/predefined_recognizers/__init__.py,2026-09-25,200,NEWER-VERSION,newer release 2.2.364; the file differs from 2.2.360,,newer=2.2.364,privacy/presidio-entities.md,,
S817,https://raw.githubusercontent.com/data-privacy-stack/presidio/2.2.361/presidio-analyzer/presidio_analyzer/predefined_recognizers/__init__.py,raw-ref,github.com/data-privacy-stack/presidio,2.2.361,presidio-analyzer/presidio_analyzer/predefined_recognizers/__init__.py,2026-09-25,200,NEWER-VERSION,newer release 2.2.364; the file differs from 2.2.361,,newer=2.2.364,privacy/presidio-entities.md,,
S818,https://raw.githubusercontent.com/data-privacy-stack/presidio/2.2.362/presidio-analyzer/presidio_analyzer/predefined_recognizers/__init__.py,raw-ref,github.com/data-privacy-stack/presidio,2.2.362,presidio-analyzer/presidio_analyzer/predefined_recognizers/__init__.py,2026-09-25,200,NEWER-VERSION,newer release 2.2.364; the file differs from 2.2.362,,newer=2.2.364,privacy/presidio-entities.md,,
S819,https://raw.githubusercontent.com/data-privacy-stack/presidio/2.2.363/presidio-analyzer/presidio_analyzer/predefined_recognizers/__init__.py,raw-ref,github.com/data-privacy-stack/presidio,2.2.363,presidio-analyzer/presidio_analyzer/predefined_recognizers/__init__.py,2026-09-25,200,NEWER-VERSION,newer release 2.2.364; the file differs from 2.2.363,,newer=2.2.364,privacy/presidio-entities.md,,
S820,https://raw.githubusercontent.com/data-privacy-stack/presidio/2.2.364/presidio-analyzer/presidio_analyzer/predefined_recognizers/__init__.py,raw-ref,github.com/data-privacy-stack/presidio,2.2.364,presidio-analyzer/presidio_analyzer/predefined_recognizers/__init__.py,2026-09-25,200,OK,tag 2.2.364 is the newest release of its series,tag 2.2.364 newest,,privacy/presidio-entities.md,,
S821,https://raw.githubusercontent.com/data-privacy-stack/presidio/e9895a51f5af6a00ed859a1ee38d627868355f8a/presidio-analyzer/presidio_analyzer/input_validation/yaml_recognizer_models.py,raw-pin,github.com/data-privacy-stack/presidio,e9895a51f5af6a00ed859a1ee38d627868355f8a,presidio-analyzer/presidio_analyzer/input_validation/yaml_recognizer_models.py,2026-09-25,200,OK,file identical at the pin and at HEAD@4ef07bdbd9a4,HEAD@4ef07bdbd9a4,,privacy/presidio-recognizer-yaml.md,,
S822,https://raw.githubusercontent.com/data-privacy-stack/presidio/e9895a51f5af6a00ed859a1ee38d627868355f8a/presidio-analyzer/presidio_analyzer/conf/example_recognizers.yaml,raw-pin,github.com/data-privacy-stack/presidio,e9895a51f5af6a00ed859a1ee38d627868355f8a,presidio-analyzer/presidio_analyzer/conf/example_recognizers.yaml,2026-09-25,200,OK,file identical at the pin and at HEAD@4ef07bdbd9a4,HEAD@4ef07bdbd9a4,,privacy/presidio-recognizer-yaml.md,,
S823,https://raw.githubusercontent.com/data-privacy-stack/presidio/e9895a51f5af6a00ed859a1ee38d627868355f8a/docs/analyzer/recognizer_registry_provider.md,raw-pin,github.com/data-privacy-stack/presidio,e9895a51f5af6a00ed859a1ee38d627868355f8a,docs/analyzer/recognizer_registry_provider.md,2026-09-25,200,OK,file identical at the pin and at HEAD@4ef07bdbd9a4,HEAD@4ef07bdbd9a4,,privacy/presidio-recognizer-yaml.md,,
S824,https://raw.githubusercontent.com/data-privacy-stack/presidio/e9895a51f5af6a00ed859a1ee38d627868355f8a/docs/analyzer/adding_recognizers.md,raw-pin,github.com/data-privacy-stack/presidio,e9895a51f5af6a00ed859a1ee38d627868355f8a,docs/analyzer/adding_recognizers.md,2026-09-25,200,OK,file identical at the pin and at HEAD@4ef07bdbd9a4,HEAD@4ef07bdbd9a4,,privacy/presidio-recognizer-yaml.md,,
S825,https://raw.githubusercontent.com/data-privacy-stack/presidio/e9895a51f5af6a00ed859a1ee38d627868355f8a/presidio-analyzer/presidio_analyzer/pattern_recognizer.py,raw-pin,github.com/data-privacy-stack/presidio,e9895a51f5af6a00ed859a1ee38d627868355f8a,presidio-analyzer/presidio_analyzer/pattern_recognizer.py,2026-09-25,200,OK,file identical at the pin and at HEAD@4ef07bdbd9a4,HEAD@4ef07bdbd9a4,,agents/agent-overuse-patterns.csv;agents/agent-overuse-patterns.md;privacy/presidio-recognizer-yaml.md,,
S826,https://raw.githubusercontent.com/data-privacy-stack/presidio/e9895a51f5af6a00ed859a1ee38d627868355f8a/presidio-analyzer/presidio_analyzer/recognizer_registry/recognizer_registry.py,raw-pin,github.com/data-privacy-stack/presidio,e9895a51f5af6a00ed859a1ee38d627868355f8a,presidio-analyzer/presidio_analyzer/recognizer_registry/recognizer_registry.py,2026-09-25,200,OK,file identical at the pin and at HEAD@4ef07bdbd9a4,HEAD@4ef07bdbd9a4,,privacy/presidio-recognizer-yaml.md,,
S827,https://raw.githubusercontent.com/data-privacy-stack/presidio/e9895a51f5af6a00ed859a1ee38d627868355f8a/docs/anonymizer/index.md,raw-pin,github.com/data-privacy-stack/presidio,e9895a51f5af6a00ed859a1ee38d627868355f8a,docs/anonymizer/index.md,2026-09-25,200,OK,file identical at the pin and at HEAD@4ef07bdbd9a4,HEAD@4ef07bdbd9a4,,privacy/presidio-operators-deanonymize.md,,
S828,https://raw.githubusercontent.com/data-privacy-stack/presidio/e9895a51f5af6a00ed859a1ee38d627868355f8a/docs/anonymizer/adding_operators.md,raw-pin,github.com/data-privacy-stack/presidio,e9895a51f5af6a00ed859a1ee38d627868355f8a,docs/anonymizer/adding_operators.md,2026-09-25,200,OK,file identical at the pin and at HEAD@4ef07bdbd9a4,HEAD@4ef07bdbd9a4,,privacy/presidio-operators-deanonymize.md,,
S829,https://raw.githubusercontent.com/data-privacy-stack/presidio/e9895a51f5af6a00ed859a1ee38d627868355f8a/presidio-anonymizer/presidio_anonymizer/operators/custom.py,raw-pin,github.com/data-privacy-stack/presidio,e9895a51f5af6a00ed859a1ee38d627868355f8a,presidio-anonymizer/presidio_anonymizer/operators/custom.py,2026-09-25,200,OK,file identical at the pin and at HEAD@4ef07bdbd9a4,HEAD@4ef07bdbd9a4,,privacy/presidio-operators-deanonymize.md,,
S830,https://raw.githubusercontent.com/data-privacy-stack/presidio/e9895a51f5af6a00ed859a1ee38d627868355f8a/presidio-anonymizer/app.py,raw-pin,github.com/data-privacy-stack/presidio,e9895a51f5af6a00ed859a1ee38d627868355f8a,presidio-anonymizer/app.py,2026-09-25,200,OK,file identical at the pin and at HEAD@4ef07bdbd9a4,HEAD@4ef07bdbd9a4,,privacy/presidio-operators-deanonymize.md,,
S831,https://raw.githubusercontent.com/data-privacy-stack/presidio/e9895a51f5af6a00ed859a1ee38d627868355f8a/presidio-anonymizer/presidio_anonymizer/deanonymize_engine.py,raw-pin,github.com/data-privacy-stack/presidio,e9895a51f5af6a00ed859a1ee38d627868355f8a,presidio-anonymizer/presidio_anonymizer/deanonymize_engine.py,2026-09-25,200,OK,file identical at the pin and at HEAD@4ef07bdbd9a4,HEAD@4ef07bdbd9a4,,privacy/presidio-operators-deanonymize.md,,
S832,https://raw.githubusercontent.com/data-privacy-stack/presidio/e9895a51f5af6a00ed859a1ee38d627868355f8a/presidio-anonymizer/presidio_anonymizer/core/engine_base.py,raw-pin,github.com/data-privacy-stack/presidio,e9895a51f5af6a00ed859a1ee38d627868355f8a,presidio-anonymizer/presidio_anonymizer/core/engine_base.py,2026-09-25,200,OK,file identical at the pin and at HEAD@4ef07bdbd9a4,HEAD@4ef07bdbd9a4,,privacy/presidio-operators-deanonymize.md,,
S833,https://raw.githubusercontent.com/data-privacy-stack/presidio/e9895a51f5af6a00ed859a1ee38d627868355f8a/docs/samples/python/pseudonymization.ipynb,raw-pin,github.com/data-privacy-stack/presidio,e9895a51f5af6a00ed859a1ee38d627868355f8a,docs/samples/python/pseudonymization.ipynb,2026-09-25,200,OK,file identical at the pin and at HEAD@4ef07bdbd9a4,HEAD@4ef07bdbd9a4,,privacy/presidio-operators-deanonymize.md;privacy/spacy-model-licence.md,,
S834,https://api.github.com/repos/data-privacy-stack/presidio/contents/presidio-anonymizer/presidio_anonymizer?ref=2.2.364,api-contents,github.com/data-privacy-stack/presidio,2.2.364,presidio-anonymizer/presidio_anonymizer,2026-09-25,,OK,tag 2.2.364 is the newest release of its series,tag 2.2.364 newest,,privacy/presidio-operators-deanonymize.md;privacy/presidio.md,,
S835,https://raw.githubusercontent.com/data-privacy-stack/presidio/e9895a51f5af6a00ed859a1ee38d627868355f8a/presidio-anonymizer/presidio_anonymizer/operators/aes_cipher.py,raw-pin,github.com/data-privacy-stack/presidio,e9895a51f5af6a00ed859a1ee38d627868355f8a,presidio-anonymizer/presidio_anonymizer/operators/aes_cipher.py,2026-09-25,200,OK,file identical at the pin and at HEAD@4ef07bdbd9a4,HEAD@4ef07bdbd9a4,,privacy/presidio-operators-deanonymize.md,,
S836,https://raw.githubusercontent.com/data-privacy-stack/presidio/e9895a51f5af6a00ed859a1ee38d627868355f8a/presidio-anonymizer/presidio_anonymizer/operators/encrypt.py,raw-pin,github.com/data-privacy-stack/presidio,e9895a51f5af6a00ed859a1ee38d627868355f8a,presidio-anonymizer/presidio_anonymizer/operators/encrypt.py,2026-09-25,200,OK,file identical at the pin and at HEAD@4ef07bdbd9a4,HEAD@4ef07bdbd9a4,,privacy/presidio-operators-deanonymize.md,,
S837,https://raw.githubusercontent.com/data-privacy-stack/presidio/e9895a51f5af6a00ed859a1ee38d627868355f8a/docs/evaluation/index.md,raw-pin,github.com/data-privacy-stack/presidio,e9895a51f5af6a00ed859a1ee38d627868355f8a,docs/evaluation/index.md,2026-09-25,200,OK,file identical at the pin and at HEAD@4ef07bdbd9a4,HEAD@4ef07bdbd9a4,,privacy/presidio-evaluator.md,,
S838,https://api.github.com/repos/data-privacy-stack/presidio-research,api-repo,github.com/data-privacy-stack/presidio-research,,,2026-09-23,,NEEDS-READING,repository metadata; no recorded release to compare (api.github.com is not called),,,privacy/presidio-evaluator.md,,
S839,https://pypi.org/pypi/presidio-evaluator/json,live,,,,2026-09-25,200,OK,PyPI latest 0.3.2 matches the recorded version,PyPI 0.3.2,,privacy/presidio-evaluator.md,,
S840,https://api.github.com/repos/data-privacy-stack/presidio-research/releases?per_page=3,api-releases,github.com/data-privacy-stack/presidio-research,,,2026-09-25,,OK,recorded release 0.3.2 is still the newest of its series,release 0.3.2 newest,,privacy/presidio-evaluator.md,,
S841,https://raw.githubusercontent.com/data-privacy-stack/presidio/e9895a51f5af6a00ed859a1ee38d627868355f8a/docs/faq.md,raw-pin,github.com/data-privacy-stack/presidio,e9895a51f5af6a00ed859a1ee38d627868355f8a,docs/faq.md,2026-09-25,200,OK,file identical at the pin and at HEAD@4ef07bdbd9a4,HEAD@4ef07bdbd9a4,,privacy/presidio-operators-deanonymize.md,,
S842,https://raw.githubusercontent.com/data-privacy-stack/presidio/e9895a51f5af6a00ed859a1ee38d627868355f8a/LICENSE,raw-pin,github.com/data-privacy-stack/presidio,e9895a51f5af6a00ed859a1ee38d627868355f8a,LICENSE,2026-09-25,200,OK,file identical at the pin and at HEAD@4ef07bdbd9a4,HEAD@4ef07bdbd9a4,,privacy/presidio.md,,
S843,https://raw.githubusercontent.com/data-privacy-stack/presidio/e9895a51f5af6a00ed859a1ee38d627868355f8a/presidio-analyzer/presidio_analyzer/conf/default.yaml,raw-pin,github.com/data-privacy-stack/presidio,e9895a51f5af6a00ed859a1ee38d627868355f8a,presidio-analyzer/presidio_analyzer/conf/default.yaml,2026-09-25,200,OK,file identical at the pin and at HEAD@4ef07bdbd9a4,HEAD@4ef07bdbd9a4,,privacy/presidio-entities.md,,
S844,https://raw.githubusercontent.com/data-privacy-stack/presidio/e9895a51f5af6a00ed859a1ee38d627868355f8a/presidio-analyzer/presidio_analyzer/predefined_recognizers/nlp_engine_recognizers/spacy_recognizer.py,raw-pin,github.com/data-privacy-stack/presidio,e9895a51f5af6a00ed859a1ee38d627868355f8a,presidio-analyzer/presidio_analyzer/predefined_recognizers/nlp_engine_recognizers/spacy_recognizer.py,2026-09-25,200,OK,file identical at the pin and at HEAD@4ef07bdbd9a4,HEAD@4ef07bdbd9a4,,privacy/presidio-entities.md,,
S845,https://raw.githubusercontent.com/data-privacy-stack/presidio/e9895a51f5af6a00ed859a1ee38d627868355f8a/presidio-anonymizer/presidio_anonymizer/batch_deanonymize_engine.py,raw-pin,github.com/data-privacy-stack/presidio,e9895a51f5af6a00ed859a1ee38d627868355f8a,presidio-anonymizer/presidio_anonymizer/batch_deanonymize_engine.py,2026-09-25,200,OK,file identical at the pin and at HEAD@4ef07bdbd9a4,HEAD@4ef07bdbd9a4,,privacy/presidio-operators-deanonymize.md,,
S850,https://github.com/explosion/spacy-models/releases/tag/en_core_web_lg-3.8.0,release,github.com/explosion/spacy-models,en_core_web_lg-3.8.0,,2026-09-25,,OK,en_core_web_lg-3.8.0 is still the newest release of its series,release en_core_web_lg-3.8.0 newest,,privacy/spacy-model-licence.md,,
S851,https://huggingface.co/api/models/spacy/en_core_web_lg,live,,,,2026-09-23,200,NEEDS-READING,"HTTP 200, no last-updated date",,,privacy/spacy-model-licence.md,,
S852,https://spacy.io/models/en,live,,,,2026-09-23,200,NEEDS-READING,"HTTP 200, no last-updated date",,,privacy/spacy-model-licence.md,,
S855,https://huggingface.co/api/models/urchade/gliner_multi_pii-v1,live,,,,2026-09-23,200,NEEDS-READING,"HTTP 200, no last-updated date",,,privacy/gliner-models.csv;privacy/gliner-models.md,,
S856,https://huggingface.co/urchade/gliner_multi_pii-v1/raw/1fcf13e85f4eef5394e1fcd406cf2ca9ea82351d/README.md,live,,,,2026-09-23,200,NEEDS-READING,"HTTP 200, no last-updated date",,,privacy/gliner-models.csv;privacy/gliner-models.md,,
S857,https://huggingface.co/api/models/knowledgator/gliner-pii-base-v1.0,live,,,,2026-09-23,200,NEEDS-READING,"HTTP 200, no last-updated date",,,privacy/gliner-models.csv;privacy/gliner-models.md,,
S858,https://huggingface.co/knowledgator/gliner-pii-base-v1.0/raw/61726e0ad791dcab3e29339bbec3ad42ded65641/README.md,live,,,,2026-09-23,200,NEEDS-READING,"HTTP 200, no last-updated date",,,privacy/gliner-models.csv;privacy/gliner-models.md,,
S859,https://huggingface.co/api/models/nvidia/gliner-PII,live,,,,2026-09-23,200,NEEDS-READING,"HTTP 200, no last-updated date",,,privacy/gliner-models.csv;privacy/gliner-models.md,,
S860,https://huggingface.co/nvidia/gliner-PII/raw/bd23e8ef4425fd04e34c5204ab49ffaa706eae79/README.md,live,,,,2026-09-23,200,NEEDS-READING,"HTTP 200, no last-updated date",,,privacy/gliner-models.csv;privacy/gliner-models.md,,
S865,https://csrc.nist.gov/pubs/sp/800/38/g/final,live,,,,2026-09-23,200,NEEDS-READING,"HTTP 200, no last-updated date",,,privacy/nist-sp800-38g.md,,
S866,https://csrc.nist.gov/pubs/sp/800/38/g/upd1/final,live,,,,2026-09-23,200,NEEDS-READING,"HTTP 200, no last-updated date",,,privacy/nist-sp800-38g.md,,
S867,https://csrc.nist.gov/pubs/sp/800/38/g/r1/ipd,live,,,,2026-09-23,200,NEEDS-READING,"HTTP 200, no last-updated date",,,privacy/nist-sp800-38g.md,,
S868,https://csrc.nist.gov/pubs/sp/800/38/g/r1/2pd,live,,,,2026-09-23,200,NEEDS-READING,"HTTP 200, no last-updated date",,,privacy/nist-sp800-38g.md,,
S869,https://csrc.nist.gov/pubs/sp/800/38/g/r1/final,live,,,,2026-09-23,404,GONE,HTTP 404,,,privacy/nist-sp800-38g.md,,
S870,https://eur-lex.europa.eu/legal-content/EN/TXT/HTML/?uri=CELEX:32016R0679,live,,,,2026-09-23,202,NEEDS-READING,HTTP 202,,,privacy/gdpr-pseudonymisation.md;security/privacy-compliance.md,,
S871,https://eur-lex.europa.eu/content/legal-notice/legal-notice.html,live,,,,2026-09-23,202,NEEDS-READING,HTTP 202,,,privacy/gdpr-pseudonymisation.md,,
S872,https://www.edpb.europa.eu/our-work-tools/documents/public-consultations/2025/guidelines-012025-pseudonymisation_en,live,,,,2026-09-23,200,NEEDS-READING,"HTTP 200, no last-updated date; redirected to https://www.edpb.europa.eu/public-consultations/guidelines-012025-on-pseudonymisation_en",,,privacy/gdpr-pseudonymisation.md,,
S873,https://www.edpb.europa.eu/news/news/2025/edpb-adopts-pseudonymisation-guidelines-and-paves-way-improve-cooperation_en,live,,,,2026-09-23,200,NEEDS-READING,"HTTP 200, no last-updated date; redirected to https://www.edpb.europa.eu/news/edpb-adopts-pseudonymisation-guidelines-and-paves-the-way-to-improve-cooperation-with_en",,,privacy/gdpr-pseudonymisation.md,,
S874,https://www.edpb.europa.eu/topics/ai-and-technology/anonymisation-pseudonymisation_en,live,,,,2026-09-23,200,NEEDS-READING,"HTTP 200, no last-updated date",,,privacy/gdpr-pseudonymisation.md,,
S875,https://curia.europa.eu/site/upload/docs/application/pdf/2025-09/cp250107en.pdf,live,,,,2026-09-23,200,NEEDS-READING,"HTTP 200, no last-updated date",,,privacy/gdpr-pseudonymisation.md,,
S900,https://learn.microsoft.com/en-us/power-bi/connect-data/refresh-data,learn,,,,2026-09-23,200,NEEDS-READING,a Learn page without a public source repo; read it (microsoft_docs_fetch),,learn,agents/agent-overuse-patterns.csv;agents/agent-overuse-patterns.md;powerbi/scheduled-refresh.md,,
S901,https://learn.microsoft.com/en-us/power-bi/connect-data/refresh-scheduled-refresh,learn,,,,2026-09-23,200,NEEDS-READING,a Learn page without a public source repo; read it (microsoft_docs_fetch),,learn,powerbi/scheduled-refresh.md,,
S902,https://learn.microsoft.com/en-us/power-bi/connect-data/service-gateway-sql-tutorial,learn,,,,2026-09-23,200,NEEDS-READING,a Learn page without a public source repo; read it (microsoft_docs_fetch),,learn,powerbi/configmgr-views.md;powerbi/on-prem-gateway-sql.md;powerbi/scheduled-refresh.md,,
S903,https://learn.microsoft.com/en-us/power-bi/connect-data/service-gateway-onprem,learn,,,,2026-09-23,200,NEEDS-READING,a Learn page without a public source repo; read it (microsoft_docs_fetch),,learn,powerbi/on-prem-gateway-sql.md,,
S904,https://learn.microsoft.com/en-us/data-integration/gateway/service-gateway-onprem,learn,,,,2026-09-23,200,NEEDS-READING,a Learn page without a public source repo; read it (microsoft_docs_fetch),,learn,powerbi/on-prem-gateway-sql.md,,
S905,https://learn.microsoft.com/en-us/data-integration/gateway/service-gateway-communication,learn,,,,2026-09-23,200,NEEDS-READING,a Learn page without a public source repo; read it (microsoft_docs_fetch),,learn,powerbi/on-prem-gateway-sql.md,,
S906,https://learn.microsoft.com/en-us/data-integration/gateway/service-gateway-install,learn,,,,2026-09-23,200,NEEDS-READING,a Learn page without a public source repo; read it (microsoft_docs_fetch),,learn,powerbi/on-prem-gateway-sql.md,,
S907,https://learn.microsoft.com/en-us/power-bi/connect-data/service-gateway-enterprise-manage-sql,learn,,,,2026-09-23,200,NEEDS-READING,a Learn page without a public source repo; read it (microsoft_docs_fetch),,learn,powerbi/configmgr-views.md;powerbi/on-prem-gateway-sql.md,,
S908,https://learn.microsoft.com/en-us/power-bi/connect-data/service-gateway-sso-overview,learn,,,,2026-09-23,200,NEEDS-READING,a Learn page without a public source repo; read it (microsoft_docs_fetch),,learn,powerbi/on-prem-gateway-sql.md;powerbi/row-level-security.md,,
S909,https://learn.microsoft.com/en-us/data-integration/gateway/service-gateway-service-account,learn,,,,2026-09-23,200,NEEDS-READING,a Learn page without a public source repo; read it (microsoft_docs_fetch),,learn,powerbi/on-prem-gateway-sql.md,,
S910,https://learn.microsoft.com/en-us/power-bi/enterprise/service-admin-rls,learn,,,,2026-09-23,200,NEEDS-READING,a Learn page without a public source repo; read it (microsoft_docs_fetch),,learn,powerbi/row-level-security.md,,
S911,https://raw.githubusercontent.com/MicrosoftDocs/fabric-docs/abbb614507568988fd0c22976a42f0455de81980/docs/enterprise/powerbi/service-premium-features.md,raw-pin,github.com/MicrosoftDocs/fabric-docs,abbb614507568988fd0c22976a42f0455de81980,docs/enterprise/powerbi/service-premium-features.md,2026-09-25,200,OK,file identical at the pin and at HEAD@2975a77b2c35,HEAD@2975a77b2c35,,powerbi/scheduled-refresh.md,,
S920,https://raw.githubusercontent.com/MicrosoftDocs/windows-powershell-docs/c3934e67de374f52fa6759f916c112c30a1240c7/docset/winserver2025-ps/GroupPolicy/Get-GPOReport.md,raw-pin,github.com/MicrosoftDocs/windows-powershell-docs,c3934e67de374f52fa6759f916c112c30a1240c7,docset/winserver2025-ps/GroupPolicy/Get-GPOReport.md,2026-09-25,200,OK,file identical at the pin and at HEAD@c3934e67de37,HEAD@c3934e67de37,,gpo/gpo-export.md,,
S921,https://raw.githubusercontent.com/MicrosoftDocs/windows-powershell-docs/c3934e67de374f52fa6759f916c112c30a1240c7/docset/winserver2025-ps/GroupPolicy/Backup-GPO.md,raw-pin,github.com/MicrosoftDocs/windows-powershell-docs,c3934e67de374f52fa6759f916c112c30a1240c7,docset/winserver2025-ps/GroupPolicy/Backup-GPO.md,2026-09-25,200,OK,file identical at the pin and at HEAD@c3934e67de37,HEAD@c3934e67de37,,gpo/gpo-export.md,,
S922,https://raw.githubusercontent.com/MicrosoftDocs/windows-powershell-docs/c3934e67de374f52fa6759f916c112c30a1240c7/docset/winserver2025-ps/GroupPolicy/GroupPolicy.md,raw-pin,github.com/MicrosoftDocs/windows-powershell-docs,c3934e67de374f52fa6759f916c112c30a1240c7,docset/winserver2025-ps/GroupPolicy/GroupPolicy.md,2026-09-25,200,OK,file identical at the pin and at HEAD@c3934e67de37,HEAD@c3934e67de37,,gpo/gpo-export.md,,
S923,https://raw.githubusercontent.com/MicrosoftDocs/windows-powershell-docs/c3934e67de374f52fa6759f916c112c30a1240c7/docset/winserver2025-ps/GroupPolicy/Get-GPResultantSetOfPolicy.md,raw-pin,github.com/MicrosoftDocs/windows-powershell-docs,c3934e67de374f52fa6759f916c112c30a1240c7,docset/winserver2025-ps/GroupPolicy/Get-GPResultantSetOfPolicy.md,2026-09-25,200,OK,file identical at the pin and at HEAD@c3934e67de37,HEAD@c3934e67de37,,gpo/gpo-export.md,,
S924,https://raw.githubusercontent.com/PowerShell/DSC/30ced1f5a0f11ba6f3275da59fc90d2ed67c4b5e/adapters/group_policy_template/group_policy_template.dsc.resource.json,raw-pin,github.com/PowerShell/DSC,30ced1f5a0f11ba6f3275da59fc90d2ed67c4b5e,adapters/group_policy_template/group_policy_template.dsc.resource.json,2026-09-25,200,OK,file identical at the pin and at HEAD@f050e3ef2996,HEAD@f050e3ef2996,,gpo/dsc-group-policy-adapter.md,,
S930,https://docs.ansible.com/ansible/latest/collections/ansible/windows/index.html,live,,,,2026-09-23,200,OK,"page date 2026-09-21, not after retrieval 2026-09-23; redirected to https://docs.ansible.com/projects/ansible/latest/collections/ansible/windows/index.html",page date 2026-09-21,,ansible/dsc3-module.md,,
S931,https://docs.ansible.com/ansible/latest/collections/ansible/windows/dsc3_module.html,live,,,,2026-09-23,200,OK,"page date 2026-09-21, not after retrieval 2026-09-23; redirected to https://docs.ansible.com/projects/ansible/latest/collections/ansible/windows/dsc3_module.html",page date 2026-09-21,,ansible/dsc3-module.md,,
S932,https://docs.ansible.com/ansible/latest/collections/ansible/windows/win_dsc_module.html,live,,,,2026-09-23,200,OK,"page date 2026-09-21, not after retrieval 2026-09-23; redirected to https://docs.ansible.com/projects/ansible/latest/collections/ansible/windows/win_dsc_module.html",page date 2026-09-21,,ansible/dsc3-module.md,,
S933,https://docs.ansible.com/ansible/latest/os_guide/windows_ssh.html,live,,,,2026-09-23,200,OK,"page date 2026-09-21, not after retrieval 2026-09-23; redirected to https://docs.ansible.com/projects/ansible/latest/os_guide/windows_ssh.html",page date 2026-09-21,,ansible/windows-ssh.md,,
S934,https://raw.githubusercontent.com/ansible-collections/ansible.windows/ff0ac96011ee196742901f34c0dd134acddbe89a/plugins/modules/dsc3.py,raw-pin,github.com/ansible-collections/ansible.windows,ff0ac96011ee196742901f34c0dd134acddbe89a,plugins/modules/dsc3.py,2026-09-25,200,OK,file identical at the pin and at HEAD@ff0ac96011ee,HEAD@ff0ac96011ee,,ansible/dsc3-module.md,,
S935,https://raw.githubusercontent.com/ansible-collections/ansible.windows/ff0ac96011ee196742901f34c0dd134acddbe89a/plugins/modules/dsc3.ps1,raw-pin,github.com/ansible-collections/ansible.windows,ff0ac96011ee196742901f34c0dd134acddbe89a,plugins/modules/dsc3.ps1,2026-09-25,200,OK,file identical at the pin and at HEAD@ff0ac96011ee,HEAD@ff0ac96011ee,,ansible/dsc3-module.md,,
S940,https://raw.githubusercontent.com/microsoftgraph/microsoft-graph-docs-contrib/4ad99fd37a9e2e8538275a0a9cdff7907052f3ec/concepts/unified-tenant-configuration-management-concept-overview.md,raw-pin,github.com/microsoftgraph/microsoft-graph-docs-contrib,4ad99fd37a9e2e8538275a0a9cdff7907052f3ec,concepts/unified-tenant-configuration-management-concept-overview.md,2026-09-25,200,OK,file identical at the pin and at HEAD@4ad99fd37a9e,HEAD@4ad99fd37a9e,,graph/tcm-apis.md,,
S941,https://raw.githubusercontent.com/microsoftgraph/microsoft-graph-docs-contrib/4ad99fd37a9e2e8538275a0a9cdff7907052f3ec/concepts/utcm-authentication-setup.md,raw-pin,github.com/microsoftgraph/microsoft-graph-docs-contrib,4ad99fd37a9e2e8538275a0a9cdff7907052f3ec,concepts/utcm-authentication-setup.md,2026-09-25,200,OK,file identical at the pin and at HEAD@4ad99fd37a9e,HEAD@4ad99fd37a9e,,graph/tcm-apis.md,,
S942,https://raw.githubusercontent.com/microsoftgraph/microsoft-graph-docs-contrib/4ad99fd37a9e2e8538275a0a9cdff7907052f3ec/api-reference/v1.0/resources/unified-tenant-configuration-management-api-overview.md,raw-pin,github.com/microsoftgraph/microsoft-graph-docs-contrib,4ad99fd37a9e2e8538275a0a9cdff7907052f3ec,api-reference/v1.0/resources/unified-tenant-configuration-management-api-overview.md,2026-09-25,200,OK,file identical at the pin and at HEAD@4ad99fd37a9e,HEAD@4ad99fd37a9e,,graph/tcm-apis.md,,
S943,https://raw.githubusercontent.com/microsoftgraph/microsoft-graph-docs-contrib/4ad99fd37a9e2e8538275a0a9cdff7907052f3ec/api-reference/beta/resources/unified-tenant-configuration-management-api-overview.md,raw-pin,github.com/microsoftgraph/microsoft-graph-docs-contrib,4ad99fd37a9e2e8538275a0a9cdff7907052f3ec,api-reference/beta/resources/unified-tenant-configuration-management-api-overview.md,2026-09-25,200,OK,file identical at the pin and at HEAD@4ad99fd37a9e,HEAD@4ad99fd37a9e,,graph/tcm-apis.md,,
S944,https://raw.githubusercontent.com/microsoftgraph/microsoft-graph-docs-contrib/4ad99fd37a9e2e8538275a0a9cdff7907052f3ec/api-reference/v1.0/resources/configurationmonitor.md,raw-pin,github.com/microsoftgraph/microsoft-graph-docs-contrib,4ad99fd37a9e2e8538275a0a9cdff7907052f3ec,api-reference/v1.0/resources/configurationmonitor.md,2026-09-25,200,OK,file identical at the pin and at HEAD@4ad99fd37a9e,HEAD@4ad99fd37a9e,,graph/tcm-apis.md,,
S945,https://raw.githubusercontent.com/microsoftgraph/microsoft-graph-docs-contrib/4ad99fd37a9e2e8538275a0a9cdff7907052f3ec/api-reference/beta/resources/configurationmonitor.md,raw-pin,github.com/microsoftgraph/microsoft-graph-docs-contrib,4ad99fd37a9e2e8538275a0a9cdff7907052f3ec,api-reference/beta/resources/configurationmonitor.md,2026-09-25,200,OK,file identical at the pin and at HEAD@4ad99fd37a9e,HEAD@4ad99fd37a9e,,graph/tcm-apis.md,,
S946,https://raw.githubusercontent.com/microsoftgraph/microsoft-graph-docs-contrib/4ad99fd37a9e2e8538275a0a9cdff7907052f3ec/api-reference/v1.0/resources/configurationsnapshotjob.md,raw-pin,github.com/microsoftgraph/microsoft-graph-docs-contrib,4ad99fd37a9e2e8538275a0a9cdff7907052f3ec,api-reference/v1.0/resources/configurationsnapshotjob.md,2026-09-25,200,OK,file identical at the pin and at HEAD@4ad99fd37a9e,HEAD@4ad99fd37a9e,,graph/tcm-apis.md,,
S947,https://raw.githubusercontent.com/microsoftgraph/microsoft-graph-docs-contrib/4ad99fd37a9e2e8538275a0a9cdff7907052f3ec/api-reference/v1.0/resources/configurationdrift.md,raw-pin,github.com/microsoftgraph/microsoft-graph-docs-contrib,4ad99fd37a9e2e8538275a0a9cdff7907052f3ec,api-reference/v1.0/resources/configurationdrift.md,2026-09-25,200,OK,file identical at the pin and at HEAD@4ad99fd37a9e,HEAD@4ad99fd37a9e,,graph/tcm-apis.md,,
S948,https://raw.githubusercontent.com/microsoftgraph/microsoft-graph-docs-contrib/4ad99fd37a9e2e8538275a0a9cdff7907052f3ec/api-reference/v1.0/resources/configurationmonitoringresult.md,raw-pin,github.com/microsoftgraph/microsoft-graph-docs-contrib,4ad99fd37a9e2e8538275a0a9cdff7907052f3ec,api-reference/v1.0/resources/configurationmonitoringresult.md,2026-09-25,200,OK,file identical at the pin and at HEAD@4ad99fd37a9e,HEAD@4ad99fd37a9e,,graph/tcm-apis.md,,
S949,https://raw.githubusercontent.com/microsoftgraph/microsoft-graph-docs-contrib/4ad99fd37a9e2e8538275a0a9cdff7907052f3ec/api-reference/v1.0/resources/configurationbaseline.md,raw-pin,github.com/microsoftgraph/microsoft-graph-docs-contrib,4ad99fd37a9e2e8538275a0a9cdff7907052f3ec,api-reference/v1.0/resources/configurationbaseline.md,2026-09-25,200,OK,file identical at the pin and at HEAD@4ad99fd37a9e,HEAD@4ad99fd37a9e,,graph/tcm-apis.md,,
S950,https://raw.githubusercontent.com/microsoftgraph/microsoft-graph-docs-contrib/4ad99fd37a9e2e8538275a0a9cdff7907052f3ec/api-reference/v1.0/resources/driftedproperty.md,raw-pin,github.com/microsoftgraph/microsoft-graph-docs-contrib,4ad99fd37a9e2e8538275a0a9cdff7907052f3ec,api-reference/v1.0/resources/driftedproperty.md,2026-09-25,200,OK,file identical at the pin and at HEAD@4ad99fd37a9e,HEAD@4ad99fd37a9e,,graph/tcm-apis.md,,
S951,https://raw.githubusercontent.com/microsoftgraph/microsoft-graph-docs-contrib/4ad99fd37a9e2e8538275a0a9cdff7907052f3ec/api-reference/v1.0/includes/permissions/configurationmanagement-list-configurationdrifts-permissions.md,raw-pin,github.com/microsoftgraph/microsoft-graph-docs-contrib,4ad99fd37a9e2e8538275a0a9cdff7907052f3ec,api-reference/v1.0/includes/permissions/configurationmanagement-list-configurationdrifts-permissions.md,2026-09-25,200,OK,file identical at the pin and at HEAD@4ad99fd37a9e,HEAD@4ad99fd37a9e,,graph/tcm-apis.md,,
S952,https://raw.githubusercontent.com/microsoftgraph/microsoft-graph-docs-contrib/4ad99fd37a9e2e8538275a0a9cdff7907052f3ec/api-reference/v1.0/includes/permissions/configurationbaseline-createsnapshot-permissions.md,raw-pin,github.com/microsoftgraph/microsoft-graph-docs-contrib,4ad99fd37a9e2e8538275a0a9cdff7907052f3ec,api-reference/v1.0/includes/permissions/configurationbaseline-createsnapshot-permissions.md,2026-09-25,200,OK,file identical at the pin and at HEAD@4ad99fd37a9e,HEAD@4ad99fd37a9e,,graph/tcm-apis.md,,
S953,https://raw.githubusercontent.com/microsoftgraph/microsoft-graph-docs-contrib/4ad99fd37a9e2e8538275a0a9cdff7907052f3ec/api-reference/v1.0/api/configurationbaseline-createsnapshot.md,raw-pin,github.com/microsoftgraph/microsoft-graph-docs-contrib,4ad99fd37a9e2e8538275a0a9cdff7907052f3ec,api-reference/v1.0/api/configurationbaseline-createsnapshot.md,2026-09-25,200,OK,file identical at the pin and at HEAD@4ad99fd37a9e,HEAD@4ad99fd37a9e,,graph/tcm-apis.md,,
S954,https://raw.githubusercontent.com/microsoftgraph/microsoft-graph-docs-contrib/4ad99fd37a9e2e8538275a0a9cdff7907052f3ec/api-reference/v1.0/api/configurationmanagement-post-configurationmonitors.md,raw-pin,github.com/microsoftgraph/microsoft-graph-docs-contrib,4ad99fd37a9e2e8538275a0a9cdff7907052f3ec,api-reference/v1.0/api/configurationmanagement-post-configurationmonitors.md,2026-09-25,200,OK,file identical at the pin and at HEAD@4ad99fd37a9e,HEAD@4ad99fd37a9e,,graph/tcm-apis.md,,
S955,https://raw.githubusercontent.com/microsoftgraph/microsoft-graph-docs-contrib/4ad99fd37a9e2e8538275a0a9cdff7907052f3ec/concepts/utcm-intune-resources.md,raw-pin,github.com/microsoftgraph/microsoft-graph-docs-contrib,4ad99fd37a9e2e8538275a0a9cdff7907052f3ec,concepts/utcm-intune-resources.md,2026-09-25,200,OK,file identical at the pin and at HEAD@4ad99fd37a9e,HEAD@4ad99fd37a9e,,graph/tcm-apis.md,,
S956,https://raw.githubusercontent.com/microsoftgraph/msgraph-metadata/b8cbef92f6959dca8150bf3edcc650863765e529/clean_v10_metadata/cleanMetadata.xml,raw-pin,github.com/microsoftgraph/msgraph-metadata,b8cbef92f6959dca8150bf3edcc650863765e529,clean_v10_metadata/cleanMetadata.xml,2026-09-25,200,OK,file identical at the pin and at HEAD@b8cbef92f695,HEAD@b8cbef92f695,,graph/tcm-apis.md,,
S957,https://raw.githubusercontent.com/microsoftgraph/msgraph-metadata/b8cbef92f6959dca8150bf3edcc650863765e529/clean_beta_metadata/cleanMetadata.xml,raw-pin,github.com/microsoftgraph/msgraph-metadata,b8cbef92f6959dca8150bf3edcc650863765e529,clean_beta_metadata/cleanMetadata.xml,2026-09-25,200,OK,file identical at the pin and at HEAD@b8cbef92f695,HEAD@b8cbef92f695,,graph/tcm-apis.md,,
S960,https://api.github.com/repos/open-telemetry/opentelemetry-collector-contrib/releases/latest,api-releases,github.com/open-telemetry/opentelemetry-collector-contrib,,,2026-09-25,,OK,recorded release v0.161.0 is still the newest of its series,release v0.161.0 newest,,logs/otel-collector-receivers.md,,
S961,https://raw.githubusercontent.com/open-telemetry/opentelemetry-collector-contrib/v0.161.0/receiver/filelogreceiver/README.md,raw-ref,github.com/open-telemetry/opentelemetry-collector-contrib,v0.161.0,receiver/filelogreceiver/README.md,2026-09-25,200,OK,tag v0.161.0 is the newest release of its series,tag v0.161.0 newest,,logs/otel-collector-receivers.md,,
S962,https://raw.githubusercontent.com/open-telemetry/opentelemetry-collector-contrib/v0.161.0/receiver/filelogreceiver/metadata.yaml,raw-ref,github.com/open-telemetry/opentelemetry-collector-contrib,v0.161.0,receiver/filelogreceiver/metadata.yaml,2026-09-25,200,OK,tag v0.161.0 is the newest release of its series,tag v0.161.0 newest,,logs/otel-collector-receivers.md,,
S963,https://raw.githubusercontent.com/open-telemetry/opentelemetry-collector-contrib/v0.161.0/receiver/windowseventlogreceiver/README.md,raw-ref,github.com/open-telemetry/opentelemetry-collector-contrib,v0.161.0,receiver/windowseventlogreceiver/README.md,2026-09-25,200,OK,tag v0.161.0 is the newest release of its series,tag v0.161.0 newest,,logs/otel-collector-receivers.md,,
S964,https://raw.githubusercontent.com/open-telemetry/opentelemetry-collector-contrib/v0.161.0/receiver/windowseventlogreceiver/metadata.yaml,raw-ref,github.com/open-telemetry/opentelemetry-collector-contrib,v0.161.0,receiver/windowseventlogreceiver/metadata.yaml,2026-09-25,200,OK,tag v0.161.0 is the newest release of its series,tag v0.161.0 newest,,logs/otel-collector-receivers.md,,
S1000,https://api.github.com/repos/getsops/sops,api-repo,github.com/getsops/sops,,,2026-09-25,,OK,recorded release v3.13.3 is still the newest of its series,release v3.13.3 newest,,auth/key-management-options.md;prior-art/projects.csv;prior-art/secret-vault-encryption.md;reuse/matrix.csv;reuse/secret-vault-encryption.md,,
S1001,https://api.github.com/repos/FiloSottile/age,api-repo,github.com/FiloSottile/age,,,2026-09-25,,OK,recorded release v1.3.2 is still the newest of its series,release v1.3.2 newest,,auth/key-management-options.md;prior-art/projects.csv;prior-art/secret-vault-encryption.md;reuse/matrix.csv;reuse/secret-vault-encryption.md,,
S1002,https://api.github.com/repos/hashicorp/vault,api-repo,github.com/hashicorp/vault,,,2026-09-25,,OK,recorded release v2.1.1 is still the newest of its series,release v2.1.1 newest,,prior-art/projects.csv;prior-art/secret-vault-encryption.md;reuse/matrix.csv;reuse/secret-vault-encryption.md,,
S1003,https://api.github.com/repos/pyca/cryptography,api-repo,github.com/pyca/cryptography,,,2026-09-25,,OK,recorded release 50.0.1 is still the newest of its series,release 50.0.1 newest,,auth/key-management-options.md;prior-art/projects.csv;prior-art/secret-vault-encryption.md;reuse/matrix.csv;reuse/secret-vault-encryption.md,,
S1004,https://api.github.com/repos/AGWA/git-crypt,api-repo,github.com/AGWA/git-crypt,,,2026-09-25,,OK,recorded release 0.8.0 is still the newest of its series,release 0.8.0 newest,,prior-art/projects.csv;prior-art/secret-vault-encryption.md;reuse/matrix.csv;reuse/secret-vault-encryption.md,,
S1005,https://api.github.com/repos/microsoft/presidio,api-repo,github.com/microsoft/presidio,,,2026-09-25,,OK,recorded release 2.2.364 is still the newest of its series,release 2.2.364 newest,,prior-art/projects.csv;prior-art/pseudonymization-tokenization.md;reuse/matrix.csv;reuse/pseudonymization-tokenization.md,,
S1006,https://api.github.com/repos/protectai/llm-guard,api-repo,github.com/protectai/llm-guard,,,2026-09-25,,OK,recorded release v0.3.16 is still the newest of its series,release v0.3.16 newest,,prior-art/projects.csv;prior-art/pseudonymization-tokenization.md;reuse/matrix.csv;reuse/pseudonymization-tokenization.md,,
S1007,https://api.github.com/repos/mysto/python-fpe,api-repo,github.com/mysto/python-fpe,,,2026-09-25,,OK,recorded release v1.0.2 is still the newest of its series,release v1.0.2 newest,,prior-art/projects.csv;prior-art/pseudonymization-tokenization.md;reuse/matrix.csv;reuse/pseudonymization-tokenization.md,,
S1008,https://api.github.com/repos/puppetlabs/puppet,api-repo,github.com/puppetlabs/puppet,,,2026-09-24,,NEWER-VERSION,newer than the recorded 7.34.0: 8.10.0,,newer=8.10.0,prior-art/drift-detection.md;prior-art/projects.csv;reuse/drift-detection.md;reuse/matrix.csv,,
S1009,https://api.github.com/repos/inspec/inspec,api-repo,github.com/inspec/inspec,,,2026-09-24,,NEWER-VERSION,"newer than the recorded v5.24.24: v7.2.2, v7.3.0, v7.3.1",,newer=v7.3.1,prior-art/drift-detection.md;prior-art/projects.csv;reuse/drift-detection.md;reuse/matrix.csv,,
S1010,https://api.github.com/repos/microsoft/Microsoft365DSC,api-repo,github.com/microsoft/Microsoft365DSC,,,2026-09-25,,OK,recorded release 1.26.909.1 is still the newest of its series,release 1.26.909.1 newest,,graph/microsoft365dsc.md;prior-art/drift-detection.md;prior-art/projects.csv;reuse/drift-detection.md;reuse/matrix.csv,,
S1011,https://api.github.com/repos/glpi-project/glpi,api-repo,github.com/glpi-project/glpi,,,2026-09-25,,OK,recorded release 11.0.9 is still the newest of its series,release 11.0.9 newest,,prior-art/device-identity-correlation.md;prior-art/projects.csv;reuse/device-identity-correlation.md;reuse/matrix.csv,,
S1012,https://api.github.com/repos/snipe/snipe-it,api-repo,github.com/snipe/snipe-it,,,2026-09-25,,OK,recorded release v8.7.2 is still the newest of its series,release v8.7.2 newest,,prior-art/device-identity-correlation.md;prior-art/projects.csv;reuse/device-identity-correlation.md;reuse/matrix.csv,,
S1013,https://api.github.com/repos/netbox-community/netbox,api-repo,github.com/netbox-community/netbox,,,2026-09-25,,OK,recorded release v4.7.1 is still the newest of its series,release v4.7.1 newest,,prior-art/device-identity-correlation.md;prior-art/projects.csv;reuse/device-identity-correlation.md;reuse/matrix.csv,,
S1014,https://api.github.com/repos/fleetdm/fleet,api-repo,github.com/fleetdm/fleet,,,2026-09-25,,NEWER-VERSION,newer than the recorded v4.92.0: v4.92.1,,newer=v4.92.1,prior-art/device-identity-correlation.md;prior-art/projects.csv;reuse/device-identity-correlation.md;reuse/matrix.csv,,
S1015,https://api.github.com/repos/rundeck/rundeck,api-repo,github.com/rundeck/rundeck,,,2026-09-25,,OK,recorded release v6.2.1 is still the newest of its series,release v6.2.1 newest,,prior-art/projects.csv;prior-art/tiered-approval-ops.md;reuse/matrix.csv;reuse/tiered-approval-ops.md,,
S1016,https://api.github.com/repos/StackStorm/st2,api-repo,github.com/StackStorm/st2,,,2026-09-25,,OK,recorded release v3.9.0 is still the newest of its series,release v3.9.0 newest,,prior-art/projects.csv;prior-art/tiered-approval-ops.md;reuse/matrix.csv;reuse/tiered-approval-ops.md,,
S1017,https://api.github.com/repos/gravitational/teleport,api-repo,github.com/gravitational/teleport,,,2026-09-24,,NEWER-VERSION,"newer than the recorded v18.10.0: v18.10.7, v18.11.0, v18.11.1",,newer=v18.11.1,prior-art/projects.csv;prior-art/tiered-approval-ops.md;reuse/matrix.csv;reuse/tiered-approval-ops.md,,
S1018,https://api.github.com/repos/ansible/awx,api-repo,github.com/ansible/awx,,,2026-09-25,,OK,recorded release 24.6.1 is still the newest of its series,release 24.6.1 newest,,prior-art/projects.csv;prior-art/tiered-approval-ops.md;reuse/matrix.csv;reuse/tiered-approval-ops.md,,
S1019,https://api.github.com/repos/microsoft/mcp,api-repo,github.com/microsoft/mcp,,,2026-09-24,,NEEDS-READING,repository metadata; no recorded release to compare (api.github.com is not called),,,prior-art/mcp-microsoft-endpoint-mgmt.md;prior-art/projects.csv;reuse/matrix.csv;reuse/mcp-microsoft-endpoint-mgmt.md,,
S1020,https://api.github.com/repos/open-telemetry/opentelemetry-collector,api-repo,github.com/open-telemetry/opentelemetry-collector,,,2026-09-25,,OK,recorded release v0.161.0 is still the newest of its series,release v0.161.0 newest,,prior-art/log-collection-normalization.md;prior-art/projects.csv;reuse/log-collection-normalization.md;reuse/matrix.csv,,
S1021,https://api.github.com/repos/fluent/fluent-bit,api-repo,github.com/fluent/fluent-bit,,,2026-09-25,,OK,recorded release v5.1.2 is still the newest of its series,release v5.1.2 newest,,prior-art/log-collection-normalization.md;prior-art/projects.csv;reuse/log-collection-normalization.md;reuse/matrix.csv,,
S1022,https://raw.githubusercontent.com/pydantic/pydantic-settings/f725ca187bee4212e9ef799eefa3cb25be788462/README.md,raw-pin,github.com/pydantic/pydantic-settings,f725ca187bee4212e9ef799eefa3cb25be788462,README.md,2026-09-25,200,OK,file identical at the pin and at HEAD@02cb9ae93994,HEAD@02cb9ae93994,,prior-art/layered-settings-resolution.md;prior-art/projects.csv;reuse/layered-settings-resolution.md;reuse/matrix.csv,,
S1023,https://raw.githubusercontent.com/dynaconf/dynaconf/3.3.5/README.md,raw-ref,github.com/dynaconf/dynaconf,3.3.5,README.md,2026-09-25,200,OK,tag 3.3.5 is the newest release of its series,tag 3.3.5 newest,,prior-art/layered-settings-resolution.md;prior-art/projects.csv;reuse/layered-settings-resolution.md;reuse/matrix.csv,,
S1102,https://raw.githubusercontent.com/hashicorp/vault/HEAD/LICENSE,raw-ref,github.com/hashicorp/vault,HEAD,LICENSE,2026-09-25,200,OK,no commit on HEAD touches it since 2026-09-25; HEAD@ae269540b773,HEAD@ae269540b773,,reuse/matrix.csv;reuse/secret-vault-encryption.md,,
S1103,https://raw.githubusercontent.com/pyca/cryptography/HEAD/LICENSE,raw-ref,github.com/pyca/cryptography,HEAD,LICENSE,2026-09-25,200,OK,no commit on HEAD touches it since 2026-09-25; HEAD@6a312bff6f5d,HEAD@6a312bff6f5d,,reuse/matrix.csv;reuse/secret-vault-encryption.md,,
S1104,https://raw.githubusercontent.com/inspec/inspec/HEAD/LICENSE,raw-ref,github.com/inspec/inspec,HEAD,LICENSE,2026-09-25,200,OK,no commit on HEAD touches it since 2026-09-25; HEAD@65330736ff5f,HEAD@65330736ff5f,,reuse/drift-detection.md;reuse/matrix.csv,,
S1105,https://raw.githubusercontent.com/fleetdm/fleet/HEAD/LICENSE,raw-ref,github.com/fleetdm/fleet,HEAD,LICENSE,2026-09-25,200,OK,no commit on HEAD touches it since 2026-09-25; HEAD@0bf0243ea2ab,HEAD@0bf0243ea2ab,,reuse/device-identity-correlation.md;reuse/matrix.csv,,
S1106,https://raw.githubusercontent.com/ansible/awx/devel/LICENSE.md,raw-ref,github.com/ansible/awx,devel,LICENSE.md,2026-09-25,200,OK,no commit on devel touches it since 2026-09-25; devel@cf3dd7d0299c,devel@cf3dd7d0299c,,reuse/matrix.csv;reuse/tiered-approval-ops.md,,
S1200,https://techcommunity.microsoft.com/blog/windows-itpro-blog/advancing-windows-security-disabling-ntlm-by-default/4489526,live,,,,2026-09-24,"error: [Errno 8] nodename nor servname provided, or not known",NEEDS-READING,"HTTP error: [Errno 8] nodename nor servname provided, or not known",,,arch/workload-identity-onprem-k8s.md;auth/kerberos.md;auth/ntlm-deprecation.md,,
S1201,https://learn.microsoft.com/en-us/windows-server/identity/ad-ds/ldap-signing,learn,github.com/MicrosoftDocs/windowsserverdocs,,WindowsServerDocs/identity/ad-ds/ldap-signing,2026-09-25,,OK,source file WindowsServerDocs/identity/ad-ds/ldap-signing.md has no commit since 2026-09-25 (HEAD 62d7b049a49a),git_commit_id 62d7b049a49a,,auth/flows.csv;auth/flows.md;auth/ldap-smb-signing.md;auth/transport-crypto.md,,
S1202,https://learn.microsoft.com/en-us/windows-server/storage/file-server/smb-signing,learn,github.com/MicrosoftDocs/windowsserverdocs,,WindowsServerDocs/storage/file-server/smb-signing,2026-09-25,,OK,source file WindowsServerDocs/storage/file-server/smb-signing.md has no commit since 2026-09-25 (HEAD 62d7b049a49a),git_commit_id 62d7b049a49a,,auth/flows.csv;auth/flows.md;auth/ldap-smb-signing.md;auth/permissions-matrix.csv;auth/transport-crypto.md,,
S1203,https://techcommunity.microsoft.com/blog/filecab/smb-security-hardening-in-windows-server-2025--windows-11/4226591,live,,,,2026-09-24,"error: [Errno 8] nodename nor servname provided, or not known",NEEDS-READING,"HTTP error: [Errno 8] nodename nor servname provided, or not known",,,auth/flows.csv;auth/ldap-smb-signing.md;auth/permissions-matrix.csv;auth/transport-crypto.md,,
S1204,https://learn.microsoft.com/en-us/windows-server/identity/ad-ds/manage/delegated-managed-service-accounts/delegated-managed-service-accounts-overview,learn,github.com/MicrosoftDocs/windowsserverdocs,,WindowsServerDocs/identity/ad-ds/manage/delegated-managed-service-accounts/delegated-managed-service-accounts-overview,2026-09-25,,OK,source file WindowsServerDocs/identity/ad-ds/manage/delegated-managed-service-accounts/delegated-managed-service-accounts-overview.md has no commit since 2026-09-25 (HEAD 62d7b049a49a),git_commit_id 62d7b049a49a,,auth/gmsa-dmsa.md,,
S1205,https://learn.microsoft.com/en-us/windows-server/security/credentials-protection-and-management/protected-users-security-group,learn,github.com/MicrosoftDocs/windowsserverdocs,,WindowsServerDocs/security/credentials-protection-and-management/protected-users-security-group,2026-09-25,,OK,source file WindowsServerDocs/security/credentials-protection-and-management/protected-users-security-group.md has no commit since 2026-09-25 (HEAD 62d7b049a49a),git_commit_id 62d7b049a49a,,auth/delegation-kcd-obo.md;auth/flows.csv;auth/flows.md;auth/kerberos.md,,
S1206,https://learn.microsoft.com/en-us/sql/sql-server/azure-arc/microsoft-entra-authentication-with-managed-identity?view=sql-server-ver17,learn,github.com/MicrosoftDocs/sql-docs,,docs/sql-server/azure-arc/microsoft-entra-authentication-with-managed-identity,2026-09-25,,OK,source file docs/sql-server/azure-arc/microsoft-entra-authentication-with-managed-identity.md has no commit since 2026-09-25 (HEAD 2e21fb07c211),git_commit_id 2e21fb07c211,,arch/sql-auth-containers.md;arch/workload-identity-onprem-k8s.md;auth/flows.csv;auth/sql-authz.md,,
S1207,https://learn.microsoft.com/en-us/sql/relational-databases/security/authentication-access/azure-ad-authentication-sql-server-overview?view=sql-server-ver17,learn,github.com/MicrosoftDocs/sql-docs,,docs/relational-databases/security/authentication-access/azure-ad-authentication-sql-server-overview,2026-09-25,,OK,source file docs/relational-databases/security/authentication-access/azure-ad-authentication-sql-server-overview.md has no commit since 2026-09-25 (HEAD 2e21fb07c211),git_commit_id 2e21fb07c211,,arch/sql-auth-containers.md;arch/workload-identity-onprem-k8s.md;auth/flows.csv;auth/sql-authz.md,,
S1208,https://ldap3.readthedocs.io/en/latest/bind.html,live,,,,2026-09-24,200,NEEDS-READING,"HTTP 200, no last-updated date",,,auth/flows.csv;auth/flows.md;auth/ldap-smb-signing.md,,
S1209,https://github.com/cannatag/ldap3/issues/669,gh-page,,,,2026-09-24,,NEEDS-READING,"a github.com page (issues, wiki, home) or API call; read it",,github page,auth/flows.csv;auth/ldap-smb-signing.md,,
S1210,https://learn.microsoft.com/en-us/security/privileged-access-workstations/privileged-access-access-model,learn,,,,2026-09-24,200,NEEDS-READING,a Learn page without a public source repo; read it (microsoft_docs_fetch),,learn,auth/configmgr-rbac-auth.md;auth/enterprise-access-model.md,,
S1211,https://learn.microsoft.com/en-us/microsoft-identity-manager/pam/privileged-identity-management-for-active-directory-domain-services,learn,,,,2026-09-24,200,NEEDS-READING,a Learn page without a public source repo; read it (microsoft_docs_fetch),,learn,auth/ad-jit-membership.md,,
S1212,https://learn.microsoft.com/en-us/troubleshoot/mem/configmgr/setup-migrate-backup-recovery/enable-mfa-for-sms-provider-calls,learn,,,,2026-09-24,200,NEEDS-READING,a Learn page without a public source repo; read it (microsoft_docs_fetch),,learn,auth/configmgr-rbac-auth.md;auth/enterprise-access-model.md;auth/flows.csv,,
S1213,https://forums.prajwaldesai.com/threads/cm-2509-adminservice-now-rejects-ntlm-authentication.10235/,live,,,,2026-09-24,200,OK,"sitemap lastmod 2026-01-19, not after retrieval 2026-09-24",sitemap lastmod 2026-01-19,,auth/configmgr-rbac-auth.md;auth/flows.csv;auth/kerberos.md,,
S1214,https://learn.microsoft.com/en-us/windows-server/get-started/removed-deprecated-features-windows-server-2025,learn,github.com/MicrosoftDocs/windowsserverdocs,,WindowsServerDocs/get-started/removed-deprecated-features-windows-server-2025,2026-09-24,,NEEDS-READING,no source file for the page in github.com/MicrosoftDocs/windowsserverdocs,,learn,auth/kerberos.md;auth/ntlm-deprecation.md,,
S1215,https://support.microsoft.com/en-us/servicing/os/windows/2025/11/how-to-manage-kerberos-kdc-usage-of-rc4-for-service-account-ticket-issuance-changes-related-to-cve-2,live,,,,2026-09-24,200,NEEDS-READING,"HTTP 200, no last-updated date",,,auth/flows.csv;auth/flows.md;auth/kerberos.md;auth/ntlm-deprecation.md,,
S1216,https://www.microsoft.com/en-us/windows-server/blog/2025/12/03/beyond-rc4-for-windows-authentication/,live,,,,2026-09-25,200,OK,"page date 2026-06-24, not after retrieval 2026-09-25",page date 2026-06-24,,auth/flows.csv;auth/kerberos.md;auth/ntlm-deprecation.md;auth/transport-crypto.md,,
S1217,https://techcommunity.microsoft.com/blog/askds/what-is-going-on-with-rc4-in-kerberos/4489365,live,,,,2026-09-24,"error: [Errno 8] nodename nor servname provided, or not known",NEEDS-READING,"HTTP error: [Errno 8] nodename nor servname provided, or not known",,,auth/kerberos.md;auth/ntlm-deprecation.md,,
S1218,https://learn.microsoft.com/en-us/intune/configmgr/core/understand/fundamentals-of-role-based-administration,learn,,,,2026-09-24,200,NEEDS-READING,a Learn page without a public source repo; read it (microsoft_docs_fetch),,learn,auth/configmgr-rbac-auth.md,,
S1219,https://learn.microsoft.com/en-us/windows-server/identity/whats-new-active-directory-domain-services,learn,github.com/MicrosoftDocs/windowsserverdocs,,WindowsServerDocs/identity/whats-new-active-directory-domain-services,2026-09-24,,NEEDS-READING,no source file for the page in github.com/MicrosoftDocs/windowsserverdocs,,learn,auth/ad-jit-membership.md,,
S1220,https://www.python-ldap.org/en/python-ldap-3.3.0/reference/ldap-sasl.html,live,,,,2026-09-24,200,NEEDS-READING,"HTTP 200, no last-updated date",,,auth/ldap-smb-signing.md,,
S1221,https://learn.microsoft.com/en-us/windows/win32/adsi/binding-with-encryption,learn,,,,2026-09-24,200,NEEDS-READING,a Learn page without a public source repo; read it (microsoft_docs_fetch),,learn,auth/flows.csv;auth/ldap-smb-signing.md,,
S1222,https://learn.microsoft.com/en-us/windows/win32/secauthn/tls-cipher-suites-in-windows-server-2025,learn,,,,2026-09-24,200,NEEDS-READING,a Learn page without a public source repo; read it (microsoft_docs_fetch),,learn,auth/transport-crypto.md,,
S1223,https://learn.microsoft.com/en-us/entra/msal/dotnet/advanced/proof-of-possession-tokens,learn,github.com/MicrosoftDocs/entra-docs,,docs/msal/dotnet/advanced/proof-of-possession-tokens,2026-09-24,,NEEDS-READING,no source file for the page in github.com/MicrosoftDocs/entra-docs,,learn,auth/transport-crypto.md,,
S1224,https://support.microsoft.com/en-us/topic/kb5014754-certificate-based-authentication-changes-on-windows-domain-controllers-ad2c23b0-15d8-4340-a468-4d4f3b188f16,live,,,,2026-09-24,200,NEEDS-READING,"HTTP 200, no last-updated date; redirected to https://support.microsoft.com/en-us/servicing/os/windows-server/2022/05/kb5014754-certificate-based-authentication-changes-on-windows-domain-controllers",,,auth/enterprise-access-model.md;intune/certificates-pki.md,,
S1225,https://learn.microsoft.com/en-us/security/privileged-access-workstations/privileged-access-devices,learn,,,,2026-09-24,200,NEEDS-READING,a Learn page without a public source repo; read it (microsoft_docs_fetch),,learn,auth/enterprise-access-model.md,,
S1226,https://learn.microsoft.com/en-us/windows-server/identity/laps/laps-overview,learn,github.com/MicrosoftDocs/windowsserverdocs,,WindowsServerDocs/identity/laps/laps-overview,2026-09-25,,OK,source file WindowsServerDocs/identity/laps/laps-overview.md has no commit since 2026-09-25 (HEAD 62d7b049a49a),git_commit_id 62d7b049a49a,,auth/enterprise-access-model.md;windows/laps.md,,
S1227,https://learn.microsoft.com/en-us/entra/identity/conditional-access/concept-token-protection,learn,github.com/MicrosoftDocs/entra-docs,,docs/identity/conditional-access/concept-token-protection,2026-09-25,,OK,source file docs/identity/conditional-access/concept-token-protection.md has no commit since 2026-09-25 (HEAD 902ee3bc2c29),git_commit_id 902ee3bc2c29,,auth/flows.csv;auth/msal-public-client.md;auth/token-lifetimes-cae.md;auth/transport-crypto.md,,
S1228,https://raw.githubusercontent.com/MicrosoftDocs/windowsserverdocs/16dafaddc757fb0b4ad7e5f8da33fbfc888fbcd4/WindowsServerDocs/storage/file-server/smb-security-hardening.md,raw-pin,github.com/MicrosoftDocs/windowsserverdocs,16dafaddc757fb0b4ad7e5f8da33fbfc888fbcd4,WindowsServerDocs/storage/file-server/smb-security-hardening.md,2026-09-25,200,OK,file identical at the pin and at HEAD@62d7b049a49a,HEAD@62d7b049a49a,,auth/flows.md;auth/ldap-smb-signing.md,,
S1270,https://learn.microsoft.com/en-us/entra/msal/python/advanced/wam,learn,github.com/MicrosoftDocs/entra-docs,,docs/msal/python/advanced/wam,2026-09-24,,NEEDS-READING,no source file for the page in github.com/MicrosoftDocs/entra-docs,,learn,auth/flows.csv;auth/flows.md;auth/msal-public-client.md,,
S1271,https://learn.microsoft.com/en-us/entra/identity-platform/scenario-desktop-acquire-token-wam,learn,github.com/MicrosoftDocs/entra-docs,,docs/identity-platform/scenario-desktop-acquire-token-wam,2026-09-25,,OK,source file docs/identity-platform/scenario-desktop-acquire-token-wam.md has no commit since 2026-09-25 (HEAD 902ee3bc2c29),git_commit_id 902ee3bc2c29,,auth/flows.csv;auth/msal-public-client.md,,
S1272,https://learn.microsoft.com/en-us/entra/identity/conditional-access/concept-authentication-flows,learn,github.com/MicrosoftDocs/entra-docs,,docs/identity/conditional-access/concept-authentication-flows,2026-09-25,,OK,source file docs/identity/conditional-access/concept-authentication-flows.md has no commit since 2026-09-25 (HEAD 902ee3bc2c29),git_commit_id 902ee3bc2c29,,auth/msal-public-client.md,,
S1273,https://learn.microsoft.com/en-us/entra/identity/conditional-access/policy-block-authentication-flows,learn,github.com/MicrosoftDocs/entra-docs,,docs/identity/conditional-access/policy-block-authentication-flows,2026-09-25,,OK,source file docs/identity/conditional-access/policy-block-authentication-flows.md has no commit since 2026-09-25 (HEAD 902ee3bc2c29),git_commit_id 902ee3bc2c29,,auth/msal-public-client.md,,
S1274,https://learn.microsoft.com/en-us/entra/identity/conditional-access/deployment-guide-token-protection-windows,learn,github.com/MicrosoftDocs/entra-docs,,docs/identity/conditional-access/deployment-guide-token-protection-windows,2026-09-25,,OK,source file docs/identity/conditional-access/deployment-guide-token-protection-windows.md has no commit since 2026-09-25 (HEAD 902ee3bc2c29),git_commit_id 902ee3bc2c29,,auth/msal-public-client.md,,
S1276,https://docs.gitlab.com/ci/cloud_services/,live,,,,2026-09-24,200,NEEDS-READING,"HTTP 200, no last-updated date",,,auth/flows.csv;auth/flows.md;auth/gitlab-ci-identity.md;auth/workload-identity.md,,
S1277,https://docs.gitlab.com/ci/secrets/id_token_authentication/,live,,,,2026-09-24,200,NEEDS-READING,"HTTP 200, no last-updated date",,,auth/gitlab-ci-identity.md,,
S1278,https://learn.microsoft.com/en-us/entra/workload-id/workload-identities-federated-credential-mutable-subjects,learn,github.com/MicrosoftDocs/entra-docs,,docs/workload-id/workload-identities-federated-credential-mutable-subjects,2026-09-25,,OK,source file docs/workload-id/workload-identities-federated-credential-mutable-subjects.md has no commit since 2026-09-25 (HEAD 902ee3bc2c29),git_commit_id 902ee3bc2c29,,auth/workload-identity.md,,
S1279,https://learn.microsoft.com/en-us/entra/identity/hybrid/connect/how-to-connect-sync-feature-scheduler,learn,github.com/MicrosoftDocs/entra-docs,,docs/identity/hybrid/connect/how-to-connect-sync-feature-scheduler,2026-09-25,,OK,source file docs/identity/hybrid/connect/how-to-connect-sync-feature-scheduler.md has no commit since 2026-09-25 (HEAD 902ee3bc2c29),git_commit_id 902ee3bc2c29,,auth/entra-intune-rbac.md,,
S1280,https://learn.microsoft.com/en-us/entra/identity/hybrid/cloud-sync/reference-cloud-sync-faq,learn,github.com/MicrosoftDocs/entra-docs,,docs/identity/hybrid/cloud-sync/reference-cloud-sync-faq,2026-09-25,,OK,source file docs/identity/hybrid/cloud-sync/reference-cloud-sync-faq.yml has no commit since 2026-09-25 (HEAD 902ee3bc2c29),git_commit_id 902ee3bc2c29,,auth/entra-intune-rbac.md,,
S1281,https://learn.microsoft.com/en-us/entra/identity/hybrid/group-writeback-cloud-sync,learn,github.com/MicrosoftDocs/entra-docs,,docs/identity/hybrid/group-writeback-cloud-sync,2026-09-25,,OK,source file docs/identity/hybrid/group-writeback-cloud-sync.md has no commit since 2026-09-25 (HEAD 902ee3bc2c29),git_commit_id 902ee3bc2c29,,auth/entra-intune-rbac.md,,
S1282,https://learn.microsoft.com/en-us/entra/id-governance/privileged-identity-management/groups-activate-roles,learn,github.com/MicrosoftDocs/entra-docs,,docs/id-governance/privileged-identity-management/groups-activate-roles,2026-09-25,,OK,source file docs/id-governance/privileged-identity-management/groups-activate-roles.md has no commit since 2026-09-25 (HEAD 902ee3bc2c29),git_commit_id 902ee3bc2c29,,agents/agent-rbac.md;auth/entra-intune-rbac.md,,
S1283,https://learn.microsoft.com/en-us/entra/id-governance/privileged-identity-management/groups-role-settings,learn,github.com/MicrosoftDocs/entra-docs,,docs/id-governance/privileged-identity-management/groups-role-settings,2026-09-25,,OK,source file docs/id-governance/privileged-identity-management/groups-role-settings.md has no commit since 2026-09-25 (HEAD 902ee3bc2c29),git_commit_id 902ee3bc2c29,,auth/entra-intune-rbac.md,,
S1284,https://learn.microsoft.com/en-us/entra/identity/hybrid/connect/how-to-connect-fed-group-claims,learn,github.com/MicrosoftDocs/entra-docs,,docs/identity/hybrid/connect/how-to-connect-fed-group-claims,2026-09-25,,OK,source file docs/identity/hybrid/connect/how-to-connect-fed-group-claims.md has no commit since 2026-09-25 (HEAD 902ee3bc2c29),git_commit_id 902ee3bc2c29,,auth/group-claims.md,,
S1285,https://learn.microsoft.com/en-us/security/zero-trust/develop/configure-tokens-group-claims-app-roles,learn,,,,2026-09-24,200,NEEDS-READING,a Learn page without a public source repo; read it (microsoft_docs_fetch),,learn,auth/group-claims.md,,
S1286,https://learn.microsoft.com/en-us/graph/api/directoryobject-checkmembergroups?view=graph-rest-1.0,learn,github.com/microsoftgraph/microsoft-graph-docs-contrib,,api-reference/v1.0/api/directoryobject-checkmembergroups,2026-09-25,,OK,source file api-reference/v1.0/api/directoryobject-checkmembergroups.md has no commit since 2026-09-25 (HEAD 4ad99fd37a9e),git_commit_id 4ad99fd37a9e,,auth/flows.csv;auth/flows.md;auth/permissions-matrix.csv;auth/role-source-options.md,,
S1287,https://learn.microsoft.com/en-us/graph/api/directoryobject-getmembergroups?view=graph-rest-1.0,learn,github.com/microsoftgraph/microsoft-graph-docs-contrib,,api-reference/v1.0/api/directoryobject-getmembergroups,2026-09-25,,OK,source file api-reference/v1.0/api/directoryobject-getmembergroups.md has no commit since 2026-09-25 (HEAD 4ad99fd37a9e),git_commit_id 4ad99fd37a9e,,auth/role-source-options.md,,
S1289,https://learn.microsoft.com/en-us/azure/azure-arc/servers/cloud-native/identity-access,learn,,,,2026-09-24,200,NEEDS-READING,a Learn page without a public source repo; read it (microsoft_docs_fetch),,learn,auth/flows.csv;auth/flows.md;auth/workload-identity.md,,
S1290,https://learn.microsoft.com/en-us/azure/azure-arc/servers/managed-identity-authentication,learn,,,,2026-09-24,200,NEEDS-READING,a Learn page without a public source repo; read it (microsoft_docs_fetch),,learn,auth/flows.csv;auth/workload-identity.md,,
S1291,https://learn.microsoft.com/en-us/entra/architecture/resilience-with-continuous-access-evaluation,learn,github.com/MicrosoftDocs/entra-docs,,docs/architecture/resilience-with-continuous-access-evaluation,2026-09-25,,OK,source file docs/architecture/resilience-with-continuous-access-evaluation.md has no commit since 2026-09-25 (HEAD 902ee3bc2c29),git_commit_id 902ee3bc2c29,,auth/token-lifetimes-cae.md,,
S1292,https://learn.microsoft.com/en-us/entra/identity/conditional-access/concept-continuous-access-evaluation,learn,github.com/MicrosoftDocs/entra-docs,,docs/identity/conditional-access/concept-continuous-access-evaluation,2026-09-25,,OK,source file docs/identity/conditional-access/concept-continuous-access-evaluation.md has no commit since 2026-09-25 (HEAD 902ee3bc2c29),git_commit_id 902ee3bc2c29,,auth/token-lifetimes-cae.md,,
S1293,https://learn.microsoft.com/en-us/entra/workload-id/workload-identity-federation-considerations,learn,github.com/MicrosoftDocs/entra-docs,,docs/workload-id/workload-identity-federation-considerations,2026-09-25,,OK,source file docs/workload-id/workload-identity-federation-considerations.md has no commit since 2026-09-25 (HEAD 902ee3bc2c29),git_commit_id 902ee3bc2c29,,arch/workload-identity-onprem-k8s.md;auth/flows.csv;auth/flows.md;auth/workload-identity.md,,
S1294,https://learn.microsoft.com/en-us/entra/workload-id/workload-identities-flexible-federated-identity-credentials,learn,github.com/MicrosoftDocs/entra-docs,,docs/workload-id/workload-identities-flexible-federated-identity-credentials,2026-09-25,,OK,source file docs/workload-id/workload-identities-flexible-federated-identity-credentials.md has no commit since 2026-09-25 (HEAD 902ee3bc2c29),git_commit_id 902ee3bc2c29,,auth/flows.csv;auth/workload-identity.md,,
S1296,https://learn.microsoft.com/en-us/entra/identity-platform/app-resilience-continuous-access-evaluation,learn,github.com/MicrosoftDocs/entra-docs,,docs/identity-platform/app-resilience-continuous-access-evaluation,2026-09-25,,OK,source file docs/identity-platform/app-resilience-continuous-access-evaluation.md has no commit since 2026-09-25 (HEAD 902ee3bc2c29),git_commit_id 902ee3bc2c29,,auth/flows.csv;auth/msal-public-client.md;auth/workload-identity.md,,
S1297,https://learn.microsoft.com/en-us/entra/identity-platform/v2-oauth2-on-behalf-of-flow,learn,github.com/MicrosoftDocs/entra-docs,,docs/identity-platform/v2-oauth2-on-behalf-of-flow,2026-09-25,,OK,source file docs/identity-platform/v2-oauth2-on-behalf-of-flow.md has no commit since 2026-09-25 (HEAD 902ee3bc2c29),git_commit_id 902ee3bc2c29,,agents/agent-rbac.md;agents/api-tokens-issue-and-store.md;agents/api-tokens.csv;auth/delegation-kcd-obo.md;auth/flows.csv;auth/flows.md,,
S1298,https://learn.microsoft.com/en-us/windows-server/security/kerberos/kerberos-constrained-delegation-overview,learn,github.com/MicrosoftDocs/windowsserverdocs,,WindowsServerDocs/security/kerberos/kerberos-constrained-delegation-overview,2026-09-25,,OK,source file WindowsServerDocs/security/kerberos/kerberos-constrained-delegation-overview.md has no commit since 2026-09-25 (HEAD 62d7b049a49a),git_commit_id 62d7b049a49a,,auth/delegation-kcd-obo.md;auth/flows.csv;auth/flows.md;windows/powershell-remoting-jea.md,,
S1299,https://learn.microsoft.com/en-us/entra/identity/app-proxy/how-to-configure-sso-with-kcd,learn,github.com/MicrosoftDocs/entra-docs,,docs/identity/app-proxy/how-to-configure-sso-with-kcd,2026-09-25,,OK,source file docs/identity/app-proxy/how-to-configure-sso-with-kcd.md has no commit since 2026-09-25 (HEAD 902ee3bc2c29),git_commit_id 902ee3bc2c29,,auth/delegation-kcd-obo.md,,
S1300,https://bex.co/blog/2026/07/09/mcp-enterprise-managed-authorization-id-jag,live,,,,2026-09-24,200,NEEDS-READING,"HTTP 200, no last-updated date",,,auth/delegation-kcd-obo.md;auth/flows.csv,,
S1301,https://learn.microsoft.com/en-us/microsoftteams/platform/bots/how-to/authentication/bot-sso-overview,learn,,,,2026-09-24,200,NEEDS-READING,a Learn page without a public source repo; read it (microsoft_docs_fetch),,learn,auth/delegation-kcd-obo.md;auth/flows.csv,,
S1302,https://raw.githubusercontent.com/MicrosoftDocs/entra-docs/d75a90ea1b07d0d2007cfab256c1ad02653d1e35/docs/workload-id/workload-identity-federation-create-trust.md,raw-pin,github.com/MicrosoftDocs/entra-docs,d75a90ea1b07d0d2007cfab256c1ad02653d1e35,docs/workload-id/workload-identity-federation-create-trust.md,2026-09-25,200,OK,file identical at the pin and at HEAD@902ee3bc2c29,HEAD@902ee3bc2c29,,auth/flows.csv;auth/flows.md;auth/workload-identity.md,,
S1303,https://msal-python.readthedocs.io/en/latest/,live,,,,2026-09-24,200,OK,"sitemap lastmod 2026-09-24, not after retrieval 2026-09-24",sitemap lastmod 2026-09-24,,auth/flows.csv;auth/workload-identity.md,,
S1304,https://learn.microsoft.com/en-us/entra/identity-platform/howto-configure-app-instance-property-locks,learn,github.com/MicrosoftDocs/entra-docs,,docs/identity-platform/howto-configure-app-instance-property-locks,2026-09-25,,OK,source file docs/identity-platform/howto-configure-app-instance-property-locks.md has no commit since 2026-09-25 (HEAD 902ee3bc2c29),git_commit_id 902ee3bc2c29,,auth/workload-identity.md,,
S1305,https://learn.microsoft.com/en-us/entra/identity/conditional-access/workload-identity,learn,github.com/MicrosoftDocs/entra-docs,,docs/identity/conditional-access/workload-identity,2026-09-25,,OK,source file docs/identity/conditional-access/workload-identity.md has no commit since 2026-09-25 (HEAD 902ee3bc2c29),git_commit_id 902ee3bc2c29,,auth/workload-identity.md,,
S1306,https://learn.microsoft.com/en-us/entra/identity/conditional-access/concept-continuous-access-evaluation-workload,learn,github.com/MicrosoftDocs/entra-docs,,docs/identity/conditional-access/concept-continuous-access-evaluation-workload,2026-09-25,,OK,source file docs/identity/conditional-access/concept-continuous-access-evaluation-workload.md has no commit since 2026-09-25 (HEAD 902ee3bc2c29),git_commit_id 902ee3bc2c29,,auth/flows.csv;auth/propagation-latency.md;auth/revocation.md;auth/workload-identity.md,,
S1307,https://learn.microsoft.com/en-us/azure/azure-arc/servers/cloud-native/licensing-cost-management,learn,,,,2026-09-24,200,NEEDS-READING,a Learn page without a public source repo; read it (microsoft_docs_fetch),,learn,auth/workload-identity.md,,
S1308,https://learn.microsoft.com/en-us/entra/identity/managed-identities-azure-resources/assign-app-role-managed-identity-powershell,learn,github.com/MicrosoftDocs/entra-docs,,docs/identity/managed-identities-azure-resources/assign-app-role-managed-identity-powershell,2026-09-25,,OK,source file docs/identity/managed-identities-azure-resources/assign-app-role-managed-identity-powershell.md has no commit since 2026-09-25 (HEAD 902ee3bc2c29),git_commit_id 902ee3bc2c29,,auth/workload-identity.md,,
S1309,https://learn.microsoft.com/en-us/powershell/module/microsoft.graph.applications/new-mgserviceprincipalapproleassignment,learn,,,,2026-09-24,200,NEEDS-READING,a Learn page without a public source repo; read it (microsoft_docs_fetch),,learn,auth/workload-identity.md,,
S1310,https://raw.githubusercontent.com/MicrosoftDocs/entra-docs/11fe090a889359779935d9f4354d8d8d40b39b63/docs/identity/enterprise-apps/assign-user-or-group-access-portal.md,raw-pin,github.com/MicrosoftDocs/entra-docs,11fe090a889359779935d9f4354d8d8d40b39b63,docs/identity/enterprise-apps/assign-user-or-group-access-portal.md,2026-09-25,200,OK,file identical at the pin and at HEAD@902ee3bc2c29,HEAD@902ee3bc2c29,,auth/group-claims.md;auth/role-source-options.md,,
S1340,https://raw.githubusercontent.com/MicrosoftDocs/sql-docs/5445f5876ca0652a6e9c143bfb4311a6fd4b3af6/docs/connect/odbc/using-always-encrypted-with-the-odbc-driver.md,raw-pin,github.com/MicrosoftDocs/sql-docs,5445f5876ca0652a6e9c143bfb4311a6fd4b3af6,docs/connect/odbc/using-always-encrypted-with-the-odbc-driver.md,2026-09-25,200,OK,file identical at the pin and at HEAD@2e21fb07c211,HEAD@2e21fb07c211,,auth/key-management-options.md,,
S1341,https://raw.githubusercontent.com/MicrosoftDocs/sql-docs/2b1560ace793f3b5b44b879c6d0b915584c1e5e2/docs/relational-databases/security/encryption/create-and-store-column-master-keys-always-encrypted.md,raw-pin,github.com/MicrosoftDocs/sql-docs,2b1560ace793f3b5b44b879c6d0b915584c1e5e2,docs/relational-databases/security/encryption/create-and-store-column-master-keys-always-encrypted.md,2026-09-25,200,OK,file identical at the pin and at HEAD@2e21fb07c211,HEAD@2e21fb07c211,,auth/key-management-options.md,,
S1342,https://raw.githubusercontent.com/MicrosoftDocs/win32/4db9e6236568a99b005b2436d510b7a78941712d/desktop-src/SecCNG/protection-descriptors.md,raw-pin,github.com/MicrosoftDocs/win32,4db9e6236568a99b005b2436d510b7a78941712d,desktop-src/SecCNG/protection-descriptors.md,2026-09-25,200,OK,file identical at the pin and at HEAD@e103fa4e8810,HEAD@e103fa4e8810,,auth/key-management-options.md,,
S1343,https://raw.githubusercontent.com/MicrosoftDocs/win32/2fd25eb0d185d553258bfc624fc10babe7bdf1ce/desktop-src/SecCNG/cng-dpapi-constants.md,raw-pin,github.com/MicrosoftDocs/win32,2fd25eb0d185d553258bfc624fc10babe7bdf1ce,desktop-src/SecCNG/cng-dpapi-constants.md,2026-09-25,200,OK,file identical at the pin and at HEAD@e103fa4e8810,HEAD@e103fa4e8810,,auth/key-management-options.md,,
S1344,https://learn.microsoft.com/en-us/windows/security/threat-protection/security-policy-settings/maximum-lifetime-for-user-ticket,learn,,,,2026-09-24,200,NEEDS-READING,a Learn page without a public source repo; read it (microsoft_docs_fetch),,learn,auth/key-management-options.md;auth/propagation-latency.csv;auth/propagation-latency.md;auth/revocation.md,,
S1345,https://raw.githubusercontent.com/MicrosoftDocs/entra-docs/1465c228c0a527667cfe05a966584c3d51a5e588/docs/identity/users/users-revoke-access.md,raw-pin,github.com/MicrosoftDocs/entra-docs,1465c228c0a527667cfe05a966584c3d51a5e588,docs/identity/users/users-revoke-access.md,2026-09-25,200,OK,file identical at the pin and at HEAD@902ee3bc2c29,HEAD@902ee3bc2c29,,auth/flows.csv;auth/flows.md;auth/revocation.md,,
S1346,https://raw.githubusercontent.com/MicrosoftDocs/entra-docs/89033f49670b05030f05cd9a57e7372c33fbecb4/docs/identity/hybrid/connect/how-to-connect-sync-feature-scheduler.md,raw-pin,github.com/MicrosoftDocs/entra-docs,89033f49670b05030f05cd9a57e7372c33fbecb4,docs/identity/hybrid/connect/how-to-connect-sync-feature-scheduler.md,2026-09-25,200,OK,file identical at the pin and at HEAD@902ee3bc2c29,HEAD@902ee3bc2c29,,auth/propagation-latency.csv;auth/propagation-latency.md,,
S1347,https://raw.githubusercontent.com/MicrosoftDocs/entra-docs/0ec2a02b41a25a00c5098b7c3084645782ce54fe/docs/identity/conditional-access/concept-continuous-access-evaluation.md,raw-pin,github.com/MicrosoftDocs/entra-docs,0ec2a02b41a25a00c5098b7c3084645782ce54fe,docs/identity/conditional-access/concept-continuous-access-evaluation.md,2026-09-25,200,OK,file identical at the pin and at HEAD@902ee3bc2c29,HEAD@902ee3bc2c29,,auth/audit-events.md;auth/flows.csv;auth/flows.md;auth/propagation-latency.csv;auth/propagation-latency.md;auth/revocation.md;auth/threats.csv;auth/threats.md,,
S1348,https://learn.microsoft.com/en-us/graph/api/user-revokesigninsessions?view=graph-rest-1.0,learn,github.com/microsoftgraph/microsoft-graph-docs-contrib,,api-reference/v1.0/api/user-revokesigninsessions,2026-09-25,,OK,source file api-reference/v1.0/api/user-revokesigninsessions.md has no commit since 2026-09-25 (HEAD 4ad99fd37a9e),git_commit_id 4ad99fd37a9e,,auth/revocation.md,,
S1349,https://github.com/jborean93/dpapi-ng,gh-page,,,,2026-09-24,,NEEDS-READING,"a github.com page (issues, wiki, home) or API call; read it",,github page,auth/key-management-options.md,,
S1350,https://raw.githubusercontent.com/microsoft/mssql-python/d89598b31a153cf3a6adee778cdb9c9267e54520/ROADMAP.md,raw-pin,github.com/microsoft/mssql-python,d89598b31a153cf3a6adee778cdb9c9267e54520,ROADMAP.md,2026-09-25,200,OK,file identical at the pin and at HEAD@d849a09119c8,HEAD@d849a09119c8,,auth/key-management-options.md,,
S1351,https://learn.microsoft.com/en-us/sql/connect/python/mssql-python/python-sql-driver-mssql-python?view=sql-server-ver17,learn,github.com/MicrosoftDocs/sql-docs,,docs/connect/python/mssql-python/python-sql-driver-mssql-python,2026-09-25,,OK,source file docs/connect/python/mssql-python/python-sql-driver-mssql-python.md has no commit since 2026-09-25 (HEAD 2e21fb07c211),git_commit_id 2e21fb07c211,,auth/key-management-options.md,,
S1352,https://support.microsoft.com/en-us/topic/overview-of-ntlm-auditing-enhancements-in-windows-11-version-24h2-and-windows-server-2025-b7ead732-6fc5-46a3-a943-27a4571d9e7b,live,,,,2026-09-24,200,NEEDS-READING,"HTTP 200, no last-updated date; redirected to https://support.microsoft.com/en-us/servicing/os/windows/2025/07/overview-of-ntlm-auditing-enhancements-in-windows-11-version-24h2-and-windows-server-2025",,,auth/threats.csv;auth/threats.md,,
S1353,https://www.microsoft.com/en-us/msrc/blog/2024/12/mitigating-ntlm-relay-attacks-by-default,live,,,,2026-09-25,200,NEEDS-READING,"HTTP 200, no last-updated date",,,auth/threats.csv;auth/threats.md,,
S1354,https://raw.githubusercontent.com/MicrosoftDocs/entra-docs/a4be4ac419c4e857b1c4de7dee22c9f7e0c750f9/docs/identity-platform/app-resilience-continuous-access-evaluation.md,raw-pin,github.com/MicrosoftDocs/entra-docs,a4be4ac419c4e857b1c4de7dee22c9f7e0c750f9,docs/identity-platform/app-resilience-continuous-access-evaluation.md,2026-09-25,200,OK,file identical at the pin and at HEAD@902ee3bc2c29,HEAD@902ee3bc2c29,,auth/propagation-latency.md;auth/revocation.md,,
S1355,https://raw.githubusercontent.com/MicrosoftDocs/entra-docs/a4be4ac419c4e857b1c4de7dee22c9f7e0c750f9/docs/identity-platform/claims-challenge.md,raw-pin,github.com/MicrosoftDocs/entra-docs,a4be4ac419c4e857b1c4de7dee22c9f7e0c750f9,docs/identity-platform/claims-challenge.md,2026-09-25,200,OK,file identical at the pin and at HEAD@902ee3bc2c29,HEAD@902ee3bc2c29,,auth/propagation-latency.md;auth/revocation.md,,
S1357,https://raw.githubusercontent.com/MicrosoftDocs/sql-docs/58c9ba7063458281263c05cba4e0e8dc7da7358a/docs/relational-databases/security/auditing/sql-server-audit-action-groups-and-actions.md,raw-pin,github.com/MicrosoftDocs/sql-docs,58c9ba7063458281263c05cba4e0e8dc7da7358a,docs/relational-databases/security/auditing/sql-server-audit-action-groups-and-actions.md,2026-09-25,200,OK,file identical at the pin and at HEAD@2e21fb07c211,HEAD@2e21fb07c211,,auth/audit-events.csv;auth/audit-events.md,,
S1358,https://raw.githubusercontent.com/MicrosoftDocs/entra-docs/726271012aa2be83158eeab5e8343dd80dfcbf7a/docs/identity/monitoring-health/concept-sign-in-log-activity-details.md,raw-pin,github.com/MicrosoftDocs/entra-docs,726271012aa2be83158eeab5e8343dd80dfcbf7a,docs/identity/monitoring-health/concept-sign-in-log-activity-details.md,2026-09-25,200,OK,file identical at the pin and at HEAD@902ee3bc2c29,HEAD@902ee3bc2c29,,auth/audit-events.md,,
S1359,https://raw.githubusercontent.com/MicrosoftDocs/entra-docs/ad2392b54e54af312a83c1095d1532609ac46a05/docs/identity/monitoring-health/reference-audit-activities.md,raw-pin,github.com/MicrosoftDocs/entra-docs,ad2392b54e54af312a83c1095d1532609ac46a05,docs/identity/monitoring-health/reference-audit-activities.md,2026-09-25,200,OK,file identical at the pin and at HEAD@902ee3bc2c29,HEAD@902ee3bc2c29,,auth/audit-events.csv;auth/audit-events.md,,
S1360,https://raw.githubusercontent.com/MicrosoftDocs/entra-docs/b394c8d643c3f25d8b8deb23505c25acc09dddf5/docs/identity/monitoring-health/concept-service-principal-sign-ins.md,raw-pin,github.com/MicrosoftDocs/entra-docs,b394c8d643c3f25d8b8deb23505c25acc09dddf5,docs/identity/monitoring-health/concept-service-principal-sign-ins.md,2026-09-25,200,OK,file identical at the pin and at HEAD@902ee3bc2c29,HEAD@902ee3bc2c29,,auth/audit-events.csv;auth/audit-events.md,,
S1361,https://raw.githubusercontent.com/MicrosoftDocs/entra-docs/b394c8d643c3f25d8b8deb23505c25acc09dddf5/docs/identity/monitoring-health/concept-noninteractive-sign-ins.md,raw-pin,github.com/MicrosoftDocs/entra-docs,b394c8d643c3f25d8b8deb23505c25acc09dddf5,docs/identity/monitoring-health/concept-noninteractive-sign-ins.md,2026-09-25,200,OK,file identical at the pin and at HEAD@902ee3bc2c29,HEAD@902ee3bc2c29,,auth/audit-events.csv;auth/audit-events.md,,
S1362,https://raw.githubusercontent.com/MicrosoftDocs/entra-docs/b394c8d643c3f25d8b8deb23505c25acc09dddf5/docs/identity/monitoring-health/concept-interactive-sign-ins.md,raw-pin,github.com/MicrosoftDocs/entra-docs,b394c8d643c3f25d8b8deb23505c25acc09dddf5,docs/identity/monitoring-health/concept-interactive-sign-ins.md,2026-09-25,200,OK,file identical at the pin and at HEAD@902ee3bc2c29,HEAD@902ee3bc2c29,,auth/audit-events.csv;auth/audit-events.md,,
S1363,https://learn.microsoft.com/en-us/previous-versions/windows/it-pro/windows-10/security/threat-protection/auditing/audit-security-group-management,learn,,,,2026-09-24,200,NEEDS-READING,a Learn page without a public source repo; read it (microsoft_docs_fetch),,learn,auth/audit-events.csv;auth/audit-events.md,,
S1364,https://learn.microsoft.com/en-us/previous-versions/windows/it-pro/windows-10/security/threat-protection/auditing/audit-user-account-management,learn,,,,2026-09-24,200,NEEDS-READING,a Learn page without a public source repo; read it (microsoft_docs_fetch),,learn,auth/audit-events.csv;auth/audit-events.md,,
S1365,https://learn.microsoft.com/en-us/previous-versions/windows/it-pro/windows-10/security/threat-protection/auditing/audit-kerberos-authentication-service,learn,,,,2026-09-24,200,NEEDS-READING,a Learn page without a public source repo; read it (microsoft_docs_fetch),,learn,auth/audit-events.csv;auth/audit-events.md,,
S1366,https://learn.microsoft.com/en-us/previous-versions/windows/it-pro/windows-10/security/threat-protection/auditing/audit-kerberos-service-ticket-operations,learn,,,,2026-09-24,200,NEEDS-READING,a Learn page without a public source repo; read it (microsoft_docs_fetch),,learn,auth/audit-events.csv;auth/audit-events.md,,
S1367,https://learn.microsoft.com/en-us/previous-versions/windows/it-pro/windows-10/security/threat-protection/auditing/audit-logon,learn,,,,2026-09-24,200,NEEDS-READING,a Learn page without a public source repo; read it (microsoft_docs_fetch),,learn,auth/audit-events.csv;auth/audit-events.md,,
S1368,https://learn.microsoft.com/en-us/previous-versions/windows/it-pro/windows-10/security/threat-protection/auditing/audit-other-account-logon-events,learn,,,,2026-09-24,200,NEEDS-READING,a Learn page without a public source repo; read it (microsoft_docs_fetch),,learn,auth/audit-events.csv;auth/audit-events.md,,
S1369,https://learn.microsoft.com/en-us/previous-versions/windows/it-pro/windows-10/security/threat-protection/auditing/audit-directory-service-access,learn,,,,2026-09-24,200,NEEDS-READING,a Learn page without a public source repo; read it (microsoft_docs_fetch),,learn,auth/audit-events.csv;auth/audit-events.md,,
S1370,https://learn.microsoft.com/en-us/previous-versions/windows/it-pro/windows-10/security/threat-protection/auditing/audit-directory-service-changes,learn,,,,2026-09-24,200,NEEDS-READING,a Learn page without a public source repo; read it (microsoft_docs_fetch),,learn,auth/audit-events.csv;auth/audit-events.md,,
S1371,https://techcommunity.microsoft.com/blog/coreinfrastructureandsecurityblog/active-directory-hardening-series---part-8-%e2%80%93-disabling-ntlm/4485782,live,,,,2026-09-24,"error: [Errno 8] nodename nor servname provided, or not known",NEEDS-READING,"HTTP error: [Errno 8] nodename nor servname provided, or not known",,,auth/audit-events.csv;auth/audit-events.md,,
S1372,https://learn.microsoft.com/en-us/intune/configmgr/develop/core/servers/manage/how-to-read-user-defined-status-messages,learn,,,,2026-09-24,200,NEEDS-READING,a Learn page without a public source repo; read it (microsoft_docs_fetch),,learn,auth/audit-events.csv;auth/audit-events.md,,
S1373,https://techcommunity.microsoft.com/blog/coreinfrastructureandsecurityblog/enhanced-audit-status-message-queries/884897,live,,,,2026-09-24,"error: [Errno 8] nodename nor servname provided, or not known",NEEDS-READING,"HTTP error: [Errno 8] nodename nor servname provided, or not known",,,auth/audit-events.csv;auth/audit-events.md,,
S1374,https://docs.gitlab.com/user/compliance/audit_events/,live,,,,2026-09-24,200,NEEDS-READING,"HTTP 200, no last-updated date",,,auth/audit-events.csv;auth/audit-events.md,,
S1375,https://raw.githubusercontent.com/MicrosoftDocs/sql-docs/db743f6a5077998a3712e28f4dfb0a354be7c602/docs/t-sql/statements/alter-login-transact-sql.md,raw-pin,github.com/MicrosoftDocs/sql-docs,db743f6a5077998a3712e28f4dfb0a354be7c602,docs/t-sql/statements/alter-login-transact-sql.md,2026-09-25,200,OK,file identical at the pin and at HEAD@2e21fb07c211,HEAD@2e21fb07c211,,auth/revocation.md,,
S1376,https://learn.microsoft.com/en-us/previous-versions/windows/it-pro/windows-10/security/threat-protection/security-policy-settings/maximum-lifetime-for-service-ticket,learn,,,,2026-09-24,200,NEEDS-READING,a Learn page without a public source repo; read it (microsoft_docs_fetch),,learn,auth/revocation.md,,
S1377,https://gitlab.com/gitlab-org/gitlab/-/raw/a363152d16c24d001a8f608abd7ff974e1c2964f/doc/user/profile/personal_access_tokens.md,raw-pin,gitlab.com/gitlab-org/gitlab,a363152d16c24d001a8f608abd7ff974e1c2964f,doc/user/profile/personal_access_tokens.md,2026-09-25,200,GONE,file deleted upstream (not at HEAD@1ee957c5237e),HEAD@1ee957c5237e,,auth/revocation.md,,
S1378,https://learn.microsoft.com/en-us/openspecs/windows_protocols/ms-kile/519392b1-625a-420d-be90-d588c852dda3,learn,,,,2026-09-24,200,NEEDS-READING,a Learn page without a public source repo; read it (microsoft_docs_fetch),,learn,auth/propagation-latency.csv;auth/propagation-latency.md;auth/revocation.md,,
S1379,https://learn.microsoft.com/en-us/openspecs/windows_protocols/ms-kile/1163bb03-7035-433e-b5a4-802247262d18,learn,,,,2026-09-24,200,NEEDS-READING,a Learn page without a public source repo; read it (microsoft_docs_fetch),,learn,,,
S1380,https://learn.microsoft.com/en-us/openspecs/windows_protocols/ms-kile/e19be8b8-9130-40a4-9cd1-92d0cbd46a51,learn,,,,2026-09-24,200,NEEDS-READING,a Learn page without a public source repo; read it (microsoft_docs_fetch),,learn,auth/propagation-latency.csv;auth/propagation-latency.md;auth/revocation.md,,
S1400,https://www.microsoft.com/en-us/download/details.aspx?id=55319,live,,,,2026-09-25,200,NEEDS-READING,"HTTP 200, no last-updated date",,,security/baselines-catalog.md,,
S1401,https://techcommunity.microsoft.com/blog/microsoft-security-baselines/windows-11-version-24h2-security-baseline/4252801,live,,,,2026-09-24,"error: [Errno 8] nodename nor servname provided, or not known",NEEDS-READING,"HTTP error: [Errno 8] nodename nor servname provided, or not known",,,security/baselines-catalog.csv;security/baselines-catalog.md,,
S1402,https://techcommunity.microsoft.com/blog/microsoft-security-baselines/windows-11-version-25h2-security-baseline/4456231,live,,,,2026-09-24,"error: [Errno 8] nodename nor servname provided, or not known",NEEDS-READING,"HTTP error: [Errno 8] nodename nor servname provided, or not known",,,security/baselines-catalog.csv;security/baselines-catalog.md,,
S1403,https://learn.microsoft.com/en-us/windows/security/operating-system-security/device-management/windows-security-configuration-framework/security-compliance-toolkit-10,learn,,,,2026-09-24,200,NEEDS-READING,a Learn page without a public source repo; read it (microsoft_docs_fetch),,learn,security/baselines-catalog.md,,
S1404,https://learn.microsoft.com/en-us/windows/security/operating-system-security/device-management/windows-security-configuration-framework/windows-security-baselines,learn,,,,2026-09-24,200,NEEDS-READING,a Learn page without a public source repo; read it (microsoft_docs_fetch),,learn,security/baselines-catalog.md,,
S1405,https://ncp.nist.gov/checklist/1184,live,,,,2026-09-24,200,NEEDS-READING,"HTTP 200, no last-updated date",,,security/baselines-catalog.md,,
S1406,https://www.cisecurity.org/benchmark/microsoft_windows_desktop,live,,,,2026-09-24,200,NEEDS-READING,"HTTP 200, no last-updated date",,,security/baselines-catalog.csv;security/baselines-catalog.md,,
S1407,https://www.cisecurity.org/insights/blog/cis-benchmarks-march-2026-update,live,,,,2026-09-24,200,NEEDS-READING,"HTTP 200, no last-updated date",,,security/baselines-catalog.md,,
S1408,https://www.cisecurity.org/insights/blog/cis-benchmarks-april-2026-update,live,,,,2026-09-24,200,NEEDS-READING,"HTTP 200, no last-updated date",,,security/baselines-catalog.md,,
S1409,https://public.cyber.mil/stigs/downloads/,live,,,,2026-09-24,200,NEEDS-READING,"HTTP 200, no last-updated date; redirected to https://www.cyber.mil/stigs/downloads/",,,security/baselines-catalog.md,,
S1410,https://ncp.nist.gov/checklist/revision/6626,live,,,,2026-09-24,200,NEEDS-READING,"HTTP 200, no last-updated date",,,security/baselines-catalog.md,,
S1411,https://public.cyber.mil/announcement/disa-releases-microsoft-windows-stig-and-scap-updates/,live,,,,2026-09-24,200,NEEDS-READING,"HTTP 200, no last-updated date; redirected to https://sts1.auth.nduf.deas.mil/adfs/ls/?SAMLRequest=fZJdb6pAEIb%2FCtl7Prq2iKTaaDkUqxYrtFpvzAoLLsKizC7C%2BfWH9CPpOTnpJnOxmXnnncw8t3dNkSs1rYCVfIiuNAMplEdlzHg6RC%2Bhq1robnQLpMjxyR5LceArepYUhNIJOdgfmSGSFbdLAgxsTgoKtojsYLyY21gz7FNVijIqc6SMAWglOqv7koMsaBXQqmYRfVnNh%2BggxAlsXb9cLlrU7mmlFSzX66SsIgpMUD0vU8aR4nTujBPxPvGXCARcaaSbT%2BOxTLSYEniXkzgBPQcdKVNniHb4ftw94taH50u0cMaXf6PLTib5L7%2FYxW0RrtW1T9fzuHCijRyYZdPUGa773lt7TB9ZO3t%2BZebqIOtzPXEaiS1wGpW%2B%2BP6E9RwrCz2Xz7Nek%2Bf3ieFvsTkwYfw7cFprk%2BD8OtjOE1j3p2kMNyJ6cNyVVz2qcquu1KCXrN1z7ca9XcwD9ZR6VvUk8dtDHVDLK7L67dy4zEtO%2B%2FV0Vwb7gbnft48zdszSpfSmD9Ae8%2BPm%2BjkM82PrnVdVfxc97awsSEqj8GebND%2BS2dLZqP3TdJ6SjTCvROQkILN4Qcj50m0LQNIpB0G4GCJsYFM1Bio2Q2zYxo1909OMHt4iZfl52wnjH8z8BML%2BowhsLwyX6tIPQqS8frHXFaBP0ux39%2Bo7Yj83Jl9codF%2FKbrVv%2FcdfX7%2FBnr0Bw%3D%3D&RelayState=%2Fannouncement%2Fdisa-releases-microsoft-windows-stig-and-scap-updates%2F&SigAlg=http%3A%2F%2Fwww.w3.org%2F2001%2F04%2Fxmldsig-more%23rsa-sha256&Signature=ReRqsSQ1dOoTUxxCAsBowKVuvOSBGZ8MWIVYyWbR3SOBdx2f0IIF3Cuphxllf999GCEdeR45AJma5KINTOgOOngdBbIiov%2BENZxpF7Y73SseV%2FGFekxV%2B1iepTtZSL4RqRCZgdk79bKLzCcr%2BWeYBxw7%2F5mSMnoVmrXdiodY3eKJY2Rc0Q6y9A%2BNYnqakNajTPymavTtW71GeNwdNXflpO4ttyeUSCX6h%2FlhgSHzmzGIhjGxPL0D2CReba%2Fm8lhisaDtYu1bT%2Fog00C7Sh6QAk8SuV8%2FcAs6%2Ff3yXK5Gmr4zA91zZcP9K22psTPNTXSt2G2GkUhlWiuZnbwa2zpQ7IdXwQi3gLZJjfPLa8MscbGV8MV3zBD84Dryy8U2FNktscoa%2B9CYardZ1EUyM%2FBsI6HgBkxElM0HTf9dQD37kOsm%2BYcFMEBECoQaKrnoIDH0uLOyz89Z%2BVbqDpzoXGukuY4OyuQYMDLTM7eC2D7ZZVk6rxnCu%2FwY7w1E1u3%2Bt301NzSWYjna8J0RQwXibvQ6U0VCa3cB%2FyHW%2FRM3qLyYEh%2B4dCjBlwMLzGXEv1q90dpr8vBvFuxlIRZt9rHv5fqQrr2r%2FYAYxvsnFwUyvQTJqp63fGep7gKn3%2BCGGVKnXLAYGYzYKQATVYiUw4P%2FlqErhN1UW%2BZ0fNXEpr%2BGuo98RnI%3D",,,security/baselines-catalog.md,,
S1412,https://learn.microsoft.com/en-us/windows/client-management/mdm/policy-csp-controlpolicyconflict,learn,,,,2026-09-24,200,NEEDS-READING,a Learn page without a public source repo; read it (microsoft_docs_fetch),,learn,security/policy-precedence.md,,
S1413,https://github.com/dsccommunity/SecurityPolicyDsc,gh-page,,,,2026-09-24,,NEEDS-READING,"a github.com page (issues, wiki, home) or API call; read it",,github page,security/dsc-coverage.md;security/settings-crosswalk.csv;security/settings-crosswalk.md,,
S1414,https://www.powershellgallery.com/packages/SecurityPolicyDsc/3.0.0-preview0006,live,,,,2026-09-24,200,NEEDS-READING,"HTTP 200, no last-updated date",,,security/dsc-coverage.md;security/settings-crosswalk.csv;security/settings-crosswalk.md,,
S1415,https://www.powershellgallery.com/packages/AuditPolicyDsc/1.4.0.0,live,,,,2026-09-24,200,NEEDS-READING,"HTTP 200, no last-updated date",,,security/dsc-coverage.md;security/settings-crosswalk.csv;security/settings-crosswalk.md,,
S1416,https://github.com/dsccommunity/AuditPolicyDsc,gh-page,,,,2026-09-24,,NEEDS-READING,"a github.com page (issues, wiki, home) or API call; read it",,github page,security/dsc-coverage.md;security/settings-crosswalk.csv;security/settings-crosswalk.md,,
S1417,https://learn.microsoft.com/en-us/windows/security/book/identity-protection-advanced-credential-protection,learn,,,,2026-09-24,200,NEEDS-READING,a Learn page without a public source repo; read it (microsoft_docs_fetch),,learn,,,
S1418,https://techcommunity.microsoft.com/blog/microsoft-security-baselines/security-baseline-for-windows-server-2025-version-2506/4426431,live,,,,2026-09-24,"error: [Errno 8] nodename nor servname provided, or not known",NEEDS-READING,"HTTP error: [Errno 8] nodename nor servname provided, or not known",,,security/baselines-catalog.csv;security/baselines-catalog.md,,
S1419,https://techcommunity.microsoft.com/blog/microsoft-security-baselines/security-baseline-for-windows-server-2025-version-2602/4496468,live,,,,2026-09-24,"error: [Errno 8] nodename nor servname provided, or not known",NEEDS-READING,"HTTP error: [Errno 8] nodename nor servname provided, or not known",,,security/baselines-catalog.csv;security/baselines-catalog.md,,
S1420,https://ncp.nist.gov/checklist/1028,live,,,,2026-09-24,200,NEEDS-READING,"HTTP 200, no last-updated date",,,security/baselines-catalog.md,,
S1421,https://learn.microsoft.com/en-us/intune/device-security/security-baselines/overview,learn,,,,2026-09-24,200,NEEDS-READING,a Learn page without a public source repo; read it (microsoft_docs_fetch),,learn,security/baselines-catalog.csv;security/baselines-catalog.md,,
S1422,https://learn.microsoft.com/en-us/intune/device-security/security-baselines/ref-defender-settings,learn,,,,2026-09-24,200,NEEDS-READING,a Learn page without a public source repo; read it (microsoft_docs_fetch),,learn,security/baselines-catalog.csv;security/baselines-catalog.md,,
S1423,https://learn.microsoft.com/en-us/intune/device-security/security-baselines/ref-edge-settings,learn,,,,2026-09-24,200,NEEDS-READING,a Learn page without a public source repo; read it (microsoft_docs_fetch),,learn,security/baselines-catalog.csv;security/baselines-catalog.md,,
S1424,https://learn.microsoft.com/en-us/windows-server/security/osconfig/osconfig-how-to-configure-security-baselines,learn,github.com/MicrosoftDocs/windowsserverdocs,,WindowsServerDocs/security/osconfig/osconfig-how-to-configure-security-baselines,2026-09-25,,OK,source file WindowsServerDocs/security/osconfig/osconfig-how-to-configure-security-baselines.md has no commit since 2026-09-25 (HEAD 62d7b049a49a),git_commit_id 62d7b049a49a,,security/baselines-catalog.csv;security/baselines-catalog.md,,
S1425,https://www.cyber.gov.au/business-government/asds-cyber-security-frameworks/essential-eight/essential-eight-maturity-model,live,,,,2026-09-24,200,OK,"sitemap lastmod 2026-03-12, not after retrieval 2026-09-24",sitemap lastmod 2026-03-12,,security/baselines-catalog.csv;security/baselines-catalog.md,,
S1426,https://www.cyber.gov.au/sites/default/files/2025-09/hardening_microsoft_windows_11_workstations_september_2025.pdf,live,,,,2026-09-24,200,NEEDS-READING,"HTTP 200, no last-updated date",,,security/baselines-catalog.csv;security/baselines-catalog.md,,
S1470,https://dl.dod.cyber.mil/wp-content/uploads/stigs/zip/U_MS_Windows_11_V2R9_STIG.zip,live,,,,2026-09-24,200,NEEDS-READING,"HTTP 200, no last-updated date",,,security/artifacts/disa/README.md;security/baselines-catalog.csv;security/baselines-catalog.md;security/dsc-coverage.md;security/first-baseline-candidates.md;security/settings-crosswalk.csv;security/settings-crosswalk.md,,
S1471,https://dl.dod.cyber.mil/wp-content/uploads/stigs/zip/U_MS_Windows_Server_2025_V1R3_STIG.zip,live,,,,2026-09-24,200,NEEDS-READING,"HTTP 200, no last-updated date",,,security/artifacts/disa/README.md;security/baselines-catalog.csv;security/baselines-catalog.md;security/dsc-coverage.md;security/first-baseline-candidates.md;security/settings-crosswalk.csv;security/settings-crosswalk.md,,
S1472,https://download.microsoft.com/download/8/5/C/85C25433-A1B0-4FFA-9429-7E023E7DA8D8/Windows%2011%20v24H2%20Security%20Baseline.zip,live,,,,2026-09-24,200,NEEDS-READING,"HTTP 200, no last-updated date",,,defender/asr-and-antivirus.md;security/artifacts/microsoft/README.md;security/baselines-catalog.csv;security/baselines-catalog.md;security/dsc-coverage.md;security/first-baseline-candidates.md;security/settings-crosswalk.csv;security/settings-crosswalk.md,,
S1473,https://learn.microsoft.com/en-us/powershell/dsc/reference/resources/microsoft/windows/windowspowershell/?view=dsc-3.0,learn,github.com/MicrosoftDocs/PowerShell-Docs-DSC,,dsc/docs-conceptual/reference/resources/microsoft/windows/windowspowershell,2026-09-24,,NEEDS-READING,no source file for the page in github.com/MicrosoftDocs/PowerShell-Docs-DSC,,learn,security/dsc-coverage.md;security/settings-crosswalk.csv;security/settings-crosswalk.md,,
S1474,https://learn.microsoft.com/en-us/powershell/dsc/reference/resources/microsoft/dsc/powershell/?view=dsc-3.0,learn,github.com/MicrosoftDocs/PowerShell-Docs-DSC,,dsc/docs-conceptual/reference/resources/microsoft/dsc/powershell,2026-09-24,,NEEDS-READING,no source file for the page in github.com/MicrosoftDocs/PowerShell-Docs-DSC,,learn,security/dsc-coverage.md,,
S1475,https://raw.githubusercontent.com/MicrosoftDocs/memdocs/4b5429df8b47046c6b251e572ee61199fb5d4a5d/intune/device-security/security-baselines/ref-windows-mdm-settings.md,raw-pin,github.com/MicrosoftDocs/memdocs,4b5429df8b47046c6b251e572ee61199fb5d4a5d,intune/device-security/security-baselines/ref-windows-mdm-settings.md,2026-09-24,200,NEEDS-READING,file identical at the pin and at HEAD@4b5429df8b47; MicrosoftDocs/memdocs is archived: re-source to the live Learn page,,memdocs,defender/asr-and-antivirus.md;security/artifacts/microsoft/README.md;security/first-baseline-candidates.md;security/policy-precedence.md;security/settings-crosswalk.csv;security/settings-crosswalk.md,,
S1476,https://raw.githubusercontent.com/MicrosoftDocs/memdocs/4b5429df8b47046c6b251e572ee61199fb5d4a5d/intune/device-security/security-baselines/overview.md,raw-pin,github.com/MicrosoftDocs/memdocs,4b5429df8b47046c6b251e572ee61199fb5d4a5d,intune/device-security/security-baselines/overview.md,2026-09-24,200,NEEDS-READING,file identical at the pin and at HEAD@4b5429df8b47; MicrosoftDocs/memdocs is archived: re-source to the live Learn page,,memdocs,security/artifacts/microsoft/README.md,,
S1477,https://learn.microsoft.com/en-us/windows-server/security/credentials-protection-and-management/configuring-additional-lsa-protection,learn,github.com/MicrosoftDocs/windowsserverdocs,,WindowsServerDocs/security/credentials-protection-and-management/configuring-additional-lsa-protection,2026-09-25,,OK,source file WindowsServerDocs/security/credentials-protection-and-management/configuring-additional-lsa-protection.md has no commit since 2026-09-25 (HEAD 62d7b049a49a),git_commit_id 62d7b049a49a,,security/first-baseline-candidates.md;security/policy-precedence.md;security/settings-crosswalk.csv;security/settings-crosswalk.md,,
S1478,https://learn.microsoft.com/en-us/windows/security/identity-protection/credential-guard/,learn,,,,2026-09-24,200,NEEDS-READING,a Learn page without a public source repo; read it (microsoft_docs_fetch),,learn,security/first-baseline-candidates.md;security/settings-crosswalk.csv;security/settings-crosswalk.md,,
S1479,https://support.microsoft.com/en-us/topic/powershell-2-0-removal-from-windows-fe6d1edc-2ed2-4c33-b297-afe82a64200a,live,,,,2026-09-24,200,NEEDS-READING,"HTTP 200, no last-updated date; redirected to https://support.microsoft.com/en-us/servicing/os/windows/docs/2025/08/powershell-2-0-removal-from-windows",,,security/first-baseline-candidates.md;security/settings-crosswalk.csv;security/settings-crosswalk.md,,
S1480,https://learn.microsoft.com/en-us/intune/configmgr/core/plan-design/hierarchy/security-and-privacy-for-site-administration,learn,,,,2026-09-24,200,NEEDS-READING,a Learn page without a public source repo; read it (microsoft_docs_fetch),,learn,security/management-plane-hardening.md,,
S1481,https://learn.microsoft.com/en-us/intune/configmgr/core/plan-design/security/plan-for-security,learn,,,,2026-09-24,200,NEEDS-READING,a Learn page without a public source repo; read it (microsoft_docs_fetch),,learn,security/management-plane-hardening.md,,
S1482,https://learn.microsoft.com/en-us/troubleshoot/mem/configmgr/setup-migrate-backup-recovery/enable-mfa-for-sms-provider-calls,learn,,,,2026-09-24,200,NEEDS-READING,a Learn page without a public source repo; read it (microsoft_docs_fetch),,learn,security/management-plane-hardening.md,,
S1483,https://learn.microsoft.com/en-us/intune/configmgr/core/clients/deploy/plan/security-and-privacy-for-clients,learn,,,,2026-09-24,200,NEEDS-READING,a Learn page without a public source repo; read it (microsoft_docs_fetch),,learn,security/management-plane-hardening.md,,
S1484,https://learn.microsoft.com/en-us/intune/configmgr/hotfix/2207/15498768,learn,,,,2026-09-24,200,NEEDS-READING,a Learn page without a public source repo; read it (microsoft_docs_fetch),,learn,security/management-plane-hardening.md,,
S1485,https://www.cisecurity.org/cis-benchmarks,live,,,,2026-09-24,200,NEEDS-READING,"HTTP 200, no last-updated date",,,security/management-plane-hardening.md,,
S1486,https://www.cisecurity.org/benchmark/microsoft_sql_server,live,,,,2026-09-24,200,NEEDS-READING,"HTTP 200, no last-updated date",,,security/management-plane-hardening.md,,
S1487,https://about.gitlab.com/blog/gitlab-introduces-new-cis-benchmark-for-improved-security/,live,,,,2026-09-24,200,OK,"page date 2024-04-17, not after retrieval 2026-09-24",page date 2024-04-17,,security/management-plane-hardening.md,,
S1488,https://learn.microsoft.com/en-us/sql/relational-databases/security/sql-server-security-best-practices?view=sql-server-ver17,learn,github.com/MicrosoftDocs/sql-docs,,docs/relational-databases/security/sql-server-security-best-practices,2026-09-25,,OK,source file docs/relational-databases/security/sql-server-security-best-practices.md has no commit since 2026-09-25 (HEAD 2e21fb07c211),git_commit_id 2e21fb07c211,,security/management-plane-hardening.md,,
S1489,https://gitlab.com/gitlab-security-oss/cis/gitlabcis,live,,,,2026-09-25,200,NEEDS-READING,"HTTP 200, no last-updated date",,,security/management-plane-hardening.md,,
S1490,https://gitlab.com/gitlab-org/gitlab-runner/-/raw/49138a48b894f517d2ebe77dda89929d1f7f9550/docs/install/windows.md,raw-pin,gitlab.com/gitlab-org/gitlab-runner,49138a48b894f517d2ebe77dda89929d1f7f9550,docs/install/windows.md,2026-09-25,200,OK,file identical at the pin and at HEAD@0e3fe7d3f8c1,HEAD@0e3fe7d3f8c1,,security/management-plane-hardening.md,,
S1491,https://learn.microsoft.com/en-us/security/benchmark/azure/mcsb-privileged-access,learn,,,,2026-09-24,200,NEEDS-READING,a Learn page without a public source repo; read it (microsoft_docs_fetch),,learn,security/management-plane-hardening.md,,
S1492,https://cas.docs.cisecurity.org/en/latest/source/Controls8/,live,,,,2026-09-24,200,NEEDS-READING,"HTTP 200, no last-updated date",,,security/logging-monitoring.md,,
S1493,https://csrc.nist.gov/pubs/sp/800/92/r1/ipd,live,,,,2026-09-24,200,NEEDS-READING,"HTTP 200, no last-updated date",,,security/logging-monitoring.md,,
S1494,https://csrc.nist.gov/pubs/sp/800/92/final,live,,,,2026-09-24,200,NEEDS-READING,"HTTP 200, no last-updated date",,,security/logging-monitoring.md,,
S1495,https://www.isms.online/iso-27001/annex-a-2022/8-15-logging-2022/,live,,,,2026-09-24,200,OK,"page date 2025-09-03, not after retrieval 2026-09-24",page date 2025-09-03,,security/logging-monitoring.md,,
S1496,https://www.isms.online/iso-27001/annex-a-2022/8-16-monitoring-activities-2022/,live,,,,2026-09-24,200,OK,"page date 2025-09-03, not after retrieval 2026-09-24",page date 2025-09-03,,security/logging-monitoring.md,,
S1497,https://genai.owasp.org/llm-top-10/,live,,,,2026-09-24,200,NEEDS-READING,"HTTP 200, no last-updated date",,,security/logging-monitoring.md,,
S1498,https://docs.claude.com/en/docs/claude-code/monitoring-usage,live,,,,2026-09-25,200,CHANGED,page date 2026-09-26 is after retrieval 2026-09-25; redirected to https://code.claude.com/docs/en/monitoring-usage,page date 2026-09-26,,security/logging-monitoring.md,,
S1499,https://docs.claude.com/en/docs/claude-code/security,live,,,,2026-09-25,200,CHANGED,page date 2026-09-26 is after retrieval 2026-09-25; redirected to https://code.claude.com/docs/en/security,page date 2026-09-26,,security/logging-monitoring.md,,
S1500,https://docs.claude.com/en/docs/claude-code/hooks,live,,,,2026-09-24,200,CHANGED,page date 2026-09-26 is after retrieval 2026-09-24; redirected to https://code.claude.com/docs/en/hooks,page date 2026-09-26,,,,
S1501,https://csrc.nist.gov/projects/ssdf,live,,,,2026-09-24,200,NEEDS-READING,"HTTP 200, no last-updated date",,,security/supply-chain.md,,
S1502,https://csrc.nist.gov/pubs/sp/800/218/a/final,live,,,,2026-09-24,200,NEEDS-READING,"HTTP 200, no last-updated date",,,security/supply-chain.md,,
S1503,https://slsa.dev/spec/v1.0/levels,live,,,,2026-09-24,200,NEEDS-READING,"HTTP 200, no last-updated date",,,security/supply-chain.md,,
S1504,https://github.com/ossf/scorecard,gh-page,,,,2026-09-24,,NEEDS-READING,"a github.com page (issues, wiki, home) or API call; read it",,github page,security/supply-chain.md,,
S1505,https://spdx.dev/,live,,,,2026-09-24,200,NEEDS-READING,"HTTP 200, no last-updated date",,,security/supply-chain.md,,
S1506,https://cyclonedx.org/,live,,,,2026-09-24,200,NEEDS-READING,"HTTP 200, no last-updated date",,,security/supply-chain.md,,
S1507,https://pip.pypa.io/en/stable/topics/secure-installs/,live,,,,2026-09-24,200,NEEDS-READING,"HTTP 200, no last-updated date",,,security/supply-chain.md,,
S1508,https://docs.pypi.org/trusted-publishers/,live,,,,2026-09-24,200,NEEDS-READING,"HTTP 200, no last-updated date",,,security/supply-chain.md,,
S1509,https://blog.pypi.org/posts/2024-04-17-expanding-trusted-publisher-support/,live,,,,2026-09-24,200,CHANGED,sitemap lastmod 2026-09-25 is after retrieval 2026-09-24,sitemap lastmod 2026-09-25,,security/supply-chain.md,,
S1510,https://socket.dev/blog/pypi-expands-trusted-publishing-to-gitlab-self-managed,live,,,,2026-09-24,200,OK,"page date 2025-11-14, not after retrieval 2026-09-24",page date 2025-11-14,,security/supply-chain.md,,
S1511,https://docs.gitlab.com/user/application_security/dependency_scanning/dependency_scanning_sbom/,live,,,,2026-09-24,200,NEEDS-READING,"HTTP 200, no last-updated date",,,security/supply-chain.md,,
S1512,https://docs.gitlab.com/ci/yaml/,live,,,,2026-09-24,200,NEEDS-READING,"HTTP 200, no last-updated date",,,arch/gitlab-ci-components.md;security/supply-chain.md,,
S1513,https://learn.microsoft.com/en-us/powershell/scripting/security/security-features?view=powershell-7.2,learn,,,,2026-09-24,200,NEEDS-READING,a Learn page without a public source repo; read it (microsoft_docs_fetch),,learn,security/script-and-code-signing.md,,
S1514,https://learn.microsoft.com/en-us/answers/questions/647121/procedures-to-enforce-windows-powershell-to-run-in,learn,,,,2026-09-24,200,NEEDS-READING,a Learn page without a public source repo; read it (microsoft_docs_fetch),,learn,security/script-and-code-signing.md,,
S1515,https://learn.microsoft.com/en-us/powershell/module/microsoft.powershell.security/set-authenticodesignature?view=powershell-7.5,learn,,,,2026-09-24,200,NEEDS-READING,a Learn page without a public source repo; read it (microsoft_docs_fetch),,learn,security/script-and-code-signing.md,,
S1516,https://learn.microsoft.com/en-us/powershell/module/microsoft.powershell.security/about/about_signing?view=powershell-7.5,learn,,,,2026-09-24,404,NEEDS-READING,a Learn page without a public source repo; read it (microsoft_docs_fetch),,learn,security/script-and-code-signing.md,,
S1517,https://github.com/MicrosoftDocs/PowerShell-Docs-DSC/blob/main/dsc/docs-conceptual/dsc-3.0/reference/schemas/resource/manifest/root.md,gh-ref,github.com/MicrosoftDocs/PowerShell-Docs-DSC,main,dsc/docs-conceptual/dsc-3.0/reference/schemas/resource/manifest/root.md,2026-09-25,,OK,no commit on main touches it since 2026-09-25; main@55c3581bed2a,main@55c3581bed2a,,security/script-and-code-signing.md;security/supply-chain.md,,
S1518,https://devblogs.microsoft.com/powershell/announcing-dsc-v3/,live,,,,2026-09-24,200,NEEDS-READING,"HTTP 200, no last-updated date",,,security/script-and-code-signing.md,,
S1519,https://github.com/HotCakeX/Harden-Windows-Security/wiki/Script-Enforcement-and-PowerShell-Constrained-Language-Mode-in-WDAC-App-Control-Policies,gh-page,,,,2026-09-24,,NEEDS-READING,"a github.com page (issues, wiki, home) or API call; read it",,github page,security/script-and-code-signing.md,,
S1520,https://learn.microsoft.com/en-us/intune/configmgr/apps/deploy-use/create-deploy-scripts,learn,,,,2026-09-24,200,NEEDS-READING,a Learn page without a public source repo; read it (microsoft_docs_fetch),,learn,,,
S1522,https://docs.astral.sh/uv/pip/compile/,live,,,,2026-09-24,200,OK,"page date 2026-07-23, not after retrieval 2026-09-24",page date 2026-07-23,,arch/python-single-package-extras.md;security/supply-chain.md,,
S1523,https://docs.gitlab.com/ci/pipeline_security/slsa/level_3/,live,,,,2026-09-24,200,NEEDS-READING,"HTTP 200, no last-updated date",,,security/supply-chain.md,,
S1524,https://about.gitlab.com/blog/achieve-slsa-level-2-compliance-with-gitlab/,live,,,,2026-09-24,200,OK,"page date 2022-11-30, not after retrieval 2026-09-24",page date 2022-11-30,,security/supply-chain.md,,
S1525,https://docs.pypi.org/trusted-publishers/using-a-publisher/,live,,,,2026-09-24,200,NEEDS-READING,"HTTP 200, no last-updated date",,,security/supply-chain.md,,
S1526,https://genai.owasp.org/resource/owasp-top-10-for-agentic-applications-for-2026/,live,,,,2026-09-24,200,NEEDS-READING,"HTTP 200, no last-updated date",,,security/logging-monitoring.md,,
S1527,https://nvlpubs.nist.gov/nistpubs/ai/nist.ai.600-1.pdf,live,,,,2026-09-24,200,NEEDS-READING,"HTTP 200, no last-updated date",,,security/logging-monitoring.md,,
S1528,https://learn.microsoft.com/en-us/windows-server/identity/ad-ds/plan/security-best-practices/audit-policy-recommendations,learn,github.com/MicrosoftDocs/windowsserverdocs,,WindowsServerDocs/identity/ad-ds/plan/security-best-practices/audit-policy-recommendations,2026-09-24,,NEEDS-READING,no source file for the page in github.com/MicrosoftDocs/windowsserverdocs,,learn,security/logging-monitoring.md,,
S1529,https://learn.microsoft.com/en-us/windows-server/security/osconfig/osconfig-how-to-configure-security-baselines,learn,github.com/MicrosoftDocs/windowsserverdocs,,WindowsServerDocs/security/osconfig/osconfig-how-to-configure-security-baselines,2026-09-25,,OK,source file WindowsServerDocs/security/osconfig/osconfig-how-to-configure-security-baselines.md has no commit since 2026-09-25 (HEAD 62d7b049a49a),git_commit_id 62d7b049a49a,,security/logging-monitoring.md,,
S1540,https://owasp.org/www-project-mcp-top-10/,live,,,,2026-09-24,200,NEEDS-READING,"HTTP 200, no last-updated date; redirected to https://owasp.org/projects/mcp-top-10",,,security/ai-agent-guidelines.md;standards/owasp.csv;standards/owasp.md,,
S1541,https://www.nist.gov/itl/ai-risk-management-framework,live,,,,2026-09-24,200,OK,"page date 2026-08-13, not after retrieval 2026-09-24",page date 2026-08-13,,security/ai-agent-guidelines.md,,
S1542,https://nvlpubs.nist.gov/nistpubs/ai/NIST.AI.600-1.pdf,live,,,,2026-09-24,200,NEEDS-READING,"HTTP 200, no last-updated date",,,security/ai-agent-guidelines.md;security/privacy-compliance.md,,
S1543,https://atlas.mitre.org/,live,,,,2026-09-24,200,NEEDS-READING,"HTTP 200, no last-updated date",,,security/ai-agent-guidelines.md,,
S1544,https://www.iso.org/standard/81230.html,live,,,,2026-09-24,403,NEEDS-READING,HTTP 403,,,security/ai-agent-guidelines.md,,
S1545,https://learn.microsoft.com/en-us/security/zero-trust/azure-ai-security/,learn,,,,2026-09-24,404,NEEDS-READING,a Learn page without a public source repo; read it (microsoft_docs_fetch),,learn,security/ai-agent-guidelines.md,,
S1546,https://docs.claude.com/en/docs/claude-code/mcp,live,,,,2026-09-24,200,CHANGED,page date 2026-09-25 is after retrieval 2026-09-24; redirected to https://code.claude.com/docs/en/mcp,page date 2026-09-25,,,,
S1547,https://docs.claude.com/en/docs/claude-code/security,live,,,,2026-09-25,200,CHANGED,page date 2026-09-26 is after retrieval 2026-09-25; redirected to https://code.claude.com/docs/en/security,page date 2026-09-26,,security/ai-agent-guidelines.md,,
S1548,https://www.anthropic.com/news/model-context-protocol,live,,,,2026-09-25,200,OK,"sitemap lastmod 2026-05-07, not after retrieval 2026-09-25",sitemap lastmod 2026-05-07,,security/ai-agent-guidelines.md,,
S1549,https://www.edpb.europa.eu/our-work-tools/our-documents/guidelines/guidelines-42017-data-protection-impact-assessment-dpia_en,live,,,,2026-09-24,404,GONE,HTTP 404,,,security/privacy-compliance.md,,
S1550,https://uodo.gov.pl/en,live,,,,2026-09-24,200,NEEDS-READING,"HTTP 200, no last-updated date",,,security/privacy-compliance.md,,
S1551,https://uodo.gov.pl/pl/138/1052,live,,,,2026-09-24,200,NEEDS-READING,"HTTP 200, no last-updated date",,,security/privacy-compliance.md,,
S1552,https://eur-lex.europa.eu/legal-content/EN/TXT/?uri=CELEX:32022L2555,live,,,,2026-09-24,202,NEEDS-READING,HTTP 202,,,security/framework-control-map.csv;security/framework-control-map.md;security/privacy-compliance.md,,
S1553,https://dziennikustaw.gov.pl/D2026000025201.pdf,live,,,,2026-09-24,200,NEEDS-READING,"HTTP 200, no last-updated date",,,security/privacy-compliance.md,,
S1554,https://nisd2.eu/en/wiki/timelines-and-status/nis2-status-poland,live,,,,2026-09-24,200,OK,"page date 2026-05-29, not after retrieval 2026-09-24",page date 2026-05-29,,security/privacy-compliance.md,,
S1555,https://eur-lex.europa.eu/legal-content/EN/TXT/?uri=CELEX:32022R2554,live,,,,2026-09-24,202,NEEDS-READING,HTTP 202,,,security/privacy-compliance.md,,
S1556,https://eur-lex.europa.eu/legal-content/EN/TXT/?uri=CELEX:32024R1689,live,,,,2026-09-24,202,NEEDS-READING,HTTP 202,,,security/privacy-compliance.md,,
S1557,https://digital-strategy.ec.europa.eu/en/policies/regulatory-framework-ai,live,,,,2026-09-24,200,OK,"sitemap lastmod 2026-08-03, not after retrieval 2026-09-24",sitemap lastmod 2026-08-03,,security/privacy-compliance.md,,
S1558,https://www.gibsondunn.com/eu-ai-act-omnibus-agreement-postponed-high-risk-deadlines-and-other-key-changes/,live,,,,2026-09-24,200,NEEDS-READING,"HTTP 200, no last-updated date",,,security/privacy-compliance.md,,
S1559,https://labs.cloudsecurityalliance.org/research/csa-research-note-eu-ai-act-high-risk-deadline-omnibus-20260/,live,,,,2026-09-24,200,OK,"page date 2026-08-01, not after retrieval 2026-09-24",page date 2026-08-01,,security/privacy-compliance.md,,
S1560,https://www.iso.org/standard/27001,live,,,,2026-09-24,403,NEEDS-READING,HTTP 403,,,security/framework-control-map.csv;security/framework-control-map.md,,
S1561,https://www.iso.org/standard/75652.html,live,,,,2026-09-24,403,NEEDS-READING,HTTP 403,,,security/framework-control-map.csv;security/framework-control-map.md,,
S1562,https://www.nist.gov/cyberframework,live,,,,2026-09-24,200,OK,"page date 2026-09-17, not after retrieval 2026-09-24",page date 2026-09-17,,security/framework-control-map.csv;security/framework-control-map.md,,
S1563,https://www.cisecurity.org/controls/v8-1,live,,,,2026-09-24,200,NEEDS-READING,"HTTP 200, no last-updated date",,,security/framework-control-map.csv;security/framework-control-map.md,,
S1564,https://attack.mitre.org/resources/updates/,live,,,,2026-09-24,200,OK,"sitemap lastmod 2026-09-21, not after retrieval 2026-09-24",sitemap lastmod 2026-09-21,,security/threat-model-inputs.md,,
S1565,https://attack.mitre.org/techniques/T1072/,live,,,,2026-09-24,200,OK,"sitemap lastmod 2026-09-21, not after retrieval 2026-09-24",sitemap lastmod 2026-09-21,,security/threat-model-inputs.md,,
S1566,https://attack.mitre.org/techniques/T1484/,live,,,,2026-09-24,200,OK,"sitemap lastmod 2026-09-21, not after retrieval 2026-09-24",sitemap lastmod 2026-09-21,,security/threat-model-inputs.md,,
S1567,https://attack.mitre.org/techniques/T1098/,live,,,,2026-09-24,200,OK,"sitemap lastmod 2026-09-21, not after retrieval 2026-09-24",sitemap lastmod 2026-09-21,,security/threat-model-inputs.md,,
S1568,https://attack.mitre.org/techniques/T1558/,live,,,,2026-09-24,200,OK,"sitemap lastmod 2026-09-21, not after retrieval 2026-09-24",sitemap lastmod 2026-09-21,,security/threat-model-inputs.md,,
S1569,https://attack.mitre.org/techniques/T1078/,live,,,,2026-09-24,200,OK,"sitemap lastmod 2026-09-21, not after retrieval 2026-09-24",sitemap lastmod 2026-09-21,,security/threat-model-inputs.md,,
S1570,https://attack.mitre.org/techniques/T1219/,live,,,,2026-09-24,200,OK,"sitemap lastmod 2026-09-21, not after retrieval 2026-09-24",sitemap lastmod 2026-09-21,,security/threat-model-inputs.md,,
S1571,https://attack.mitre.org/techniques/T1562/,live,,,,2026-09-24,200,NEEDS-READING,"HTTP 200, no last-updated date",,,security/threat-model-inputs.md,,
S1572,https://owasp.org/www-community/Threat_Modeling_Process,live,,,,2026-09-24,200,NEEDS-READING,"HTTP 200, no last-updated date; redirected to https://community.owasp.org/Threat_Modeling_Process",,,security/threat-model-inputs.md,,
S1573,https://www.linddun.org/,live,,,,2026-09-24,200,NEEDS-READING,"HTTP 200, no last-updated date; redirected to https://linddun.org/",,,security/threat-model-inputs.md,,
S1574,https://learn.microsoft.com/en-us/azure/security/develop/threat-modeling-tool,learn,,,,2026-09-24,200,NEEDS-READING,a Learn page without a public source repo; read it (microsoft_docs_fetch),,learn,security/threat-model-inputs.md,,
S1575,https://learn.microsoft.com/en-us/mem/configmgr/core/plan-design/hierarchy/best-practices-for-securing-configuration-manager,learn,,,,2026-09-24,404,NEEDS-READING,a Learn page without a public source repo; read it (microsoft_docs_fetch),,learn,security/ai-agent-guidelines.md,,
S1576,https://raw.githubusercontent.com/mitre-attack/attack-stix-data/v19.2/enterprise-attack/enterprise-attack.json,raw-ref,github.com/mitre-attack/attack-stix-data,v19.2,enterprise-attack/enterprise-attack.json,2026-09-25,200,OK,tag v19.2 is the newest release of its series,tag v19.2 newest,,security/artifacts/mitre/attack-subset.md;security/threat-model-inputs.md,,
S1590,https://learn.microsoft.com/en-us/windows-server/storage/file-server/troubleshoot/detect-enable-and-disable-smbv1-v2-v3,learn,github.com/MicrosoftDocs/windowsserverdocs,,WindowsServerDocs/storage/file-server/troubleshoot/detect-enable-and-disable-smbv1-v2-v3,2026-09-24,,NEEDS-READING,no source file for the page in github.com/MicrosoftDocs/windowsserverdocs,,learn,security/first-baseline-candidates.md;security/settings-crosswalk.csv;security/settings-crosswalk.md,,
S1591,https://learn.microsoft.com/en-us/windows/win32/fileio/maximum-file-path-limitation,learn,,,,2026-09-24,200,NEEDS-READING,a Learn page without a public source repo; read it (microsoft_docs_fetch),,learn,security/first-baseline-candidates.md;security/policy-precedence.md;security/settings-crosswalk.csv;security/settings-crosswalk.md,,
S1592,https://learn.microsoft.com/en-us/windows-server/identity/ad-ds/manage/group-policy/group-policy-processing,learn,github.com/MicrosoftDocs/windowsserverdocs,,WindowsServerDocs/identity/ad-ds/manage/group-policy/group-policy-processing,2026-09-25,,OK,source file WindowsServerDocs/identity/ad-ds/manage/group-policy/group-policy-processing.md has no commit since 2026-09-25 (HEAD 62d7b049a49a),git_commit_id 62d7b049a49a,,security/first-baseline-candidates.md;security/policy-precedence.md,,
S1593,https://learn.microsoft.com/en-us/intune/configmgr/comanage/workloads,learn,,,,2026-09-24,200,NEEDS-READING,a Learn page without a public source repo; read it (microsoft_docs_fetch),,learn,security/first-baseline-candidates.md;security/policy-precedence.md,,
S1594,https://www.powershellgallery.com/api/v2/FindPackagesById()?id='SecurityPolicyDsc',live,,,,2026-09-24,200,NEEDS-READING,"HTTP 200, no last-updated date",,,security/dsc-coverage.md;security/settings-crosswalk.csv;security/settings-crosswalk.md,,
S1595,https://www.powershellgallery.com/api/v2/FindPackagesById()?id='AuditPolicyDsc',live,,,,2026-09-24,200,NEEDS-READING,"HTTP 200, no last-updated date",,,security/dsc-coverage.md;security/settings-crosswalk.csv;security/settings-crosswalk.md,,
S1596,https://api.github.com/repos/dsccommunity/SecurityPolicyDsc/contents/source/DSCResources,api-contents,github.com/dsccommunity/SecurityPolicyDsc,,source/DSCResources,2026-09-25,,OK,no commit on HEAD touches it since 2026-09-25; HEAD@44acc2570d94,HEAD@44acc2570d94,,security/dsc-coverage.md;security/settings-crosswalk.csv;security/settings-crosswalk.md,,
S1597,https://docs.pypi.org/trusted-publishers/adding-a-publisher/,live,,,,2026-09-24,200,NEEDS-READING,"HTTP 200, no last-updated date",,,security/supply-chain.md,,
S1598,https://raw.githubusercontent.com/microsoft/osconfig/82a54b9e9c85b6bb48cbb0bd34345ec03480e5d7/security/SecurityBaseline_WindowsServer_2025-2606.csv,raw-pin,github.com/microsoft/osconfig,82a54b9e9c85b6bb48cbb0bd34345ec03480e5d7,security/SecurityBaseline_WindowsServer_2025-2606.csv,2026-09-25,200,OK,file identical at the pin and at HEAD@82a54b9e9c85,HEAD@82a54b9e9c85,,security/artifacts/osconfig/README.md;security/baselines-catalog.csv;security/baselines-catalog.md;security/dsc-coverage.md;security/settings-crosswalk.csv;security/settings-crosswalk.md,,
S1599,https://raw.githubusercontent.com/microsoft/osconfig/82a54b9e9c85b6bb48cbb0bd34345ec03480e5d7/docs/resources/README.md,raw-pin,github.com/microsoft/osconfig,82a54b9e9c85b6bb48cbb0bd34345ec03480e5d7,docs/resources/README.md,2026-09-25,200,OK,file identical at the pin and at HEAD@82a54b9e9c85,HEAD@82a54b9e9c85,,security/dsc-coverage.md,,
S1600,https://kubernetes.io/docs/tasks/configure-pod-container/configure-gmsa/,live,,,,2026-09-24,200,OK,"page date 2024-07-10, not after retrieval 2026-09-24",page date 2024-07-10,,arch/k8s-gmsa-windows.md,,
S1601,https://learn.microsoft.com/en-us/virtualization/windowscontainers/manage-containers/gmsa-troubleshooting,learn,,,,2026-09-24,200,NEEDS-READING,a Learn page without a public source repo; read it (microsoft_docs_fetch),,learn,arch/k8s-gmsa-windows.md,,
S1602,https://learn.microsoft.com/en-us/azure/aks/use-group-managed-service-accounts,learn,,,,2026-09-24,200,NEEDS-READING,a Learn page without a public source repo; read it (microsoft_docs_fetch),,learn,arch/k8s-gmsa-windows.md,,
S1603,https://github.com/microsoft/Windows-Containers-AKS-gMSA,gh-page,,,,2026-09-24,,NEEDS-READING,"a github.com page (issues, wiki, home) or API call; read it",,github page,arch/k8s-gmsa-windows.md,,
S1604,https://github.com/pythongssapi/requests-gssapi,gh-page,,,,2026-09-24,,NEEDS-READING,"a github.com page (issues, wiki, home) or API call; read it",,github page,arch/kerberos-linux-containers.md,,
S1605,https://learn.microsoft.com/en-us/sql/connect/odbc/linux-mac/using-integrated-authentication?view=sql-server-ver17,learn,github.com/MicrosoftDocs/sql-docs,,docs/connect/odbc/linux-mac/using-integrated-authentication,2026-09-25,,OK,source file docs/connect/odbc/linux-mac/using-integrated-authentication.md has no commit since 2026-09-25 (HEAD 2e21fb07c211),git_commit_id 2e21fb07c211,,arch/kerberos-linux-containers.md;arch/sql-auth-containers.md,,
S1606,https://learn.microsoft.com/en-us/sql/linux/security/authentication/adutil-introduction?view=sql-server-ver16,learn,github.com/MicrosoftDocs/sql-docs,,docs/linux/security/authentication/adutil-introduction,2026-09-25,,OK,source file docs/linux/security/authentication/adutil-introduction.md has no commit since 2026-09-25 (HEAD 2e21fb07c211),git_commit_id 2e21fb07c211,,arch/kerberos-linux-containers.md,,
S1607,https://aws.amazon.com/blogs/opensource/aws-now-supports-credentials-fetcher-for-gmsa-on-amazon-linux-2023/,live,,,,2026-09-24,200,OK,"page date 2023-04-11, not after retrieval 2026-09-24",page date 2023-04-11,,arch/kerberos-linux-containers.md,,
S1608,https://github.com/aws/credentials-fetcher,gh-page,,,,2026-09-24,,NEEDS-READING,"a github.com page (issues, wiki, home) or API call; read it",,github page,arch/kerberos-linux-containers.md,,
S1609,https://learn.microsoft.com/en-us/azure/azure-arc/kubernetes/conceptual-workload-identity,learn,,,,2026-09-24,200,NEEDS-READING,a Learn page without a public source repo; read it (microsoft_docs_fetch),,learn,arch/workload-identity-onprem-k8s.md,,
S1610,https://learn.microsoft.com/en-us/sql/connect/odbc/using-azure-active-directory?view=sql-server-ver16,learn,github.com/MicrosoftDocs/sql-docs,,docs/connect/odbc/using-azure-active-directory,2026-09-25,,OK,source file docs/connect/odbc/using-azure-active-directory.md has no commit since 2026-09-25 (HEAD 2e21fb07c211),git_commit_id 2e21fb07c211,,arch/sql-auth-containers.md,,
S1700,https://docs.gitlab.com/ci/components/,live,,,,2026-09-24,200,NEEDS-READING,"HTTP 200, no last-updated date",,,arch/gitlab-ci-components.md,,
S1701,https://gitlab.com/gitlab-org/gitlab/-/issues/427286,live,,,,2026-09-25,200,NEEDS-READING,"HTTP 200, no last-updated date",,,arch/gitlab-ci-components.md,,
S1702,https://about.gitlab.com/blog/ci-cd-catalog-goes-ga-no-more-building-pipelines-from-scratch/,live,,,,2026-09-24,200,OK,"page date 2024-05-08, not after retrieval 2026-09-24",page date 2024-05-08,,arch/gitlab-ci-components.md,,
S1704,https://forum.gitlab.com/t/private-ci-cd-component-cannot-be-included-from-the-catalog-if-the-user-has-the-guest-role/124256,live,,,,2026-09-24,200,NEEDS-READING,"HTTP 200, no last-updated date",,,arch/gitlab-ci-components.md,,
S1705,https://packaging.python.org/en/latest/specifications/dependency-specifiers/,live,,,,2026-09-24,200,OK,"page date 2026-09-22, not after retrieval 2026-09-24",page date 2026-09-22,,arch/python-single-package-extras.md,,
S1706,https://docs.astral.sh/uv/concepts/projects/dependencies/,live,,,,2026-09-24,200,OK,"page date 2026-08-14, not after retrieval 2026-09-24",page date 2026-08-14,,arch/python-single-package-extras.md,,
S1707,https://peps.python.org/pep-0735/,live,,,,2026-09-24,200,NEEDS-READING,"HTTP 200, no last-updated date",,,arch/python-single-package-extras.md,,
S1708,https://peps.python.org/pep-0621/,live,,,,2026-09-24,200,NEEDS-READING,"HTTP 200, no last-updated date",,,arch/python-single-package-extras.md,,
S1709,https://pypi.org/project/fluent.runtime/,live,,,,2026-09-25,200,OK,PyPI latest 0.4.0 matches the recorded version,PyPI 0.4.0,,arch/texts-catalogue-formats.md,,
S1710,https://projectfluent.org/python-fluent/fluent.runtime/stable/usage.html,live,,,,2026-09-24,200,NEEDS-READING,"HTTP 200, no last-updated date",,,arch/texts-catalogue-formats.md,,
S1711,https://projectfluent.org/fluent/guide/,live,,,,2026-09-24,200,NEEDS-READING,"HTTP 200, no last-updated date",,,arch/texts-catalogue-formats.md,,
S1712,https://learn.microsoft.com/en-us/powershell/module/microsoft.powershell.core/about/about_script_internationalization?view=powershell-7.4,learn,,,,2026-09-24,200,NEEDS-READING,a Learn page without a public source repo; read it (microsoft_docs_fetch),,learn,arch/texts-catalogue-formats.md,,
S1713,https://learn.microsoft.com/en-us/powershell/module/microsoft.powershell.utility/import-localizeddata?view=powershell-5.1,learn,,,,2026-09-24,200,NEEDS-READING,a Learn page without a public source repo; read it (microsoft_docs_fetch),,learn,arch/texts-catalogue-formats.md,,
S1714,https://learn.microsoft.com/en-us/analysis-services/tabular-models/translations-in-tabular-models-analysis-services?view=sql-analysis-services-2025,learn,,,,2026-09-24,200,NEEDS-READING,a Learn page without a public source repo; read it (microsoft_docs_fetch),,learn,arch/texts-catalogue-formats.md,,
S1715,https://learn.microsoft.com/en-us/power-bi/transform-model/desktop-tmdl-view,learn,,,,2026-09-24,200,NEEDS-READING,a Learn page without a public source repo; read it (microsoft_docs_fetch),,learn,arch/texts-catalogue-formats.md,,
S1716,https://www.gnu.org/software/gettext/manual/gettext.html,live,,,,2026-09-24,200,NEEDS-READING,"HTTP 200, no last-updated date",,,arch/texts-catalogue-formats.md,,
S1717,https://docs.python.org/3/library/gettext.html,live,,,,2026-09-24,200,CHANGED,page date 2026-09-26 is after retrieval 2026-09-24,page date 2026-09-26,,arch/texts-catalogue-formats.md,,
S1718,https://12factor.net/config,live,,,,2026-09-24,200,CHANGED,sitemap lastmod 2026-09-26 is after retrieval 2026-09-24,sitemap lastmod 2026-09-26,,arch/twelve-factor-readiness.md,,
S1719,https://12factor.net/backing-services,live,,,,2026-09-24,200,CHANGED,sitemap lastmod 2026-09-26 is after retrieval 2026-09-24,sitemap lastmod 2026-09-26,,arch/twelve-factor-readiness.md,,
S1720,https://12factor.net/logs,live,,,,2026-09-24,200,CHANGED,sitemap lastmod 2026-09-26 is after retrieval 2026-09-24,sitemap lastmod 2026-09-26,,arch/twelve-factor-readiness.md,,
S1721,https://12factor.net/disposability,live,,,,2026-09-24,200,CHANGED,sitemap lastmod 2026-09-26 is after retrieval 2026-09-24,sitemap lastmod 2026-09-26,,arch/twelve-factor-readiness.md,,
S1722,https://12factor.net/processes,live,,,,2026-09-24,200,CHANGED,sitemap lastmod 2026-09-26 is after retrieval 2026-09-24,sitemap lastmod 2026-09-26,,arch/twelve-factor-readiness.md,,
S1723,https://12factor.net/dev-prod-parity,live,,,,2026-09-24,200,CHANGED,sitemap lastmod 2026-09-26 is after retrieval 2026-09-24,sitemap lastmod 2026-09-26,,arch/twelve-factor-readiness.md,,
S1724,https://12factor.net/admin-processes,live,,,,2026-09-24,200,CHANGED,sitemap lastmod 2026-09-26 is after retrieval 2026-09-24,sitemap lastmod 2026-09-26,,arch/twelve-factor-readiness.md,,
S1725,https://kubernetes.io/docs/concepts/security/secrets-good-practices/,live,,,,2026-09-24,200,OK,"page date 2025-06-22, not after retrieval 2026-09-24",page date 2025-06-22,,arch/twelve-factor-readiness.md,,
S1726,https://kubernetes.io/docs/concepts/workloads/controllers/cron-jobs/,live,,,,2026-09-24,200,OK,"page date 2026-05-13, not after retrieval 2026-09-24",page date 2026-05-13,,arch/twelve-factor-readiness.md,,
S1727,https://kubernetes.io/docs/concepts/workloads/controllers/job/,live,,,,2026-09-24,200,OK,"page date 2026-07-31, not after retrieval 2026-09-24",page date 2026-07-31,,arch/twelve-factor-readiness.md,,
S1728,https://docs.python.org/3/library/zoneinfo.html,live,,,,2026-09-24,200,CHANGED,page date 2026-09-26 is after retrieval 2026-09-24,page date 2026-09-26,,arch/twelve-factor-readiness.md,,
S1729,https://kubernetes.io/docs/concepts/configuration/secret/,live,,,,2026-09-24,200,OK,"page date 2026-07-23, not after retrieval 2026-09-24",page date 2026-07-23,,arch/twelve-factor-readiness.md,,
S1730,https://docs.gitlab.com/administration/pages/,live,,,,2026-09-24,200,NEEDS-READING,"HTTP 200, no last-updated date",,,arch/docs-home-options.md,,
S1731,https://docs.gitlab.com/user/project/pages/pages_access_control/,live,,,,2026-09-24,200,NEEDS-READING,"HTTP 200, no last-updated date",,,arch/docs-home-options.md,,
S1732,https://www.mkdocs.org/user-guide/cli/,live,,,,2026-09-24,200,OK,"sitemap lastmod 2024-08-30, not after retrieval 2026-09-24",sitemap lastmod 2024-08-30,,arch/docs-home-options.md,,
S1733,https://docs.gitlab.com/user/project/pages/getting_started/pages_from_scratch/,live,,,,2026-09-24,200,NEEDS-READING,"HTTP 200, no last-updated date",,,arch/docs-home-options.md,,
S1800,https://code.claude.com/docs/en/headless,live,,,,2026-09-25,200,OK,"sitemap lastmod 2026-09-25, not after retrieval 2026-09-25",sitemap lastmod 2026-09-25,,agents/headless-agent-runtimes.md;claude/ci-and-headless.md;claude/cli-flags.csv,,
S1801,https://code.claude.com/docs/en/github-actions,live,,,,2026-09-25,200,OK,"sitemap lastmod 2026-09-25, not after retrieval 2026-09-25",sitemap lastmod 2026-09-25,,agents/headless-agent-runtimes.md;claude/ci-and-headless.md,,
S1802,https://code.claude.com/docs/en/gitlab-ci-cd,live,,,,2026-09-25,200,OK,"sitemap lastmod 2026-08-29, not after retrieval 2026-09-25",sitemap lastmod 2026-08-29,,agents/headless-agent-runtimes.md;claude/ci-and-headless.md,,
S1803,https://code.claude.com/docs/en/routines,live,,,,2026-09-25,200,CHANGED,sitemap lastmod 2026-09-26 is after retrieval 2026-09-25,sitemap lastmod 2026-09-26,,agents/headless-agent-runtimes.md,,
S1804,https://docs.github.com/en/copilot/responsible-use/copilot-cloud-agent,live,,,,2026-09-25,200,NEEDS-READING,"HTTP 200, no last-updated date; redirected to https://docs.github.com/en/copilot/responsible-use/agents",,,agents/headless-agent-runtimes.md,,
S1805,https://docs.github.com/en/copilot/how-tos/agents/copilot-coding-agent/customizing-or-disabling-the-firewall-for-copilot-coding-agent,live,,,,2026-09-25,200,NEEDS-READING,"HTTP 200, no last-updated date; redirected to https://docs.github.com/en/copilot/how-tos/copilot-on-github/customize-copilot/customize-the-firewall",,,agents/github-copilot-admin.md;agents/headless-agent-runtimes.md,,
S1806,https://docs.gitlab.com/user/duo_agent_platform/agents/external/,live,,,,2026-09-25,200,NEEDS-READING,"HTTP 200, no last-updated date",,,agents/headless-agent-runtimes.md,,
S1807,https://about.gitlab.com/press/releases/2026-01-15-gitlab-announces-duo-agent-platform-general-availability/,live,,,,2026-09-25,200,NEEDS-READING,"HTTP 200, no last-updated date",,,agents/headless-agent-runtimes.md,,
S1808,https://cognition.com/blog/deepwiki,live,,,,2026-09-25,200,OK,"sitemap lastmod 2026-08-12, not after retrieval 2026-09-25",sitemap lastmod 2026-08-12,,agents/docs-maintenance-agents.md,,
S1809,https://docs.devin.ai/work-with-devin/deepwiki,live,,,,2026-09-25,200,OK,"sitemap lastmod 2026-09-16, not after retrieval 2026-09-25",sitemap lastmod 2026-09-16,,agents/docs-maintenance-agents.md,,
S1810,https://github.com/CognitionAI/deepwiki,gh-page,,,,2026-09-25,,NEEDS-READING,"a github.com page (issues, wiki, home) or API call; read it",,github page,agents/docs-maintenance-agents.md,,
S1811,https://www.mintlify.com/docs/ai/llmstxt,live,,,,2026-09-25,200,OK,"sitemap lastmod 2026-09-14, not after retrieval 2026-09-25",sitemap lastmod 2026-09-14,,agents/docs-maintenance-agents.md,,
S1812,https://www.mintlify.com/blog/how-to-generate-llmstxt-file-automatically,live,,,,2026-09-25,200,OK,"sitemap lastmod 2026-03-15, not after retrieval 2026-09-25",sitemap lastmod 2026-03-15,,agents/docs-maintenance-agents.md,,
S1813,https://llmstxt.org/,live,,,,2026-09-25,200,NEEDS-READING,"HTTP 200, no last-updated date",,,agents/docs-maintenance-agents.md,,
S1814,https://swimm.io/blog/sync-dont-sink-why-we-built-swimm-for-dev-teams,live,,,,2026-09-25,200,OK,"page date 2024-01-24, not after retrieval 2026-09-25",page date 2024-01-24,,agents/docs-maintenance-agents.md,,
S1815,https://swimm.io/learn/code-documentation/reasons-continuous-integration-documentation-is-a-must,live,,,,2026-09-25,200,OK,"page date 2024-10-30, not after retrieval 2026-09-25",page date 2024-10-30,,agents/docs-maintenance-agents.md,,
S1816,https://docs.github.com/en/copilot/concepts/context/spaces,live,,,,2026-09-25,200,NEEDS-READING,"HTTP 200, no last-updated date",,,agents/docs-maintenance-agents.md,,
S1817,https://github.blog/changelog/2025-09-24-copilot-spaces-is-now-generally-available/,live,,,,2026-09-25,200,OK,"page date 2025-09-27, not after retrieval 2026-09-25",page date 2025-09-27,,agents/docs-maintenance-agents.md,,
S1818,https://github.github.io/gh-aw/,live,,,,2026-09-25,200,OK,"page date 2026-05-09, not after retrieval 2026-09-25",page date 2026-05-09,,agents/docs-maintenance-agents.md;agents/headless-agent-runtimes.md,,
S1819,https://github.com/githubnext/gh-aw,gh-page,,,,2026-09-25,,NEEDS-READING,"a github.com page (issues, wiki, home) or API call; read it",,github page,agents/docs-maintenance-agents.md;agents/headless-agent-runtimes.md,,
S1820,https://agents.md/,live,,,,2026-09-25,200,NEEDS-READING,"HTTP 200, no last-updated date",,,agents/docs-maintenance-agents.md,,
S1821,https://docs.github.com/en/copilot/how-tos/agents/copilot-coding-agent/best-practices-for-using-copilot-to-work-on-tasks,live,,,,2026-09-25,200,NEEDS-READING,"HTTP 200, no last-updated date; redirected to https://docs.github.com/en/copilot/tutorials/cloud-agent/get-the-best-results",,,agents/docs-maintenance-agents.md,,
S1822,https://vale.sh/,live,,,,2026-09-25,200,NEEDS-READING,"HTTP 200, no last-updated date",,,agents/docs-maintenance-agents.md,,
S1823,https://github.com/DavidAnson/markdownlint,gh-page,,,,2026-09-25,,NEEDS-READING,"a github.com page (issues, wiki, home) or API call; read it",,github page,agents/docs-maintenance-agents.md,,
S1824,https://code.claude.com/docs/en/cli-reference,live,,,,2026-09-25,200,CHANGED,sitemap lastmod 2026-09-26 is after retrieval 2026-09-25,sitemap lastmod 2026-09-26,,agents/headless-agent-runtimes.md;claude/ci-and-headless.md;claude/cli-flags.csv,,
S1825,https://developers.googleblog.com/en/introducing-code-wiki-accelerating-your-code-understanding/,live,,,,2026-09-25,200,NEEDS-READING,"HTTP 200, no last-updated date",,,agents/docs-maintenance-agents.md,,
S1840,https://learn.microsoft.com/en-us/microsoft-365/copilot/extensibility/declarative-agent-manifest-1.4,learn,,,,2026-09-25,200,NEEDS-READING,a Learn page without a public source repo; read it (microsoft_docs_fetch),,learn,agents/declarative-agent-manifest.csv;agents/instruction-and-context-limits.csv;agents/instruction-and-context-limits.md;agents/m365-copilot-extensibility.md,,
S1841,https://techcommunity.microsoft.com/discussions/microsoft365copilot/ai-agent-instructions-character-limit-in-studio-license/4468072,live,,,,2026-09-25,"error: [Errno 8] nodename nor servname provided, or not known",NEEDS-READING,"HTTP error: [Errno 8] nodename nor servname provided, or not known",,,agents/instruction-and-context-limits.csv;agents/instruction-and-context-limits.md,,
S1842,https://learn.microsoft.com/en-us/troubleshoot/power-platform/copilot-studio/authoring/error-codes,learn,,,,2026-09-25,200,NEEDS-READING,a Learn page without a public source repo; read it (microsoft_docs_fetch),,learn,agents/agent-error-catalogue.csv;agents/agent-error-catalogue.md;agents/instruction-and-context-limits.md,,
S1843,https://zenchong.substack.com/p/your-copilot-studio-agents-instructions,live,,,,2026-09-25,200,OK,"page date 2026-02-15, not after retrieval 2026-09-25",page date 2026-02-15,,agents/agent-error-catalogue.csv;agents/agent-error-catalogue.md;agents/instruction-and-context-limits.csv;agents/instruction-and-context-limits.md,,
S1844,https://community.openai.com/t/why-is-the-my-gpt-instructions-limited-by-8000-characters/1006936,live,,,,2026-09-25,200,NEEDS-READING,"HTTP 200, no last-updated date",,,agents/instruction-and-context-limits.csv;agents/instruction-and-context-limits.md,,
S1845,https://community.openai.com/t/token-character-restrictions-for-assistants-api/511174,live,,,,2026-09-25,200,OK,"page date 2023-11-18, not after retrieval 2026-09-25",page date 2023-11-18,,agents/instruction-and-context-limits.csv;agents/instruction-and-context-limits.md,,
S1846,https://discuss.ai.google.dev/t/400-request-contains-an-invalid-argument-when-systeminstruction-exceeds-85-90k-tokens-3-7-3-8-flash-3-1-pro/183049,live,,,,2026-09-25,200,OK,"page date 2026-09-15, not after retrieval 2026-09-25",page date 2026-09-15,,agents/instruction-and-context-limits.csv;agents/instruction-and-context-limits.md,,
S1847,https://platform.claude.com/docs/en/api/errors,live,,,,2026-09-25,200,NEEDS-READING,"HTTP 200, no last-updated date",,,agents/agent-error-catalogue.csv;agents/agent-error-catalogue.md;agents/instruction-and-context-limits.csv;agents/instruction-and-context-limits.md;claude/api-limits.csv;claude/messages-api.md,,
S1848,https://github.com/anthropics/claude-code/issues/40121,gh-page,,,,2026-09-25,,NEEDS-READING,"a github.com page (issues, wiki, home) or API call; read it",,github page,agents/instruction-and-context-limits.md,,
S1849,https://github.com/anthropics/claude-code/issues/47627,gh-page,,,,2026-09-25,,NEEDS-READING,"a github.com page (issues, wiki, home) or API call; read it",,github page,agents/instruction-and-context-limits.md,,
S1850,https://github.com/anthropics/skills/issues/1613,gh-page,,,,2026-09-25,,NEEDS-READING,"a github.com page (issues, wiki, home) or API call; read it",,github page,agents/agent-error-catalogue.md;agents/instruction-and-context-limits.csv;agents/instruction-and-context-limits.md,,
S1851,https://docs.github.com/en/copilot/tutorials/customize-code-review,live,,,,2026-09-25,200,NEEDS-READING,"HTTP 200, no last-updated date",,,agents/instruction-and-context-limits.csv;agents/instruction-and-context-limits.md,,
S1852,https://github.blog/changelog/2026-06-12-copilot-code-review-new-configurations-and-controls/,live,,,,2026-09-25,200,OK,"page date 2026-06-12, not after retrieval 2026-09-25",page date 2026-06-12,,agents/instruction-and-context-limits.csv;agents/instruction-and-context-limits.md,,
S1853,https://github.com/orgs/community/discussions/151848,gh-page,,,,2026-09-25,,NEEDS-READING,"a github.com page (issues, wiki, home) or API call; read it",,github page,agents/instruction-and-context-limits.md,,
S1854,https://arxiv.org/pdf/2507.11538,live,,,,2026-09-25,200,NEEDS-READING,"HTTP 200, no last-updated date",,,agents/instruction-and-context-limits.md,,
S1855,https://www.anthropic.com/engineering/effective-context-engineering-for-ai-agents,live,,,,2026-09-25,200,OK,"sitemap lastmod 2026-01-06, not after retrieval 2026-09-25",sitemap lastmod 2026-01-06,,agents/agent-error-catalogue.csv;agents/agent-error-catalogue.md;agents/instruction-and-context-limits.md,,
S1856,https://github.com/anthropics/claude-code/issues/45188,gh-page,,,,2026-09-25,,NEEDS-READING,"a github.com page (issues, wiki, home) or API call; read it",,github page,agents/instruction-and-context-limits.md,,
S1857,https://github.com/anthropics/claude-code/issues/96152,gh-page,,,,2026-09-25,,NEEDS-READING,"a github.com page (issues, wiki, home) or API call; read it",,github page,agents/agent-error-catalogue.csv;agents/agent-error-catalogue.md;agents/instruction-and-context-limits.csv;agents/instruction-and-context-limits.md,,
S1858,https://github.com/anthropics/claude-code/issues/11026,gh-page,,,,2026-09-25,,NEEDS-READING,"a github.com page (issues, wiki, home) or API call; read it",,github page,agents/agent-error-catalogue.csv;agents/agent-error-catalogue.md,,
S1859,https://support.claude.com/en/articles/9519177-how-can-i-create-and-manage-projects,live,,,,2026-09-25,200,OK,"sitemap lastmod 2026-09-22, not after retrieval 2026-09-25",sitemap lastmod 2026-09-22,,agents/instruction-and-context-limits.csv;agents/instruction-and-context-limits.md,,
S1860,https://code.claude.com/docs/en/skills,live,,,,2026-09-25,200,CHANGED,sitemap lastmod 2026-09-26 is after retrieval 2026-09-25,sitemap lastmod 2026-09-26,,agents/agent-error-catalogue.md;agents/instruction-and-context-limits.csv;agents/instruction-and-context-limits.md,,
S1861,https://modelcontextprotocol.io/specification/2026-07-28/basic/transports/stdio,live,,,,2026-09-25,200,OK,"sitemap lastmod 2026-09-24, not after retrieval 2026-09-25",sitemap lastmod 2026-09-24,,agents/agent-error-catalogue.csv;agents/agent-error-catalogue.md,,
S1862,https://code.claude.com/docs/en/mcp,live,,,,2026-09-25,200,OK,"sitemap lastmod 2026-09-25, not after retrieval 2026-09-25",sitemap lastmod 2026-09-25,,agents/agent-error-catalogue.csv;agents/agent-error-catalogue.md;agents/instruction-and-context-limits.csv;security/ai-agent-guidelines.md,,
S1863,https://code.claude.com/docs/en/memory,live,,,,2026-09-25,200,CHANGED,sitemap lastmod 2026-09-26 is after retrieval 2026-09-25,sitemap lastmod 2026-09-26,,agents/instruction-and-context-limits.csv;agents/instruction-and-context-limits.md;claude/settings-and-scopes.md,,
S1864,https://raw.githubusercontent.com/anthropics/claude-code/main/CHANGELOG.md,raw-ref,github.com/anthropics/claude-code,main,CHANGELOG.md,2026-09-25,200,CHANGED,"2 commit(s) on main since 2026-09-25, latest 7779afb12e36 2026-09-25",main@7779afb12e36,,agents/agent-error-catalogue.csv;agents/agent-error-catalogue.md;agents/instruction-and-context-limits.csv;agents/instruction-and-context-limits.md,,
S1865,https://developers.openai.com/api/docs/guides/function-calling,live,,,,2026-09-25,200,NEEDS-READING,"HTTP 200, no last-updated date",,,agents/agent-error-catalogue.csv;agents/agent-error-catalogue.md;agents/instruction-and-context-limits.csv;agents/instruction-and-context-limits.md,,
S1866,https://ai.google.dev/gemini-api/docs/function-calling,live,,,,2026-09-25,200,OK,"page date 2026-09-23, not after retrieval 2026-09-25",page date 2026-09-23,,agents/instruction-and-context-limits.csv;agents/instruction-and-context-limits.md,,
S1867,https://developers.openai.com/api/docs/guides/structured-outputs,live,,,,2026-09-25,200,NEEDS-READING,"HTTP 200, no last-updated date",,,agents/agent-error-catalogue.md;agents/instruction-and-context-limits.csv;agents/instruction-and-context-limits.md,,
S1868,https://platform.claude.com/docs/en/agents-and-tools/tool-use/overview,live,,,,2026-09-25,200,NEEDS-READING,"HTTP 200, no last-updated date",,,,,
S1869,https://platform.claude.com/docs/en/agents-and-tools/tool-use/strict-tool-use,live,,,,2026-09-25,200,NEEDS-READING,"HTTP 200, no last-updated date",,,agents/agent-error-catalogue.md;agents/instruction-and-context-limits.csv;agents/instruction-and-context-limits.md,,
S1870,https://www.trychroma.com/research/context-rot,live,,,,2026-09-25,200,OK,"sitemap lastmod 2026-09-14, not after retrieval 2026-09-25",sitemap lastmod 2026-09-14,,agents/instruction-and-context-limits.md,,
S1880,https://modelcontextprotocol.io/docs/tools/inspector,live,,,,2026-09-25,200,OK,"page date 2026-08-02, not after retrieval 2026-09-25; redirected to https://modelcontextprotocol.io/docs/2026-07-28/tools/inspector",page date 2026-08-02,,agents/agent-evaluation.md,,
S1881,https://github.com/modelcontextprotocol/inspector,gh-page,,,,2026-09-25,,NEEDS-READING,"a github.com page (issues, wiki, home) or API call; read it",,github page,agents/agent-evaluation.md,,
S1882,https://www.anthropic.com/engineering/writing-effective-tools-for-agents,live,,,,2026-09-25,404,GONE,HTTP 404,,,,,
S1883,https://www.promptfoo.dev/docs/providers/mcp/,live,,,,2026-09-25,200,NEEDS-READING,"HTTP 200, no last-updated date",,,agents/agent-evaluation.md;agents/mcp-stress-testing.md,,
S1884,https://www.promptfoo.dev/docs/red-team/mcp-security-testing/,live,,,,2026-09-25,200,NEEDS-READING,"HTTP 200, no last-updated date",,,agents/agent-evaluation.md;agents/mcp-stress-testing.md,,
S1885,https://github.com/promptfoo/promptfoo,gh-page,,,,2026-09-25,,NEEDS-READING,"a github.com page (issues, wiki, home) or API call; read it",,github page,agents/agent-evaluation.md,,
S1886,https://github.com/UKGovernmentBEIS/inspect_ai,gh-page,,,,2026-09-25,,NEEDS-READING,"a github.com page (issues, wiki, home) or API call; read it",,github page,agents/agent-evaluation.md,,
S1887,https://inspect.aisi.org.uk/,live,,,,2026-09-25,200,NEEDS-READING,"HTTP 200, no last-updated date",,,agents/agent-evaluation.md,,
S1888,https://deepeval.com/docs/evaluation-mcp,live,,,,2026-09-25,200,OK,"sitemap lastmod 2026-09-23, not after retrieval 2026-09-25",sitemap lastmod 2026-09-23,,agents/agent-evaluation.md;agents/mcp-stress-testing.md,,
S1889,https://github.com/confident-ai/deepeval,gh-page,,,,2026-09-25,,NEEDS-READING,"a github.com page (issues, wiki, home) or API call; read it",,github page,agents/agent-evaluation.md,,
S1890,https://github.com/NVIDIA/garak,gh-page,,,,2026-09-25,,NEEDS-READING,"a github.com page (issues, wiki, home) or API call; read it",,github page,agents/agent-evaluation.md;agents/mcp-stress-testing.md,,
S1891,https://github.com/NVIDIA/garak/blob/main/LICENSE,gh-ref,github.com/NVIDIA/garak,main,LICENSE,2026-09-25,,OK,no commit on main touches it since 2026-09-25; main@8d1259ef310e,main@8d1259ef310e,,agents/agent-evaluation.md;agents/mcp-stress-testing.md,,
S1892,https://github.com/microsoft/PyRIT,gh-page,,,,2026-09-25,,NEEDS-READING,"a github.com page (issues, wiki, home) or API call; read it",,github page,agents/agent-evaluation.md;agents/mcp-stress-testing.md,,
S1893,https://github.com/openai/evals,gh-page,,,,2026-09-25,,NEEDS-READING,"a github.com page (issues, wiki, home) or API call; read it",,github page,agents/agent-evaluation.md,,
S1894,https://developers.openai.com/api/docs/guides/evaluation-best-practices,live,,,,2026-09-25,200,NEEDS-READING,"HTTP 200, no last-updated date",,,agents/agent-evaluation.md,,
S1895,https://developers.openai.com/cookbook/examples/evaluation/use-cases/mcp_eval_notebook,live,,,,2026-09-25,200,NEEDS-READING,"HTTP 200, no last-updated date",,,agents/agent-evaluation.md,,
S1896,https://www.anthropic.com/engineering/demystifying-evals-for-ai-agents,live,,,,2026-09-25,200,OK,"sitemap lastmod 2026-03-18, not after retrieval 2026-09-25",sitemap lastmod 2026-03-18,,agents/agent-evaluation.md;agents/eval-question-baseline.md,,
S1897,https://platform.claude.com/docs/en/test-and-evaluate/define-success,live,,,,2026-09-25,200,NEEDS-READING,"HTTP 200, no last-updated date; redirected to https://platform.claude.com/docs/en/test-and-evaluate/develop-tests",,,,,
S1898,https://platform.claude.com/docs/en/test-and-evaluate/develop-tests,live,,,,2026-09-25,200,NEEDS-READING,"HTTP 200, no last-updated date",,,agents/agent-evaluation.md;agents/eval-question-baseline.md,,
S1899,https://arxiv.org/abs/2406.12045,live,,,,2026-09-25,200,NEEDS-READING,"HTTP 200, no last-updated date",,,agents/agent-evaluation.md;agents/eval-question-baseline.md,,
S1900,https://github.com/sierra-research/tau2-bench,gh-page,,,,2026-09-25,,NEEDS-READING,"a github.com page (issues, wiki, home) or API call; read it",,github page,agents/agent-evaluation.md,,
S1901,https://github.com/vishalhabib99/mcp-fuzz,gh-page,,,,2026-09-25,,NEEDS-READING,"a github.com page (issues, wiki, home) or API call; read it",,github page,agents/agent-evaluation.md;agents/mcp-stress-testing.md,,
S1902,https://github.com/Agent-Hellboy/mcp-server-fuzzer,gh-page,,,,2026-09-25,,NEEDS-READING,"a github.com page (issues, wiki, home) or API call; read it",,github page,agents/agent-evaluation.md;agents/mcp-stress-testing.md,,
S1903,https://github.com/NVIDIA/garak/issues/1639,gh-page,,,,2026-09-25,,NEEDS-READING,"a github.com page (issues, wiki, home) or API call; read it",,github page,agents/agent-evaluation.md;agents/mcp-stress-testing.md,,
S1904,https://github.com/ShovalBenjer/mcp-guard,gh-page,,,,2026-09-25,,NEEDS-READING,"a github.com page (issues, wiki, home) or API call; read it",,github page,agents/agent-evaluation.md;agents/mcp-stress-testing.md,,
S1905,https://github.com/manthanghasadiya/mcpsec,gh-page,,,,2026-09-25,,NEEDS-READING,"a github.com page (issues, wiki, home) or API call; read it",,github page,agents/agent-evaluation.md;agents/mcp-stress-testing.md,,
S1920,https://www.anthropic.com/engineering/building-effective-agents,live,,,,2026-09-25,200,OK,"sitemap lastmod 2026-08-10, not after retrieval 2026-09-25",sitemap lastmod 2026-08-10,,agents/agent-dispatch-and-shared-services.md;agents/agent-overuse-patterns.md;agents/subagents-vs-deterministic-tools.md,,
S1921,https://www.anthropic.com/engineering/multi-agent-research-system,live,,,,2026-09-25,200,OK,"sitemap lastmod 2026-01-06, not after retrieval 2026-09-25",sitemap lastmod 2026-01-06,,agents/agent-overuse-patterns.md;agents/subagents-vs-deterministic-tools.md,,
S1922,https://www.anthropic.com/engineering/code-execution-with-mcp,live,,,,2026-09-25,200,OK,"sitemap lastmod 2025-11-04, not after retrieval 2026-09-25",sitemap lastmod 2025-11-04,,agents/subagents-vs-deterministic-tools.md,,
S1923,https://code.claude.com/docs/en/sub-agents,live,,,,2026-09-25,200,CHANGED,sitemap lastmod 2026-09-26 is after retrieval 2026-09-25,sitemap lastmod 2026-09-26,,agents/subagents-vs-deterministic-tools.md,,
S1924,https://cdn.openai.com/business-guides-and-resources/a-practical-guide-to-building-agents.pdf,live,,,,2026-09-25,200,NEEDS-READING,"HTTP 200, no last-updated date",,,agents/agent-overuse-patterns.csv;agents/agent-overuse-patterns.md;agents/subagents-vs-deterministic-tools.md,,
S1925,https://learn.microsoft.com/en-us/azure/architecture/ai-ml/guide/ai-agent-design-patterns,learn,,,,2026-09-25,200,NEEDS-READING,a Learn page without a public source repo; read it (microsoft_docs_fetch),,learn,agents/agent-overuse-patterns.md;agents/subagents-vs-deterministic-tools.md,,
S1926,https://cognition.com/blog/dont-build-multi-agents,live,,,,2026-09-25,200,OK,"sitemap lastmod 2026-08-12, not after retrieval 2026-09-25",sitemap lastmod 2026-08-12,,agents/subagents-vs-deterministic-tools.md,,
S1927,https://cognition.com/blog/multi-agents-working,live,,,,2026-09-25,200,OK,"sitemap lastmod 2026-08-12, not after retrieval 2026-09-25",sitemap lastmod 2026-08-12,,agents/subagents-vs-deterministic-tools.md,,
S1928,https://modelcontextprotocol.io/specification/2025-06-18/server/tools,live,,,,2026-09-25,200,OK,"sitemap lastmod 2026-09-24, not after retrieval 2026-09-25",sitemap lastmod 2026-09-24,,agents/agent-dispatch-and-shared-services.md;agents/agent-overuse-patterns.csv;agents/subagents-vs-deterministic-tools.md,,
S1929,https://x.com/codingscape/status/1937503477971697684,live,,,,2026-09-25,200,NEEDS-READING,"HTTP 200, no last-updated date",,,agents/subagents-vs-deterministic-tools.md,,
S1930,https://www.augmentcode.com/guides/multi-agent-cost-compounding,live,,,,2026-09-25,200,OK,"sitemap lastmod 2026-06-18, not after retrieval 2026-09-25",sitemap lastmod 2026-06-18,,agents/subagents-vs-deterministic-tools.md,,
S1931,https://aimultiple.com/code-execution-with-mcp,live,,,,2026-09-25,200,OK,"page date 2026-08-14, not after retrieval 2026-09-25",page date 2026-08-14,,agents/subagents-vs-deterministic-tools.md,,
S1932,https://particula.tech/blog/code-execution-mcp-token-reduction-pattern,live,,,,2026-09-25,200,OK,"sitemap lastmod 2026-06-16, not after retrieval 2026-09-25",sitemap lastmod 2026-06-16,,agents/subagents-vs-deterministic-tools.md,,
S1933,https://laxmikumars.medium.com/writing-effective-tools-for-ai-agents-lessons-from-anthropic-25b85bf74f5d,live,,,,2026-09-25,403,NEEDS-READING,HTTP 403,,,agents/subagents-vs-deterministic-tools.md,,
S1934,https://theaiengineer.substack.com/p/how-anthropic-built-multi-agent-deep,live,,,,2026-09-25,200,OK,"sitemap lastmod 2026-08-28, not after retrieval 2026-09-25",sitemap lastmod 2026-08-28,,agents/subagents-vs-deterministic-tools.md,,
S1935,https://www.anthropic.com/engineering/writing-tools-for-agents,live,,,,2026-09-25,200,OK,"sitemap lastmod 2026-01-06, not after retrieval 2026-09-25",sitemap lastmod 2026-01-06,,agents/agent-evaluation.md;agents/agent-overuse-patterns.csv;agents/agent-overuse-patterns.md;agents/mcp-stress-testing.md;agents/subagents-vs-deterministic-tools.md,,
S1936,https://www.anthropic.com/engineering/equipping-agents-for-the-real-world-with-agent-skills,live,,,,2026-09-25,200,OK,"sitemap lastmod 2026-04-15, not after retrieval 2026-09-25",sitemap lastmod 2026-04-15,,agents/agent-overuse-patterns.csv;agents/agent-overuse-patterns.md;agents/subagents-vs-deterministic-tools.md,,
S1937,https://platform.claude.com/docs/en/agents-and-tools/agent-skills/best-practices,live,,,,2026-09-25,200,NEEDS-READING,"HTTP 200, no last-updated date",,,agents/subagents-vs-deterministic-tools.md,,
S1938,https://learn.microsoft.com/en-us/agent-framework/overview/,learn,,,,2026-09-25,200,NEEDS-READING,a Learn page without a public source repo; read it (microsoft_docs_fetch),,learn,agents/subagents-vs-deterministic-tools.md,,
S1939,https://github.com/microsoft/agent-framework,gh-page,,,,2026-09-25,,NEEDS-READING,"a github.com page (issues, wiki, home) or API call; read it",,github page,agents/microsoft-agent-framework.md;agents/subagents-vs-deterministic-tools.md,,
S1940,https://techcommunity.microsoft.com/blog/azuredevcommunityblog/the-future-of-agentic-ai-inside-microsoft-agent-framework-1-0/4510698,live,,,,2026-09-25,200,OK,"page date 2026-04-22, not after retrieval 2026-09-25",page date 2026-04-22,,agents/subagents-vs-deterministic-tools.md,,
S1941,https://cdn.openai.com/business-guides-and-resources/a-practical-guide-to-building-agents.pdf,live,,,,2026-09-25,200,NEEDS-READING,"HTTP 200, no last-updated date",,,agents/subagents-vs-deterministic-tools.md,,
S1942,https://www.promptfoo.dev/docs/guides/evaluate-coding-agents/,live,,,,2026-09-25,200,NEEDS-READING,"HTTP 200, no last-updated date",,,agents/subagents-vs-deterministic-tools.md,,
S1943,https://dev.to/trknhr/trying-out-agentinspect-53c,live,,,,2026-09-25,200,OK,"page date 2026-09-11, not after retrieval 2026-09-25",page date 2026-09-11,,agents/subagents-vs-deterministic-tools.md,,
S1944,https://arxiv.org/pdf/2508.02721,live,,,,2026-09-25,200,NEEDS-READING,"HTTP 200, no last-updated date",,,agents/subagents-vs-deterministic-tools.md,,
S1945,https://data443.com/blog/deterministic-policy-vs-llm-filters/,live,,,,2026-09-25,200,OK,"page date 2026-05-12, not after retrieval 2026-09-25",page date 2026-05-12,,agents/subagents-vs-deterministic-tools.md,,
S1960,https://learn.microsoft.com/en-us/microsoft-copilot-studio/requirements-quotas,learn,,,,2026-09-25,200,NEEDS-READING,a Learn page without a public source repo; read it (microsoft_docs_fetch),,learn,agents/copilot-studio-feature-map.csv;agents/copilot-studio-inventory.md,,
S1961,https://learn.microsoft.com/en-us/microsoft-copilot-studio/billing-licensing,learn,,,,2026-09-25,200,NEEDS-READING,a Learn page without a public source repo; read it (microsoft_docs_fetch),,learn,agents/copilot-studio-feature-map.csv;agents/copilot-studio-inventory.md;agents/own-chatbot-architecture.md,,
S1962,https://learn.microsoft.com/en-us/microsoft-copilot-studio/fundamentals-what-is-copilot-studio,learn,,,,2026-09-25,200,NEEDS-READING,a Learn page without a public source repo; read it (microsoft_docs_fetch),,learn,agents/copilot-studio-feature-map.csv;agents/copilot-studio-inventory.md,,
S1963,https://learn.microsoft.com/en-us/microsoft-copilot-studio/guidance/topics-code-editor,learn,,,,2026-09-25,200,NEEDS-READING,a Learn page without a public source repo; read it (microsoft_docs_fetch),,learn,agents/copilot-studio-feature-map.csv;agents/copilot-studio-inventory.md,,
S1964,https://learn.microsoft.com/en-us/microsoft-copilot-studio/mcp-add-existing-server-to-agent,learn,,,,2026-09-25,200,NEEDS-READING,a Learn page without a public source repo; read it (microsoft_docs_fetch),,learn,agents/copilot-studio-feature-map.csv;agents/copilot-studio-inventory.md;agents/own-chatbot-architecture.md,,
S1965,https://learn.microsoft.com/en-us/microsoft-copilot-studio/mcp-create-new-server,learn,,,,2026-09-25,200,NEEDS-READING,a Learn page without a public source repo; read it (microsoft_docs_fetch),,learn,agents/copilot-studio-feature-map.csv;agents/copilot-studio-inventory.md;agents/own-chatbot-architecture.md,,
S1966,https://learn.microsoft.com/en-us/microsoft-copilot-studio/configure-sso,learn,,,,2026-09-25,200,NEEDS-READING,a Learn page without a public source repo; read it (microsoft_docs_fetch),,learn,agents/copilot-studio-feature-map.csv;agents/copilot-studio-inventory.md;agents/own-chatbot-architecture.md,,
S1967,https://learn.microsoft.com/en-us/power-platform/release-plan/2024wave2/microsoft-copilot-studio/solution-management-copilot-studio,learn,,,,2026-09-25,200,NEEDS-READING,a Learn page without a public source repo; read it (microsoft_docs_fetch),,learn,agents/copilot-studio-feature-map.csv;agents/copilot-studio-inventory.md;agents/own-chatbot-architecture.md,,
S1968,https://learn.microsoft.com/en-us/microsoft-365/agents-sdk/,learn,,,,2026-09-25,200,NEEDS-READING,a Learn page without a public source repo; read it (microsoft_docs_fetch),,learn,agents/own-chatbot-architecture.md,,
S1969,https://github.com/microsoft/Agents-for-python,gh-page,,,,2026-09-25,,NEEDS-READING,"a github.com page (issues, wiki, home) or API call; read it",,github page,agents/copilot-studio-feature-map.csv;agents/own-chatbot-architecture.md,,
S1970,https://learn.microsoft.com/en-us/azure/foundry/agents/overview,learn,,,,2026-09-25,200,NEEDS-READING,a Learn page without a public source repo; read it (microsoft_docs_fetch),,learn,agents/copilot-studio-feature-map.csv;agents/own-chatbot-architecture.md,,
S1971,https://learn.microsoft.com/en-us/microsoft-365/agents-sdk/agents-sdk-overview,learn,,,,2026-09-25,200,NEEDS-READING,a Learn page without a public source repo; read it (microsoft_docs_fetch),,learn,agents/copilot-studio-feature-map.csv;agents/own-chatbot-architecture.md,,
S1972,https://learn.microsoft.com/en-us/microsoft-copilot-studio/advanced-hand-off,learn,,,,2026-09-25,200,NEEDS-READING,a Learn page without a public source repo; read it (microsoft_docs_fetch),,learn,agents/copilot-studio-feature-map.csv;agents/copilot-studio-inventory.md;agents/own-chatbot-architecture.md,,
S1973,https://learn.microsoft.com/en-us/microsoft-copilot-studio/analytics-overview,learn,,,,2026-09-25,200,NEEDS-READING,a Learn page without a public source repo; read it (microsoft_docs_fetch),,learn,agents/copilot-studio-feature-map.csv;agents/copilot-studio-inventory.md,,
S1974,https://learn.microsoft.com/en-us/power-platform/admin/wp-data-loss-prevention,learn,,,,2026-09-25,200,NEEDS-READING,a Learn page without a public source repo; read it (microsoft_docs_fetch),,learn,agents/copilot-studio-feature-map.csv;agents/copilot-studio-inventory.md;agents/own-chatbot-architecture.md,,
S1975,https://learn.microsoft.com/en-us/microsoft-copilot-studio/microsoft-365-copilot-extend-with-agents,learn,,,,2026-09-25,200,NEEDS-READING,a Learn page without a public source repo; read it (microsoft_docs_fetch),,learn,agents/copilot-studio-feature-map.csv;agents/copilot-studio-inventory.md;agents/own-chatbot-architecture.md,,
S1976,https://github.com/microsoft/botframework-sdk,gh-page,,,,2026-09-25,,NEEDS-READING,"a github.com page (issues, wiki, home) or API call; read it",,github page,agents/own-chatbot-architecture.md,,
S1977,https://learn.microsoft.com/en-us/microsoft-copilot-studio/publication-fundamentals-publish-channels,learn,,,,2026-09-25,200,NEEDS-READING,a Learn page without a public source repo; read it (microsoft_docs_fetch),,learn,agents/copilot-studio-feature-map.csv;agents/copilot-studio-inventory.md;agents/own-chatbot-architecture.md,,
S1978,https://learn.microsoft.com/en-us/microsoft-copilot-studio/authoring-variables,learn,,,,2026-09-25,200,NEEDS-READING,a Learn page without a public source repo; read it (microsoft_docs_fetch),,learn,agents/copilot-studio-feature-map.csv;agents/copilot-studio-inventory.md,,
S1979,https://learn.microsoft.com/en-us/microsoft-copilot-studio/flows-overview,learn,,,,2026-09-25,200,NEEDS-READING,a Learn page without a public source repo; read it (microsoft_docs_fetch),,learn,agents/copilot-studio-feature-map.csv;agents/copilot-studio-inventory.md,,
S1980,https://learn.microsoft.com/en-us/microsoft-copilot-studio/faq-billing-licensing,learn,,,,2026-09-25,200,NEEDS-READING,a Learn page without a public source repo; read it (microsoft_docs_fetch),,learn,agents/copilot-studio-inventory.md,,
S1981,https://learn.microsoft.com/en-us/microsoft-copilot-studio/mcp-server-certification,learn,,,,2026-09-25,200,NEEDS-READING,a Learn page without a public source repo; read it (microsoft_docs_fetch),,learn,agents/copilot-studio-feature-map.csv;agents/copilot-studio-inventory.md,,
S1982,https://learn.microsoft.com/en-us/microsoft-copilot-studio/authoring-create-edit-topics,learn,,,,2026-09-25,200,NEEDS-READING,a Learn page without a public source repo; read it (microsoft_docs_fetch),,learn,agents/copilot-studio-inventory.md,,
S1983,https://learn.microsoft.com/en-us/microsoft-copilot-studio/advanced-generative-actions,learn,,,,2026-09-25,200,NEEDS-READING,a Learn page without a public source repo; read it (microsoft_docs_fetch),,learn,agents/copilot-studio-feature-map.csv;agents/copilot-studio-inventory.md,,
S1984,https://learn.microsoft.com/en-us/microsoft-copilot-studio/guidance/custom-knowledge-sources,learn,,,,2026-09-25,200,NEEDS-READING,a Learn page without a public source repo; read it (microsoft_docs_fetch),,learn,agents/copilot-studio-feature-map.csv;agents/copilot-studio-inventory.md,,
S1985,https://github.com/microsoft/Agents,gh-page,,,,2026-09-25,,NEEDS-READING,"a github.com page (issues, wiki, home) or API call; read it",,github page,agents/own-chatbot-architecture.md,,
S2000,https://opentelemetry.io/docs/specs/semconv/gen-ai/,live,,,,2026-09-25,200,NEEDS-READING,"HTTP 200, no last-updated date",,,agents/genai-telemetry.md,,
S2001,https://github.com/open-telemetry/semantic-conventions-genai,gh-page,,,,2026-09-25,,NEEDS-READING,"a github.com page (issues, wiki, home) or API call; read it",,github page,agents/genai-telemetry.md,,
S2002,https://raw.githubusercontent.com/open-telemetry/semantic-conventions-genai/e57c543b4889619eb2a05702471937db5119165d/docs/gen-ai/gen-ai-agent-spans.md,raw-pin,github.com/open-telemetry/semantic-conventions-genai,e57c543b4889619eb2a05702471937db5119165d,docs/gen-ai/gen-ai-agent-spans.md,2026-09-25,200,OK,file identical at the pin and at HEAD@e57c543b4889,HEAD@e57c543b4889,,agents/genai-telemetry.md,,
S2003,https://raw.githubusercontent.com/open-telemetry/semantic-conventions-genai/e57c543b4889619eb2a05702471937db5119165d/docs/gen-ai/mcp.md,raw-pin,github.com/open-telemetry/semantic-conventions-genai,e57c543b4889619eb2a05702471937db5119165d,docs/gen-ai/mcp.md,2026-09-25,200,OK,file identical at the pin and at HEAD@e57c543b4889,HEAD@e57c543b4889,,agents/genai-telemetry.md,,
S2004,https://raw.githubusercontent.com/open-telemetry/semantic-conventions-genai/e57c543b4889619eb2a05702471937db5119165d/docs/gen-ai/gen-ai-spans.md,raw-pin,github.com/open-telemetry/semantic-conventions-genai,e57c543b4889619eb2a05702471937db5119165d,docs/gen-ai/gen-ai-spans.md,2026-09-25,200,OK,file identical at the pin and at HEAD@e57c543b4889,HEAD@e57c543b4889,,agents/genai-telemetry.md,,
S2005,https://arxiv.org/abs/2506.08837,live,,,,2026-09-25,200,NEEDS-READING,"HTTP 200, no last-updated date",,,agents/prompt-injection-design-patterns.md,,
S2006,https://arxiv.org/abs/2503.18813,live,,,,2026-09-25,200,NEEDS-READING,"HTTP 200, no last-updated date",,,agents/prompt-injection-design-patterns.md,,
S2007,https://simonwillison.net/2023/Apr/25/dual-llm-pattern/,live,,,,2026-09-25,200,NEEDS-READING,"HTTP 200, no last-updated date",,,agents/prompt-injection-design-patterns.md,,
S2008,https://learn.microsoft.com/en-us/azure/ai-services/content-safety/concepts/jailbreak-detection,learn,,,,2026-09-25,200,NEEDS-READING,a Learn page without a public source repo; read it (microsoft_docs_fetch),,learn,agents/prompt-injection-design-patterns.md,,
S2009,https://www.anthropic.com/research/prompt-injection-defenses,live,,,,2026-09-25,200,OK,"sitemap lastmod 2026-09-10, not after retrieval 2026-09-25",sitemap lastmod 2026-09-10,,agents/prompt-injection-design-patterns.md,,
S2010,https://code.claude.com/docs/en/security,live,,,,2026-09-25,200,CHANGED,sitemap lastmod 2026-09-26 is after retrieval 2026-09-25,sitemap lastmod 2026-09-26,,agents/prompt-injection-design-patterns.md,,
S2012,https://github.com/modelcontextprotocol/registry,gh-page,,,,2026-09-25,,NEEDS-READING,"a github.com page (issues, wiki, home) or API call; read it",,github page,agents/mcp-server-lifecycle.md,,
S2013,https://platform.claude.com/docs/en/manage-claude/usage-cost-api,live,,,,2026-09-25,200,NEEDS-READING,"HTTP 200, no last-updated date",,,agents/agent-cost-governance.md,,
S2040,https://learn.microsoft.com/en-us/entra/agent-id/agent-identities,learn,github.com/MicrosoftDocs/entra-docs,,docs/agent-id/agent-identities,2026-09-25,,OK,source file docs/agent-id/agent-identities.md has no commit since 2026-09-25 (HEAD 902ee3bc2c29),git_commit_id 902ee3bc2c29,,agents/agent-rbac.md;entra/agent-id.md,,
S2041,https://code.claude.com/docs/en/iam,live,,,,2026-09-25,200,OK,"page date 2026-09-25, not after retrieval 2026-09-25",page date 2026-09-25,,agents/agent-rbac.md;agents/api-tokens-issue-and-store.md;agents/api-tokens.csv;agents/secret-storage-options.csv,,
S2042,https://code.claude.com/docs/en/managed-settings,live,,,,2026-09-25,200,CHANGED,sitemap lastmod 2026-09-26 is after retrieval 2026-09-25,sitemap lastmod 2026-09-26,,agents/agent-rbac.md;agents/api-tokens-issue-and-store.md;claude/settings-and-scopes.md,,
S2043,https://pypi.org/project/keyring/,live,,,,2026-09-25,200,OK,PyPI latest 25.7.0 matches the recorded version,PyPI 25.7.0,,agents/api-tokens-issue-and-store.md;agents/secret-storage-options.csv,,
S2044,https://github.com/AzureAD/microsoft-authentication-extensions-for-python,gh-page,,,,2026-09-25,,NEEDS-READING,"a github.com page (issues, wiki, home) or API call; read it",,github page,agents/api-tokens-issue-and-store.md;agents/secret-storage-options.csv,,
S2045,https://modelcontextprotocol.io/specification/draft/basic/authorization,live,,,,2026-09-25,200,OK,"sitemap lastmod 2026-09-24, not after retrieval 2026-09-25",sitemap lastmod 2026-09-24,,agents/agent-rbac.md,,
S2046,https://docs.gitlab.com/user/profile/personal_access_tokens/,live,,,,2026-09-25,200,NEEDS-READING,"HTTP 200, no last-updated date",,,agents/api-tokens-issue-and-store.md;agents/api-tokens.csv;agents/secret-storage-options.csv,,
S2047,https://learn.microsoft.com/en-us/azure/key-vault/general/overview,learn,,,,2026-09-25,200,NEEDS-READING,a Learn page without a public source repo; read it (microsoft_docs_fetch),,learn,agents/api-tokens-issue-and-store.md;agents/api-tokens.csv;agents/secret-storage-options.csv,,
S2048,https://developer.hashicorp.com/vault/docs/what-is-vault,live,,,,2026-09-25,200,OK,"page date 2026-04-15, not after retrieval 2026-09-25; redirected to https://developer.hashicorp.com/vault/docs/about-vault/what-is-vault",page date 2026-04-15,,agents/api-tokens-issue-and-store.md;agents/secret-storage-options.csv,,
S2049,https://developer.hashicorp.com/vault/docs/auth/approle,live,,,,2026-09-25,200,OK,"page date 2026-04-15, not after retrieval 2026-09-25",page date 2026-04-15,,agents/api-tokens-issue-and-store.md;agents/api-tokens.csv;agents/secret-storage-options.csv,,
S2050,https://learn.microsoft.com/en-us/entra/identity/role-based-access-control/groups-create-eligible,learn,github.com/MicrosoftDocs/entra-docs,,docs/identity/role-based-access-control/groups-create-eligible,2026-09-25,,OK,source file docs/identity/role-based-access-control/groups-create-eligible.md has no commit since 2026-09-25 (HEAD 902ee3bc2c29),git_commit_id 902ee3bc2c29,,agents/agent-rbac.md,,
S2051,https://techcommunity.microsoft.com/blog/microsoft-entra-blog/announcing-microsoft-entra-agent-id-secure-and-manage-your-ai-agents/3827392,live,,,,2026-09-25,200,OK,"page date 2025-05-23, not after retrieval 2026-09-25",page date 2025-05-23,,agents/agent-rbac.md,,
S2052,https://learn.microsoft.com/en-us/entra/id-governance/privileged-identity-management/concept-pim-for-groups,learn,github.com/MicrosoftDocs/entra-docs,,docs/id-governance/privileged-identity-management/concept-pim-for-groups,2026-09-25,,OK,source file docs/id-governance/privileged-identity-management/concept-pim-for-groups.md has no commit since 2026-09-25 (HEAD 902ee3bc2c29),git_commit_id 902ee3bc2c29,,agents/agent-rbac.md,,
S2053,https://learn.microsoft.com/en-us/entra/identity-platform/howto-add-app-roles-in-apps,learn,github.com/MicrosoftDocs/entra-docs,,docs/identity-platform/howto-add-app-roles-in-apps,2026-09-25,,CHANGED,"source file docs/identity-platform/howto-add-app-roles-in-apps.md: 1 commit(s) since 2026-09-25, latest 4f4d839572da 2026-09-25",git_commit_id 4f4d839572da,,agents/agent-rbac.md,,
S2054,https://developer.hashicorp.com/vault/docs/secrets/databases,live,,,,2026-09-25,200,OK,"page date 2026-04-15, not after retrieval 2026-09-25",page date 2026-04-15,,agents/api-tokens-issue-and-store.md;agents/api-tokens.csv;agents/secret-storage-options.csv,,
S2055,https://docs.gitlab.com/ci/secrets/,live,,,,2026-09-25,200,NEEDS-READING,"HTTP 200, no last-updated date",,,agents/api-tokens-issue-and-store.md;agents/api-tokens.csv;agents/secret-storage-options.csv,,
S2056,https://developer.hashicorp.com/vault/docs/auth/jwt,live,,,,2026-09-25,200,OK,"page date 2026-04-15, not after retrieval 2026-09-25",page date 2026-04-15,,agents/api-tokens-issue-and-store.md;agents/api-tokens.csv,,
S2057,https://code.claude.com/docs/en/settings,live,,,,2026-09-25,200,OK,"sitemap lastmod 2026-09-24, not after retrieval 2026-09-25",sitemap lastmod 2026-09-24,,agents/api-tokens-issue-and-store.md;agents/secret-storage-options.csv;claude/settings-and-scopes.md,,
S2058,https://owasp.org/www-project-non-human-identities-top-10/,live,,,,2026-09-25,200,NEEDS-READING,"HTTP 200, no last-updated date; redirected to https://owasp.org/projects/non-human-identities-top-10",,,agents/agent-rbac.md,,
S2080,https://learn.microsoft.com/en-us/microsoft-copilot-studio/agents-experience/authoring-add-other-agents,learn,,,,2026-09-25,200,NEEDS-READING,a Learn page without a public source repo; read it (microsoft_docs_fetch),,learn,agents/agent-dispatch-and-shared-services.md,,
S2081,https://learn.microsoft.com/en-us/microsoft-copilot-studio/guidance/multi-agent-patterns,learn,,,,2026-09-25,200,NEEDS-READING,a Learn page without a public source repo; read it (microsoft_docs_fetch),,learn,agents/agent-dispatch-and-shared-services.md,,
S2082,https://devblogs.microsoft.com/agent-framework/microsoft-agent-framework-at-build-2026-announce/,live,,,,2026-09-25,200,OK,"page date 2026-06-08, not after retrieval 2026-09-25",page date 2026-06-08,,agents/agent-dispatch-and-shared-services.md,,
S2083,https://code.claude.com/docs/en/sub-agents,live,,,,2026-09-25,200,CHANGED,sitemap lastmod 2026-09-26 is after retrieval 2026-09-25,sitemap lastmod 2026-09-26,,agents/agent-dispatch-and-shared-services.md,,
S2084,https://blog.modelcontextprotocol.io/posts/2026-07-28/,live,,,,2026-09-25,200,OK,"sitemap lastmod 2026-07-28, not after retrieval 2026-09-25",sitemap lastmod 2026-07-28,,agents/agent-dispatch-and-shared-services.md,,
S2085,https://microsoft.github.io/presidio/samples/docker/,live,,,,2026-09-25,404,GONE,HTTP 404,,,agents/shared-ner-service.md,,
S2086,https://github.com/data-privacy-stack/presidio/blob/main/docs/samples/docker/index.md,gh-ref,github.com/data-privacy-stack/presidio,main,docs/samples/docker/index.md,2026-09-25,,OK,no commit on main touches it since 2026-09-25; main@4ef07bdbd9a4,main@4ef07bdbd9a4,,agents/shared-ner-service.md,,
S2087,https://hub.docker.com/r/microsoft/presidio-analyzer,live,,,,2026-09-25,200,NEEDS-READING,"HTTP 200, no last-updated date",,,agents/shared-ner-service.md,,
S2088,https://github.com/microsoft/presidio/blob/main/docs/samples/deployments/app-service/index.md,gh-ref,github.com/microsoft/presidio,main,docs/samples/deployments/app-service/index.md,2026-09-25,,OK,no commit on main touches it since 2026-09-25; main@4ef07bdbd9a4,main@4ef07bdbd9a4,,agents/shared-ner-service.md,,
S2089,https://microsoft.github.io/presidio/samples/deployments/k8s/,live,,,,2026-09-25,404,GONE,HTTP 404,,,agents/shared-ner-service.md,,
S2090,https://github.com/data-privacy-stack/presidio/blob/main/docs/samples/deployments/data-factory/presidio-data-factory.md,gh-ref,github.com/data-privacy-stack/presidio,main,docs/samples/deployments/data-factory/presidio-data-factory.md,2026-09-25,,OK,no commit on main touches it since 2026-09-25; main@4ef07bdbd9a4,main@4ef07bdbd9a4,,agents/shared-ner-service.md,,
S2091,https://learn.microsoft.com/en-us/azure/ai-services/language-service/personally-identifiable-information/how-to/use-containers,learn,,,,2026-09-25,200,NEEDS-READING,a Learn page without a public source repo; read it (microsoft_docs_fetch),,learn,agents/shared-ner-service.md,,
S2092,https://learn.microsoft.com/en-us/azure/ai-services/language-service/personally-identifiable-information/overview,learn,,,,2026-09-25,200,NEEDS-READING,a Learn page without a public source repo; read it (microsoft_docs_fetch),,learn,agents/shared-ner-service.md,,
S2093,https://learn.microsoft.com/en-us/azure/ai-services/language-service/concepts/data-limits,learn,,,,2026-09-25,200,NEEDS-READING,a Learn page without a public source repo; read it (microsoft_docs_fetch),,learn,agents/shared-ner-service.md,,
S2094,https://learn.microsoft.com/en-us/azure/ai-services/containers/disconnected-containers,learn,,,,2026-09-25,200,NEEDS-READING,a Learn page without a public source repo; read it (microsoft_docs_fetch),,learn,agents/shared-ner-service.md,,
S2095,https://azure.microsoft.com/en-us/pricing/details/language/,live,,,,2026-09-25,200,NEEDS-READING,"HTTP 200, no last-updated date",,,agents/shared-ner-service.md,,
S2096,https://learn.microsoft.com/en-us/azure/ai-services/language-service/personally-identifiable-information/concepts/entity-categories,learn,,,,2026-09-25,200,NEEDS-READING,a Learn page without a public source repo; read it (microsoft_docs_fetch),,learn,agents/shared-ner-service.md,,
S2097,https://docs.aws.amazon.com/comprehend/latest/dg/how-pii.html,live,,,,2026-09-25,200,NEEDS-READING,"HTTP 200, no last-updated date",,,agents/shared-ner-service.md,,
S2098,https://docs.aws.amazon.com/comprehend/latest/dg/realtime-pii-api.html,live,,,,2026-09-25,200,NEEDS-READING,"HTTP 200, no last-updated date",,,agents/shared-ner-service.md,,
S2099,https://aws.amazon.com/comprehend/pricing,live,,,,2026-09-25,200,NEEDS-READING,"HTTP 200, no last-updated date",,,agents/shared-ner-service.md,,
S2100,https://docs.cloud.google.com/sensitive-data-protection/docs/infotypes-reference,live,,,,2026-09-25,200,OK,"page date 2026-09-24, not after retrieval 2026-09-25",page date 2026-09-24,,agents/shared-ner-service.md,,
S2101,https://cloud.google.com/sensitive-data-protection/pricing,live,,,,2026-09-25,200,NEEDS-READING,"HTTP 200, no last-updated date",,,agents/shared-ner-service.md,,
S2102,https://huggingface.co/onnx-community/gliner_multi-v2.1,live,,,,2026-09-25,200,NEEDS-READING,"HTTP 200, no last-updated date",,,agents/shared-ner-service.md,,
S2103,https://huggingface.co/SemplificaAI/gliner2-multi-v1-onnx,live,,,,2026-09-25,200,NEEDS-READING,"HTTP 200, no last-updated date; redirected to https://huggingface.co/jugaadsrl/gliner2-multi-v1-onnx",,,agents/shared-ner-service.md,,
S2104,https://microsoft.github.io/presidio/evaluation/,live,,,,2026-09-25,404,GONE,HTTP 404,,,agents/shared-ner-service.md,,
S2105,https://github.com/data-privacy-stack/presidio-research/blob/main/README.md,gh-ref,github.com/data-privacy-stack/presidio-research,main,README.md,2026-09-25,,OK,no commit on main touches it since 2026-09-25; main@6db3769a3388,main@6db3769a3388,,agents/shared-ner-service.md,,
S2106,https://learn.microsoft.com/en-us/azure/ai-foundry/responsible-ai/language-service/data-privacy,learn,,,,2026-09-25,200,NEEDS-READING,a Learn page without a public source repo; read it (microsoft_docs_fetch),,learn,agents/shared-ner-service.md,,
S2107,https://aws.amazon.com/about-aws/whats-new/2022/05/amazon-comprehend-detects-redacts-pll-entity-types-across-us-uk-canada-india,live,,,,2026-09-25,200,OK,"page date 2022-05-23, not after retrieval 2026-09-25",page date 2022-05-23,,agents/shared-ner-service.md,,
S2108,https://docs.cloud.google.com/sensitive-data-protection/docs,live,,,,2026-09-25,200,OK,"page date 2026-09-24, not after retrieval 2026-09-25",page date 2026-09-24,,agents/shared-ner-service.md,,
S2109,https://learn.microsoft.com/en-us/microsoft-copilot-studio/admin-share-bots,learn,,,,2026-09-25,200,NEEDS-READING,a Learn page without a public source repo; read it (microsoft_docs_fetch),,learn,agents/agent-dispatch-and-shared-services.md,,
S2110,https://blog.modelcontextprotocol.io/posts/mcp-roadmap/,live,,,,2026-09-25,200,OK,"sitemap lastmod 2026-08-23, not after retrieval 2026-09-25",sitemap lastmod 2026-08-23,,agents/agent-dispatch-and-shared-services.md,,
S2111,https://pypi.org/project/presidio-evaluator/,live,,,,2026-09-25,200,OK,PyPI latest 0.3.2 matches the recorded version,PyPI 0.3.2,,agents/shared-ner-service.md,,
S2112,https://learn.microsoft.com/en-us/azure/ai-services/language-service/personally-identifiable-information/how-to/redact-text-pii,learn,,,,2026-09-25,200,NEEDS-READING,a Learn page without a public source repo; read it (microsoft_docs_fetch),,learn,agents/shared-ner-service.md,,
S2120,https://a2a-protocol.org/latest/specification/,live,,,,2026-09-25,200,NEEDS-READING,"HTTP 200, no last-updated date",,,agents/a2a-protocol.md;agents/a2a/a2a-proto-digest.md,,
S2121,https://github.com/a2aproject/A2A,gh-page,,,,2026-09-25,,NEEDS-READING,"a github.com page (issues, wiki, home) or API call; read it",,github page,agents/a2a-protocol.md;agents/a2a/a2a-proto-digest.md,,
S2122,https://raw.githubusercontent.com/a2aproject/A2A/43e0c874d3baba68ed84b98678d7f2268438e69f/specification/a2a.proto,raw-pin,github.com/a2aproject/A2A,43e0c874d3baba68ed84b98678d7f2268438e69f,specification/a2a.proto,2026-09-25,200,OK,file identical at the pin and at HEAD@72b3761bd84c,HEAD@72b3761bd84c,,agents/a2a-protocol.md;agents/a2a/a2a-proto-digest.md,,
S2123,https://www.linuxfoundation.org/press/linux-foundation-launches-the-agent2agent-protocol-project-to-enable-secure-intelligent-communication-between-ai-agents,live,,,,2026-09-25,200,OK,"page date 2025-06-23, not after retrieval 2026-09-25",page date 2025-06-23,,agents/a2a-protocol.md,,
S2124,https://www.linuxfoundation.org/press/a2a-protocol-surpasses-150-organizations-lands-in-major-cloud-platforms-and-sees-enterprise-production-use-in-first-year,live,,,,2026-09-25,200,OK,"page date 2026-04-09, not after retrieval 2026-09-25",page date 2026-04-09,,agents/a2a-protocol.md,,
S2125,https://github.com/a2aproject/a2a-python,gh-page,,,,2026-09-25,,NEEDS-READING,"a github.com page (issues, wiki, home) or API call; read it",,github page,agents/a2a-protocol.md,,
S2126,https://learn.microsoft.com/en-us/microsoft-copilot-studio/add-agent-agent-to-agent,learn,,,,2026-09-25,200,NEEDS-READING,a Learn page without a public source repo; read it (microsoft_docs_fetch),,learn,agents/a2a-protocol.md,,
S2127,https://www.microsoft.com/en-us/microsoft-cloud/blog/2025/05/07/empowering-multi-agent-apps-with-the-open-agent2agent-a2a-protocol/,live,,,,2026-09-25,200,NEEDS-READING,"HTTP 200, no last-updated date",,,agents/a2a-protocol.md,,
S2128,https://developers.googleblog.com/en/a2a-a-new-era-of-agent-interoperability/,live,,,,2026-09-25,200,NEEDS-READING,"HTTP 200, no last-updated date",,,agents/a2a-protocol.md,,
S2129,https://www.anthropic.com/webinars/deploying-multi-agent-systems-using-mcp-and-a2a-with-claude-on-vertex-ai,live,,,,2026-09-25,200,NEEDS-READING,"HTTP 200, no last-updated date",,,agents/a2a-protocol.md,,
S2130,https://platform.claude.com/docs/en/build-with-claude/prompt-caching,live,,,,2026-09-25,200,NEEDS-READING,"HTTP 200, no last-updated date",,,agents/agent-caching.md,,
S2131,https://platform.claude.com/docs/en/about-claude/pricing,live,,,,2026-09-25,200,NEEDS-READING,"HTTP 200, no last-updated date",,,agents/agent-caching.md,,
S2132,https://code.claude.com/docs/en/costs,live,,,,2026-09-25,200,OK,"sitemap lastmod 2026-09-25, not after retrieval 2026-09-25",sitemap lastmod 2026-09-25,,agents/agent-caching.md;agents/agent-cost-governance.md,,
S2133,https://developers.openai.com/api/docs/guides/prompt-caching,live,,,,2026-09-25,200,NEEDS-READING,"HTTP 200, no last-updated date",,,agents/agent-caching.md,,
S2134,https://learn.microsoft.com/en-us/azure/ai-foundry/openai/how-to/prompt-caching,learn,,,,2026-09-25,200,NEEDS-READING,a Learn page without a public source repo; read it (microsoft_docs_fetch),,learn,agents/agent-caching.md,,
S2135,https://modelcontextprotocol.io/specification/2026-07-28/server/tools,live,,,,2026-09-25,200,OK,"sitemap lastmod 2026-09-24, not after retrieval 2026-09-25",sitemap lastmod 2026-09-24,,agents/agent-caching.md;agents/mcp-server-lifecycle.md,,
S2136,https://modelcontextprotocol.io/specification/2026-07-28/server/utilities/caching,live,,,,2026-09-25,200,OK,"sitemap lastmod 2026-09-24, not after retrieval 2026-09-25",sitemap lastmod 2026-09-24,,agents/agent-caching.md,,
S2137,https://www.anthropic.com/engineering,live,,,,2026-09-25,200,OK,"sitemap lastmod 2025-01-24, not after retrieval 2026-09-25",sitemap lastmod 2025-01-24,,agents/anthropic-materials.md,,
S2138,https://www.anthropic.com/engineering/building-effective-agents,live,,,,2026-09-25,200,OK,"sitemap lastmod 2026-08-10, not after retrieval 2026-09-25",sitemap lastmod 2026-08-10,,agents/anthropic-materials.md,,
S2139,https://www.anthropic.com/engineering/multi-agent-research-system,live,,,,2026-09-25,200,OK,"sitemap lastmod 2026-01-06, not after retrieval 2026-09-25",sitemap lastmod 2026-01-06,,agents/anthropic-materials.md,,
S2140,https://www.anthropic.com/engineering/claude-code-best-practices,live,,,,2026-09-25,200,OK,"sitemap lastmod 2026-01-26, not after retrieval 2026-09-25; redirected to https://code.claude.com/docs/en/best-practices",sitemap lastmod 2026-01-26,,agents/anthropic-materials.md,,
S2141,https://www.anthropic.com/engineering/writing-tools-for-agents,live,,,,2026-09-25,200,OK,"sitemap lastmod 2026-01-06, not after retrieval 2026-09-25",sitemap lastmod 2026-01-06,,agents/anthropic-materials.md,,
S2142,https://www.anthropic.com/engineering/effective-context-engineering-for-ai-agents,live,,,,2026-09-25,200,OK,"sitemap lastmod 2026-01-06, not after retrieval 2026-09-25",sitemap lastmod 2026-01-06,,agents/anthropic-materials.md,,
S2143,https://www.anthropic.com/engineering/equipping-agents-for-the-real-world-with-agent-skills,live,,,,2026-09-25,200,OK,"sitemap lastmod 2026-04-15, not after retrieval 2026-09-25",sitemap lastmod 2026-04-15,,agents/anthropic-materials.md,,
S2144,https://www.anthropic.com/engineering/code-execution-with-mcp,live,,,,2026-09-25,200,OK,"sitemap lastmod 2025-11-04, not after retrieval 2026-09-25",sitemap lastmod 2025-11-04,,agents/anthropic-materials.md,,
S2145,https://www.anthropic.com/engineering/demystifying-evals-for-ai-agents,live,,,,2026-09-25,200,OK,"sitemap lastmod 2026-03-18, not after retrieval 2026-09-25",sitemap lastmod 2026-03-18,,agents/anthropic-materials.md,,
S2146,https://www.anthropic.com/engineering/contextual-retrieval,live,,,,2026-09-25,200,OK,"sitemap lastmod 2026-01-07, not after retrieval 2026-09-25",sitemap lastmod 2026-01-07,,agents/anthropic-materials.md,,
S2147,https://www.anthropic.com/engineering/claude-think-tool,live,,,,2026-09-25,200,OK,"sitemap lastmod 2025-12-15, not after retrieval 2026-09-25",sitemap lastmod 2025-12-15,,agents/anthropic-materials.md,,
S2148,https://www.anthropic.com/engineering/desktop-extensions,live,,,,2026-09-25,200,OK,"sitemap lastmod 2025-09-12, not after retrieval 2026-09-25",sitemap lastmod 2025-09-12,,agents/anthropic-materials.md,,
S2149,https://www.anthropic.com/engineering/advanced-tool-use,live,,,,2026-09-25,200,OK,"sitemap lastmod 2026-03-16, not after retrieval 2026-09-25",sitemap lastmod 2026-03-16,,agents/anthropic-materials.md,,
S2150,https://www.anthropic.com/engineering/effective-harnesses-for-long-running-agents,live,,,,2026-09-25,200,OK,"sitemap lastmod 2025-11-26, not after retrieval 2026-09-25",sitemap lastmod 2025-11-26,,agents/anthropic-materials.md,,
S2151,https://www.anthropic.com/engineering/claude-code-sandboxing,live,,,,2026-09-25,200,OK,"sitemap lastmod 2025-11-03, not after retrieval 2026-09-25",sitemap lastmod 2025-11-03,,agents/anthropic-materials.md,,
S2152,https://www.anthropic.com/engineering/managed-agents,live,,,,2026-09-25,200,OK,"sitemap lastmod 2026-04-24, not after retrieval 2026-09-25",sitemap lastmod 2026-04-24,,agents/anthropic-materials.md,,
S2153,https://www.anthropic.com/engineering/harness-design-long-running-apps,live,,,,2026-09-25,200,OK,"sitemap lastmod 2026-03-24, not after retrieval 2026-09-25",sitemap lastmod 2026-03-24,,agents/anthropic-materials.md,,
S2154,https://www.anthropic.com/engineering/claude-code-auto-mode,live,,,,2026-09-25,200,OK,"sitemap lastmod 2026-05-27, not after retrieval 2026-09-25",sitemap lastmod 2026-05-27,,agents/anthropic-materials.md,,
S2155,https://github.com/anthropics/anthropic-cookbook,gh-page,,,,2026-09-25,,NEEDS-READING,"a github.com page (issues, wiki, home) or API call; read it",,github page,agents/anthropic-materials.md,,
S2156,https://github.com/anthropics/courses,gh-page,,,,2026-09-25,,NEEDS-READING,"a github.com page (issues, wiki, home) or API call; read it",,github page,agents/anthropic-materials.md,,
S2157,https://code.claude.com/docs/en/sub-agents,live,,,,2026-09-25,200,CHANGED,sitemap lastmod 2026-09-26 is after retrieval 2026-09-25,sitemap lastmod 2026-09-26,,agents/anthropic-materials.md;claude/skills-and-subagents.csv;claude/skills-and-subagents.md,,
S2158,https://code.claude.com/docs/en/skills,live,,,,2026-09-25,200,CHANGED,sitemap lastmod 2026-09-26 is after retrieval 2026-09-25,sitemap lastmod 2026-09-26,,agents/anthropic-materials.md;claude/skills-and-subagents.csv;claude/skills-and-subagents.md,,
S2159,https://code.claude.com/docs/en/prompt-caching,live,,,,2026-09-25,200,CHANGED,sitemap lastmod 2026-09-26 is after retrieval 2026-09-25,sitemap lastmod 2026-09-26,,agents/agent-caching.md;agents/anthropic-materials.md,,
S2160,https://docs.cloud.google.com/architecture/choose-agentic-ai-architecture-components,live,,,,2026-09-25,200,OK,"page date 2026-04-21, not after retrieval 2026-09-25",page date 2026-04-21,,agents/agent-overuse-patterns.csv;agents/agent-overuse-patterns.md,,
S2161,https://www.kaggle.com/whitepaper-agent-companion,live,,,,2026-09-25,200,NEEDS-READING,"HTTP 200, no last-updated date",,,agents/agent-overuse-patterns.csv;agents/agent-overuse-patterns.md,,
S2162,https://techcommunity.microsoft.com/blog/azure-ai-foundry-blog/three-tiers-of-agentic-ai---and-when-to-use-none-of-them/4510377,live,,,,2026-09-25,200,OK,"page date 2026-04-21, not after retrieval 2026-09-25",page date 2026-04-21,,agents/agent-overuse-patterns.md,,
S2163,https://techcommunity.microsoft.com/blog/azure-ai-foundry-blog/stop-letting-agents-run-the-workflow/4550068,live,,,,2026-09-25,200,OK,"page date 2026-08-28, not after retrieval 2026-09-25",page date 2026-08-28,,agents/agent-overuse-patterns.md,,
S2164,https://www.thoughtworks.com/content/dam/thoughtworks/documents/radar/2026/04/tr_technology_radar_vol_34_en.pdf,live,,,,2026-09-25,200,NEEDS-READING,"HTTP 200, no last-updated date",,,agents/agent-overuse-patterns.md,,
S2165,https://www.thoughtworks.com/en-ec/radar/techniques/agent-skills,live,,,,2026-09-25,200,NEEDS-READING,"HTTP 200, no last-updated date",,,agents/agent-overuse-patterns.md,,
S2166,https://jqlang.org/manual/,live,,,,2026-09-25,200,NEEDS-READING,"HTTP 200, no last-updated date",,,agents/agent-overuse-patterns.csv;agents/agent-overuse-patterns.md,,
S2167,https://docs.renovatebot.com/,live,,,,2026-09-25,200,CHANGED,sitemap lastmod 2026-09-26 is after retrieval 2026-09-25,sitemap lastmod 2026-09-26,,agents/agent-overuse-patterns.csv;agents/agent-overuse-patterns.md,,
S2168,https://docs.github.com/en/code-security/dependabot/dependabot-version-updates/about-dependabot-version-updates,live,,,,2026-09-25,200,NEEDS-READING,"HTTP 200, no last-updated date; redirected to https://docs.github.com/en/code-security/concepts/supply-chain-security/dependabot-version-updates",,,agents/agent-overuse-patterns.csv;agents/agent-overuse-patterns.md,,
S2169,https://www.conventionalcommits.org/en/v1.0.0/,live,,,,2026-09-25,200,NEEDS-READING,"HTTP 200, no last-updated date",,,agents/agent-overuse-patterns.csv;agents/agent-overuse-patterns.md,,
S2170,https://semantic-release.gitbook.io/semantic-release,live,,,,2026-09-25,200,NEEDS-READING,"HTTP 200, no last-updated date",,,agents/agent-overuse-patterns.csv;agents/agent-overuse-patterns.md,,
S2171,https://microsoft.github.io/language-server-protocol/,live,,,,2026-09-25,200,NEEDS-READING,"HTTP 200, no last-updated date",,,agents/agent-overuse-patterns.csv;agents/agent-overuse-patterns.md,,
S2172,https://arxiv.org/pdf/2603.02601,live,,,,2026-09-25,200,NEEDS-READING,"HTTP 200, no last-updated date",,,agents/agent-overuse-patterns.csv;agents/agent-overuse-patterns.md,,
S2173,https://online.stevens.edu/blog/hidden-economics-ai-agents-token-costs-latency/,live,,,,2026-09-25,200,OK,"sitemap lastmod 2026-01-07, not after retrieval 2026-09-25",sitemap lastmod 2026-01-07,,agents/agent-overuse-patterns.csv;agents/agent-overuse-patterns.md,,
S2174,https://dev.to/akaranjkar08/agent-orchestration-decision-matrix-2026-when-to-script-vs-model-drive-4l1,live,,,,2026-09-25,200,OK,"page date 2026-07-02, not after retrieval 2026-09-25",page date 2026-07-02,,agents/agent-overuse-patterns.csv;agents/agent-overuse-patterns.md,,
S2175,https://teriradichel.substack.com/p/when-to-use-an-ai-agent,live,,,,2026-09-25,200,OK,"sitemap lastmod 2026-04-01, not after retrieval 2026-09-25",sitemap lastmod 2026-04-01,,agents/agent-overuse-patterns.md,,
S2176,https://learn.microsoft.com/en-us/training/support/mcp-release-notes,learn,,,,2026-09-25,200,NEEDS-READING,a Learn page without a public source repo; read it (microsoft_docs_fetch),,learn,agents/doc-lookup-sources.csv;agents/doc-lookup-sources.md,,
S2177,https://learn.microsoft.com/api/mcp,learn,,,,2026-09-25,405,NEEDS-READING,a Learn page without a public source repo; read it (microsoft_docs_fetch),,learn,agents/doc-lookup-sources.csv;agents/doc-lookup-sources.md,,
S2178,https://www.npmjs.com/package/@microsoft/learn-cli,live,,,,2026-09-25,403,NEEDS-READING,HTTP 403,,,agents/doc-lookup-sources.csv;agents/doc-lookup-sources.md,,
S2179,https://code.claude.com/docs/en/mcp-quickstart,live,,,,2026-09-25,200,OK,"sitemap lastmod 2026-09-17, not after retrieval 2026-09-25",sitemap lastmod 2026-09-17,,agents/doc-lookup-sources.csv;agents/doc-lookup-sources.md,,
S2180,https://code.claude.com/docs/mcp,live,,,,2026-09-25,200,NEEDS-READING,"HTTP 200, no last-updated date",,,agents/doc-lookup-sources.csv;agents/doc-lookup-sources.md,,
S2181,https://modelcontextprotocol.io/mcp,live,,,,2026-09-25,405,NEEDS-READING,HTTP 405,,,agents/doc-lookup-sources.csv;agents/doc-lookup-sources.md,,
S2182,https://www.mintlify.com/docs/ai/model-context-protocol,live,,,,2026-09-25,200,OK,"sitemap lastmod 2026-09-21, not after retrieval 2026-09-25",sitemap lastmod 2026-09-21,,agents/doc-lookup-sources.csv;agents/doc-lookup-sources.md,,
S2183,https://platform.claude.com/docs/en/about-claude/additional-resources,live,,,,2026-09-25,200,NEEDS-READING,"HTTP 200, no last-updated date",,,agents/doc-lookup-sources.csv;agents/doc-lookup-sources.md,,
S2184,https://platform.claude.com/llms.txt,live,,,,2026-09-25,200,NEEDS-READING,"HTTP 200, no last-updated date",,,agents/doc-lookup-sources.csv;agents/doc-lookup-sources.md,,
S2185,https://github.blog/changelog/2025-09-04-remote-github-mcp-server-is-now-generally-available/,live,,,,2026-09-25,200,OK,"page date 2025-09-04, not after retrieval 2026-09-25",page date 2025-09-04,,agents/doc-lookup-sources.csv;agents/doc-lookup-sources.md,,
S2186,https://docs.github.com/en/copilot/how-tos/provide-context/use-mcp-in-your-ide/set-up-the-github-mcp-server,live,,,,2026-09-25,200,NEEDS-READING,"HTTP 200, no last-updated date",,,agents/doc-lookup-sources.csv;agents/doc-lookup-sources.md,,
S2187,https://github.com/github/github-mcp-server/blob/main/docs/remote-server.md,gh-ref,github.com/github/github-mcp-server,main,docs/remote-server.md,2026-09-25,,OK,no commit on main touches it since 2026-09-25; main@85598ba6e125,main@85598ba6e125,,agents/doc-lookup-sources.csv;agents/doc-lookup-sources.md,,
S2188,https://docs.github.com/en/rest/using-the-rest-api/rate-limits-for-the-rest-api,live,,,,2026-09-25,200,NEEDS-READING,"HTTP 200, no last-updated date",,,agents/doc-lookup-sources.csv;agents/doc-lookup-sources.md,,
S2189,https://docs.gitlab.com/user/model_context_protocol/mcp_server/,live,,,,2026-09-25,200,NEEDS-READING,"HTTP 200, no last-updated date",,,agents/doc-lookup-sources.md,,
S2190,https://learn.microsoft.com/en-us/graph/mcp-server/overview,learn,,,,2026-09-25,200,NEEDS-READING,a Learn page without a public source repo; read it (microsoft_docs_fetch),,learn,agents/doc-lookup-sources.md,,
S2191,https://graph.microsoft.com/v1.0/$metadata,live,,,,2026-09-25,200,NEEDS-READING,"HTTP 200, no last-updated date",,,agents/doc-lookup-sources.csv;agents/doc-lookup-sources.md,,
S2192,https://docs.pypi.org/api/json/,live,,,,2026-09-25,200,NEEDS-READING,"HTTP 200, no last-updated date",,,agents/doc-lookup-sources.csv;agents/doc-lookup-sources.md,,
S2193,https://docs.devin.ai/work-with-devin/deepwiki-mcp,live,,,,2026-09-25,200,OK,"sitemap lastmod 2026-06-29, not after retrieval 2026-09-25",sitemap lastmod 2026-06-29,,agents/doc-lookup-sources.md,,
S2194,https://github.com/upstash/context7,gh-page,,,,2026-09-25,,NEEDS-READING,"a github.com page (issues, wiki, home) or API call; read it",,github page,agents/doc-lookup-sources.md,,
S2195,https://learn.microsoft.com/en-us/legal/termsofuse,learn,,,,2026-09-25,200,NEEDS-READING,a Learn page without a public source repo; read it (microsoft_docs_fetch),,learn,agents/doc-lookup-sources.md,,
S2196,https://api.github.com/repos/MicrosoftDocs/memdocs,api-repo,github.com/MicrosoftDocs/memdocs,,,2026-09-25,,NEEDS-READING,repository metadata; no recorded release to compare (api.github.com is not called),,,agents/doc-lookup-sources.md,,
S2197,https://api.github.com/repos/microsoft/presidio,api-repo,github.com/microsoft/presidio,,,2026-09-25,,NEEDS-READING,repository metadata; no recorded release to compare (api.github.com is not called),,,agents/doc-lookup-sources.md,,
S2198,https://learn.microsoft.com/en-us/windows/apps/develop/smart-app-control/overview,learn,,,,2026-09-25,200,NEEDS-READING,a Learn page without a public source repo; read it (microsoft_docs_fetch),,learn,windows/smart-app-control.md,,
S2199,https://learn.microsoft.com/en-us/windows/apps/develop/smart-app-control/test-your-app-with-smart-app-control,learn,,,,2026-09-25,200,NEEDS-READING,a Learn page without a public source repo; read it (microsoft_docs_fetch),,learn,windows/smart-app-control.md,,
S2200,https://learn.microsoft.com/en-us/windows/security/application-security/application-control/app-control-for-business/appcontrol,learn,,,,2026-09-25,200,NEEDS-READING,a Learn page without a public source repo; read it (microsoft_docs_fetch),,learn,windows/smart-app-control.md,,
S2201,https://learn.microsoft.com/en-us/intune/device-configuration/endpoint-security/manage-app-control,learn,,,,2026-09-25,200,NEEDS-READING,a Learn page without a public source repo; read it (microsoft_docs_fetch),,learn,windows/smart-app-control.md,,
S2202,https://learn.microsoft.com/en-us/windows/security/application-security/application-control/app-control-for-business/deployment/deploy-appcontrol-policies-using-intune,learn,,,,2026-09-25,200,NEEDS-READING,a Learn page without a public source repo; read it (microsoft_docs_fetch),,learn,windows/app-control.md;windows/smart-app-control.md,,
S2203,https://learn.microsoft.com/en-us/windows/security/application-security/application-control/app-control-for-business/design/create-appcontrol-policy-for-lightly-managed-devices,learn,,,,2026-09-25,200,NEEDS-READING,a Learn page without a public source repo; read it (microsoft_docs_fetch),,learn,windows/smart-app-control.md,,
S2204,https://learn.microsoft.com/en-us/windows/security/application-security/application-control/app-control-for-business/deployment/appcontrol-deployment-guide,learn,,,,2026-09-25,200,NEEDS-READING,a Learn page without a public source repo; read it (microsoft_docs_fetch),,learn,windows/smart-app-control.md,,
S-22dvomdp,https://learn.microsoft.com/windows/ai/mcp/odr-tool,learn,,,,2026-09-26,200,NEEDS-READING,a Learn page without a public source repo; read it (microsoft_docs_fetch),,learn,agents/windows-agentic-platform.md,,
S-22nastju,https://code.claude.com/docs/en/agent-sdk/overview,live,,,,2026-09-26,200,OK,"sitemap lastmod 2026-09-21, not after retrieval 2026-09-26",sitemap lastmod 2026-09-21,,claude/agent-sdk.md,,
S-22qwtmf7,https://code.claude.com/docs/en/server-managed-settings,live,,,,2026-09-26,200,OK,"sitemap lastmod 2026-09-25, not after retrieval 2026-09-26",sitemap lastmod 2026-09-25,,claude/env-vars.csv;claude/settings-and-scopes.md,,
S-23bcmfv4,https://learn.microsoft.com/azure/foundry/agents/how-to/use-your-own-resources,learn,,,,2026-09-26,200,NEEDS-READING,a Learn page without a public source repo; read it (microsoft_docs_fetch),,learn,agents/foundry-agent-service.md,,
S-23euutj5,https://learn.microsoft.com/intune/app-management/deployment/add-dmg-macos,learn,,,,2026-09-26,200,NEEDS-READING,a Learn page without a public source repo; read it (microsoft_docs_fetch),,learn,intune/macos-management.md,,
S-27c7i7uy,https://learn.microsoft.com/microsoft-365/fasttrack/microsoft-intune,learn,,,,2026-09-26,200,NEEDS-READING,a Learn page without a public source repo; read it (microsoft_docs_fetch),,learn,agents/security-copilot-endpoint.md,,
S-27fiskhq,https://learn.microsoft.com/graph/api/resources/intune-mam-targetedmanagedappprotection?view=graph-rest-1.0,learn,,,,2026-09-26,200,NEEDS-READING,a Learn page without a public source repo; read it (microsoft_docs_fetch),,learn,intune/app-protection-mam.md,,
S-27puhgbj,https://learn.microsoft.com/intune/copilot/agents/policy-configuration-agent,learn,,,,2026-09-26,200,NEEDS-READING,a Learn page without a public source repo; read it (microsoft_docs_fetch),,learn,agents/security-copilot-endpoint.md,,
S-27rerlcs,https://learn.microsoft.com/intune/device-updates/apple/,learn,,,,2026-09-26,200,NEEDS-READING,a Learn page without a public source repo; read it (microsoft_docs_fetch),,learn,intune/ios-android-management.md,,
S-2cojjewu,https://learn.microsoft.com/windows/security/operating-system-security/data-protection/bitlocker/configure,learn,,,,2026-09-26,200,NEEDS-READING,a Learn page without a public source repo; read it (microsoft_docs_fetch),,learn,windows/bitlocker.md,,
S-2dqskpmr,https://learn.microsoft.com/autopilot/device-preparation/tutorial/user-driven/entra-join-device-group,learn,,,,2026-09-26,200,NEEDS-READING,a Learn page without a public source repo; read it (microsoft_docs_fetch),,learn,autopilot/device-preparation.md,,
S-2fvvbt5t,https://microsoft365dsc.com/user-guide/get-started/monitoring-drifts/,live,,,,2026-09-26,200,OK,"sitemap lastmod 2026-09-26, not after retrieval 2026-09-26",sitemap lastmod 2026-09-26,,graph/microsoft365dsc.md,,
S-2gcjipq5,https://learn.microsoft.com/entra/identity/conditional-access/concept-condition-filters-for-devices,learn,,,,2026-09-26,200,NEEDS-READING,a Learn page without a public source repo; read it (microsoft_docs_fetch),,learn,entra/ca-device-filter-properties.csv;entra/conditional-access-devices.md,,
S-2hhj3k5f,https://learn.microsoft.com/en-us/graph/api/resources/intune-deviceconfig-windows10compliancepolicy?view=graph-rest-beta,learn,github.com/microsoftgraph/microsoft-graph-docs-contrib,,api-reference/v1.0/api/resources/intune-deviceconfig-windows10compliancepolicy,2026-09-26,,NEEDS-READING,no source file for the page in github.com/microsoftgraph/microsoft-graph-docs-contrib,,learn,intune/compliance-policies.md,,
S-2hsm4de7,https://modelcontextprotocol.io/extensions/skills/overview,live,,,,2026-09-26,200,OK,"sitemap lastmod 2026-09-18, not after retrieval 2026-09-26",sitemap lastmod 2026-09-18,,mcp/registry-and-extensions.md,,
S-2ht6rnrq,https://learn.microsoft.com/intune/epm/frequently-asked-questions,learn,,,,2026-09-26,200,NEEDS-READING,a Learn page without a public source repo; read it (microsoft_docs_fetch),,learn,intune/endpoint-privilege-management.md,,
S-2jxyk3ra,https://learn.microsoft.com/graph/api/resources/intune-mam-windowsinformationprotectionpolicy?view=graph-rest-1.0,learn,,,,2026-09-26,200,NEEDS-READING,a Learn page without a public source repo; read it (microsoft_docs_fetch),,learn,intune/app-protection-mam.md,,
S-2laa2ngs,https://learn.microsoft.com/en-us/intune/governance/configure-cleanup-rules,learn,,,,2026-09-26,200,NEEDS-READING,a Learn page without a public source repo; read it (microsoft_docs_fetch),,learn,intune/remote-actions.md,,
S-2lf5j2iv,https://learn.microsoft.com/deployedge/configure-microsoft-edge,learn,,,,2026-09-26,200,NEEDS-READING,a Learn page without a public source repo; read it (microsoft_docs_fetch),,learn,gpo/admx-central-store.md,,
S-2ne6yzmx,https://learn.microsoft.com/intune/device-configuration/templates/configure-wired-networks,learn,,,,2026-09-26,200,NEEDS-READING,a Learn page without a public source repo; read it (microsoft_docs_fetch),,learn,intune/network-profiles.md,,
S-2ooklp7p,https://learn.microsoft.com/entra/id-governance/entitlement-management-access-reviews-create,learn,,,,2026-09-26,200,NEEDS-READING,a Learn page without a public source repo; read it (microsoft_docs_fetch),,learn,entra/pim-and-governance.md,,
S-2q2hcluk,https://learn.chatgpt.com/codex/extend/mcp,live,,,,2026-09-26,200,NEEDS-READING,"HTTP 200, no last-updated date; redirected to https://learn.chatgpt.com/docs/extend/mcp",,,agents/coding-agents-mcp.md,,
S-2vza23mx,https://learn.microsoft.com/entra/identity/hybrid/cloud-sync/what-is-cloud-sync,learn,,,,2026-09-26,200,NEEDS-READING,a Learn page without a public source repo; read it (microsoft_docs_fetch),,learn,entra/connect-and-cloud-sync.md,,
S-2w3gpaiz,https://learn.microsoft.com/intune/configmgr/sum/plan-design/plan-for-software-updates,learn,,,,2026-09-26,200,NEEDS-READING,a Learn page without a public source repo; read it (microsoft_docs_fetch),,learn,mecm/software-updates.md,,
S-2xp7a2zn,https://learn.microsoft.com/office/office-365-management-api/office-365-management-activity-api-reference,learn,,,,2026-09-26,200,NEEDS-READING,a Learn page without a public source repo; read it (microsoft_docs_fetch),,learn,auth/audit-log-apis.md,,
S-2ym4fr2c,https://support.claude.com/en/articles/9267276-roles-and-permissions,live,,,,2026-09-26,200,OK,"sitemap lastmod 2026-09-22, not after retrieval 2026-09-26",sitemap lastmod 2026-09-22,,claude/enterprise-admin.md,,
S-2ypn2ron,https://learn.microsoft.com/windows/client-management/mdm/policy-csp-windowsai,learn,,,,2026-09-26,200,NEEDS-READING,a Learn page without a public source repo; read it (microsoft_docs_fetch),,learn,agents/windows-agentic-platform.md;agents/windows-ai-policies.csv,,
S-2z6lunfo,https://learn.microsoft.com/windows/client-management/mdm/policy-csp-update,learn,,,,2026-09-26,200,NEEDS-READING,a Learn page without a public source repo; read it (microsoft_docs_fetch),,learn,windows/windows-update-management.csv;windows/windows-update-management.md,,
S-32ilsmsf,https://code.claude.com/docs/en/github-actions-cloud-providers,live,,,,2026-09-26,200,OK,"sitemap lastmod 2026-09-15, not after retrieval 2026-09-26",sitemap lastmod 2026-09-15,,claude/ci-and-headless.md,,
S-34u26yld,https://learn.microsoft.com/windows/deployment/update/waas-manage-updates-wsus,learn,,,,2026-09-26,200,NEEDS-READING,a Learn page without a public source repo; read it (microsoft_docs_fetch),,learn,windows/windows-update-management.md,,
S-34uiuy35,https://learn.microsoft.com/azure/sentinel/datalake/sentinel-lake-connectors,learn,,,,2026-09-26,200,NEEDS-READING,a Learn page without a public source repo; read it (microsoft_docs_fetch),,learn,logs/microsoft-sentinel.md,,
S-35rheh4q,https://learn.microsoft.com/graph/api/resources/intune-reporting-devicemanagementexportjob?view=graph-rest-1.0,learn,,,,2026-09-26,200,NEEDS-READING,a Learn page without a public source repo; read it (microsoft_docs_fetch),,learn,intune/reports-export-api.md,,
S-36mghzxu,https://learn.microsoft.com/azure/active-directory/conditional-access/how-to-app-protection-policy-windows,learn,,,,2026-09-26,200,NEEDS-READING,a Learn page without a public source repo; read it (microsoft_docs_fetch),,learn,intune/app-protection-mam.md,,
S-37nh7xwg,https://learn.microsoft.com/intune/device-security/compliance/custom-settings,learn,,,,2026-09-26,200,NEEDS-READING,a Learn page without a public source repo; read it (microsoft_docs_fetch),,learn,intune/linux-management.md,,
S-3ajkoikd,https://learn.microsoft.com/en-us/azure/azure-arc/servers/azcmagent-disconnect,learn,,,,2026-09-26,200,NEEDS-READING,a Learn page without a public source repo; read it (microsoft_docs_fetch),,learn,windows/azure-arc-servers.md,,
S-3axje6py,https://learn.microsoft.com/azure/foundry/agents/how-to/tools/toolbox,learn,,,,2026-09-26,200,NEEDS-READING,a Learn page without a public source repo; read it (microsoft_docs_fetch),,learn,agents/foundry-agent-service.md;agents/foundry-agent-tools.csv,,
S-3dcvyq2z,https://learn.microsoft.com/azure/sentinel/connect-services-windows-based,learn,,,,2026-09-26,200,NEEDS-READING,a Learn page without a public source repo; read it (microsoft_docs_fetch),,learn,logs/azure-monitor-agent.md,,
S-3dmxye5u,https://learn.microsoft.com/windows/client-management/mdm/policy-csp-deliveryoptimization,learn,,,,2026-09-26,200,NEEDS-READING,a Learn page without a public source repo; read it (microsoft_docs_fetch),,learn,windows/delivery-optimization.csv;windows/delivery-optimization.md,,
S-3ed4q5kx,https://learn.microsoft.com/en-us/powershell/module/defender/set-mppreference,learn,,,,2026-09-26,200,NEEDS-READING,a Learn page without a public source repo; read it (microsoft_docs_fetch),,learn,defender/asr-and-antivirus.md,,
S-3itm74ex,https://learn.microsoft.com/en-us/defender-xdr/advanced-hunting-devicetvmsecureconfigurationassessment-table,learn,,,,2026-09-26,200,NEEDS-READING,a Learn page without a public source repo; read it (microsoft_docs_fetch),,learn,defender/advanced-hunting-tables.csv;defender/advanced-hunting.md,,
S-3j6fi7yk,https://modelcontextprotocol.io/registry/quickstart,live,,,,2026-09-26,200,OK,"sitemap lastmod 2026-09-24, not after retrieval 2026-09-26",sitemap lastmod 2026-09-24,,mcp/registry-and-extensions.md,,
S-3odg3w3u,https://learn.microsoft.com/en-us/defender-endpoint/edr-block-mode-faqs,learn,,,,2026-09-26,200,NEEDS-READING,a Learn page without a public source repo; read it (microsoft_docs_fetch),,learn,defender/asr-and-antivirus.md,,
S-3p4dmsu3,https://learn.microsoft.com/en-us/intune/intune-service/protect/create-policy,learn,,,,2026-09-26,404,NEEDS-READING,a Learn page without a public source repo; read it (microsoft_docs_fetch),,learn,intune/compliance-policies.md,,
S-3peuisvr,https://code.claude.com/docs/en/plugins/create,live,,,,2026-09-26,200,OK,"sitemap lastmod 2026-09-26, not after retrieval 2026-09-26",sitemap lastmod 2026-09-26,,claude/plugins.md,,
S-3pftmimx,https://platform.claude.com/docs/en/build-with-claude/batch-processing,live,,,,2026-09-26,200,NEEDS-READING,"HTTP 200, no last-updated date",,,claude/api-limits.csv;claude/messages-api.md,,
S-3r3y76di,https://learn.microsoft.com/microsoft-365/copilot/extensibility/declarative-agent-manifest-1.2,learn,,,,2026-09-26,200,NEEDS-READING,a Learn page without a public source repo; read it (microsoft_docs_fetch),,learn,agents/m365-copilot-extensibility.md,,
S-3s4pyls4,https://learn.microsoft.com/en-us/autopilot/tutorial/reset/remote-autopilot-reset,learn,,,,2026-09-26,200,NEEDS-READING,a Learn page without a public source repo; read it (microsoft_docs_fetch),,learn,intune/remote-actions.md,,
S-3s4qysez,https://modelcontextprotocol.io/specification/2026-07-28/server/utilities/logging,live,,,,2026-09-26,200,OK,"sitemap lastmod 2026-09-24, not after retrieval 2026-09-26",sitemap lastmod 2026-09-24,,mcp/resources-prompts.md,,
S-3srrd54u,https://learn.microsoft.com/intune/configmgr/sum/deploy-use/automatically-deploy-software-updates,learn,,,,2026-09-26,200,NEEDS-READING,a Learn page without a public source repo; read it (microsoft_docs_fetch),,learn,mecm/software-updates.md,,
S-3t6iud2k,https://learn.microsoft.com/intune/device-configuration/settings-catalog/configure-platform-sso-macos,learn,,,,2026-09-26,200,NEEDS-READING,a Learn page without a public source repo; read it (microsoft_docs_fetch),,learn,intune/macos-management.md,,
S-3ul4mkos,https://learn.microsoft.com/windows/deployment/do/delivery-optimization-troubleshoot,learn,,,,2026-09-26,200,NEEDS-READING,a Learn page without a public source repo; read it (microsoft_docs_fetch),,learn,windows/delivery-optimization.md,,
S-3v22wodo,https://learn.microsoft.com/intune/device-enrollment/android/guide,learn,,,,2026-09-26,200,NEEDS-READING,a Learn page without a public source repo; read it (microsoft_docs_fetch),,learn,intune/ios-android-management.md;intune/mobile-enrollment-types.csv,,
S-3vcy7oqc,https://learn.microsoft.com/windows-365/overview,learn,,,,2026-09-26,200,NEEDS-READING,a Learn page without a public source repo; read it (microsoft_docs_fetch),,learn,windows/windows-365.md,,
S-3w5igyu3,https://learn.microsoft.com/autopilot/device-preparation/known-issues,learn,,,,2026-09-26,200,NEEDS-READING,a Learn page without a public source repo; read it (microsoft_docs_fetch),,learn,autopilot/device-preparation.md,,
S-3wd7aoot,https://learn.microsoft.com/defender-endpoint/configure-endpoints-sccm,learn,,,,2026-09-26,200,NEEDS-READING,a Learn page without a public source repo; read it (microsoft_docs_fetch),,learn,defender/mde-onboarding.md,,
S-3wkz47cw,https://learn.microsoft.com/intune/epm/create-elevation-rules,learn,,,,2026-09-26,200,NEEDS-READING,a Learn page without a public source repo; read it (microsoft_docs_fetch),,learn,intune/endpoint-privilege-management.md,,
S-3wxcangs,https://learn.microsoft.com/microsoft-365/copilot/extensibility/faq,learn,,,,2026-09-26,200,NEEDS-READING,a Learn page without a public source repo; read it (microsoft_docs_fetch),,learn,agents/m365-copilot-extensibility.md,,
S-3xdtjgi4,https://learn.microsoft.com/intune/device-security/microsoft-tunnel/overview,learn,,,,2026-09-26,200,NEEDS-READING,a Learn page without a public source repo; read it (microsoft_docs_fetch),,learn,intune/network-profiles.md,,
S-3xyywfcr,https://code.claude.com/docs/en/plugins/manifest-reference,live,,,,2026-09-26,200,OK,"sitemap lastmod 2026-09-25, not after retrieval 2026-09-26",sitemap lastmod 2026-09-25,,claude/plugins.csv;claude/plugins.md,,
S-3zrbebvf,https://modelcontextprotocol.io/extensions/auth/enterprise-managed-authorization,live,,,,2026-09-26,200,OK,"sitemap lastmod 2026-07-28, not after retrieval 2026-09-26",sitemap lastmod 2026-07-28,,mcp/registry-and-extensions.md,,
S-43xr27dp,https://www.langchain.com/langgraph-platform,live,,,,2026-09-26,200,NEEDS-READING,"HTTP 200, no last-updated date; redirected to https://www.langchain.com/langsmith/deployment",,,agents/langgraph.md,,
S-44mrima5,https://microsoft365dsc.com/user-guide/get-started/authentication-and-permissions/,live,,,,2026-09-26,200,OK,"sitemap lastmod 2026-09-26, not after retrieval 2026-09-26",sitemap lastmod 2026-09-26,,graph/microsoft365dsc.md,,
S-46ndqgay,https://learn.microsoft.com/microsoft-365/copilot/extensibility/declarative-agent-manifest-1.0,learn,,,,2026-09-26,200,NEEDS-READING,a Learn page without a public source repo; read it (microsoft_docs_fetch),,learn,agents/m365-copilot-extensibility.md,,
S-4adqmykc,https://learn.microsoft.com/en-us/defender-endpoint/attack-surface-reduction-windows-events,learn,,,,2026-09-26,200,NEEDS-READING,a Learn page without a public source repo; read it (microsoft_docs_fetch),,learn,defender/asr-and-antivirus.md,,
S-4as52t5e,https://learn.microsoft.com/windows-server/identity/laps/laps-scenarios-migration,learn,,,,2026-09-26,200,NEEDS-READING,a Learn page without a public source repo; read it (microsoft_docs_fetch),,learn,windows/laps.md,,
S-4ccloker,https://learn.microsoft.com/defender-endpoint/api/stop-and-quarantine-file,learn,,,,2026-09-26,200,NEEDS-READING,a Learn page without a public source repo; read it (microsoft_docs_fetch),,learn,defender/machine-actions.csv;defender/response-actions-api.md,,
S-4cv3kd2v,https://learn.microsoft.com/security/ransomware/incident-response-playbook-dart-ransomware-approach,learn,,,,2026-09-26,200,NEEDS-READING,a Learn page without a public source repo; read it (microsoft_docs_fetch),,learn,ad/krbtgt-password-reset.md,,
S-4elqlqiz,https://learn.microsoft.com/graph/api/intune-shared-devicemanagementscript-assign?view=graph-rest-beta,learn,,,,2026-09-26,200,NEEDS-READING,a Learn page without a public source repo; read it (microsoft_docs_fetch),,learn,intune/platform-scripts.md,,
S-4gg3zmhr,https://learn.microsoft.com/en-us/graph/api/intune-deviceconfigv2-devicemanagementconfigurationpolicy-create?view=graph-rest-beta,learn,github.com/microsoftgraph/microsoft-graph-docs-contrib,,api-reference/v1.0/api/intune-deviceconfigv2-devicemanagementconfigurationpolicy-create,2026-09-26,,NEEDS-READING,no source file for the page in github.com/microsoftgraph/microsoft-graph-docs-contrib,,learn,intune/configuration-policies.md,,
S-4gkojj4d,https://learn.microsoft.com/azure/update-manager/scheduled-patching,learn,,,,2026-09-26,200,NEEDS-READING,a Learn page without a public source repo; read it (microsoft_docs_fetch),,learn,windows/azure-update-manager.md,,
S-4h5a6snd,https://learn.microsoft.com/windows/deployment/do/mcc-ent-prerequisites,learn,,,,2026-09-26,200,NEEDS-READING,a Learn page without a public source repo; read it (microsoft_docs_fetch),,learn,windows/delivery-optimization.md,,
S-4hditql5,https://www.anthropic.com/news/contextual-retrieval,live,,,,2026-09-26,200,OK,"sitemap lastmod 2024-12-19, not after retrieval 2026-09-26; redirected to https://www.anthropic.com/engineering/contextual-retrieval",sitemap lastmod 2024-12-19,,agents/hybrid-retrieval.md,,
S-4hhozw7m,https://learn.microsoft.com/intune/device-updates/apple/planning-guide-ios-ipados,learn,,,,2026-09-26,200,NEEDS-READING,a Learn page without a public source repo; read it (microsoft_docs_fetch),,learn,intune/ios-android-management.md,,
S-4ikiakpi,https://learn.microsoft.com/windows-server/identity/ad-ds/manage/forest-recovery-guide/ad-forest-recovery-reset-the-krbtgt-password,learn,,,,2026-09-26,200,NEEDS-READING,a Learn page without a public source repo; read it (microsoft_docs_fetch),,learn,ad/krbtgt-password-reset.md,,
S-4krmuswc,https://learn.microsoft.com/en-us/graph/api/intune-devices-manageddevice-rebootnow?view=graph-rest-1.0,learn,github.com/microsoftgraph/microsoft-graph-docs-contrib,,api-reference/v1.0/api/intune-devices-manageddevice-rebootnow,2026-09-26,,OK,source file api-reference/v1.0/api/intune-devices-manageddevice-rebootnow.md has no commit since 2026-09-26 (HEAD 4ad99fd37a9e),git_commit_id 4ad99fd37a9e,,intune/remote-actions.csv;intune/remote-actions.md,,
S-4krq7dui,https://learn.microsoft.com/windows/client-management/mdm/policy-configuration-service-provider,learn,,,,2026-09-26,200,NEEDS-READING,a Learn page without a public source repo; read it (microsoft_docs_fetch),,learn,intune/configuration-policies.md,,
S-4ls6gbe6,https://learn.microsoft.com/en-us/mem/intune/fundamentals/filters,learn,,,,2026-09-26,200,NEEDS-READING,a Learn page without a public source repo; read it (microsoft_docs_fetch),,learn,intune/assignment-filters-and-rbac.md,,
S-4m2kbuls,https://code.claude.com/docs/en/plugins/marketplace-reference,live,,,,2026-09-26,200,OK,"sitemap lastmod 2026-09-24, not after retrieval 2026-09-26",sitemap lastmod 2026-09-24,,claude/plugins.csv;claude/plugins.md,,
S-4mutzurm,https://learn.microsoft.com/azure/foundry/openai/api-version-lifecycle,learn,,,,2026-09-26,200,NEEDS-READING,a Learn page without a public source repo; read it (microsoft_docs_fetch),,learn,agents/azure-openai-deployments.md,,
S-4oi245yf,https://learn.microsoft.com/windows/deployment/windows-autopatch/prepare/windows-autopatch-prerequisites,learn,,,,2026-09-26,200,NEEDS-READING,a Learn page without a public source repo; read it (microsoft_docs_fetch),,learn,windows/windows-update-management.csv;windows/windows-update-management.md,,
S-4qod6hyu,https://learn.microsoft.com/defender-endpoint/api/cancel-machine-action,learn,,,,2026-09-26,200,NEEDS-READING,a Learn page without a public source repo; read it (microsoft_docs_fetch),,learn,defender/machine-actions.csv;defender/response-actions-api.md,,
S-4rvc364j,https://learn.microsoft.com/microsoft-365/copilot/extensibility/declarative-agent-manifest-1.5,learn,,,,2026-09-26,200,NEEDS-READING,a Learn page without a public source repo; read it (microsoft_docs_fetch),,learn,agents/declarative-agent-manifest.csv;agents/m365-copilot-extensibility.md,,
S-4txttdx2,https://learn.microsoft.com/intune/cloud-pki/renew-ca,learn,,,,2026-09-26,200,NEEDS-READING,a Learn page without a public source repo; read it (microsoft_docs_fetch),,learn,intune/certificates-pki.md,,
S-4vuqeywj,https://learn.microsoft.com/intune/device-configuration/endpoint-security/encrypt-filevault-macos,learn,,,,2026-09-26,200,NEEDS-READING,a Learn page without a public source repo; read it (microsoft_docs_fetch),,learn,intune/macos-management.md,,
S-4w7mhn5x,https://learn.microsoft.com/en-us/defender-xdr/advanced-hunting-deviceevents-table,learn,,,,2026-09-26,200,NEEDS-READING,a Learn page without a public source repo; read it (microsoft_docs_fetch),,learn,defender/advanced-hunting-tables.csv;defender/advanced-hunting.md,,
S-4xar7ise,https://learn.microsoft.com/en-us/azure/governance/machine-configuration/overview/02-setup-prerequisites,learn,,,,2026-09-26,200,NEEDS-READING,a Learn page without a public source repo; read it (microsoft_docs_fetch),,learn,windows/azure-arc-servers.md,,
S-4zkeipor,https://modelcontextprotocol.io/extensions/apps/overview,live,,,,2026-09-26,200,OK,"sitemap lastmod 2026-09-02, not after retrieval 2026-09-26",sitemap lastmod 2026-09-02,,mcp/registry-and-extensions.md,,
S-524t5qtl,https://github.com/pgvector/pgvector/blob/master/README.md,gh-ref,github.com/pgvector/pgvector,master,README.md,2026-09-26,,OK,no commit on master touches it since 2026-09-26; master@7db2345ed99b,master@7db2345ed99b,,agents/hybrid-retrieval.md,,
S-52r2vxes,https://learn.microsoft.com/powershell/module/configurationmanager/new-cmsoftwareupdateautodeploymentrule?view=sccm-ps,learn,,,,2026-09-26,200,NEEDS-READING,a Learn page without a public source repo; read it (microsoft_docs_fetch),,learn,mecm/software-updates.md,,
S-547mfaj7,https://learn.microsoft.com/azure/ai-services/content-safety/overview,learn,,,,2026-09-26,200,NEEDS-READING,a Learn page without a public source repo; read it (microsoft_docs_fetch),,learn,agents/content-safety-limits.csv;agents/content-safety-prompt-shields.md,,
S-56eqdqa6,https://learn.microsoft.com/azure/sentinel/overview,learn,,,,2026-09-26,200,NEEDS-READING,a Learn page without a public source repo; read it (microsoft_docs_fetch),,learn,logs/microsoft-sentinel.md,,
S-56tu3aqk,https://learn.microsoft.com/azure/ai-services/content-safety/how-to/use-blocklist,learn,,,,2026-09-26,200,NEEDS-READING,a Learn page without a public source repo; read it (microsoft_docs_fetch),,learn,agents/content-safety-limits.csv;agents/content-safety-prompt-shields.md,,
S-5alhdr35,https://learn.microsoft.com/graph/api/cloudpc-resize?view=graph-rest-1.0,learn,,,,2026-09-26,200,NEEDS-READING,a Learn page without a public source repo; read it (microsoft_docs_fetch),,learn,windows/windows-365.md,,
S-5be7mkzk,https://code.claude.com/docs/en/agent-sdk/mcp,live,,,,2026-09-26,200,OK,"sitemap lastmod 2026-09-25, not after retrieval 2026-09-26",sitemap lastmod 2026-09-25,,claude/agent-sdk.md,,
S-5c4oo5gx,https://learn.microsoft.com/azure/update-manager/troubleshoot,learn,,,,2026-09-26,200,NEEDS-READING,a Learn page without a public source repo; read it (microsoft_docs_fetch),,learn,windows/azure-update-manager.md,,
S-5cbvuypc,https://learn.microsoft.com/intune/app-management/protection/configure-conditional-launch,learn,,,,2026-09-26,200,NEEDS-READING,a Learn page without a public source repo; read it (microsoft_docs_fetch),,learn,intune/app-protection-mam.md,,
S-5cjhp7co,https://learn.microsoft.com/copilot/security/security-copilot-inclusion,learn,,,,2026-09-26,200,NEEDS-READING,a Learn page without a public source repo; read it (microsoft_docs_fetch),,learn,agents/security-copilot-endpoint.md,,
S-5d3e2yck,https://learn.microsoft.com/azure/azure-monitor/agents/azure-monitor-agent-migration,learn,,,,2026-09-26,200,NEEDS-READING,a Learn page without a public source repo; read it (microsoft_docs_fetch),,learn,logs/azure-monitor-agent.md,,
S-5d7caeeq,https://learn.microsoft.com/en-us/azure/azure-arc/servers/onboard-service-principal,learn,,,,2026-09-26,200,NEEDS-READING,a Learn page without a public source repo; read it (microsoft_docs_fetch),,learn,windows/azure-arc-servers.md,,
S-5fxhm5mr,https://learn.microsoft.com/graph/api/resources/intune-mam-targetedmanagedappconfiguration?view=graph-rest-1.0,learn,,,,2026-09-26,200,NEEDS-READING,a Learn page without a public source repo; read it (microsoft_docs_fetch),,learn,intune/app-protection-mam.md,,
S-5g472jm4,https://learn.microsoft.com/azure/update-manager/manage-hot-patching-arc-machines,learn,,,,2026-09-26,200,NEEDS-READING,a Learn page without a public source repo; read it (microsoft_docs_fetch),,learn,windows/azure-update-manager.md,,
S-5h4qjmdq,https://learn.microsoft.com/intune/remote-help/deploy,learn,,,,2026-09-26,200,NEEDS-READING,a Learn page without a public source repo; read it (microsoft_docs_fetch),,learn,intune/remote-help.md,,
S-5hprvqbx,https://learn.microsoft.com/entra/id-governance/privileged-identity-management/pim-how-to-change-default-settings,learn,,,,2026-09-26,200,NEEDS-READING,a Learn page without a public source repo; read it (microsoft_docs_fetch),,learn,entra/pim-and-governance.md,,
S-5ic2ryhm,https://learn.microsoft.com/defender-endpoint/onboard-server,learn,,,,2026-09-26,200,NEEDS-READING,a Learn page without a public source repo; read it (microsoft_docs_fetch),,learn,defender/mde-onboarding.md,,
S-5jodj5ne,https://learn.microsoft.com/en-us/graph/api/intune-devices-manageddevice-windowsdefenderscan?view=graph-rest-1.0,learn,github.com/microsoftgraph/microsoft-graph-docs-contrib,,api-reference/v1.0/api/intune-devices-manageddevice-windowsdefenderscan,2026-09-26,,OK,source file api-reference/v1.0/api/intune-devices-manageddevice-windowsdefenderscan.md has no commit since 2026-09-26 (HEAD 4ad99fd37a9e),git_commit_id 4ad99fd37a9e,,intune/remote-actions.csv;intune/remote-actions.md,,
S-5kjwbj3c,https://registry.terraform.io/providers/hashicorp/azurerm/latest/docs/resources/sentinel_log_analytics_workspace_onboarding,live,,,,2026-09-26,200,NEEDS-READING,"HTTP 200, no last-updated date",,,logs/microsoft-sentinel.md,,
S-5kn2m73o,https://learn.microsoft.com/microsoft-365/admin/manage/manage-tools-for-agent,learn,,,,2026-09-26,200,NEEDS-READING,a Learn page without a public source repo; read it (microsoft_docs_fetch),,learn,agents/m365-copilot-extensibility.md,,
S-5mkng6kh,https://learn.microsoft.com/office/office-365-management-api/troubleshooting-the-office-365-management-activity-api,learn,,,,2026-09-26,200,NEEDS-READING,a Learn page without a public source repo; read it (microsoft_docs_fetch),,learn,auth/audit-log-apis.md,,
S-5nnb4rik,https://learn.microsoft.com/en-us/defender-xdr/advanced-hunting-best-practices,learn,,,,2026-09-26,200,NEEDS-READING,a Learn page without a public source repo; read it (microsoft_docs_fetch),,learn,defender/advanced-hunting.md,,
S-5pkzlomo,https://learn.microsoft.com/en-us/windows/security/operating-system-security/sysmon/overview,learn,,,,2026-09-26,200,NEEDS-READING,a Learn page without a public source repo; read it (microsoft_docs_fetch),,learn,windows/event-forwarding-sysmon.md,,
S-5pmoh6xp,https://docs.langchain.com/oss/python/langgraph/streaming,live,,,,2026-09-26,200,OK,"sitemap lastmod 2026-09-25, not after retrieval 2026-09-26",sitemap lastmod 2026-09-25,,agents/langgraph.md,,
S-5q4kuvo5,https://learn.microsoft.com/powershell/microsoftgraph/get-started?view=graph-powershell-1.0,learn,,,,2026-09-26,200,NEEDS-READING,a Learn page without a public source repo; read it (microsoft_docs_fetch),,learn,graph/powershell-sdk.md,,
S-5sy3a7ev,https://learn.microsoft.com/azure/virtual-machines/maintenance-configurations,learn,,,,2026-09-26,200,NEEDS-READING,a Learn page without a public source repo; read it (microsoft_docs_fetch),,learn,windows/azure-update-manager.md,,
S-5tsg2rir,https://learn.microsoft.com/azure/foundry/agents/environment-setup,learn,,,,2026-09-26,200,NEEDS-READING,a Learn page without a public source repo; read it (microsoft_docs_fetch),,learn,agents/foundry-agent-service.md,,
S-5uxkh3j5,https://platform.claude.com/docs/en/api/rate-limits,live,,,,2026-09-26,200,NEEDS-READING,"HTTP 200, no last-updated date",,,claude/api-limits.csv;claude/messages-api.md,,
S-5vopvhhm,https://learn.microsoft.com/intune/device-enrollment/guide-linux,learn,,,,2026-09-26,200,NEEDS-READING,a Learn page without a public source repo; read it (microsoft_docs_fetch),,learn,intune/linux-management.md,,
S-5ygcb6vm,https://learn.microsoft.com/azure/foundry/agents/how-to/tools/model-context-protocol,learn,,,,2026-09-26,200,NEEDS-READING,a Learn page without a public source repo; read it (microsoft_docs_fetch),,learn,agents/foundry-agent-service.md;agents/foundry-agent-tools.csv,,
S-5yopk2hr,https://learn.microsoft.com/entra/id-protection/concept-risky-agents,learn,,,,2026-09-26,200,NEEDS-READING,a Learn page without a public source repo; read it (microsoft_docs_fetch),,learn,entra/agent-id.md,,
S-62djuv2f,https://learn.microsoft.com/powershell/module/microsoft.powershell.core/about/about_telemetry,learn,,,,2026-09-26,200,NEEDS-READING,a Learn page without a public source repo; read it (microsoft_docs_fetch),,learn,windows/powershell-7.md,,
S-643xsvbr,https://learn.microsoft.com/intune/app-management/deployment/add-lob-macos,learn,,,,2026-09-26,200,NEEDS-READING,a Learn page without a public source repo; read it (microsoft_docs_fetch),,learn,intune/macos-management.md,,
S-66rxa5r3,https://learn.microsoft.com/powershell/module/microsoft.powershell.core/about/about_update_notifications,learn,,,,2026-09-26,200,NEEDS-READING,a Learn page without a public source repo; read it (microsoft_docs_fetch),,learn,windows/powershell-7.md,,
S-6bbkebpi,https://learn.microsoft.com/windows-365/enterprise/provisioning,learn,,,,2026-09-26,200,NEEDS-READING,a Learn page without a public source repo; read it (microsoft_docs_fetch),,learn,windows/windows-365.md,,
S-6bhjc6zo,https://learn.microsoft.com/intune/epm/manage-support-approvals,learn,,,,2026-09-26,200,NEEDS-READING,a Learn page without a public source repo; read it (microsoft_docs_fetch),,learn,intune/endpoint-privilege-management.md,,
S-6buofrld,https://pypi.org/project/langgraph/,live,,,,2026-09-26,200,NEEDS-READING,PyPI latest 1.2.12; no version recorded to compare,,,agents/langgraph.md,,
S-6c6jslfs,https://learn.microsoft.com/azure/sentinel/scheduled-rules-overview,learn,,,,2026-09-26,200,NEEDS-READING,a Learn page without a public source repo; read it (microsoft_docs_fetch),,learn,logs/microsoft-sentinel.md,,
S-6ca4b7bg,https://learn.microsoft.com/defender-for-identity/alerts-mdi-classic,learn,,,,2026-09-26,200,NEEDS-READING,a Learn page without a public source repo; read it (microsoft_docs_fetch),,learn,ad/krbtgt-password-reset.md,,
S-6clhfher,https://learn.microsoft.com/entra/identity/hybrid/cloud-sync/how-to-install,learn,,,,2026-09-26,200,NEEDS-READING,a Learn page without a public source repo; read it (microsoft_docs_fetch),,learn,entra/connect-and-cloud-sync.md,,
S-6fwniw6n,https://learn.microsoft.com/intune/fundamentals/certificates/connector/prerequisites,learn,,,,2026-09-26,200,NEEDS-READING,a Learn page without a public source repo; read it (microsoft_docs_fetch),,learn,intune/certificates-pki.md,,
S-6glsfens,https://learn.microsoft.com/windows-server/storage/dfs-replication/dfs-replication-overview,learn,,,,2026-09-26,200,NEEDS-READING,a Learn page without a public source repo; read it (microsoft_docs_fetch),,learn,gpo/admx-central-store.md,,
S-6htyzc3j,https://learn.microsoft.com/autopilot/device-preparation/overview,learn,,,,2026-09-26,200,NEEDS-READING,a Learn page without a public source repo; read it (microsoft_docs_fetch),,learn,autopilot/device-preparation.md,,
S-6jcocxnl,https://learn.microsoft.com/azure/foundry-classic/how-to/develop/agent-evaluate-sdk,learn,,,,2026-09-26,200,NEEDS-READING,a Learn page without a public source repo; read it (microsoft_docs_fetch),,learn,agents/agent-evaluation.md,,
S-6jt4shfp,https://learn.microsoft.com/graph/paging,learn,,,,2026-09-26,200,NEEDS-READING,a Learn page without a public source repo; read it (microsoft_docs_fetch),,learn,graph/batching-and-query.md;graph/powershell-sdk.md,,
S-6jy3vnik,https://learn.microsoft.com/intune/endpoint-analytics/app-reliability,learn,,,,2026-09-26,200,NEEDS-READING,a Learn page without a public source repo; read it (microsoft_docs_fetch),,learn,intune/device-inventory-analytics.md,,
S-6kxfh4ff,https://learn.microsoft.com/windows/client-management/manage-click-to-do,learn,,,,2026-09-26,200,NEEDS-READING,a Learn page without a public source repo; read it (microsoft_docs_fetch),,learn,agents/windows-agentic-platform.md,,
S-6lyy6mvq,https://learn.microsoft.com/graph/api/intune-apps-win32lobapp-create?view=graph-rest-1.0,learn,,,,2026-09-26,200,NEEDS-READING,a Learn page without a public source repo; read it (microsoft_docs_fetch),,learn,intune/win32-apps.csv;intune/win32-apps.md,,
S-6mj4jpce,https://learn.microsoft.com/defender-for-identity/security-posture-assessments/accounts,learn,,,,2026-09-26,200,NEEDS-READING,a Learn page without a public source repo; read it (microsoft_docs_fetch),,learn,ad/krbtgt-password-reset.md,,
S-6psxvqdi,https://learn.microsoft.com/entra/id-governance/privileged-identity-management/concept-pim-for-groups,learn,,,,2026-09-26,200,NEEDS-READING,a Learn page without a public source repo; read it (microsoft_docs_fetch),,learn,entra/pim-and-governance.md,,
S-6pxhq347,https://learn.microsoft.com/intune/configmgr/core/servers/deploy/configure/install-and-configure-distribution-points,learn,,,,2026-09-26,200,NEEDS-READING,a Learn page without a public source repo; read it (microsoft_docs_fetch),,learn,mecm/osd-task-sequences.md,,
S-6q5tyxki,https://learn.microsoft.com/entra/identity/hybrid/cloud-sync/connect-to-cloud-sync-decision-guide,learn,,,,2026-09-26,200,NEEDS-READING,a Learn page without a public source repo; read it (microsoft_docs_fetch),,learn,entra/connect-and-cloud-sync.md,,
S-6soaabdg,https://learn.microsoft.com/intune/device-updates/windows/,learn,,,,2026-09-26,200,NEEDS-READING,a Learn page without a public source repo; read it (microsoft_docs_fetch),,learn,windows/windows-update-management.md,,
S-6t23b25h,https://learn.microsoft.com/windows/deployment/do/delivery-optimization-workflow,learn,,,,2026-09-26,200,NEEDS-READING,a Learn page without a public source repo; read it (microsoft_docs_fetch),,learn,windows/delivery-optimization.md,,
S-6vnttaga,https://learn.microsoft.com/powershell/module/microsoft.powershell.core/about/about_environment_variables,learn,,,,2026-09-26,200,NEEDS-READING,a Learn page without a public source repo; read it (microsoft_docs_fetch),,learn,windows/powershell-7.md,,
S-6xjyyd4l,https://learn.microsoft.com/azure/azure-monitor/agents/azure-monitor-agent-overview,learn,,,,2026-09-26,200,NEEDS-READING,a Learn page without a public source repo; read it (microsoft_docs_fetch),,learn,logs/azure-monitor-agent.md,,
S-6yngu4zf,https://learn.microsoft.com/defender-endpoint/run-analyzer-windows,learn,,,,2026-09-26,200,NEEDS-READING,a Learn page without a public source repo; read it (microsoft_docs_fetch),,learn,defender/mde-onboarding.md,,
S-6ysoloif,https://learn.microsoft.com/agent-framework/agents/tools/hosted-mcp-tools,learn,,,,2026-09-26,200,NEEDS-READING,a Learn page without a public source repo; read it (microsoft_docs_fetch),,learn,agents/foundry-agent-service.md,,
S-735ghpq5,https://learn.microsoft.com/entra/identity/conditional-access/agent-id,learn,,,,2026-09-26,200,NEEDS-READING,a Learn page without a public source repo; read it (microsoft_docs_fetch),,learn,entra/agent-id.md,,
S-73vw637c,https://learn.microsoft.com/windows/client-management/manage-recall,learn,,,,2026-09-26,200,NEEDS-READING,a Learn page without a public source repo; read it (microsoft_docs_fetch),,learn,agents/windows-agentic-platform.md,,
S-76smovmo,https://github.com/pgvector/pgvector/blob/master/LICENSE,gh-ref,github.com/pgvector/pgvector,master,LICENSE,2026-09-26,,OK,no commit on master touches it since 2026-09-26; master@7db2345ed99b,master@7db2345ed99b,,agents/hybrid-retrieval.md,,
S-77cduhcg,https://learn.microsoft.com/windows-server/administration/windows-commands/manage-bde-status,learn,,,,2026-09-26,200,NEEDS-READING,a Learn page without a public source repo; read it (microsoft_docs_fetch),,learn,windows/bitlocker.md,,
S-77ejmtcy,https://learn.microsoft.com/windows-365/enterprise/introduction-windows-365-flex,learn,,,,2026-09-26,200,NEEDS-READING,a Learn page without a public source repo; read it (microsoft_docs_fetch),,learn,windows/windows-365.md,,
S-77pv663g,https://learn.microsoft.com/windows/ai/new-windows-ml/distributing-your-app,learn,,,,2026-09-26,200,NEEDS-READING,a Learn page without a public source repo; read it (microsoft_docs_fetch),,learn,agents/windows-agentic-platform.md,,
S-7aahdyrw,https://learn.microsoft.com/defender-endpoint/configure-endpoints-gp,learn,,,,2026-09-26,200,NEEDS-READING,a Learn page without a public source repo; read it (microsoft_docs_fetch),,learn,defender/mde-onboarding.md,,
S-7bcl2ob5,https://learn.microsoft.com/windows/apps/develop/windows-integration/recall/,learn,,,,2026-09-26,200,NEEDS-READING,a Learn page without a public source repo; read it (microsoft_docs_fetch),,learn,agents/windows-agentic-platform.md,,
S-7cnzcrhl,https://learn.microsoft.com/intune/device-management/reports/ref-graph-available-reports,learn,,,,2026-09-26,200,NEEDS-READING,a Learn page without a public source repo; read it (microsoft_docs_fetch),,learn,intune/export-report-names.csv;intune/reports-export-api.md,,
S-7cxticpd,https://learn.microsoft.com/autopilot/device-preparation/compare,learn,,,,2026-09-26,200,NEEDS-READING,a Learn page without a public source repo; read it (microsoft_docs_fetch),,learn,autopilot/device-preparation.md;autopilot/v1-vs-v2.csv,,
S-7dabdnod,https://learn.microsoft.com/intune/endpoint-analytics/,learn,,,,2026-09-26,200,NEEDS-READING,a Learn page without a public source repo; read it (microsoft_docs_fetch),,learn,intune/device-inventory-analytics.md,,
S-7ddssdnb,https://raw.githubusercontent.com/microsoft/winget-cli/master/doc/windows/package-manager/winget/returnCodes.md,raw-ref,github.com/microsoft/winget-cli,master,doc/windows/package-manager/winget/returnCodes.md,2026-09-26,200,OK,no commit on master touches it since 2026-09-26; master@77ff01a9a5fe,master@77ff01a9a5fe,,windows/winget.md,,
S-7giv7rol,https://learn.microsoft.com/graph/api/intune-epmgraphapiservice-privilegemanagementelevationrequest-approve?view=graph-rest-beta,learn,,,,2026-09-26,200,NEEDS-READING,a Learn page without a public source repo; read it (microsoft_docs_fetch),,learn,intune/endpoint-privilege-management.md,,
S-7gjdhgh5,https://learn.microsoft.com/microsoft-365/copilot/extensibility/plugin-manifest-2.3,learn,,,,2026-09-26,200,NEEDS-READING,a Learn page without a public source repo; read it (microsoft_docs_fetch),,learn,agents/m365-copilot-extensibility.md,,
S-7haqmv5t,https://learn.microsoft.com/office365/servicedescriptions/windows-365-service-description/windows-365-service-description,learn,,,,2026-09-26,200,NEEDS-READING,a Learn page without a public source repo; read it (microsoft_docs_fetch),,learn,windows/windows-365.md,,
S-7jwkrwar,https://learn.microsoft.com/copilot/security/security-copilot-application-card-agents,learn,,,,2026-09-26,200,NEEDS-READING,a Learn page without a public source repo; read it (microsoft_docs_fetch),,learn,agents/security-copilot-endpoint.md,,
S-7ljvlp5e,https://learn.microsoft.com/graph/api/intune-devices-privilegemanagementelevation-create?view=graph-rest-beta,learn,,,,2026-09-26,200,NEEDS-READING,a Learn page without a public source repo; read it (microsoft_docs_fetch),,learn,intune/endpoint-privilege-management.md,,
S-7olkz3h6,https://learn.microsoft.com/windows/deployment/do/waas-delivery-optimization-reference,learn,,,,2026-09-26,200,NEEDS-READING,a Learn page without a public source repo; read it (microsoft_docs_fetch),,learn,windows/delivery-optimization.csv;windows/delivery-optimization.md,,
S-7opbzkmt,https://learn.microsoft.com/intune/configmgr/osd/understand/install-software-updates,learn,,,,2026-09-26,200,NEEDS-READING,a Learn page without a public source repo; read it (microsoft_docs_fetch),,learn,mecm/software-updates.md,,
S-7qrbvran,https://learn.microsoft.com/windows/security/operating-system-security/data-protection/bitlocker/,learn,,,,2026-09-26,200,NEEDS-READING,a Learn page without a public source repo; read it (microsoft_docs_fetch),,learn,windows/bitlocker.md,,
S-7rfzq5p7,https://learn.microsoft.com/en-us/lifecycle/products/powershell,learn,,,,2026-09-26,200,NEEDS-READING,a Learn page without a public source repo; read it (microsoft_docs_fetch),,learn,windows/powershell-7.md,,
S-7symcqej,https://learn.microsoft.com/windows/package-manager/#additional-group-policy-settings-for-winget,learn,,,,2026-09-26,200,NEEDS-READING,a Learn page without a public source repo; read it (microsoft_docs_fetch),,learn,windows/winget.md,,
S-7synnxi2,https://learn.microsoft.com/intune/device-enrollment/apple/user-enrollment-methods-ios,learn,,,,2026-09-26,200,NEEDS-READING,a Learn page without a public source repo; read it (microsoft_docs_fetch),,learn,intune/ios-android-management.md;intune/mobile-enrollment-types.csv,,
S-7uw4d77y,https://modelcontextprotocol.io/specification/2026-07-28/server/utilities/pagination,live,,,,2026-09-26,200,OK,"sitemap lastmod 2026-09-24, not after retrieval 2026-09-26",sitemap lastmod 2026-09-24,,mcp/resources-prompts.md,,
S-7war6bpq,https://learn.microsoft.com/intune/cloud-pki/configure-ca,learn,,,,2026-09-26,200,NEEDS-READING,a Learn page without a public source repo; read it (microsoft_docs_fetch),,learn,intune/certificates-pki.md,,
S-7x2lmxhr,https://learn.microsoft.com/intune/whats-new/,learn,,,,2026-09-26,200,NEEDS-READING,a Learn page without a public source repo; read it (microsoft_docs_fetch),,learn,agents/security-copilot-endpoint.md,,
S-7ziha7pr,https://learn.microsoft.com/agent-framework/agents/tools/local-mcp-tools,learn,,,,2026-09-26,200,NEEDS-READING,a Learn page without a public source repo; read it (microsoft_docs_fetch),,learn,agents/microsoft-agent-framework.md,,
S-7zqska24,https://learn.microsoft.com/defender-endpoint/api/unisolate-machine,learn,,,,2026-09-26,200,NEEDS-READING,a Learn page without a public source repo; read it (microsoft_docs_fetch),,learn,defender/machine-actions.csv;defender/response-actions-api.md,,
S-a2iaeb54,https://learn.microsoft.com/entra/id-governance/entitlement-management-overview,learn,,,,2026-09-26,200,NEEDS-READING,a Learn page without a public source repo; read it (microsoft_docs_fetch),,learn,entra/pim-and-governance.md,,
S-a2zimsvk,https://code.claude.com/docs/en/data-usage,live,,,,2026-09-26,200,OK,"sitemap lastmod 2026-09-26, not after retrieval 2026-09-26",sitemap lastmod 2026-09-26,,claude/env-vars.csv;claude/settings-and-scopes.md,,
S-a5yicrda,https://learn.microsoft.com/intune/epm/monitor-reports,learn,,,,2026-09-26,200,NEEDS-READING,a Learn page without a public source repo; read it (microsoft_docs_fetch),,learn,intune/endpoint-privilege-management.md,,
S-a7iwz7je,https://learn.microsoft.com/powershell/module/bitlocker/suspend-bitlocker,learn,,,,2026-09-26,200,NEEDS-READING,a Learn page without a public source repo; read it (microsoft_docs_fetch),,learn,windows/bitlocker.md,,
S-a7zqfimk,https://learn.microsoft.com/en-us/defender-xdr/advanced-hunting-overview,learn,,,,2026-09-26,200,NEEDS-READING,a Learn page without a public source repo; read it (microsoft_docs_fetch),,learn,defender/advanced-hunting.md,,
S-aag4xzbw,https://learn.microsoft.com/microsoft-copilot-studio/mcp-server-certification,learn,,,,2026-09-26,200,NEEDS-READING,a Learn page without a public source repo; read it (microsoft_docs_fetch),,learn,agents/m365-copilot-extensibility.md,,
S-ac6jmj3f,https://learn.microsoft.com/graph/api/resources/conditionalaccessdevices?view=graph-rest-1.0,learn,,,,2026-09-26,200,NEEDS-READING,a Learn page without a public source repo; read it (microsoft_docs_fetch),,learn,entra/conditional-access-devices.md,,
S-ad63a4vv,https://learn.microsoft.com/defender-endpoint/api/run-live-response,learn,,,,2026-09-26,200,NEEDS-READING,a Learn page without a public source repo; read it (microsoft_docs_fetch),,learn,defender/machine-actions.csv;defender/response-actions-api.md,,
S-ahgkqifj,https://microsoft365dsc.com/user-guide/get-started/snapshot-of-existing-tenant/,live,,,,2026-09-26,200,OK,"sitemap lastmod 2026-09-26, not after retrieval 2026-09-26",sitemap lastmod 2026-09-26,,graph/microsoft365dsc.md,,
S-aioepkro,https://learn.microsoft.com/entra/id-governance/privileged-identity-management/pim-how-to-configure-security-alerts,learn,,,,2026-09-26,200,NEEDS-READING,a Learn page without a public source repo; read it (microsoft_docs_fetch),,learn,entra/pim-and-governance.md,,
S-all62inb,https://learn.microsoft.com/azure/foundry/agents/how-to/enable-agent-to-agent-endpoint,learn,,,,2026-09-26,200,NEEDS-READING,a Learn page without a public source repo; read it (microsoft_docs_fetch),,learn,agents/foundry-agent-service.md;agents/foundry-agent-tools.csv,,
S-aprlzyvz,https://learn.microsoft.com/entra/global-secure-access/concept-clients,learn,,,,2026-09-26,200,NEEDS-READING,a Learn page without a public source repo; read it (microsoft_docs_fetch),,learn,intune/network-profiles.md,,
S-apvm4dlk,https://learn.microsoft.com/intune/epm/manage-elevation-settings,learn,,,,2026-09-26,200,NEEDS-READING,a Learn page without a public source repo; read it (microsoft_docs_fetch),,learn,intune/endpoint-privilege-management.md,,
S-arxx6gr5,https://learn.microsoft.com/intune/device-enrollment/apple/overview-automated-enrollment-macos,learn,,,,2026-09-26,200,NEEDS-READING,a Learn page without a public source repo; read it (microsoft_docs_fetch),,learn,intune/macos-management.md,,
S-arygyiia,https://learn.microsoft.com/en-us/azure/azure-arc/servers/azcmagent,learn,,,,2026-09-26,200,NEEDS-READING,a Learn page without a public source repo; read it (microsoft_docs_fetch),,learn,windows/azure-arc-servers.md,,
S-atzopgi7,https://learn.microsoft.com/microsoft-365/copilot/extensibility/declarative-agent-manifest-1.7,learn,,,,2026-09-26,200,NEEDS-READING,a Learn page without a public source repo; read it (microsoft_docs_fetch),,learn,agents/declarative-agent-manifest.csv;agents/m365-copilot-extensibility.md,,
S-av5665nf,https://code.claude.com/docs/en/agent-sdk/hooks,live,,,,2026-09-26,200,OK,"sitemap lastmod 2026-09-15, not after retrieval 2026-09-26",sitemap lastmod 2026-09-15,,claude/agent-sdk-options.csv;claude/agent-sdk.md,,
S-awsrthdz,https://learn.microsoft.com/powershell/scripting/whats-new/differences-from-windows-powershell,learn,,,,2026-09-26,200,NEEDS-READING,a Learn page without a public source repo; read it (microsoft_docs_fetch),,learn,windows/powershell-7.md,,
S-ay5o5ism,https://learn.microsoft.com/entra/id-governance/licensing-fundamentals,learn,,,,2026-09-26,200,NEEDS-READING,a Learn page without a public source repo; read it (microsoft_docs_fetch),,learn,entra/pim-and-governance.md,,
S-azyqynh4,https://learn.microsoft.com/powershell/scripting/security/remoting/jea/audit-and-report?view=powershell-7.6,learn,,,,2026-09-26,200,NEEDS-READING,a Learn page without a public source repo; read it (microsoft_docs_fetch),,learn,windows/powershell-remoting-jea.md,,
S-b2kbbt73,https://learn.microsoft.com/en-us/mem/intune/protect/windows-laps-overview,learn,,,,2026-09-26,200,NEEDS-READING,a Learn page without a public source repo; read it (microsoft_docs_fetch),,learn,windows/laps.md,,
S-b3l5wbk6,https://learn.microsoft.com/troubleshoot/mem/intune/app-protection-policies/troubleshoot-app-protection-policy-deployment,learn,,,,2026-09-26,200,NEEDS-READING,a Learn page without a public source repo; read it (microsoft_docs_fetch),,learn,intune/app-protection-mam.md,,
S-b4bqwu2v,https://platform.claude.com/docs/en/build-with-claude/files,live,,,,2026-09-26,200,NEEDS-READING,"HTTP 200, no last-updated date",,,claude/api-limits.csv;claude/messages-api.md,,
S-b4vld673,https://learn.microsoft.com/azure/ai-services/content-safety/concepts/harm-categories,learn,,,,2026-09-26,200,NEEDS-READING,a Learn page without a public source repo; read it (microsoft_docs_fetch),,learn,agents/content-safety-prompt-shields.md,,
S-b5ptbcql,https://learn.chatgpt.com/docs/config-file/config-sample,live,,,,2026-09-26,200,NEEDS-READING,"HTTP 200, no last-updated date",,,agents/coding-agents-mcp.md;agents/mcp-client-config-formats.csv,,
S-b5urflpf,https://learn.microsoft.com/azure/virtual-machines/automatic-vm-guest-patching,learn,,,,2026-09-26,200,NEEDS-READING,a Learn page without a public source repo; read it (microsoft_docs_fetch),,learn,windows/azure-update-manager.md,,
S-b6krqeqe,https://learn.microsoft.com/troubleshoot/mem/intune/device-enrollment/understand-troubleshoot-esp,learn,,,,2026-09-26,200,NEEDS-READING,a Learn page without a public source repo; read it (microsoft_docs_fetch),,learn,autopilot/device-preparation.md,,
S-bbya5ebc,https://learn.microsoft.com/azure/update-manager/manage-dynamic-scoping,learn,,,,2026-09-26,200,NEEDS-READING,a Learn page without a public source repo; read it (microsoft_docs_fetch),,learn,windows/azure-update-manager.md,,
S-bbyce4yg,https://learn.microsoft.com/windows/package-manager/winget/troubleshooting,learn,,,,2026-09-26,200,NEEDS-READING,a Learn page without a public source repo; read it (microsoft_docs_fetch),,learn,windows/winget.md,,
S-bcq2wujf,https://learn.microsoft.com/graph/api/rbacapplication-post-roleassignmentschedulerequests?view=graph-rest-1.0,learn,,,,2026-09-26,200,NEEDS-READING,a Learn page without a public source repo; read it (microsoft_docs_fetch),,learn,entra/pim-and-governance.md,,
S-bdcygezh,https://learn.microsoft.com/en-us/windows/security/application-security/application-control/app-control-for-business/operations/citool-commands,learn,,,,2026-09-26,200,NEEDS-READING,a Learn page without a public source repo; read it (microsoft_docs_fetch),,learn,windows/app-control.md,,
S-benv5fbb,https://learn.microsoft.com/en-us/defender-for-identity/deploy/configure-event-forwarding,learn,,,,2026-09-26,200,NEEDS-READING,a Learn page without a public source repo; read it (microsoft_docs_fetch),,learn,windows/event-forwarding-sysmon.md,,
S-bf2nomrq,https://learn.microsoft.com/intune/configmgr/osd/deploy-use/create-a-task-sequence-to-install-an-operating-system,learn,,,,2026-09-26,200,NEEDS-READING,a Learn page without a public source repo; read it (microsoft_docs_fetch),,learn,mecm/osd-task-sequences.md,,
S-bgodqwyo,https://modelcontextprotocol.io/registry/package-types,live,,,,2026-09-26,200,OK,"sitemap lastmod 2026-09-24, not after retrieval 2026-09-26",sitemap lastmod 2026-09-24,,mcp/registry-and-extensions.md,,
S-bh6rnbtj,https://learn.microsoft.com/en-us/mem/intune/fundamentals/scope-tags,learn,,,,2026-09-26,200,NEEDS-READING,a Learn page without a public source repo; read it (microsoft_docs_fetch),,learn,intune/assignment-filters-and-rbac.md,,
S-bivxzhtv,https://docs.langchain.com/oss/python/langgraph/graph-api,live,,,,2026-09-26,200,OK,"sitemap lastmod 2026-09-25, not after retrieval 2026-09-26",sitemap lastmod 2026-09-25,,agents/langgraph.md,,
S-bjnw7imn,https://learn.microsoft.com/microsoft-365/admin/manage/agent-registry,learn,,,,2026-09-26,200,NEEDS-READING,a Learn page without a public source repo; read it (microsoft_docs_fetch),,learn,agents/m365-copilot-extensibility.md,,
S-bl4r6qrk,https://learn.microsoft.com/entra/identity/hybrid/connect/how-to-connect-sync-staging-server,learn,,,,2026-09-26,200,NEEDS-READING,a Learn page without a public source repo; read it (microsoft_docs_fetch),,learn,entra/connect-and-cloud-sync.md,,
S-blfb3mqc,https://modelcontextprotocol.io/extensions/client-matrix,live,,,,2026-09-26,200,OK,"sitemap lastmod 2026-09-13, not after retrieval 2026-09-26",sitemap lastmod 2026-09-13,,mcp/registry-and-extensions.md,,
S-bmoruabr,https://learn.microsoft.com/en-us/defender-endpoint/troubleshoot-asr,learn,,,,2026-09-26,200,NEEDS-READING,a Learn page without a public source repo; read it (microsoft_docs_fetch),,learn,defender/asr-and-antivirus.md,,
S-bnkmmdtp,https://learn.microsoft.com/en-us/intune/intune-service/protect/monitor-policy,learn,,,,2026-09-26,404,NEEDS-READING,a Learn page without a public source repo; read it (microsoft_docs_fetch),,learn,intune/compliance-policies.csv;intune/compliance-policies.md,,
S-bpayn5ic,https://learn.microsoft.com/entra/identity/conditional-access/policy-all-users-device-compliance,learn,,,,2026-09-26,200,NEEDS-READING,a Learn page without a public source repo; read it (microsoft_docs_fetch),,learn,entra/conditional-access-devices.md,,
S-btmphtyp,https://learn.microsoft.com/azure/sentinel/manage-data-overview,learn,,,,2026-09-26,200,NEEDS-READING,a Learn page without a public source repo; read it (microsoft_docs_fetch),,learn,logs/microsoft-sentinel.md,,
S-btrwp2yj,https://learn.microsoft.com/en-us/azure/search/hybrid-search-ranking,learn,,,,2026-09-26,200,NEEDS-READING,a Learn page without a public source repo; read it (microsoft_docs_fetch),,learn,agents/hybrid-retrieval.md,,
S-bujcbcpv,https://learn.microsoft.com/windows/deployment/windows-autopatch/deploy/windows-autopatch-groups-overview,learn,,,,2026-09-26,200,NEEDS-READING,a Learn page without a public source repo; read it (microsoft_docs_fetch),,learn,windows/windows-update-management.md,,
S-bvp2lhfv,https://learn.microsoft.com/en-us/defender-xdr/advanced-hunting-devicefilecertificateinfo-table,learn,,,,2026-09-26,200,NEEDS-READING,a Learn page without a public source repo; read it (microsoft_docs_fetch),,learn,defender/advanced-hunting-tables.csv;defender/advanced-hunting.md,,
S-bw46kqrh,https://learn.microsoft.com/en-us/defender-xdr/advanced-hunting-deviceprocessevents-table,learn,,,,2026-09-26,200,NEEDS-READING,a Learn page without a public source repo; read it (microsoft_docs_fetch),,learn,defender/advanced-hunting-tables.csv;defender/advanced-hunting.md,,
S-bw54wpjr,https://learn.microsoft.com/defender-endpoint/configure-environment,learn,,,,2026-09-26,200,NEEDS-READING,a Learn page without a public source repo; read it (microsoft_docs_fetch),,learn,defender/mde-onboarding.md,,
S-bx6tsyla,https://learn.microsoft.com/en-us/windows/package-manager/winget/install,learn,,,,2026-09-26,200,NEEDS-READING,a Learn page without a public source repo; read it (microsoft_docs_fetch),,learn,windows/winget.md,,
S-byjcvmyn,https://learn.microsoft.com/graph/tutorial-assign-azureadroles,learn,,,,2026-09-26,200,NEEDS-READING,a Learn page without a public source repo; read it (microsoft_docs_fetch),,learn,entra/pim-and-governance.md,,
S-c22robk5,https://www.cisa.gov/news-events/directives/bod-26-04-prioritizing-security-updates-based-risk,live,,,,2026-09-26,403,NEEDS-READING,HTTP 403,,,security/vulnerability-prioritization.md,,
S-c4224tvs,https://learn.microsoft.com/powershell/module/bitlocker/backuptoaad-bitlockerkeyprotector,learn,,,,2026-09-26,200,NEEDS-READING,a Learn page without a public source repo; read it (microsoft_docs_fetch),,learn,windows/bitlocker.md,,
S-c66bl3xp,https://learn.microsoft.com/azure/ai-services/content-safety/quickstart-jailbreak,learn,,,,2026-09-26,200,NEEDS-READING,a Learn page without a public source repo; read it (microsoft_docs_fetch),,learn,agents/content-safety-prompt-shields.md,,
S-c6tea7ux,https://learn.microsoft.com/en-us/windows/client-management/mdm/assignedaccess-csp,learn,,,,2026-09-26,200,NEEDS-READING,a Learn page without a public source repo; read it (microsoft_docs_fetch),,learn,windows/kiosk-assigned-access.md,,
S-c7yxdr7e,https://learn.microsoft.com/powershell/scripting/security/remoting/ps-remoting-second-hop?view=powershell-7.6,learn,,,,2026-09-26,200,NEEDS-READING,a Learn page without a public source repo; read it (microsoft_docs_fetch),,learn,windows/powershell-remoting-jea.md,,
S-caxeb7wx,https://code.visualstudio.com/docs/agents/reference/mcp-configuration,live,,,,2026-09-26,200,NEEDS-READING,"HTTP 200, no last-updated date",,,agents/coding-agents-mcp.md;agents/mcp-client-config-formats.csv,,
S-cctucraa,https://learn.microsoft.com/en-us/defender-xdr/advanced-hunting-devicetvmsoftwarevulnerabilities-table,learn,,,,2026-09-26,200,NEEDS-READING,a Learn page without a public source repo; read it (microsoft_docs_fetch),,learn,defender/advanced-hunting-tables.csv;defender/advanced-hunting.md,,
S-cfculwad,https://learn.microsoft.com/powershell/scripting/install/powershell-support-lifecycle,learn,,,,2026-09-26,200,NEEDS-READING,a Learn page without a public source repo; read it (microsoft_docs_fetch),,learn,windows/powershell-7.md;windows/powershell-lifecycle.csv,,
S-ci26bqyc,https://learn.microsoft.com/azure/update-manager/dynamic-scope-overview,learn,,,,2026-09-26,200,NEEDS-READING,a Learn page without a public source repo; read it (microsoft_docs_fetch),,learn,windows/azure-update-manager.md,,
S-cjehjzoc,https://learn.microsoft.com/en-us/intune/device-management/actions/autopilot-reset,learn,,,,2026-09-26,200,NEEDS-READING,a Learn page without a public source repo; read it (microsoft_docs_fetch),,learn,intune/remote-actions.csv;intune/remote-actions.md,,
S-cjxn455h,https://learn.microsoft.com/agent-framework/integrations/by-component/ui/devui/,learn,,,,2026-09-26,200,NEEDS-READING,a Learn page without a public source repo; read it (microsoft_docs_fetch),,learn,agents/microsoft-agent-framework.md,,
S-cklvv7d5,https://learn.microsoft.com/graph/api/virtualendpoint-post-provisioningpolicies?view=graph-rest-1.0,learn,,,,2026-09-26,200,NEEDS-READING,a Learn page without a public source repo; read it (microsoft_docs_fetch),,learn,windows/windows-365.md,,
S-clekmxkf,https://learn.microsoft.com/troubleshoot/mem/configmgr/update-management/wsus-maintenance-guide,learn,,,,2026-09-26,200,NEEDS-READING,a Learn page without a public source repo; read it (microsoft_docs_fetch),,learn,mecm/software-updates.md,,
S-cmyl6p5v,https://learn.microsoft.com/azure/sentinel/near-real-time-rules,learn,,,,2026-09-26,200,NEEDS-READING,a Learn page without a public source repo; read it (microsoft_docs_fetch),,learn,logs/microsoft-sentinel.md,,
S-co4oj66f,https://learn.microsoft.com/intune/remote-help/troubleshoot,learn,,,,2026-09-26,200,NEEDS-READING,a Learn page without a public source repo; read it (microsoft_docs_fetch),,learn,intune/remote-help.md,,
S-cprqxpsz,https://learn.microsoft.com/en-us/intune/device-management/actions/wipe,learn,,,,2026-09-26,200,NEEDS-READING,a Learn page without a public source repo; read it (microsoft_docs_fetch),,learn,intune/remote-actions.md,,
S-cqv5zeve,https://learn.microsoft.com/intune/device-configuration/endpoint-security/encrypt-bitlocker-windows,learn,,,,2026-09-26,200,NEEDS-READING,a Learn page without a public source repo; read it (microsoft_docs_fetch),,learn,windows/bitlocker.md,,
S-cunjuxe3,https://learn.microsoft.com/intune/fundamentals/role-based-access-control/multi-admin-approval,learn,,,,2026-09-26,200,NEEDS-READING,a Learn page without a public source repo; read it (microsoft_docs_fetch),,learn,intune/assignment-filters-and-rbac.md;intune/remote-actions.md,,
S-d4ny3ufk,https://learn.microsoft.com/en-us/windows-server/get-started/extended-security-updates-deploy,learn,github.com/MicrosoftDocs/windowsserverdocs,,WindowsServerDocs/get-started/extended-security-updates-deploy,2026-09-26,,OK,source file WindowsServerDocs/get-started/extended-security-updates-deploy.md has no commit since 2026-09-26 (HEAD 62d7b049a49a),git_commit_id 62d7b049a49a,,windows/azure-arc-servers.md,,
S-d67v4ujp,https://learn.microsoft.com/en-us/windows-server/identity/laps/laps-scenarios-windows-server-active-directory,learn,github.com/MicrosoftDocs/windowsserverdocs,,WindowsServerDocs/identity/laps/laps-scenarios-windows-server-active-directory,2026-09-26,,OK,source file WindowsServerDocs/identity/laps/laps-scenarios-windows-server-active-directory.md has no commit since 2026-09-26 (HEAD 62d7b049a49a),git_commit_id 62d7b049a49a,,windows/laps.md,,
S-d7byvsls,https://learn.microsoft.com/powershell/module/microsoft.graph.authentication/connect-mggraph?view=graph-powershell-1.0,learn,,,,2026-09-26,200,NEEDS-READING,a Learn page without a public source repo; read it (microsoft_docs_fetch),,learn,graph/powershell-sdk.md,,
S-db7ytzl6,https://learn.microsoft.com/intune/configmgr/core/clients/manage/collections/use-maintenance-windows,learn,,,,2026-09-26,200,NEEDS-READING,a Learn page without a public source repo; read it (microsoft_docs_fetch),,learn,mecm/software-updates.md,,
S-ddkkzd4o,https://www.cisa.gov/known-exploited-vulnerabilities-catalog,live,,,,2026-09-26,403,NEEDS-READING,HTTP 403,,,security/vuln-data-apis.csv;security/vulnerability-prioritization.md,,
S-de2kio2b,https://learn.microsoft.com/entra/identity/hybrid/connect/how-to-connect-sync-feature-scheduler,learn,,,,2026-09-26,200,NEEDS-READING,a Learn page without a public source repo; read it (microsoft_docs_fetch),,learn,entra/connect-and-cloud-sync.md,,
S-de5xdfvw,https://learn.microsoft.com/azure/azure-monitor/agents/azure-monitor-agent-windows-client,learn,,,,2026-09-26,200,NEEDS-READING,a Learn page without a public source repo; read it (microsoft_docs_fetch),,learn,logs/azure-monitor-agent.md,,
S-deu5qnsc,https://learn.microsoft.com/azure/update-manager/pre-post-events-schedule-maintenance-configuration,learn,,,,2026-09-26,200,NEEDS-READING,a Learn page without a public source repo; read it (microsoft_docs_fetch),,learn,windows/azure-update-manager.md,,
S-dfgcii3c,https://learn.microsoft.com/microsoft-365/copilot/extensibility/plugin-mcp-apps,learn,,,,2026-09-26,200,NEEDS-READING,a Learn page without a public source repo; read it (microsoft_docs_fetch),,learn,agents/m365-copilot-extensibility.md,,
S-dge3w4di,https://learn.microsoft.com/intune/copilot/faq,learn,,,,2026-09-26,200,NEEDS-READING,a Learn page without a public source repo; read it (microsoft_docs_fetch),,learn,agents/security-copilot-endpoint.md,,
S-dgnfikws,https://learn.microsoft.com/windows/package-manager/winget/,learn,,,,2026-09-26,200,NEEDS-READING,a Learn page without a public source repo; read it (microsoft_docs_fetch),,learn,windows/winget.md,,
S-dgqf24cz,https://www.first.org/cvss/v4-0/,live,,,,2026-09-26,200,NEEDS-READING,"HTTP 200, no last-updated date; redirected to https://www.first.org/cvss/v4.0/",,,security/vulnerability-prioritization.md,,
S-dh75h5qt,https://learn.microsoft.com/en-us/azure/search/vector-search-ranking,learn,,,,2026-09-26,200,NEEDS-READING,a Learn page without a public source repo; read it (microsoft_docs_fetch),,learn,agents/hybrid-retrieval.md,,
S-dir5xyqr,https://docs.langchain.com/oss/python/langchain/mcp,live,,,,2026-09-26,200,OK,"sitemap lastmod 2026-09-23, not after retrieval 2026-09-26",sitemap lastmod 2026-09-23,,agents/langgraph.md,,
S-djs7xprf,https://learn.microsoft.com/en-us/windows-server/identity/laps/laps-concepts-overview,learn,github.com/MicrosoftDocs/windowsserverdocs,,WindowsServerDocs/identity/laps/laps-concepts-overview,2026-09-26,,OK,source file WindowsServerDocs/identity/laps/laps-concepts-overview.md has no commit since 2026-09-26 (HEAD 62d7b049a49a),git_commit_id 62d7b049a49a,,windows/laps.md,,
S-dkaaodgp,https://support.claude.com/en/articles/14625619-claim-and-migrate-accounts-on-your-domain,live,,,,2026-09-26,200,OK,"sitemap lastmod 2026-09-02, not after retrieval 2026-09-26",sitemap lastmod 2026-09-02,,claude/enterprise-admin.md,,
S-dlg7lumx,https://learn.microsoft.com/windows/deployment/windows-autopatch/overview/windows-autopatch-overview,learn,,,,2026-09-26,200,NEEDS-READING,a Learn page without a public source repo; read it (microsoft_docs_fetch),,learn,windows/windows-update-management.md,,
S-do52zses,https://learn.microsoft.com/python/api/agent-framework-core/agent_framework.agentthread?view=agent-framework-python-latest,learn,,,,2026-09-26,200,NEEDS-READING,a Learn page without a public source repo; read it (microsoft_docs_fetch),,learn,agents/microsoft-agent-framework.md,,
S-do5bf4ea,https://learn.microsoft.com/windows/security/identity-protection/hello-for-business/deploy/hybrid-cert-trust,learn,,,,2026-09-26,200,NEEDS-READING,a Learn page without a public source repo; read it (microsoft_docs_fetch),,learn,auth/windows-hello-for-business.md,,
S-drrejdmz,https://learn.microsoft.com/defender-endpoint/api/unrestrict-code-execution,learn,,,,2026-09-26,200,NEEDS-READING,a Learn page without a public source repo; read it (microsoft_docs_fetch),,learn,defender/machine-actions.csv;defender/response-actions-api.md,,
S-dvnl6gdu,https://learn.microsoft.com/intune/device-security/compliance/ref-linux-settings,learn,,,,2026-09-26,200,NEEDS-READING,a Learn page without a public source repo; read it (microsoft_docs_fetch),,learn,intune/linux-management.md,,
S-dwlcyci7,https://modelcontextprotocol.io/specification/2026-07-28/server/discover,live,,,,2026-09-26,200,OK,"sitemap lastmod 2026-09-24, not after retrieval 2026-09-26",sitemap lastmod 2026-09-24,,mcp/resources-prompts.md,,
S-dwu7auzi,https://learn.microsoft.com/graph/api/bitlockerrecoverykey-get,learn,,,,2026-09-26,200,NEEDS-READING,a Learn page without a public source repo; read it (microsoft_docs_fetch),,learn,windows/bitlocker.md,,
S-dymizpwc,https://learn.microsoft.com/azure/ai-foundry/openai/concepts/default-safety-policies,learn,,,,2026-09-26,200,NEEDS-READING,a Learn page without a public source repo; read it (microsoft_docs_fetch),,learn,agents/azure-openai-deployments.md,,
S-dz6j2643,https://learn.microsoft.com/intune/configmgr/osd/understand/task-sequence-steps,learn,,,,2026-09-26,200,NEEDS-READING,a Learn page without a public source repo; read it (microsoft_docs_fetch),,learn,mecm/osd-task-sequences.md;mecm/task-sequence-variables.csv,,
S-e6petnio,https://learn.microsoft.com/azure/update-manager/overview,learn,,,,2026-09-26,200,NEEDS-READING,a Learn page without a public source repo; read it (microsoft_docs_fetch),,learn,windows/azure-update-manager.md,,
S-e7zw3fou,https://www.cisa.gov/news-events/directives/bod-22-01-reducing-significant-risk-known-exploited-vulnerabilities,live,,,,2026-09-26,403,NEEDS-READING,HTTP 403,,,security/vulnerability-prioritization.md,,
S-eaeb5jdz,https://learn.microsoft.com/intune/app-management/protection/ref-settings-ios,learn,,,,2026-09-26,200,NEEDS-READING,a Learn page without a public source repo; read it (microsoft_docs_fetch),,learn,intune/app-protection-mam.md,,
S-eba3mlij,https://learn.microsoft.com/intune/epm/overview,learn,,,,2026-09-26,200,NEEDS-READING,a Learn page without a public source repo; read it (microsoft_docs_fetch),,learn,intune/endpoint-privilege-management.md,,
S-ec3hg7rx,https://learn.microsoft.com/intune/app-management/deployment/win32,learn,,,,2026-09-26,200,NEEDS-READING,a Learn page without a public source repo; read it (microsoft_docs_fetch),,learn,autopilot/device-preparation.md;intune/win32-apps.csv;intune/win32-apps.md,,
S-ed2sjtub,https://learn.microsoft.com/en-us/graph/api/intune-devices-manageddevice-initiateondemandproactiveremediation?view=graph-rest-beta,learn,github.com/microsoftgraph/microsoft-graph-docs-contrib,,api-reference/v1.0/api/intune-devices-manageddevice-initiateondemandproactiveremediation,2026-09-26,,NEEDS-READING,no source file for the page in github.com/microsoftgraph/microsoft-graph-docs-contrib,,learn,intune/remote-actions.csv;intune/remote-actions.md,,
S-efadnhwv,https://learn.microsoft.com/en-us/azure/azure-arc/servers/security-extensions,learn,,,,2026-09-26,200,NEEDS-READING,a Learn page without a public source repo; read it (microsoft_docs_fetch),,learn,windows/azcmagent-config.csv;windows/azure-arc-servers.md,,
S-egljiuze,https://learn.microsoft.com/graph/api/resources/cloudpc?view=graph-rest-1.0,learn,,,,2026-09-26,200,NEEDS-READING,a Learn page without a public source repo; read it (microsoft_docs_fetch),,learn,windows/windows-365.md,,
S-egmyslhi,https://www.first.org/cvss/v4-0/specification-document,live,,,,2026-09-26,200,NEEDS-READING,"HTTP 200, no last-updated date; redirected to https://www.first.org/cvss/v4.0/specification-document",,,security/vuln-data-apis.csv;security/vulnerability-prioritization.md,,
S-ehjdk3sn,https://learn.microsoft.com/deployedge/microsoft-edge-cross-tenant-support-using-intune-mam,learn,,,,2026-09-26,200,NEEDS-READING,a Learn page without a public source repo; read it (microsoft_docs_fetch),,learn,intune/app-protection-mam.md,,
S-elscbjku,https://learn.microsoft.com/defender-xdr/advanced-hunting-devicetvmsoftwarevulnerabilitieskb-table,learn,,,,2026-09-26,200,NEEDS-READING,a Learn page without a public source repo; read it (microsoft_docs_fetch),,learn,defender/advanced-hunting.md,,
S-emqg5tvg,https://learn.microsoft.com/intune/endpoint-analytics/scores,learn,,,,2026-09-26,200,NEEDS-READING,a Learn page without a public source repo; read it (microsoft_docs_fetch),,learn,intune/device-inventory-analytics.md,,
S-epoqec7s,https://learn.microsoft.com/en-us/azure/azure-arc/servers/cloud-native/governance-policy,learn,,,,2026-09-26,200,NEEDS-READING,a Learn page without a public source repo; read it (microsoft_docs_fetch),,learn,windows/azure-arc-servers.md,,
S-esun5f2n,https://learn.microsoft.com/python/api/agent-framework-core/agent_framework.mcpstreamablehttptool?view=agent-framework-python-latest,learn,,,,2026-09-26,200,NEEDS-READING,a Learn page without a public source repo; read it (microsoft_docs_fetch),,learn,agents/microsoft-agent-framework.md,,
S-etccrdda,https://learn.microsoft.com/azure/sentinel/normalization,learn,,,,2026-09-26,200,NEEDS-READING,a Learn page without a public source repo; read it (microsoft_docs_fetch),,learn,logs/microsoft-sentinel.md,,
S-eu3n3hyf,https://platform.claude.com/docs/en/about-claude/models/overview,live,,,,2026-09-26,200,NEEDS-READING,"HTTP 200, no last-updated date; redirected to https://platform.claude.com/docs/en/models/overview",,,claude/messages-api.md;claude/models.csv,,
S-euxtbsnm,https://learn.microsoft.com/intune/device-enrollment/apple/guide-macos,learn,,,,2026-09-26,200,NEEDS-READING,a Learn page without a public source repo; read it (microsoft_docs_fetch),,learn,intune/macos-management.md,,
S-evafm3dr,https://learn.microsoft.com/graph/api/conditionalaccessroot-post-policies?view=graph-rest-1.0,learn,,,,2026-09-26,200,NEEDS-READING,a Learn page without a public source repo; read it (microsoft_docs_fetch),,learn,entra/conditional-access-devices.md,,
S-ewh6l73v,https://learn.microsoft.com/windows/ai/windows-ai-comparison,learn,,,,2026-09-26,200,NEEDS-READING,a Learn page without a public source repo; read it (microsoft_docs_fetch),,learn,agents/windows-agentic-platform.md,,
S-f4gw3rhj,https://learn.microsoft.com/en-us/windows/client-management/mdm/policy-csp-defender,learn,,,,2026-09-26,200,NEEDS-READING,a Learn page without a public source repo; read it (microsoft_docs_fetch),,learn,defender/asr-and-antivirus.md,,
S-f5p5qi4d,https://learn.microsoft.com/azure/foundry/agents/concepts/limits-quotas-regions,learn,,,,2026-09-26,200,NEEDS-READING,a Learn page without a public source repo; read it (microsoft_docs_fetch),,learn,agents/foundry-agent-service.md;agents/foundry-agent-tools.csv,,
S-f5w33mek,https://learn.microsoft.com/en-us/graph/api/intune-devices-manageddevice-syncdevice?view=graph-rest-1.0,learn,github.com/microsoftgraph/microsoft-graph-docs-contrib,,api-reference/v1.0/api/intune-devices-manageddevice-syncdevice,2026-09-26,,OK,source file api-reference/v1.0/api/intune-devices-manageddevice-syncdevice.md has no commit since 2026-09-26 (HEAD 4ad99fd37a9e),git_commit_id 4ad99fd37a9e,,intune/remote-actions.csv;intune/remote-actions.md,,
S-f62oqjxw,https://learn.microsoft.com/powershell/module/configurationmanager/invoke-cmsoftwareupdatesummarization?view=sccm-ps,learn,,,,2026-09-26,200,NEEDS-READING,a Learn page without a public source repo; read it (microsoft_docs_fetch),,learn,mecm/software-updates.md,,
S-f6g2wc4u,https://learn.microsoft.com/intune/remote-help/start-session,learn,,,,2026-09-26,200,NEEDS-READING,a Learn page without a public source repo; read it (microsoft_docs_fetch),,learn,intune/remote-help.md,,
S-f6okqmo4,https://learn.microsoft.com/en-us/graph/api/intune-devices-manageddevice-locatedevice?view=graph-rest-1.0,learn,github.com/microsoftgraph/microsoft-graph-docs-contrib,,api-reference/v1.0/api/intune-devices-manageddevice-locatedevice,2026-09-26,,OK,source file api-reference/v1.0/api/intune-devices-manageddevice-locatedevice.md has no commit since 2026-09-26 (HEAD 4ad99fd37a9e),git_commit_id 4ad99fd37a9e,,intune/remote-actions.csv;intune/remote-actions.md,,
S-f7i5faki,https://learn.microsoft.com/intune/remote-help/plan,learn,,,,2026-09-26,200,NEEDS-READING,a Learn page without a public source repo; read it (microsoft_docs_fetch),,learn,intune/remote-help.csv;intune/remote-help.md,,
S-fbg5dkgs,https://learn.microsoft.com/windows/package-manager/winget/source,learn,,,,2026-09-26,200,NEEDS-READING,a Learn page without a public source repo; read it (microsoft_docs_fetch),,learn,windows/winget.md,,
S-fdnhk2tn,https://learn.microsoft.com/entra/agent-id/identity-professional/microsoft-entra-agent-identities-for-ai-agents,learn,,,,2026-09-26,200,NEEDS-READING,a Learn page without a public source repo; read it (microsoft_docs_fetch),,learn,entra/agent-id.md,,
S-fdtw5sil,https://learn.microsoft.com/intune/device-enrollment/apple/setup-account-driven-user,learn,,,,2026-09-26,200,NEEDS-READING,a Learn page without a public source repo; read it (microsoft_docs_fetch),,learn,intune/ios-android-management.md,,
S-fipq4ix4,https://learn.microsoft.com/intune/app-management/deployment/create-win32-package,learn,,,,2026-09-26,200,NEEDS-READING,a Learn page without a public source repo; read it (microsoft_docs_fetch),,learn,intune/win32-apps.csv;intune/win32-apps.md,,
S-fksbud2r,https://code.claude.com/docs/en/agent-sdk/python,live,,,,2026-09-26,200,OK,"sitemap lastmod 2026-09-26, not after retrieval 2026-09-26",sitemap lastmod 2026-09-26,,claude/agent-sdk-options.csv;claude/agent-sdk.md,,
S-fmj24q2u,https://code.claude.com/docs/en/agent-sdk/typescript,live,,,,2026-09-26,200,OK,"sitemap lastmod 2026-09-26, not after retrieval 2026-09-26",sitemap lastmod 2026-09-26,,claude/agent-sdk-options.csv;claude/agent-sdk.md,,
S-fmtt7m5j,https://learn.microsoft.com/powershell/scripting/security/remoting/winrm-security?view=powershell-7.6,learn,,,,2026-09-26,200,NEEDS-READING,a Learn page without a public source repo; read it (microsoft_docs_fetch),,learn,windows/powershell-remoting-jea.md,,
S-fn6fxrr5,https://www.elastic.co/docs/reference/elasticsearch/rest-apis/reciprocal-rank-fusion,live,,,,2026-09-26,200,OK,"sitemap lastmod 2026-04-15, not after retrieval 2026-09-26",sitemap lastmod 2026-04-15,,agents/hybrid-retrieval.md,,
S-fnmkxefn,https://learn.microsoft.com/en-us/defender-endpoint/api/run-advanced-query-api,learn,,,,2026-09-26,200,NEEDS-READING,a Learn page without a public source repo; read it (microsoft_docs_fetch),,learn,defender/advanced-hunting.md,,
S-forvn2ly,https://nvd.nist.gov/developers/start-here,live,,,,2026-09-26,200,NEEDS-READING,"HTTP 200, no last-updated date",,,security/vuln-data-apis.csv;security/vulnerability-prioritization.md,,
S-fq4xtwh3,https://learn.microsoft.com/intune/configmgr/develop/reference/sum/sms_autodeployment-server-wmi-class,learn,,,,2026-09-26,200,NEEDS-READING,a Learn page without a public source repo; read it (microsoft_docs_fetch),,learn,mecm/software-updates.md,,
S-fq54pkea,https://learn.microsoft.com/en-us/windows/security/application-security/application-control/app-control-for-business/applocker/applocker-overview,learn,,,,2026-09-26,200,NEEDS-READING,a Learn page without a public source repo; read it (microsoft_docs_fetch),,learn,windows/app-control.md,,
S-fqe5wkdo,https://support.claude.com/en/articles/13015708-access-the-compliance-api,live,,,,2026-09-26,200,OK,"sitemap lastmod 2026-09-21, not after retrieval 2026-09-26",sitemap lastmod 2026-09-21,,claude/enterprise-admin.md,,
S-frmf22fa,https://learn.microsoft.com/en-us/windows/security/application-security/application-control/app-control-for-business/appcontrol-and-applocker-overview,learn,,,,2026-09-26,200,NEEDS-READING,a Learn page without a public source repo; read it (microsoft_docs_fetch),,learn,windows/app-control.md,,
S-frxelebk,https://learn.microsoft.com/entra/identity/conditional-access/what-if-tool,learn,,,,2026-09-26,200,NEEDS-READING,a Learn page without a public source repo; read it (microsoft_docs_fetch),,learn,entra/conditional-access-devices.md,,
S-ftbeo3o7,https://docs.github.com/en/rest/copilot/copilot-usage,live,,,,2026-09-26,200,NEEDS-READING,"HTTP 200, no last-updated date; redirected to https://docs.github.com/en/rest/copilot/copilot-usage-metrics",,,agents/github-copilot-admin.md,,
S-fync3qzc,https://learn.microsoft.com/azure/update-manager/periodic-assessment-at-scale,learn,,,,2026-09-26,200,NEEDS-READING,a Learn page without a public source repo; read it (microsoft_docs_fetch),,learn,windows/azure-update-manager.md,,
S-fzd5uvn2,https://learn.microsoft.com/powershell/module/microsoft.powershell.psresourceget/about/about_psresourceget,learn,,,,2026-09-26,200,NEEDS-READING,a Learn page without a public source repo; read it (microsoft_docs_fetch),,learn,windows/powershell-7.md,,
S-g3zab7vl,https://api.msrc.microsoft.com/cvrf/v3.0/swagger/v3/swagger.json,live,,,,2026-09-26,200,NEEDS-READING,"HTTP 200, no last-updated date",,,security/vuln-data-apis.csv;security/vulnerability-prioritization.md,,
S-gessjq23,https://learn.microsoft.com/azure/foundry/agents/concepts/hosted-agent-permissions,learn,,,,2026-09-26,200,NEEDS-READING,a Learn page without a public source repo; read it (microsoft_docs_fetch),,learn,agents/foundry-agent-service.md,,
S-gg2bczek,https://modelcontextprotocol.io/registry/about,live,,,,2026-09-26,200,OK,"sitemap lastmod 2026-09-24, not after retrieval 2026-09-26",sitemap lastmod 2026-09-24,,mcp/registry-and-extensions.md,,
S-gi5rakio,https://learn.microsoft.com/copilot/security/manage-usage,learn,,,,2026-09-26,200,NEEDS-READING,a Learn page without a public source repo; read it (microsoft_docs_fetch),,learn,agents/security-copilot-endpoint.md,,
S-gjnpib5p,https://learn.microsoft.com/graph/api/resources/intune-policyset-deviceandappmanagementassignmentfilter?view=graph-rest-beta,learn,,,,2026-09-26,200,NEEDS-READING,a Learn page without a public source repo; read it (microsoft_docs_fetch),,learn,intune/assignment-filters-and-rbac.md,,
S-gm6b6ci6,https://raw.githubusercontent.com/modelcontextprotocol/modelcontextprotocol/a99bdd15ea9ff96bf4d758aac907bbb27e9329dc/docs/specification/2026-07-28/basic/patterns/progress.mdx,raw-pin,github.com/modelcontextprotocol/modelcontextprotocol,a99bdd15ea9ff96bf4d758aac907bbb27e9329dc,docs/specification/2026-07-28/basic/patterns/progress.mdx,2026-09-26,200,OK,file identical at the pin and at HEAD@ab3a39c13bd2,HEAD@ab3a39c13bd2,,mcp/transports-streamable-http.md,,
S-gma7exwg,https://learn.microsoft.com/en-us/azure/azure-arc/servers/azcmagent-config,learn,,,,2026-09-26,200,NEEDS-READING,a Learn page without a public source repo; read it (microsoft_docs_fetch),,learn,windows/azcmagent-config.csv;windows/azure-arc-servers.md,,
S-gmhqowfa,https://learn.microsoft.com/defender-endpoint/configure-device-connectivity,learn,,,,2026-09-26,200,NEEDS-READING,a Learn page without a public source repo; read it (microsoft_docs_fetch),,learn,defender/mde-onboarding.md,,
S-gqqrls57,https://learn.microsoft.com/graph/api/resources/intune-shared-androidmanagedappprotection?view=graph-rest-beta,learn,,,,2026-09-26,200,NEEDS-READING,a Learn page without a public source repo; read it (microsoft_docs_fetch),,learn,intune/app-protection-mam.md,,
S-grpxcouj,https://learn.microsoft.com/en-us/windows/configuration/assigned-access/recommendations,learn,,,,2026-09-26,200,NEEDS-READING,a Learn page without a public source repo; read it (microsoft_docs_fetch),,learn,windows/kiosk-assigned-access.md,,
S-gs56zhuk,https://github.com/microsoft/agent-framework/releases,gh-page,,,,2026-09-26,,NEEDS-READING,"a github.com page (issues, wiki, home) or API call; read it",,github page,agents/microsoft-agent-framework.md,,
S-gstozrro,https://learn.microsoft.com/en-us/defender-xdr/advanced-hunting-schema-tables,learn,,,,2026-09-26,200,NEEDS-READING,a Learn page without a public source repo; read it (microsoft_docs_fetch),,learn,defender/advanced-hunting.md,,
S-guca45p3,https://learn.microsoft.com/azure/sentinel/create-nrt-rules,learn,,,,2026-09-26,200,NEEDS-READING,a Learn page without a public source repo; read it (microsoft_docs_fetch),,learn,logs/microsoft-sentinel.md,,
S-guis2g6u,https://learn.microsoft.com/graph/api/intune-policyset-deviceandappmanagementassignmentfilter-create?view=graph-rest-beta,learn,,,,2026-09-26,200,NEEDS-READING,a Learn page without a public source repo; read it (microsoft_docs_fetch),,learn,intune/assignment-filters-and-rbac.md,,
S-gum2njhe,https://learn.microsoft.com/microsoft-365/copilot/extensibility/declarative-agent-manifest-1.8,learn,,,,2026-09-26,200,NEEDS-READING,a Learn page without a public source repo; read it (microsoft_docs_fetch),,learn,agents/declarative-agent-manifest.csv;agents/m365-copilot-extensibility.md,,
S-gvgapsup,https://learn.microsoft.com/troubleshoot/windows-server/networking/sysvol-dfsr-migration-fails-after-in-place-upgrade,learn,github.com/MicrosoftDocs/windowsserverdocs,,WindowsServerDocs/networking/sysvol-dfsr-migration-fails-after-in-place-upgrade,2026-09-26,,NEEDS-READING,no source file for the page in github.com/MicrosoftDocs/windowsserverdocs,,learn,gpo/admx-central-store.md,,
S-gxtvjkv7,https://code.claude.com/docs/en/analytics,live,,,,2026-09-26,200,OK,"sitemap lastmod 2026-09-10, not after retrieval 2026-09-26",sitemap lastmod 2026-09-10,,claude/enterprise-admin.md,,
S-gxuoqjzy,https://code.claude.com/docs/en/plugins/cli-reference,live,,,,2026-09-26,200,OK,"sitemap lastmod 2026-09-24, not after retrieval 2026-09-26",sitemap lastmod 2026-09-24,,claude/plugins.csv;claude/plugins.md,,
S-gztpah4d,https://code.claude.com/docs/en/agent-sdk/hosting,live,,,,2026-09-26,200,OK,"sitemap lastmod 2026-09-25, not after retrieval 2026-09-26",sitemap lastmod 2026-09-25,,claude/agent-sdk-options.csv;claude/agent-sdk.md,,
S-h3bs4xjt,https://learn.microsoft.com/copilot/security/whats-new-copilot-security,learn,,,,2026-09-26,200,NEEDS-READING,a Learn page without a public source repo; read it (microsoft_docs_fetch),,learn,agents/security-copilot-endpoint.md,,
S-h3kjbi2l,https://learn.microsoft.com/azure/update-manager/pre-post-scripts-overview,learn,,,,2026-09-26,200,NEEDS-READING,a Learn page without a public source repo; read it (microsoft_docs_fetch),,learn,windows/azure-update-manager.md,,
S-h44fxget,https://learn.microsoft.com/intune/device-configuration/certificates/scep-profiles,learn,,,,2026-09-26,200,NEEDS-READING,a Learn page without a public source repo; read it (microsoft_docs_fetch),,learn,intune/certificate-variables.csv;intune/certificates-pki.md,,
S-h6zdsnii,https://learn.microsoft.com/entra/id-governance/privileged-identity-management/pim-configure,learn,,,,2026-09-26,200,NEEDS-READING,a Learn page without a public source repo; read it (microsoft_docs_fetch),,learn,entra/pim-and-governance.md,,
S-h7fejg6k,https://learn.microsoft.com/en-us/azure/azure-arc/servers/security-identity-authorization,learn,,,,2026-09-26,200,NEEDS-READING,a Learn page without a public source repo; read it (microsoft_docs_fetch),,learn,windows/azure-arc-servers.md,,
S-h7l5c7uo,https://learn.microsoft.com/powershell/microsoftgraph/migration-steps?view=graph-powershell-1.0,learn,,,,2026-09-26,200,NEEDS-READING,a Learn page without a public source repo; read it (microsoft_docs_fetch),,learn,graph/powershell-sdk.md,,
S-havfntgx,https://code.claude.com/docs/en/plugins/install,live,,,,2026-09-26,200,OK,"sitemap lastmod 2026-09-25, not after retrieval 2026-09-26",sitemap lastmod 2026-09-25,,claude/plugins.md,,
S-hcszfxta,https://learn.microsoft.com/powershell/scripting/security/remoting/ssh-remoting-in-powershell?view=powershell-7.6,learn,,,,2026-09-26,200,NEEDS-READING,a Learn page without a public source repo; read it (microsoft_docs_fetch),,learn,windows/powershell-remoting-jea.md,,
S-hddmxunx,https://learn.microsoft.com/en-us/mem/intune/fundamentals/filters-device-properties,learn,,,,2026-09-26,200,NEEDS-READING,a Learn page without a public source repo; read it (microsoft_docs_fetch),,learn,intune/assignment-filter-properties.csv;intune/assignment-filters-and-rbac.md,,
S-hdprezk3,https://learn.microsoft.com/windows/whats-new/extended-security-updates,learn,,,,2026-09-26,200,NEEDS-READING,a Learn page without a public source repo; read it (microsoft_docs_fetch),,learn,windows/windows-update-management.md,,
S-hk7ngup4,https://learn.microsoft.com/graph/api/resources/devicedetail?view=graph-rest-1.0,learn,,,,2026-09-26,200,NEEDS-READING,a Learn page without a public source repo; read it (microsoft_docs_fetch),,learn,entra/conditional-access-devices.md,,
S-hkbq4xlj,https://learn.microsoft.com/en-us/windows/configuration/assigned-access/shell-launcher,learn,,,,2026-09-26,200,NEEDS-READING,a Learn page without a public source repo; read it (microsoft_docs_fetch),,learn,windows/kiosk-assigned-access.md,,
S-hkoalitj,https://learn.microsoft.com/azure/foundry/agents/overview,learn,,,,2026-09-26,200,NEEDS-READING,a Learn page without a public source repo; read it (microsoft_docs_fetch),,learn,agents/foundry-agent-service.md;agents/foundry-agent-tools.csv,,
S-hoagpet2,https://support.claude.com/en/articles/13132885-setting-up-single-sign-on-sso,live,,,,2026-09-26,200,OK,"page date 2026-09-02, not after retrieval 2026-09-26; redirected to https://support.claude.com/en/articles/13132885-set-up-single-sign-on-sso",page date 2026-09-02,,claude/enterprise-admin.md,,
S-horf4w6m,https://learn.microsoft.com/azure/update-manager/query-logs,learn,,,,2026-09-26,200,NEEDS-READING,a Learn page without a public source repo; read it (microsoft_docs_fetch),,learn,windows/azure-update-manager.md,,
S-ht6fligp,https://learn.microsoft.com/windows/package-manager/configuration/create,learn,,,,2026-09-26,200,NEEDS-READING,a Learn page without a public source repo; read it (microsoft_docs_fetch),,learn,windows/winget.md,,
S-htlj43pv,https://learn.microsoft.com/windows/security/identity-protection/hello-for-business/trusted-signal-unlock,learn,,,,2026-09-26,200,NEEDS-READING,a Learn page without a public source repo; read it (microsoft_docs_fetch),,learn,auth/windows-hello-for-business.md,,
S-hubiwt4q,https://learn.microsoft.com/intune/device-management/tools/run-shell-scripts-macos,learn,,,,2026-09-26,200,NEEDS-READING,a Learn page without a public source repo; read it (microsoft_docs_fetch),,learn,intune/macos-management.md,,
S-hv24mjpy,https://learn.microsoft.com/troubleshoot/mem/intune/certificates/troubleshoot-certificate-connector-events,learn,,,,2026-09-26,200,NEEDS-READING,a Learn page without a public source repo; read it (microsoft_docs_fetch),,learn,intune/certificates-pki.md,,
S-hvfrvt73,https://learn.microsoft.com/defender-endpoint/api/machineaction,learn,,,,2026-09-26,200,NEEDS-READING,a Learn page without a public source repo; read it (microsoft_docs_fetch),,learn,defender/response-actions-api.md,,
S-hvijyhte,https://learn.microsoft.com/windows-server/get-started/hotpatch,learn,,,,2026-09-26,200,NEEDS-READING,a Learn page without a public source repo; read it (microsoft_docs_fetch),,learn,windows/azure-update-manager.md,,
S-hvnok5ut,https://learn.microsoft.com/en-us/intune/intune-service/protect/custom-settings,learn,,,,2026-09-26,404,NEEDS-READING,a Learn page without a public source repo; read it (microsoft_docs_fetch),,learn,intune/compliance-policies.csv;intune/compliance-policies.md,,
S-hw4p6ks6,https://learn.microsoft.com/intune/device-configuration/settings-catalog/configure-admx-templates-windows,learn,,,,2026-09-26,200,NEEDS-READING,a Learn page without a public source repo; read it (microsoft_docs_fetch),,learn,intune/configuration-policies.md,,
S-hwvrdtxc,https://learn.microsoft.com/windows/ai/mcp/servers/mcp-containment,learn,,,,2026-09-26,200,NEEDS-READING,a Learn page without a public source repo; read it (microsoft_docs_fetch),,learn,agents/windows-agentic-platform.md,,
S-hxbyw5pm,https://learn.microsoft.com/intune/fundamentals/certificates/connector/overview,learn,,,,2026-09-26,200,NEEDS-READING,a Learn page without a public source repo; read it (microsoft_docs_fetch),,learn,intune/certificates-pki.md,,
S-hya3uz6p,https://learn.microsoft.com/azure/sentinel/datalake/sentinel-lake-overview,learn,,,,2026-09-26,200,NEEDS-READING,a Learn page without a public source repo; read it (microsoft_docs_fetch),,learn,logs/microsoft-sentinel.md,,
S-hzezniod,https://learn.microsoft.com/en-us/graph/api/intune-devices-manageddevice-retire?view=graph-rest-1.0,learn,github.com/microsoftgraph/microsoft-graph-docs-contrib,,api-reference/v1.0/api/intune-devices-manageddevice-retire,2026-09-26,,OK,source file api-reference/v1.0/api/intune-devices-manageddevice-retire.md has no commit since 2026-09-26 (HEAD 4ad99fd37a9e),git_commit_id 4ad99fd37a9e,,intune/remote-actions.csv;intune/remote-actions.md,,
S-i2npg2z3,https://learn.microsoft.com/entra/identity/hybrid/connect/reference-connect-version-history,learn,,,,2026-09-26,200,NEEDS-READING,a Learn page without a public source repo; read it (microsoft_docs_fetch),,learn,entra/connect-and-cloud-sync.md,,
S-i3gqas6g,https://learn.microsoft.com/windows-365/enterprise/windows-365-boot-overview,learn,,,,2026-09-26,200,NEEDS-READING,a Learn page without a public source repo; read it (microsoft_docs_fetch),,learn,windows/windows-365.md,,
S-i7if5i7z,https://code.claude.com/docs/en/plugins/components,live,,,,2026-09-26,200,OK,"sitemap lastmod 2026-09-25, not after retrieval 2026-09-26",sitemap lastmod 2026-09-25,,claude/plugins.md,,
S-icfvnq2h,https://learn.microsoft.com/azure/update-manager/assessment-options,learn,,,,2026-09-26,200,NEEDS-READING,a Learn page without a public source repo; read it (microsoft_docs_fetch),,learn,windows/azure-update-manager.md,,
S-ickvylma,https://learn.microsoft.com/en-us/windows/security/application-security/application-control/app-control-for-business/design/use-appcontrol-with-intelligent-security-graph,learn,,,,2026-09-26,200,NEEDS-READING,a Learn page without a public source repo; read it (microsoft_docs_fetch),,learn,windows/app-control.md,,
S-idqwhfg2,https://learn.microsoft.com/en-us/azure/search/vector-search-how-to-chunk-documents,learn,,,,2026-09-26,200,NEEDS-READING,a Learn page without a public source repo; read it (microsoft_docs_fetch),,learn,agents/hybrid-retrieval.md,,
S-ig43wzxm,https://learn.microsoft.com/intune/fundamentals/endpoints#microsoft-store,learn,,,,2026-09-26,200,NEEDS-READING,a Learn page without a public source repo; read it (microsoft_docs_fetch),,learn,windows/winget.md,,
S-in4qr3cp,https://learn.microsoft.com/azure/azure-monitor/data-collection/data-collection-endpoint-overview,learn,,,,2026-09-26,200,NEEDS-READING,a Learn page without a public source repo; read it (microsoft_docs_fetch),,learn,logs/azure-monitor-agent.md,,
S-inpjf36q,https://code.claude.com/docs/en/amazon-bedrock,live,,,,2026-09-26,200,OK,"sitemap lastmod 2026-09-24, not after retrieval 2026-09-26",sitemap lastmod 2026-09-24,,claude/env-vars.csv;claude/settings-and-scopes.md,,
S-ipjyevd4,https://learn.microsoft.com/defender-endpoint/api/isolate-machine,learn,,,,2026-09-26,200,NEEDS-READING,a Learn page without a public source repo; read it (microsoft_docs_fetch),,learn,defender/machine-actions.csv;defender/response-actions-api.md,,
S-ipjygran,https://learn.microsoft.com/microsoft-365/copilot/extensibility/build-mcp-plugins,learn,,,,2026-09-26,200,NEEDS-READING,a Learn page without a public source repo; read it (microsoft_docs_fetch),,learn,agents/m365-copilot-extensibility.md,,
S-iqksiiaq,https://learn.microsoft.com/autopilot/tutorial/pre-provisioning/hybrid-azure-ad-join-workflow,learn,,,,2026-09-26,200,NEEDS-READING,a Learn page without a public source repo; read it (microsoft_docs_fetch),,learn,autopilot/device-preparation.md,,
S-irvlwznc,https://learn.microsoft.com/defender-endpoint/api/restrict-code-execution,learn,,,,2026-09-26,200,NEEDS-READING,a Learn page without a public source repo; read it (microsoft_docs_fetch),,learn,defender/machine-actions.csv;defender/response-actions-api.md,,
S-isovad24,https://learn.microsoft.com/entra/identity/conditional-access/concept-conditional-access-report-only,learn,,,,2026-09-26,200,NEEDS-READING,a Learn page without a public source repo; read it (microsoft_docs_fetch),,learn,entra/conditional-access-devices.md,,
S-isqfh6pr,https://code.claude.com/docs/en/agent-sdk/cost-tracking,live,,,,2026-09-26,200,OK,"sitemap lastmod 2026-09-22, not after retrieval 2026-09-26",sitemap lastmod 2026-09-22,,claude/agent-sdk-options.csv;claude/agent-sdk.md,,
S-iuugqauq,https://learn.microsoft.com/en-us/windows/win32/wec/setting-up-a-source-initiated-subscription,learn,,,,2026-09-26,200,NEEDS-READING,a Learn page without a public source repo; read it (microsoft_docs_fetch),,learn,windows/event-forwarding-sysmon.md,,
S-iw3ehpxb,https://learn.microsoft.com/en-us/powershell/utility-modules/secretmanagement/overview,learn,,,,2026-09-26,200,NEEDS-READING,a Learn page without a public source repo; read it (microsoft_docs_fetch),,learn,windows/powershell-7.md,,
S-iw63dqdc,https://learn.microsoft.com/intune/device-security/compliance/create-custom-script,learn,,,,2026-09-26,200,NEEDS-READING,a Learn page without a public source repo; read it (microsoft_docs_fetch),,learn,intune/linux-management.md;intune/macos-management.md,,
S-ix237xay,https://learn.microsoft.com/powershell/module/configurationmanager/set-cmorchestrationgroup?view=sccm-ps,learn,,,,2026-09-26,200,NEEDS-READING,a Learn page without a public source repo; read it (microsoft_docs_fetch),,learn,mecm/software-updates.md,,
S-iymw4lcl,https://learn.microsoft.com/troubleshoot/windows-client/group-policy/create-and-manage-central-store,learn,,,,2026-09-26,200,NEEDS-READING,a Learn page without a public source repo; read it (microsoft_docs_fetch),,learn,gpo/admx-central-store.md,,
S-iyxigs24,https://learn.microsoft.com/en-us/graph/api/intune-devices-manageddevice-rotatebitlockerkeys?view=graph-rest-beta,learn,github.com/microsoftgraph/microsoft-graph-docs-contrib,,api-reference/v1.0/api/intune-devices-manageddevice-rotatebitlockerkeys,2026-09-26,,NEEDS-READING,no source file for the page in github.com/microsoftgraph/microsoft-graph-docs-contrib,,learn,intune/remote-actions.csv;intune/remote-actions.md,,
S-j2yxzynm,https://learn.microsoft.com/agent-framework/workflows/human-in-the-loop,learn,,,,2026-09-26,200,NEEDS-READING,a Learn page without a public source repo; read it (microsoft_docs_fetch),,learn,agents/microsoft-agent-framework.md,,
S-j3m2icav,https://learn.microsoft.com/intune/device-configuration/templates/ref-wired-network-settings-windows,learn,,,,2026-09-26,200,NEEDS-READING,a Learn page without a public source repo; read it (microsoft_docs_fetch),,learn,intune/network-profiles.md,,
S-j3m43d2a,https://learn.microsoft.com/windows-365/link/requirements,learn,,,,2026-09-26,200,NEEDS-READING,a Learn page without a public source repo; read it (microsoft_docs_fetch),,learn,windows/windows-365.md,,
S-j46dza7u,https://learn.microsoft.com/microsoft-365/copilot/extensibility/agents-overview,learn,,,,2026-09-26,200,NEEDS-READING,a Learn page without a public source repo; read it (microsoft_docs_fetch),,learn,agents/m365-copilot-extensibility.md,,
S-j54mtzby,https://docs.langchain.com/oss/python/langgraph/checkpointers,live,,,,2026-09-26,200,OK,"sitemap lastmod 2026-09-23, not after retrieval 2026-09-26",sitemap lastmod 2026-09-23,,agents/langgraph.md,,
S-j6tphfq3,https://learn.microsoft.com/graph/api/resources/intune-shared-mdmwindowsinformationprotectionpolicy?view=graph-rest-beta,learn,,,,2026-09-26,200,NEEDS-READING,a Learn page without a public source repo; read it (microsoft_docs_fetch),,learn,intune/app-protection-mam.md,,
S-jaycbw5k,https://learn.microsoft.com/en-us/azure/search/search-limits-quotas-capacity,learn,,,,2026-09-26,200,NEEDS-READING,a Learn page without a public source repo; read it (microsoft_docs_fetch),,learn,agents/hybrid-retrieval.md,,
S-jdytzqlj,https://learn.microsoft.com/troubleshoot/mem/intune/device-protection/troubleshoot-bitlocker-admin-center,learn,,,,2026-09-26,200,NEEDS-READING,a Learn page without a public source repo; read it (microsoft_docs_fetch),,learn,windows/bitlocker.md,,
S-jfzhzjgu,https://learn.microsoft.com/en-us/azure/azure-arc/servers/overview,learn,,,,2026-09-26,200,NEEDS-READING,a Learn page without a public source repo; read it (microsoft_docs_fetch),,learn,windows/azure-arc-servers.md,,
S-jgc6ne22,https://learn.microsoft.com/azure/foundry/agents/concepts/agent-identity,learn,,,,2026-09-26,200,NEEDS-READING,a Learn page without a public source repo; read it (microsoft_docs_fetch),,learn,agents/foundry-agent-service.md,,
S-jgesqj52,https://learn.microsoft.com/intune/app-management/protection/ref-settings-android,learn,,,,2026-09-26,200,NEEDS-READING,a Learn page without a public source repo; read it (microsoft_docs_fetch),,learn,intune/app-protection-mam.md,,
S-jh7vdeyt,https://learn.microsoft.com/en-us/defender-xdr/advanced-hunting-alertinfo-table,learn,,,,2026-09-26,200,NEEDS-READING,a Learn page without a public source repo; read it (microsoft_docs_fetch),,learn,defender/advanced-hunting-tables.csv;defender/advanced-hunting.md,,
S-jjclu3pw,https://learn.microsoft.com/graph/api/resources/intune-devices-privilegemanagementelevation?view=graph-rest-beta,learn,,,,2026-09-26,200,NEEDS-READING,a Learn page without a public source repo; read it (microsoft_docs_fetch),,learn,intune/endpoint-privilege-management.md,,
S-jjjidz73,https://learn.microsoft.com/intune/configmgr/osd/deploy-use/use-pxe-to-deploy-windows-over-the-network,learn,,,,2026-09-26,200,NEEDS-READING,a Learn page without a public source repo; read it (microsoft_docs_fetch),,learn,mecm/osd-task-sequences.md,,
S-jlx5q3eb,https://learn.microsoft.com/en-us/defender-endpoint/attack-surface-reduction-rules-overview,learn,,,,2026-09-26,200,NEEDS-READING,a Learn page without a public source repo; read it (microsoft_docs_fetch),,learn,defender/asr-and-antivirus.md;defender/asr-rules.csv,,
S-jmzxsdjr,https://learn.microsoft.com/en-us/windows/client-management/mdm/laps-csp,learn,,,,2026-09-26,200,NEEDS-READING,a Learn page without a public source repo; read it (microsoft_docs_fetch),,learn,windows/laps.csv;windows/laps.md,,
S-jnbupokh,https://learn.microsoft.com/powershell/module/assignedaccess/set-assignedaccess?view=windowsserver2025-ps,learn,,,,2026-09-26,200,NEEDS-READING,a Learn page without a public source repo; read it (microsoft_docs_fetch),,learn,windows/kiosk-assigned-access.md,,
S-joexcals,https://learn.microsoft.com/azure/ai-foundry/openai/how-to/managed-identity,learn,,,,2026-09-26,200,NEEDS-READING,a Learn page without a public source repo; read it (microsoft_docs_fetch),,learn,agents/azure-openai-deployments.md,,
S-jpgvmrt5,https://learn.microsoft.com/windows/deployment/update/wufb-reports-overview,learn,,,,2026-09-26,200,NEEDS-READING,a Learn page without a public source repo; read it (microsoft_docs_fetch),,learn,windows/windows-update-management.md,,
S-jpsjsa5i,https://learn.microsoft.com/entra/id-governance/privileged-identity-management/pim-how-to-activate-role,learn,,,,2026-09-26,200,NEEDS-READING,a Learn page without a public source repo; read it (microsoft_docs_fetch),,learn,entra/pim-and-governance.md,,
S-jq73dzml,https://learn.microsoft.com/intune/device-enrollment/android/connect-managed-google-play,learn,,,,2026-09-26,200,NEEDS-READING,a Learn page without a public source repo; read it (microsoft_docs_fetch),,learn,intune/ios-android-management.md,,
S-jrsntqfg,https://platform.claude.com/docs/en/api/messages-count-tokens,live,,,,2026-09-26,200,NEEDS-READING,"HTTP 200, no last-updated date; redirected to https://platform.claude.com/docs/en/api/messages/count_tokens",,,claude/messages-api.md,,
S-jt6qyh46,https://learn.microsoft.com/en-us/azure/search/semantic-search-overview,learn,,,,2026-09-26,200,NEEDS-READING,a Learn page without a public source repo; read it (microsoft_docs_fetch),,learn,agents/hybrid-retrieval.md,,
S-jvu722ab,https://learn.microsoft.com/windows/ai/mcp/quickstart-mcp-host,learn,,,,2026-09-26,200,NEEDS-READING,a Learn page without a public source repo; read it (microsoft_docs_fetch),,learn,agents/windows-agentic-platform.md,,
S-jwo36v2t,https://learn.microsoft.com/powershell/scripting/security/remoting/jea/register-jea?view=powershell-7.6,learn,,,,2026-09-26,200,NEEDS-READING,a Learn page without a public source repo; read it (microsoft_docs_fetch),,learn,windows/powershell-remoting-jea.md,,
S-jya6izpo,https://www.powershellgallery.com/packages/Microsoft365DSC,live,,,,2026-09-26,200,NEEDS-READING,"HTTP 200, no last-updated date; redirected to https://www.powershellgallery.com/packages/Microsoft365DSC/1.26.909.1",,,graph/microsoft365dsc.md,,
S-jzszwiht,https://learn.microsoft.com/defender-endpoint/configure-endpoints-vdi,learn,,,,2026-09-26,200,NEEDS-READING,a Learn page without a public source repo; read it (microsoft_docs_fetch),,learn,defender/mde-onboarding.md,,
S-k27gpb6k,https://learn.microsoft.com/copilot/security/security-compute-units-capacity,learn,,,,2026-09-26,200,NEEDS-READING,a Learn page without a public source repo; read it (microsoft_docs_fetch),,learn,agents/security-copilot-endpoint.md,,
S-k3l2irzl,https://learn.microsoft.com/azure/foundry/concepts/rbac-foundry,learn,,,,2026-09-26,200,NEEDS-READING,a Learn page without a public source repo; read it (microsoft_docs_fetch),,learn,agents/foundry-agent-service.md,,
S-k5vpsayn,https://learn.microsoft.com/en-us/troubleshoot/windows-server/admin-development/configure-eventlog-forwarding-performance,learn,,,,2026-09-26,200,NEEDS-READING,a Learn page without a public source repo; read it (microsoft_docs_fetch),,learn,windows/event-forwarding-sysmon.md,,
S-k64d62id,https://learn.microsoft.com/windows/deployment/do/mcc-ent-faq,learn,,,,2026-09-26,200,NEEDS-READING,a Learn page without a public source repo; read it (microsoft_docs_fetch),,learn,windows/delivery-optimization.md,,
S-k6lcrjix,https://learn.microsoft.com/en-us/windows/security/application-security/application-control/app-control-for-business/design/deploy-multiple-appcontrol-policies,learn,,,,2026-09-26,200,NEEDS-READING,a Learn page without a public source repo; read it (microsoft_docs_fetch),,learn,windows/app-control.md,,
S-ka3u6g4r,https://learn.microsoft.com/defender-endpoint/configure-endpoints-script,learn,,,,2026-09-26,200,NEEDS-READING,a Learn page without a public source repo; read it (microsoft_docs_fetch),,learn,defender/mde-onboarding.md,,
S-kcoqv2wr,https://learn.microsoft.com/autopilot/device-preparation/troubleshooting-faq,learn,,,,2026-09-26,200,NEEDS-READING,a Learn page without a public source repo; read it (microsoft_docs_fetch),,learn,autopilot/device-preparation.md,,
S-kdhgvxwh,https://learn.microsoft.com/intune/device-security/microsoft-tunnel/prerequisites,learn,,,,2026-09-26,200,NEEDS-READING,a Learn page without a public source repo; read it (microsoft_docs_fetch),,learn,intune/network-profiles.md,,
S-kdtltdvz,https://learn.microsoft.com/windows/security/identity-protection/hello-for-business/hello-deployment-issues,learn,,,,2026-09-26,200,NEEDS-READING,a Learn page without a public source repo; read it (microsoft_docs_fetch),,learn,auth/windows-hello-for-business.md,,
S-kemkbiwb,https://learn.microsoft.com/azure/update-manager/updates-maintenance-schedules,learn,,,,2026-09-26,200,NEEDS-READING,a Learn page without a public source repo; read it (microsoft_docs_fetch),,learn,windows/azure-update-manager.md,,
S-kgoe3xkx,https://learn.microsoft.com/defender-endpoint/configure-endpoints-mdm,learn,,,,2026-09-26,200,NEEDS-READING,a Learn page without a public source repo; read it (microsoft_docs_fetch),,learn,defender/mde-onboarding.md,,
S-kguhudz7,https://learn.microsoft.com/azure/azure-monitor/data-collection/data-collection-rule-samples,learn,,,,2026-09-26,200,NEEDS-READING,a Learn page without a public source repo; read it (microsoft_docs_fetch),,learn,logs/azure-monitor-agent.md,,
S-kim3tg2v,https://learn.microsoft.com/en-us/intune/intune-service/protect/create-custom-script,learn,,,,2026-09-26,404,NEEDS-READING,a Learn page without a public source repo; read it (microsoft_docs_fetch),,learn,intune/compliance-policies.csv;intune/compliance-policies.md,,
S-kp35fytq,https://learn.microsoft.com/en-us/defender-endpoint/cloud-protection-configure,learn,,,,2026-09-26,200,NEEDS-READING,a Learn page without a public source repo; read it (microsoft_docs_fetch),,learn,defender/asr-and-antivirus.md,,
S-kpbxpz3h,https://learn.microsoft.com/windows/security/book/operating-system-agentic-security,learn,,,,2026-09-26,200,NEEDS-READING,a Learn page without a public source repo; read it (microsoft_docs_fetch),,learn,agents/windows-agentic-platform.md,,
S-kqvek5fm,https://learn.microsoft.com/en-us/windows-server/identity/laps/laps-faq,learn,github.com/MicrosoftDocs/windowsserverdocs,,WindowsServerDocs/identity/laps/laps-faq,2026-09-26,,OK,source file WindowsServerDocs/identity/laps/laps-faq.yml has no commit since 2026-09-26 (HEAD 62d7b049a49a),git_commit_id 62d7b049a49a,,windows/laps.md,,
S-krw7psw7,https://learn.microsoft.com/en-us/powershell/module/laps/get-lapsaadpassword,learn,,,,2026-09-26,200,NEEDS-READING,a Learn page without a public source repo; read it (microsoft_docs_fetch),,learn,windows/laps.md,,
S-kszikunl,https://learn.microsoft.com/powershell/module/bitlocker/add-bitlockerkeyprotector,learn,,,,2026-09-26,200,NEEDS-READING,a Learn page without a public source repo; read it (microsoft_docs_fetch),,learn,windows/bitlocker.md,,
S-kt6usubu,https://learn.microsoft.com/entra/identity/monitoring-health/reference-reports-data-retention,learn,,,,2026-09-26,200,NEEDS-READING,a Learn page without a public source repo; read it (microsoft_docs_fetch),,learn,auth/audit-log-apis.md,,
S-ktfxaivl,https://learn.microsoft.com/en-us/defender-xdr/advanced-hunting-deviceimageloadevents-table,learn,,,,2026-09-26,200,NEEDS-READING,a Learn page without a public source repo; read it (microsoft_docs_fetch),,learn,defender/advanced-hunting-tables.csv;defender/advanced-hunting.md,,
S-kub3e5bx,https://learn.microsoft.com/azure/foundry/agents/concepts/standard-agent-setup,learn,,,,2026-09-26,200,NEEDS-READING,a Learn page without a public source repo; read it (microsoft_docs_fetch),,learn,agents/foundry-agent-service.md,,
S-kv5b4jlr,https://learn.microsoft.com/intune/fundamentals/role-based-access-control/ref-built-in-roles,learn,,,,2026-09-26,200,NEEDS-READING,a Learn page without a public source repo; read it (microsoft_docs_fetch),,learn,intune/assignment-filters-and-rbac.md;intune/endpoint-privilege-management.md;intune/rbac-built-in-roles.csv,,
S-kw755ajt,https://learn.microsoft.com/defender-endpoint/api/get-machineactions-collection,learn,,,,2026-09-26,200,NEEDS-READING,a Learn page without a public source repo; read it (microsoft_docs_fetch),,learn,defender/machine-actions.csv;defender/response-actions-api.md,,
S-kwn2lclu,https://learn.microsoft.com/intune/configmgr/core/plan-design/hierarchy/about-log-files,learn,,,,2026-09-26,200,NEEDS-READING,a Learn page without a public source repo; read it (microsoft_docs_fetch),,learn,mecm/osd-task-sequences.md,,
S-kwxqaq5a,https://learn.microsoft.com/intune/configmgr/sum/deploy-use/software-updates-maintenance,learn,,,,2026-09-26,200,NEEDS-READING,a Learn page without a public source repo; read it (microsoft_docs_fetch),,learn,mecm/software-updates.md,,
S-kyd2lkfv,https://learn.microsoft.com/windows/deployment/do/delivery-optimization-configure,learn,,,,2026-09-26,200,NEEDS-READING,a Learn page without a public source repo; read it (microsoft_docs_fetch),,learn,windows/delivery-optimization.md,,
S-kzoop7qs,https://learn.microsoft.com/agent-framework/overview/,learn,,,,2026-09-26,200,NEEDS-READING,a Learn page without a public source repo; read it (microsoft_docs_fetch),,learn,agents/microsoft-agent-framework.md,,
S-kzv67wmw,https://learn.microsoft.com/graph/api/rbacapplication-post-roleeligibilityschedulerequests?view=graph-rest-1.0,learn,,,,2026-09-26,200,NEEDS-READING,a Learn page without a public source repo; read it (microsoft_docs_fetch),,learn,entra/pim-and-governance.md,,
S-l4557zht,https://learn.microsoft.com/microsoft-copilot-studio/govern-agents-identities-overview,learn,,,,2026-09-26,200,NEEDS-READING,a Learn page without a public source repo; read it (microsoft_docs_fetch),,learn,entra/agent-id.md,,
S-l4qgsnr4,https://raw.githubusercontent.com/modelcontextprotocol/modelcontextprotocol/a99bdd15ea9ff96bf4d758aac907bbb27e9329dc/docs/specification/2026-07-28/basic/transports/streamable-http.mdx,raw-pin,github.com/modelcontextprotocol/modelcontextprotocol,a99bdd15ea9ff96bf4d758aac907bbb27e9329dc,docs/specification/2026-07-28/basic/transports/streamable-http.mdx,2026-09-26,200,OK,file identical at the pin and at HEAD@ab3a39c13bd2,HEAD@ab3a39c13bd2,,mcp/transports-streamable-http.md,,
S-l5g4lirw,https://learn.microsoft.com/en-us/defender-xdr/custom-detection-rules,learn,,,,2026-09-26,200,NEEDS-READING,a Learn page without a public source repo; read it (microsoft_docs_fetch),,learn,defender/advanced-hunting.md,,
S-l6j5dpwj,https://github.com/microsoft/Microsoft365DSC/releases,gh-page,,,,2026-09-26,,NEEDS-READING,"a github.com page (issues, wiki, home) or API call; read it",,github page,graph/microsoft365dsc.md,,
S-l6l42j6e,https://code.claude.com/docs/en/sandboxing,live,,,,2026-09-26,200,OK,"sitemap lastmod 2026-09-25, not after retrieval 2026-09-26",sitemap lastmod 2026-09-25,,claude/ci-and-headless.md,,
S-l6y7tegw,https://learn.microsoft.com/graph/json-batching,learn,,,,2026-09-26,200,NEEDS-READING,a Learn page without a public source repo; read it (microsoft_docs_fetch),,learn,graph/batching-and-query.md,,
S-lcamnncm,https://learn.microsoft.com/intune/cloud-pki/,learn,,,,2026-09-26,200,NEEDS-READING,a Learn page without a public source repo; read it (microsoft_docs_fetch),,learn,intune/certificates-pki.md,,
S-lcd7y7ff,https://learn.microsoft.com/entra/identity/hybrid/cloud-sync/reference-cloud-sync-faq,learn,,,,2026-09-26,200,NEEDS-READING,a Learn page without a public source repo; read it (microsoft_docs_fetch),,learn,entra/connect-and-cloud-sync.md,,
S-ld2qiclx,https://learn.microsoft.com/en-us/intune/intune-service/configuration/administrative-templates-import-custom,learn,,,,2026-09-26,200,NEEDS-READING,a Learn page without a public source repo; read it (microsoft_docs_fetch),,learn,intune/configuration-policies.md,,
S-ldykf7ob,https://learn.microsoft.com/en-us/windows-server/get-started/hotpatch,learn,github.com/MicrosoftDocs/windowsserverdocs,,WindowsServerDocs/get-started/hotpatch,2026-09-26,,OK,source file WindowsServerDocs/get-started/hotpatch.md has no commit since 2026-09-26 (HEAD 62d7b049a49a),git_commit_id 62d7b049a49a,,windows/azure-arc-servers.md,,
S-lekwizgd,https://learn.microsoft.com/entra/agent-id/agent-access-packages,learn,,,,2026-09-26,200,NEEDS-READING,a Learn page without a public source repo; read it (microsoft_docs_fetch),,learn,entra/agent-id.md,,
S-lfd7criv,https://learn.microsoft.com/autopilot/tutorial/self-deploying/self-deploying-esp,learn,,,,2026-09-26,200,NEEDS-READING,a Learn page without a public source repo; read it (microsoft_docs_fetch),,learn,autopilot/device-preparation.md,,
S-lficatwr,https://learn.microsoft.com/graph/api/intune-apps-mobileappcontentfile-commit?view=graph-rest-1.0,learn,,,,2026-09-26,200,NEEDS-READING,a Learn page without a public source repo; read it (microsoft_docs_fetch),,learn,intune/win32-apps.md,,
S-ljhugmcx,https://learn.microsoft.com/en-us/mem/intune/fundamentals/role-based-access-control,learn,,,,2026-09-26,200,NEEDS-READING,a Learn page without a public source repo; read it (microsoft_docs_fetch),,learn,intune/assignment-filters-and-rbac.md,,
S-lkcsn2fs,https://code.claude.com/docs/en/plugin-evals,live,,,,2026-09-26,200,OK,"sitemap lastmod 2026-09-25, not after retrieval 2026-09-26",sitemap lastmod 2026-09-25,,claude/plugins.csv;claude/plugins.md,,
S-lkrznc4c,https://learn.microsoft.com/entra/global-secure-access/concept-private-access,learn,,,,2026-09-26,200,NEEDS-READING,a Learn page without a public source repo; read it (microsoft_docs_fetch),,learn,intune/network-profiles.md,,
S-lkto4w7b,https://learn.microsoft.com/agent-framework/migration-guide/from-autogen/,learn,,,,2026-09-26,200,NEEDS-READING,a Learn page without a public source repo; read it (microsoft_docs_fetch),,learn,agents/microsoft-agent-framework.md,,
S-llf2m5cf,https://code.claude.com/docs/en/agent-sdk/migration-guide,live,,,,2026-09-26,200,OK,"sitemap lastmod 2026-09-04, not after retrieval 2026-09-26",sitemap lastmod 2026-09-04,,claude/agent-sdk-options.csv;claude/agent-sdk.md,,
S-llv35yw5,https://learn.microsoft.com/graph/api/security-auditlogquery-list-records?view=graph-rest-1.0,learn,,,,2026-09-26,200,NEEDS-READING,a Learn page without a public source repo; read it (microsoft_docs_fetch),,learn,auth/audit-log-apis.md,,
S-lnvgonfb,https://learn.microsoft.com/copilot/security/privacy-data-security,learn,,,,2026-09-26,200,NEEDS-READING,a Learn page without a public source repo; read it (microsoft_docs_fetch),,learn,agents/security-copilot-endpoint.md,,
S-lnzspig4,https://learn.microsoft.com/en-us/windows-server/identity/laps/laps-technical-reference,learn,github.com/MicrosoftDocs/windowsserverdocs,,WindowsServerDocs/identity/laps/laps-technical-reference,2026-09-26,,OK,source file WindowsServerDocs/identity/laps/laps-technical-reference.md has no commit since 2026-09-26 (HEAD 62d7b049a49a),git_commit_id 62d7b049a49a,,windows/laps.md,,
S-lorbg35k,https://learn.microsoft.com/en-us/graph/api/intune-devices-manageddevice-remotelock?view=graph-rest-1.0,learn,github.com/microsoftgraph/microsoft-graph-docs-contrib,,api-reference/v1.0/api/intune-devices-manageddevice-remotelock,2026-09-26,,OK,source file api-reference/v1.0/api/intune-devices-manageddevice-remotelock.md has no commit since 2026-09-26 (HEAD 4ad99fd37a9e),git_commit_id 4ad99fd37a9e,,intune/remote-actions.csv;intune/remote-actions.md,,
S-lpj5aefn,https://learn.microsoft.com/en-us/azure/azure-arc/servers/azcmagent-extension,learn,,,,2026-09-26,200,NEEDS-READING,a Learn page without a public source repo; read it (microsoft_docs_fetch),,learn,windows/azure-arc-servers.md,,
S-lqfdn2f7,https://learn.microsoft.com/intune/developer/data-warehouse/connect-power-bi,learn,,,,2026-09-26,200,NEEDS-READING,a Learn page without a public source repo; read it (microsoft_docs_fetch),,learn,intune/reports-export-api.md,,
S-lqvaqwxx,https://learn.microsoft.com/azure/ai-services/content-safety/concepts/protected-material,learn,,,,2026-09-26,200,NEEDS-READING,a Learn page without a public source repo; read it (microsoft_docs_fetch),,learn,agents/content-safety-prompt-shields.md,,
S-lreom5ko,https://code.claude.com/docs/en/network-config,live,,,,2026-09-26,200,OK,"sitemap lastmod 2026-09-24, not after retrieval 2026-09-26",sitemap lastmod 2026-09-24,,claude/env-vars.csv;claude/settings-and-scopes.md,,
S-ls7jnt2q,https://learn.microsoft.com/intune/device-management/reports/export-graph-apis,learn,,,,2026-09-26,200,NEEDS-READING,a Learn page without a public source repo; read it (microsoft_docs_fetch),,learn,intune/reports-export-api.md,,
S-lsavpnha,https://learn.microsoft.com/intune/fundamentals/role-based-access-control/assign-role,learn,,,,2026-09-26,200,NEEDS-READING,a Learn page without a public source repo; read it (microsoft_docs_fetch),,learn,intune/assignment-filters-and-rbac.md,,
S-lsnr7k3y,https://learn.microsoft.com/entra/identity/conditional-access/workload-identity,learn,,,,2026-09-26,200,NEEDS-READING,a Learn page without a public source repo; read it (microsoft_docs_fetch),,learn,entra/conditional-access-devices.md,,
S-lu7ablj2,https://learn.microsoft.com/intune/intune-service/apps/protect-mam-windows,learn,,,,2026-09-26,200,NEEDS-READING,a Learn page without a public source repo; read it (microsoft_docs_fetch),,learn,intune/app-protection-mam.md,,
S-luprngvc,https://learn.microsoft.com/azure/azure-monitor/data-collection/data-collection-rule-structure,learn,,,,2026-09-26,200,NEEDS-READING,a Learn page without a public source repo; read it (microsoft_docs_fetch),,learn,logs/azure-monitor-agent.md;logs/microsoft-sentinel.md,,
S-lvqy67bp,https://learn.microsoft.com/graph/api/cloudpc-restore?view=graph-rest-1.0,learn,,,,2026-09-26,200,NEEDS-READING,a Learn page without a public source repo; read it (microsoft_docs_fetch),,learn,windows/windows-365.md,,
S-lydse5ww,https://learn.microsoft.com/intune/configmgr/osd/understand/task-sequence-variables,learn,,,,2026-09-26,200,NEEDS-READING,a Learn page without a public source repo; read it (microsoft_docs_fetch),,learn,mecm/osd-task-sequences.md;mecm/task-sequence-variables.csv,,
S-lz7th2mw,https://learn.microsoft.com/en-us/intune/intune-service/configuration/settings-catalog,learn,,,,2026-09-26,200,NEEDS-READING,a Learn page without a public source repo; read it (microsoft_docs_fetch),,learn,intune/configuration-policies.md,,
S-m4gimryf,https://learn.microsoft.com/azure/azure-monitor/data-collection/data-collection-rule-overview,learn,,,,2026-09-26,200,NEEDS-READING,a Learn page without a public source repo; read it (microsoft_docs_fetch),,learn,logs/azure-monitor-agent.md,,
S-m6dgyqa2,https://learn.microsoft.com/en-us/windows-server/identity/laps/laps-scenarios-azure-active-directory,learn,github.com/MicrosoftDocs/windowsserverdocs,,WindowsServerDocs/identity/laps/laps-scenarios-azure-active-directory,2026-09-26,,OK,source file WindowsServerDocs/identity/laps/laps-scenarios-azure-active-directory.md has no commit since 2026-09-26 (HEAD 62d7b049a49a),git_commit_id 62d7b049a49a,,windows/laps.md,,
S-m6wsqtyu,https://learn.microsoft.com/windows/deployment/windows-autopatch/prepare/windows-autopatch-role-based-access-control,learn,,,,2026-09-26,200,NEEDS-READING,a Learn page without a public source repo; read it (microsoft_docs_fetch),,learn,windows/windows-update-management.md,,
S-mcsdxl4e,https://learn.microsoft.com/defender-endpoint/live-response,learn,,,,2026-09-26,200,NEEDS-READING,a Learn page without a public source repo; read it (microsoft_docs_fetch),,learn,defender/response-actions-api.md,,
S-me4bxp52,https://learn.microsoft.com/azure/azure-monitor/vm/data-collection-windows-events,learn,,,,2026-09-26,200,NEEDS-READING,a Learn page without a public source repo; read it (microsoft_docs_fetch),,learn,logs/azure-monitor-agent.md;logs/microsoft-sentinel.md,,
S-meh6fmlt,https://learn.microsoft.com/copilot/security/plugin-mcp,learn,,,,2026-09-26,200,NEEDS-READING,a Learn page without a public source repo; read it (microsoft_docs_fetch),,learn,agents/security-copilot-endpoint.md,,
S-mgri56wc,https://learn.microsoft.com/autopilot/troubleshooting-faq,learn,,,,2026-09-26,200,NEEDS-READING,a Learn page without a public source repo; read it (microsoft_docs_fetch),,learn,autopilot/device-preparation.md,,
S-mhtox7ch,https://learn.microsoft.com/intune/advanced-analytics/,learn,,,,2026-09-26,200,NEEDS-READING,a Learn page without a public source repo; read it (microsoft_docs_fetch),,learn,intune/device-inventory-analytics.md,,
S-mhvboogr,https://learn.microsoft.com/agent-framework/agents/observability,learn,,,,2026-09-26,200,NEEDS-READING,a Learn page without a public source repo; read it (microsoft_docs_fetch),,learn,agents/microsoft-agent-framework.md,,
S-midck7u4,https://learn.microsoft.com/entra/id-governance/agent-id-governance-overview,learn,,,,2026-09-26,200,NEEDS-READING,a Learn page without a public source repo; read it (microsoft_docs_fetch),,learn,entra/agent-id.md,,
S-mix3xqam,https://learn.microsoft.com/azure/azure-monitor/agents/azure-monitor-agent-manage,learn,,,,2026-09-26,200,NEEDS-READING,a Learn page without a public source repo; read it (microsoft_docs_fetch),,learn,logs/azure-monitor-agent.md,,
S-mjxgvchf,https://modelcontextprotocol.io/specification/2026-07-28/server/prompts,live,,,,2026-09-26,200,OK,"sitemap lastmod 2026-09-24, not after retrieval 2026-09-26",sitemap lastmod 2026-09-24,,mcp/resources-prompts.md,,
S-mld6grwd,https://learn.microsoft.com/powershell/module/bitlocker/backup-bitlockerkeyprotector,learn,,,,2026-09-26,200,NEEDS-READING,a Learn page without a public source repo; read it (microsoft_docs_fetch),,learn,windows/bitlocker.md,,
S-mldzfsv6,https://learn.microsoft.com/intune/endpoint-analytics/work-from-anywhere,learn,,,,2026-09-26,200,NEEDS-READING,a Learn page without a public source repo; read it (microsoft_docs_fetch),,learn,intune/device-inventory-analytics.md,,
S-mmshotst,https://raw.githubusercontent.com/PowerShell/DSC/aab1bcfaf11b3750cb523af4470c73e3d9f5d120/dsc/src/args.rs,raw-pin,github.com/PowerShell/DSC,aab1bcfaf11b3750cb523af4470c73e3d9f5d120,dsc/src/args.rs,2026-09-25,200,OK,file identical at the pin and at release/v3.2@f21670dce633,release/v3.2@f21670dce633,,dsc/releases-feature-matrix.md,,
S-mrquhzdn,https://learn.microsoft.com/intune/device-security/microsoft-defender/security-settings-management,learn,,,,2026-09-26,200,NEEDS-READING,a Learn page without a public source repo; read it (microsoft_docs_fetch),,learn,defender/mde-onboarding.md;intune/linux-management.md,,
S-mrrxrahv,https://learn.microsoft.com/en-us/graph/api/resources/intune-devices-manageddevice?view=graph-rest-1.0,learn,github.com/microsoftgraph/microsoft-graph-docs-contrib,,api-reference/v1.0/api/resources/intune-devices-manageddevice,2026-09-26,,NEEDS-READING,no source file for the page in github.com/microsoftgraph/microsoft-graph-docs-contrib,,learn,intune/remote-actions.md,,
S-msz6m5qt,https://learn.microsoft.com/windows/ai/foundry-local/get-started,learn,,,,2026-09-26,200,NEEDS-READING,a Learn page without a public source repo; read it (microsoft_docs_fetch),,learn,agents/windows-agentic-platform.md,,
S-mti33mjr,https://learn.microsoft.com/windows/configuration/assigned-access/configure-single-app-kiosk,learn,,,,2026-09-26,200,NEEDS-READING,a Learn page without a public source repo; read it (microsoft_docs_fetch),,learn,windows/kiosk-assigned-access.md,,
S-mubyxer3,https://learn.microsoft.com/graph/api/resources/azure-ad-auditlog-overview?view=graph-rest-1.0,learn,,,,2026-09-26,200,NEEDS-READING,a Learn page without a public source repo; read it (microsoft_docs_fetch),,learn,auth/audit-log-apis.md,,
S-mutvll3h,https://learn.microsoft.com/graph/api/resources/subscription?view=graph-rest-1.0,learn,,,,2026-09-26,200,NEEDS-READING,a Learn page without a public source repo; read it (microsoft_docs_fetch),,learn,graph/batching-and-query.md,,
S-mw5epkyz,https://learn.microsoft.com/azure/ai-foundry/openai/how-to/network,learn,,,,2026-09-26,200,NEEDS-READING,a Learn page without a public source repo; read it (microsoft_docs_fetch),,learn,agents/azure-openai-deployments.md,,
S-mxlwzhw5,https://learn.microsoft.com/en-us/defender-endpoint/microsoft-defender-passive-mode,learn,,,,2026-09-26,200,NEEDS-READING,a Learn page without a public source repo; read it (microsoft_docs_fetch),,learn,defender/asr-and-antivirus.md,,
S-n25n5lgu,https://learn.microsoft.com/intune/configmgr/sum/deploy-use/orchestration-groups,learn,,,,2026-09-26,200,NEEDS-READING,a Learn page without a public source repo; read it (microsoft_docs_fetch),,learn,mecm/software-updates.md,,
S-n3hgvxzn,https://learn.microsoft.com/windows-365/enterprise/windows-365-boot-physical-device-requirements,learn,,,,2026-09-26,200,NEEDS-READING,a Learn page without a public source repo; read it (microsoft_docs_fetch),,learn,windows/windows-365.md,,
S-n5j76cvh,https://learn.microsoft.com/graph/api/resources/cloudpcprovisioningpolicy?view=graph-rest-1.0,learn,,,,2026-09-26,200,NEEDS-READING,a Learn page without a public source repo; read it (microsoft_docs_fetch),,learn,windows/windows-365.md,,
S-n5myb3fn,https://code.claude.com/docs/en/plugins/overview,live,,,,2026-09-26,200,OK,"sitemap lastmod 2026-09-25, not after retrieval 2026-09-26",sitemap lastmod 2026-09-25,,claude/plugins.md,,
S-n7obrzja,https://github.com/microsoft/MSRC-Microsoft-Security-Updates-API,gh-page,,,,2026-09-26,,NEEDS-READING,"a github.com page (issues, wiki, home) or API call; read it",,github page,security/vulnerability-prioritization.md,,
S-n7sr56za,https://learn.microsoft.com/en-us/autopilot/windows-autopilot-reset,learn,,,,2026-09-26,200,NEEDS-READING,a Learn page without a public source repo; read it (microsoft_docs_fetch),,learn,intune/remote-actions.md,,
S-nd4cmnsq,https://learn.microsoft.com/azure/update-manager/configure-wu-agent,learn,,,,2026-09-26,200,NEEDS-READING,a Learn page without a public source repo; read it (microsoft_docs_fetch),,learn,windows/azure-update-manager.md,,
S-net4uvqm,https://learn.microsoft.com/en-us/azure/search/vector-search-integrated-vectorization,learn,,,,2026-09-26,200,NEEDS-READING,a Learn page without a public source repo; read it (microsoft_docs_fetch),,learn,agents/hybrid-retrieval.md,,
S-nevhri3m,https://learn.microsoft.com/en-us/azure/azure-arc/servers/manage-agent-proxy-settings,learn,,,,2026-09-26,200,NEEDS-READING,a Learn page without a public source repo; read it (microsoft_docs_fetch),,learn,windows/azcmagent-config.csv;windows/azure-arc-servers.md,,
S-nibv7ci5,https://learn.microsoft.com/en-us/azure/governance/machine-configuration/whats-new/psdsc-in-machine-configuration,learn,,,,2026-09-26,200,NEEDS-READING,a Learn page without a public source repo; read it (microsoft_docs_fetch),,learn,windows/azure-arc-servers.md,,
S-nl7th7fi,https://learn.microsoft.com/windows-server/identity/ad-ds/manage/understand-default-user-accounts,learn,,,,2026-09-26,200,NEEDS-READING,a Learn page without a public source repo; read it (microsoft_docs_fetch),,learn,ad/krbtgt-password-reset.md,,
S-nmfqbv57,https://learn.microsoft.com/intune/configmgr/osd/understand/using-task-sequence-variables,learn,,,,2026-09-26,200,NEEDS-READING,a Learn page without a public source repo; read it (microsoft_docs_fetch),,learn,mecm/osd-task-sequences.md,,
S-nmxo2lu7,https://learn.microsoft.com/microsoft-365/copilot/extensibility/cost-considerations,learn,,,,2026-09-26,200,NEEDS-READING,a Learn page without a public source repo; read it (microsoft_docs_fetch),,learn,agents/m365-copilot-extensibility.md,,
S-no67bvqx,https://learn.microsoft.com/copilot/security/authentication,learn,,,,2026-09-26,200,NEEDS-READING,a Learn page without a public source repo; read it (microsoft_docs_fetch),,learn,agents/security-copilot-endpoint.md,,
S-nofzkxdn,https://learn.microsoft.com/azure/azure-arc/servers/manage-agent,learn,,,,2026-09-26,200,NEEDS-READING,a Learn page without a public source repo; read it (microsoft_docs_fetch),,learn,windows/azure-arc-servers.md,,
S-nuh4ep7w,https://learn.microsoft.com/graph/api/resources/conditionalaccessgrantcontrols?view=graph-rest-1.0,learn,,,,2026-09-26,200,NEEDS-READING,a Learn page without a public source repo; read it (microsoft_docs_fetch),,learn,entra/conditional-access-devices.md,,
S-nvad3j6y,https://learn.microsoft.com/intune/fundamentals/platform-guide-linux,learn,,,,2026-09-26,200,NEEDS-READING,a Learn page without a public source repo; read it (microsoft_docs_fetch),,learn,intune/linux-management.md,,
S-nwf5cf5q,https://learn.microsoft.com/graph/api/resources/intune-devices-userexperienceanalyticsanomaly?view=graph-rest-beta,learn,,,,2026-09-26,200,NEEDS-READING,a Learn page without a public source repo; read it (microsoft_docs_fetch),,learn,intune/device-inventory-analytics.md,,
S-nxcrbrj4,https://learn.microsoft.com/intune/device-updates/windows/update-rings,learn,,,,2026-09-26,200,NEEDS-READING,a Learn page without a public source repo; read it (microsoft_docs_fetch),,learn,windows/windows-update-management.csv;windows/windows-update-management.md,,
S-nxjyvkmx,https://learn.microsoft.com/intune/device-management/actions/collect-diagnostics,learn,,,,2026-09-26,200,NEEDS-READING,a Learn page without a public source repo; read it (microsoft_docs_fetch),,learn,autopilot/device-preparation.md,,
S-nyw5rvsw,https://learn.microsoft.com/azure/azure-arc/servers/cloud-native/patch-management,learn,,,,2026-09-26,200,NEEDS-READING,a Learn page without a public source repo; read it (microsoft_docs_fetch),,learn,windows/azure-update-manager.md,,
S-nztel442,https://learn.microsoft.com/microsoft-365/copilot/extensibility/declarative-agent-manifest-1.3,learn,,,,2026-09-26,200,NEEDS-READING,a Learn page without a public source repo; read it (microsoft_docs_fetch),,learn,agents/declarative-agent-manifest.csv;agents/m365-copilot-extensibility.md,,
S-nzxr4eg2,https://learn.microsoft.com/graph/api/resources/agentidentityblueprint?view=graph-rest-1.0,learn,,,,2026-09-26,200,NEEDS-READING,a Learn page without a public source repo; read it (microsoft_docs_fetch),,learn,entra/agent-id.md,,
S-o3cdlg27,https://learn.microsoft.com/windows/win32/winrm/installation-and-configuration-for-windows-remote-management,learn,,,,2026-09-26,200,NEEDS-READING,a Learn page without a public source repo; read it (microsoft_docs_fetch),,learn,windows/powershell-remoting-jea.md,,
S-o3fvldqn,https://learn.microsoft.com/en-us/graph/api/intune-deviceconfig-windows10compliancepolicy-create,learn,github.com/microsoftgraph/microsoft-graph-docs-contrib,,api-reference/v1.0/api/intune-deviceconfig-windows10compliancepolicy-create,2026-09-26,,OK,source file api-reference/v1.0/api/intune-deviceconfig-windows10compliancepolicy-create.md has no commit since 2026-09-26 (HEAD 4ad99fd37a9e),git_commit_id 4ad99fd37a9e,,intune/compliance-policies.md,,
S-o6zrfc26,https://learn.microsoft.com/intune/configmgr/sum/get-started/synchronize-software-updates,learn,,,,2026-09-26,200,NEEDS-READING,a Learn page without a public source repo; read it (microsoft_docs_fetch),,learn,mecm/software-updates.md,,
S-o76pzpoe,https://learn.microsoft.com/defender-endpoint/api/collect-investigation-package,learn,,,,2026-09-26,200,NEEDS-READING,a Learn page without a public source repo; read it (microsoft_docs_fetch),,learn,defender/machine-actions.csv;defender/response-actions-api.md,,
S-oacfa6ee,https://learn.microsoft.com/en-us/azure/azure-arc/servers/security-data-privacy,learn,,,,2026-09-26,200,NEEDS-READING,a Learn page without a public source repo; read it (microsoft_docs_fetch),,learn,windows/azure-arc-servers.md,,
S-oartdvpr,https://learn.microsoft.com/windows/security/application-security/application-control/app-control-for-business/deployment/deploy-appcontrol-policies-using-intune,learn,,,,2026-09-26,200,NEEDS-READING,a Learn page without a public source repo; read it (microsoft_docs_fetch),,learn,windows/app-control.md,,
S-obkcr6hb,https://learn.microsoft.com/azure/azure-arc/servers/run-command,learn,,,,2026-09-26,200,NEEDS-READING,a Learn page without a public source repo; read it (microsoft_docs_fetch),,learn,windows/azure-arc-servers.md,,
S-oc7bghb6,https://learn.microsoft.com/en-us/defender-endpoint/attack-surface-reduction-rules-reference,learn,,,,2026-09-26,200,NEEDS-READING,a Learn page without a public source repo; read it (microsoft_docs_fetch),,learn,defender/asr-and-antivirus.md;defender/asr-rules.csv,,
S-ocgh5a3g,https://learn.microsoft.com/windows/configuration/assigned-access/configuration-file,learn,,,,2026-09-26,200,NEEDS-READING,a Learn page without a public source repo; read it (microsoft_docs_fetch),,learn,windows/kiosk-assigned-access.md,,
S-odr3mgme,https://learn.microsoft.com/en-us/windows/security/operating-system-security/device-management/use-windows-event-forwarding-to-assist-in-intrusion-detection,learn,,,,2026-09-26,200,NEEDS-READING,a Learn page without a public source repo; read it (microsoft_docs_fetch),,learn,windows/event-forwarding-sysmon.md,,
S-ofjtvdgq,https://learn.microsoft.com/intune/copilot/agents/,learn,,,,2026-09-26,200,NEEDS-READING,a Learn page without a public source repo; read it (microsoft_docs_fetch),,learn,agents/security-copilot-endpoint.md,,
S-ofreafga,https://registry.terraform.io/providers/hashicorp/azurerm/latest/docs/resources/monitor_data_collection_rule,live,,,,2026-09-26,200,NEEDS-READING,"HTTP 200, no last-updated date",,,logs/microsoft-sentinel.md,,
S-ogiphajf,https://learn.microsoft.com/autopilot/device-preparation/faq,learn,,,,2026-09-26,200,NEEDS-READING,a Learn page without a public source repo; read it (microsoft_docs_fetch),,learn,autopilot/device-preparation.md,,
S-ojs4qilv,https://learn.microsoft.com/en-us/azure/azure-arc/servers/azcmagent-connect,learn,,,,2026-09-26,200,NEEDS-READING,a Learn page without a public source repo; read it (microsoft_docs_fetch),,learn,windows/azure-arc-servers.md,,
S-ojti56n4,https://learn.microsoft.com/graph/api/resources/security-auditlogquery?view=graph-rest-1.0,learn,,,,2026-09-26,200,NEEDS-READING,a Learn page without a public source repo; read it (microsoft_docs_fetch),,learn,auth/audit-log-apis.md,,
S-oljccwue,https://learn.microsoft.com/windows/win32/msi/error-codes,learn,,,,2026-09-26,200,NEEDS-READING,a Learn page without a public source repo; read it (microsoft_docs_fetch),,learn,intune/win32-apps.csv;intune/win32-apps.md,,
S-onc3gpse,https://modelcontextprotocol.io/specification/2026-07-28/basic/patterns/subscriptions,live,,,,2026-09-26,200,OK,"sitemap lastmod 2026-09-24, not after retrieval 2026-09-26",sitemap lastmod 2026-09-24,,mcp/resources-prompts.md,,
S-onem7my3,https://learn.microsoft.com/graph/known-issues,learn,,,,2026-09-26,200,NEEDS-READING,a Learn page without a public source repo; read it (microsoft_docs_fetch),,learn,graph/batching-and-query.md,,
S-onenhsl2,https://learn.microsoft.com/azure/foundry-local/how-to/how-to-use-foundry-local-cli,learn,,,,2026-09-26,200,NEEDS-READING,a Learn page without a public source repo; read it (microsoft_docs_fetch),,learn,agents/windows-agentic-platform.md,,
S-onkwuwst,https://learn.microsoft.com/azure/foundry/how-to/develop/run-scans-ai-red-teaming-agent,learn,,,,2026-09-26,200,NEEDS-READING,a Learn page without a public source repo; read it (microsoft_docs_fetch),,learn,agents/agent-evaluation.md,,
S-onrxwhf7,https://learn.microsoft.com/powershell/utility-modules/secretmanagement/how-to/using-secrets-in-automation,learn,,,,2026-09-26,200,NEEDS-READING,a Learn page without a public source repo; read it (microsoft_docs_fetch),,learn,windows/powershell-7.md,,
S-oo4lrs7s,https://learn.microsoft.com/azure/update-manager/manage-update-settings,learn,,,,2026-09-26,200,NEEDS-READING,a Learn page without a public source repo; read it (microsoft_docs_fetch),,learn,windows/azure-update-manager.md,,
S-oo6cpieu,https://learn.microsoft.com/en-us/graph/api/intune-devices-manageddevice-executeaction?view=graph-rest-beta,learn,github.com/microsoftgraph/microsoft-graph-docs-contrib,,api-reference/v1.0/api/intune-devices-manageddevice-executeaction,2026-09-26,,NEEDS-READING,no source file for the page in github.com/microsoftgraph/microsoft-graph-docs-contrib,,learn,intune/remote-actions.csv;intune/remote-actions.md,,
S-op3zxbbu,https://learn.microsoft.com/windows/deployment/do/mcc-ent-edu-overview,learn,,,,2026-09-26,200,NEEDS-READING,a Learn page without a public source repo; read it (microsoft_docs_fetch),,learn,windows/delivery-optimization.md,,
S-oq2hykox,https://learn.microsoft.com/en-us/defender-xdr/advanced-hunting-limits,learn,,,,2026-09-26,200,NEEDS-READING,a Learn page without a public source repo; read it (microsoft_docs_fetch),,learn,defender/advanced-hunting.md,,
S-osk3cbyu,https://learn.microsoft.com/en-us/defender-xdr/advanced-hunting-devicenetworkevents-table,learn,,,,2026-09-26,200,NEEDS-READING,a Learn page without a public source repo; read it (microsoft_docs_fetch),,learn,defender/advanced-hunting-tables.csv;defender/advanced-hunting.md,,
S-osulh6sh,https://platform.claude.com/docs/en/api/messages,live,,,,2026-09-26,200,NEEDS-READING,"HTTP 200, no last-updated date",,,claude/messages-api.md,,
S-otcf27ix,https://learn.microsoft.com/graph/api/intune-auditing-auditevent-list?view=graph-rest-1.0,learn,,,,2026-09-26,200,NEEDS-READING,a Learn page without a public source repo; read it (microsoft_docs_fetch),,learn,auth/audit-log-apis.md,,
S-otgnfdud,https://learn.microsoft.com/autopilot/device-preparation/tutorial/automatic/automatic-cloud-pc-provisioning-policy,learn,,,,2026-09-26,200,NEEDS-READING,a Learn page without a public source repo; read it (microsoft_docs_fetch),,learn,autopilot/device-preparation.md,,
S-ovo7i7xn,https://modelcontextprotocol.io/extensions/auth/overview,live,,,,2026-09-26,200,OK,"sitemap lastmod 2026-07-28, not after retrieval 2026-09-26",sitemap lastmod 2026-07-28,,mcp/registry-and-extensions.md,,
S-ovxxqqbw,https://docs.github.com/en/enterprise-cloud@latest/copilot/how-tos/administer-copilot/manage-for-organization/manage-policies,live,,,,2026-09-26,200,NEEDS-READING,"HTTP 200, no last-updated date",,,agents/github-copilot-admin.md,,
S-ovycuo7g,https://learn.microsoft.com/entra/identity/conditional-access/overview,learn,,,,2026-09-26,200,NEEDS-READING,a Learn page without a public source repo; read it (microsoft_docs_fetch),,learn,entra/conditional-access-devices.md,,
S-oyfbtzrp,https://learn.microsoft.com/autopilot/device-preparation/tutorial/user-driven/entra-join-autopilot-policy,learn,,,,2026-09-26,200,NEEDS-READING,a Learn page without a public source repo; read it (microsoft_docs_fetch),,learn,autopilot/device-preparation.md,,
S-p3vtkyrq,https://learn.microsoft.com/intune/app-management/configuration/configure-edge-ios-android,learn,,,,2026-09-26,200,NEEDS-READING,a Learn page without a public source repo; read it (microsoft_docs_fetch),,learn,intune/app-protection-mam.md,,
S-p4dpx2og,https://learn.microsoft.com/windows/release-health/windows11-release-information,learn,,,,2026-09-26,200,NEEDS-READING,a Learn page without a public source repo; read it (microsoft_docs_fetch),,learn,windows/windows-update-management.md,,
S-p4fis3e4,https://learn.microsoft.com/intune/device-management/tools/run-powershell-scripts-windows,learn,,,,2026-09-26,200,NEEDS-READING,a Learn page without a public source repo; read it (microsoft_docs_fetch),,learn,intune/platform-scripts.md,,
S-p5lwby5b,https://learn.microsoft.com/powershell/scripting/security/remoting/jea/role-capabilities?view=powershell-7.6,learn,,,,2026-09-26,200,NEEDS-READING,a Learn page without a public source repo; read it (microsoft_docs_fetch),,learn,windows/jea-config-fields.csv;windows/powershell-remoting-jea.md,,
S-p7dq3fku,https://learn.microsoft.com/azure/foundry/concepts/ai-red-teaming-agent,learn,,,,2026-09-26,200,NEEDS-READING,a Learn page without a public source repo; read it (microsoft_docs_fetch),,learn,agents/agent-evaluation.md,,
S-p7uijoop,https://learn.microsoft.com/office/office-365-management-api/aip-unified-audit-logs-best-practices,learn,,,,2026-09-26,200,NEEDS-READING,a Learn page without a public source repo; read it (microsoft_docs_fetch),,learn,auth/audit-log-apis.md,,
S-pbd7pui3,https://code.claude.com/docs/en/agent-sdk/user-input,live,,,,2026-09-26,200,OK,"sitemap lastmod 2026-09-22, not after retrieval 2026-09-26",sitemap lastmod 2026-09-22,,claude/agent-sdk-options.csv;claude/agent-sdk.md,,
S-pcr6rjdl,https://learn.microsoft.com/intune/device-enrollment/android/manage-device-administrator,learn,,,,2026-09-26,200,NEEDS-READING,a Learn page without a public source repo; read it (microsoft_docs_fetch),,learn,intune/ios-android-management.md;intune/mobile-enrollment-types.csv,,
S-pelzabjq,https://code.claude.com/docs/en/plugins/host-marketplace,live,,,,2026-09-26,200,OK,"sitemap lastmod 2026-09-25, not after retrieval 2026-09-26",sitemap lastmod 2026-09-25,,claude/plugins.md,,
S-pfomdecu,https://learn.microsoft.com/graph/api/resources/intune-epmgraphapiservice-privilegemanagementelevationrequest?view=graph-rest-beta,learn,,,,2026-09-26,200,NEEDS-READING,a Learn page without a public source repo; read it (microsoft_docs_fetch),,learn,intune/endpoint-privilege-management.md,,
S-pfq3p4yz,https://learn.microsoft.com/en-us/windows-server/identity/laps/laps-management-event-log,learn,github.com/MicrosoftDocs/windowsserverdocs,,WindowsServerDocs/identity/laps/laps-management-event-log,2026-09-26,,OK,source file WindowsServerDocs/identity/laps/laps-management-event-log.md has no commit since 2026-09-26 (HEAD 62d7b049a49a),git_commit_id 62d7b049a49a,,autopilot/device-preparation.md;windows/laps.md,,
S-pfrwongj,https://learn.microsoft.com/windows/client-management/mdm/bitlocker-csp,learn,,,,2026-09-26,200,NEEDS-READING,a Learn page without a public source repo; read it (microsoft_docs_fetch),,learn,windows/bitlocker.csv;windows/bitlocker.md,,
S-pgtfj4fh,https://learn.microsoft.com/en-us/azure/search/hybrid-search-overview,learn,,,,2026-09-26,200,NEEDS-READING,a Learn page without a public source repo; read it (microsoft_docs_fetch),,learn,agents/hybrid-retrieval.md,,
S-pi5lmjbg,https://learn.microsoft.com/windows-server/administration/windows-commands/manage-bde-protectors,learn,,,,2026-09-26,200,NEEDS-READING,a Learn page without a public source repo; read it (microsoft_docs_fetch),,learn,windows/bitlocker.md,,
S-pilcrlei,https://code.claude.com/docs/en/llm-gateway,live,,,,2026-09-26,200,OK,"sitemap lastmod 2026-09-18, not after retrieval 2026-09-26",sitemap lastmod 2026-09-18,,claude/ci-and-headless.md,,
S-pixm6i65,https://learn.microsoft.com/graph/cloudpc-concept-overview,learn,,,,2026-09-26,200,NEEDS-READING,a Learn page without a public source repo; read it (microsoft_docs_fetch),,learn,windows/windows-365.md,,
S-pjgeqktu,https://learn.microsoft.com/intune/device-configuration/templates/ref-kiosk-settings-windows,learn,,,,2026-09-26,200,NEEDS-READING,a Learn page without a public source repo; read it (microsoft_docs_fetch),,learn,windows/kiosk-assigned-access.md,,
S-plhfh6ev,https://learn.microsoft.com/entra/identity/hybrid/connect/plan-connect-design-concepts,learn,,,,2026-09-26,200,NEEDS-READING,a Learn page without a public source repo; read it (microsoft_docs_fetch),,learn,entra/connect-and-cloud-sync.md,,
S-plv2ekwg,https://learn.microsoft.com/azure/ai-services/content-safety/concepts/custom-categories,learn,,,,2026-09-26,200,NEEDS-READING,a Learn page without a public source repo; read it (microsoft_docs_fetch),,learn,agents/content-safety-limits.csv;agents/content-safety-prompt-shields.md,,
S-pnhn6vx2,https://learn.microsoft.com/graph/api/intune-devices-userexperienceanalyticsdevicetimelineevents-get?view=graph-rest-beta,learn,,,,2026-09-26,200,NEEDS-READING,a Learn page without a public source repo; read it (microsoft_docs_fetch),,learn,intune/device-inventory-analytics.md,,
S-pnjd7ogq,https://learn.microsoft.com/windows/security/identity-protection/hello-for-business/deploy/,learn,,,,2026-09-26,200,NEEDS-READING,a Learn page without a public source repo; read it (microsoft_docs_fetch),,learn,auth/windows-hello-for-business.md,,
S-pntdruql,https://learn.microsoft.com/azure/ai-foundry/openai/concepts/provisioned-throughput,learn,,,,2026-09-26,200,NEEDS-READING,a Learn page without a public source repo; read it (microsoft_docs_fetch),,learn,agents/azure-openai-deployments.md,,
S-pp7wx433,https://learn.microsoft.com/intune/device-configuration/templates/ref-wifi-settings-windows,learn,,,,2026-09-26,200,NEEDS-READING,a Learn page without a public source repo; read it (microsoft_docs_fetch),,learn,intune/network-profiles.md,,
S-pqlq3zuw,https://learn.microsoft.com/en-us/graph/api/devicelocalcredentialinfo-get,learn,github.com/microsoftgraph/microsoft-graph-docs-contrib,,api-reference/v1.0/api/devicelocalcredentialinfo-get,2026-09-26,,OK,source file api-reference/v1.0/api/devicelocalcredentialinfo-get.md has no commit since 2026-09-26 (HEAD 4ad99fd37a9e),git_commit_id 4ad99fd37a9e,,windows/laps.md,,
S-prhvpzpf,https://learn.microsoft.com/copilot/security/manual-onboarding,learn,,,,2026-09-26,200,NEEDS-READING,a Learn page without a public source repo; read it (microsoft_docs_fetch),,learn,agents/security-copilot-endpoint.md,,
S-prjyny3b,https://github.com/microsoft/Microsoft365DSC,gh-page,,,,2026-09-26,,NEEDS-READING,"a github.com page (issues, wiki, home) or API call; read it",,github page,graph/microsoft365dsc.md,,
S-prkgx2hs,https://learn.microsoft.com/powershell/module/bitlocker/enable-bitlocker,learn,,,,2026-09-26,200,NEEDS-READING,a Learn page without a public source repo; read it (microsoft_docs_fetch),,learn,windows/bitlocker.md,,
S-prybc22p,https://learn.microsoft.com/azure/azure-monitor/logs/logs-ingestion-api-overview,learn,,,,2026-09-26,200,NEEDS-READING,a Learn page without a public source repo; read it (microsoft_docs_fetch),,learn,logs/azure-monitor-agent.md,,
S-psa4dspu,https://learn.microsoft.com/azure/ai-foundry/openai/how-to/deployment-types,learn,,,,2026-09-26,200,NEEDS-READING,a Learn page without a public source repo; read it (microsoft_docs_fetch),,learn,agents/azure-openai-deployment-types.csv;agents/azure-openai-deployments.md,,
S-ptvxamvq,https://learn.microsoft.com/defender-endpoint/offboard-machines,learn,,,,2026-09-26,200,NEEDS-READING,a Learn page without a public source repo; read it (microsoft_docs_fetch),,learn,defender/mde-onboarding.md,,
S-pvo4qjfp,https://learn.microsoft.com/autopilot/device-preparation/reporting-monitoring,learn,,,,2026-09-26,200,NEEDS-READING,a Learn page without a public source repo; read it (microsoft_docs_fetch),,learn,autopilot/device-preparation.md,,
S-pxkxmmn5,https://docs.langchain.com/oss/python/langgraph/interrupts,live,,,,2026-09-26,200,OK,"sitemap lastmod 2026-09-25, not after retrieval 2026-09-26",sitemap lastmod 2026-09-25,,agents/langgraph.md,,
S-pzhjwitg,https://learn.microsoft.com/powershell/module/exchangepowershell/search-unifiedauditlog?view=exchange-ps,learn,,,,2026-09-26,200,NEEDS-READING,a Learn page without a public source repo; read it (microsoft_docs_fetch),,learn,auth/audit-log-apis.md,,
S-q3ieo6m5,https://learn.microsoft.com/azure/update-manager/support-matrix,learn,,,,2026-09-26,200,NEEDS-READING,a Learn page without a public source repo; read it (microsoft_docs_fetch),,learn,windows/azure-update-manager.md,,
S-q6lirjr2,https://learn.microsoft.com/microsoft-copilot-studio/admin-use-entra-agent-identities,learn,,,,2026-09-26,200,NEEDS-READING,a Learn page without a public source repo; read it (microsoft_docs_fetch),,learn,entra/agent-id.md,,
S-qb6m7uly,https://learn.microsoft.com/en-us/powershell/scripting/install/installing-powershell-on-windows,learn,,,,2026-09-26,200,NEEDS-READING,a Learn page without a public source repo; read it (microsoft_docs_fetch),,learn,windows/powershell-7.md,,
S-qbjmoh5m,https://learn.microsoft.com/defender-xdr/phishing-triage-agent,learn,,,,2026-09-26,200,NEEDS-READING,a Learn page without a public source repo; read it (microsoft_docs_fetch),,learn,agents/security-copilot-endpoint.md,,
S-qbkbk5wb,https://learn.microsoft.com/windows/client-management/mdm/vpnv2-csp,learn,,,,2026-09-26,200,NEEDS-READING,a Learn page without a public source repo; read it (microsoft_docs_fetch),,learn,intune/network-profiles.md,,
S-qd4qftlt,https://learn.microsoft.com/en-us/deployedge/microsoft-edge-configure-kiosk-mode,learn,,,,2026-09-26,200,NEEDS-READING,a Learn page without a public source repo; read it (microsoft_docs_fetch),,learn,windows/kiosk-assigned-access.md,,
S-qdxfqzln,https://code.claude.com/docs/en/agent-teams,live,,,,2026-09-26,200,OK,"sitemap lastmod 2026-09-25, not after retrieval 2026-09-26",sitemap lastmod 2026-09-25,,claude/skills-and-subagents.md,,
S-qe32ky2d,https://learn.microsoft.com/intune/device-configuration/certificates/pkcs-profiles,learn,,,,2026-09-26,200,NEEDS-READING,a Learn page without a public source repo; read it (microsoft_docs_fetch),,learn,intune/certificates-pki.md,,
S-qe4vs4v7,https://learn.microsoft.com/en-us/graph/api/intune-devices-manageddevice-windowsdefenderupdatesignatures?view=graph-rest-1.0,learn,github.com/microsoftgraph/microsoft-graph-docs-contrib,,api-reference/v1.0/api/intune-devices-manageddevice-windowsdefenderupdatesignatures,2026-09-26,,OK,source file api-reference/v1.0/api/intune-devices-manageddevice-windowsdefenderupdatesignatures.md has no commit since 2026-09-26 (HEAD 4ad99fd37a9e),git_commit_id 4ad99fd37a9e,,intune/remote-actions.csv;intune/remote-actions.md,,
S-qehphrta,https://learn.microsoft.com/intune/epm/troubleshoot-known-issues,learn,,,,2026-09-26,200,NEEDS-READING,a Learn page without a public source repo; read it (microsoft_docs_fetch),,learn,intune/endpoint-privilege-management.md,,
S-qethz2s6,https://learn.microsoft.com/intune/configmgr/osd/get-started/manage-boot-images,learn,,,,2026-09-26,200,NEEDS-READING,a Learn page without a public source repo; read it (microsoft_docs_fetch),,learn,mecm/osd-task-sequences.md,,
S-qffa6b5k,https://learn.microsoft.com/graph/windowsupdates-concept-overview,learn,,,,2026-09-26,200,NEEDS-READING,a Learn page without a public source repo; read it (microsoft_docs_fetch),,learn,windows/windows-update-management.csv;windows/windows-update-management.md,,
S-qftwfatf,https://learn.microsoft.com/intune/device-configuration/templates/configure-vpn,learn,,,,2026-09-26,200,NEEDS-READING,a Learn page without a public source repo; read it (microsoft_docs_fetch),,learn,intune/network-profiles.md,,
S-qgctvfuf,https://learn.microsoft.com/microsoft-365/copilot/extensibility/plugin-authentication,learn,,,,2026-09-26,200,NEEDS-READING,a Learn page without a public source repo; read it (microsoft_docs_fetch),,learn,agents/m365-copilot-extensibility.md,,
S-qhg622vy,https://learn.microsoft.com/intune/configmgr/sum/get-started/configure-classifications-and-products,learn,,,,2026-09-26,200,NEEDS-READING,a Learn page without a public source repo; read it (microsoft_docs_fetch),,learn,mecm/software-updates.md,,
S-qhrwmfgo,https://learn.microsoft.com/azure/foundry/openai/concepts/content-filter-prompt-shields,learn,,,,2026-09-26,200,NEEDS-READING,a Learn page without a public source repo; read it (microsoft_docs_fetch),,learn,agents/content-safety-prompt-shields.md,,
S-qi55sa4p,https://learn.microsoft.com/windows/client-management/mdm/passportforwork-csp,learn,,,,2026-09-26,200,NEEDS-READING,a Learn page without a public source repo; read it (microsoft_docs_fetch),,learn,auth/windows-hello-for-business.md,,
S-qj62oq2o,https://learn.microsoft.com/intune/app-management/protection/mam-without-enrollment,learn,,,,2026-09-26,200,NEEDS-READING,a Learn page without a public source repo; read it (microsoft_docs_fetch),,learn,intune/app-protection-mam.md,,
S-qjd54t3z,https://learn.microsoft.com/en-us/intune/intune-service/protect/compliance-policy-create-windows,learn,,,,2026-09-26,200,NEEDS-READING,a Learn page without a public source repo; read it (microsoft_docs_fetch),,learn,intune/compliance-policies.csv;intune/compliance-policies.md,,
S-qjixnw4g,https://learn.microsoft.com/intune/app-management/protection/overview,learn,,,,2026-09-26,200,NEEDS-READING,a Learn page without a public source repo; read it (microsoft_docs_fetch),,learn,intune/app-protection-mam.md,,
S-qmi72hvd,https://learn.microsoft.com/azure/sentinel/microsoft-sentinel-onboard,learn,,,,2026-09-26,200,NEEDS-READING,a Learn page without a public source repo; read it (microsoft_docs_fetch),,learn,logs/microsoft-sentinel.md,,
S-qnpsgfc5,https://learn.microsoft.com/intune/user-help/company-portal/intune-app-linux,learn,,,,2026-09-26,200,NEEDS-READING,a Learn page without a public source repo; read it (microsoft_docs_fetch),,learn,intune/linux-management.md,,
S-qpjly7jd,https://learn.microsoft.com/azure/update-manager/update-manager-faq,learn,,,,2026-09-26,200,NEEDS-READING,a Learn page without a public source repo; read it (microsoft_docs_fetch),,learn,windows/azure-update-manager.md,,
S-qpqoaaqj,https://platform.claude.com/docs/en/agents-and-tools/mcp-connector,live,,,,2026-09-26,200,NEEDS-READING,"HTTP 200, no last-updated date",,,claude/messages-api.md,,
S-qqaa5jqp,https://learn.microsoft.com/powershell/module/microsoft.graph.authentication/invoke-mggraphrequest?view=graph-powershell-1.0,learn,,,,2026-09-26,200,NEEDS-READING,a Learn page without a public source repo; read it (microsoft_docs_fetch),,learn,graph/powershell-sdk.md,,
S-qso6o6wu,https://platform.claude.com/docs/en/build-with-claude/handling-stop-reasons,live,,,,2026-09-25,200,NEEDS-READING,"HTTP 200, no last-updated date",,,agents/agent-error-catalogue.csv;agents/agent-error-catalogue.md;claude/messages-api.md,,
S-qt5r5zbp,https://learn.microsoft.com/defender-endpoint/machine-tags,learn,,,,2026-09-26,200,NEEDS-READING,a Learn page without a public source repo; read it (microsoft_docs_fetch),,learn,defender/mde-onboarding.md,,
S-qu7z6wlo,https://learn.microsoft.com/graph/api/resources/conditionalaccessfilter?view=graph-rest-1.0,learn,,,,2026-09-26,200,NEEDS-READING,a Learn page without a public source repo; read it (microsoft_docs_fetch),,learn,entra/conditional-access-devices.md,,
S-qulvb6va,https://learn.microsoft.com/defender-endpoint/configure-proxy-internet,learn,,,,2026-09-26,200,NEEDS-READING,a Learn page without a public source repo; read it (microsoft_docs_fetch),,learn,defender/mde-onboarding.md,,
S-qvsjnnqo,https://learn.microsoft.com/azure/azure-monitor/logs/tutorial-logs-ingestion-portal,learn,,,,2026-09-26,200,NEEDS-READING,a Learn page without a public source repo; read it (microsoft_docs_fetch),,learn,logs/azure-monitor-agent.md,,
S-qwmc4yvw,https://learn.microsoft.com/entra/identity/hybrid/connect/how-to-connect-device-writeback,learn,,,,2026-09-26,200,NEEDS-READING,a Learn page without a public source repo; read it (microsoft_docs_fetch),,learn,entra/connect-and-cloud-sync.md,,
S-qyv3zd3o,https://learn.microsoft.com/intune/copilot/agents/change-review-agent,learn,,,,2026-09-26,200,NEEDS-READING,a Learn page without a public source repo; read it (microsoft_docs_fetch),,learn,agents/security-copilot-endpoint.md,,
S-qz6chi2l,https://learn.microsoft.com/windows/ai/mcp/servers/mcp-server-overview,learn,,,,2026-09-26,200,NEEDS-READING,a Learn page without a public source repo; read it (microsoft_docs_fetch),,learn,agents/windows-agentic-platform.md,,
S-r33zxv3s,https://learn.microsoft.com/azure/azure-monitor/fundamentals/service-limits,learn,,,,2026-09-26,200,NEEDS-READING,a Learn page without a public source repo; read it (microsoft_docs_fetch),,learn,logs/azure-monitor-agent.md,,
S-r3nam2zs,https://code.claude.com/docs/en/plugins/create-marketplace,live,,,,2026-09-26,200,OK,"sitemap lastmod 2026-09-25, not after retrieval 2026-09-26",sitemap lastmod 2026-09-25,,claude/plugins.md,,
S-r4egujgz,https://developers.openai.com/api/docs/guides/tools-connectors-mcp,live,,,,2026-09-26,200,NEEDS-READING,"HTTP 200, no last-updated date",,,agents/coding-agents-mcp.md;agents/mcp-client-config-formats.csv,,
S-r5sb2fwp,https://learn.microsoft.com/intune/epm/deployment-planning,learn,,,,2026-09-26,200,NEEDS-READING,a Learn page without a public source repo; read it (microsoft_docs_fetch),,learn,intune/endpoint-privilege-management.md,,
S-r7vkbj73,https://learn.microsoft.com/en-us/defender-xdr/advanced-hunting-devicetvmsoftwareinventory-table,learn,,,,2026-09-26,200,NEEDS-READING,a Learn page without a public source repo; read it (microsoft_docs_fetch),,learn,defender/advanced-hunting-tables.csv;defender/advanced-hunting.md,,
S-r7wru3uo,https://learn.microsoft.com/entra/identity/conditional-access/concept-conditional-access-conditions,learn,,,,2026-09-26,200,NEEDS-READING,a Learn page without a public source repo; read it (microsoft_docs_fetch),,learn,entra/conditional-access-devices.md,,
S-rb7ssjjy,https://learn.microsoft.com/entra/identity/hybrid/connect/how-to-connect-sync-configure-filtering,learn,,,,2026-09-26,200,NEEDS-READING,a Learn page without a public source repo; read it (microsoft_docs_fetch),,learn,entra/connect-and-cloud-sync.md,,
S-rdfxhqsp,https://learn.microsoft.com/intune/device-enrollment/apple/setup-automated-macos,learn,,,,2026-09-26,200,NEEDS-READING,a Learn page without a public source repo; read it (microsoft_docs_fetch),,learn,intune/macos-management.md,,
S-rek3chkd,https://learn.microsoft.com/windows-server/get-started/removed-deprecated-features-windows-server,learn,,,,2026-09-26,200,NEEDS-READING,a Learn page without a public source repo; read it (microsoft_docs_fetch),,learn,windows/windows-update-management.md,,
S-rfpmkpck,https://code.claude.com/docs/en/claude-directory,live,,,,2026-09-26,200,OK,"sitemap lastmod 2026-09-25, not after retrieval 2026-09-26",sitemap lastmod 2026-09-25,,claude/settings-and-scopes.md,,
S-rji5dyla,https://modelcontextprotocol.io/extensions/overview,live,,,,2026-09-26,200,OK,"sitemap lastmod 2026-09-13, not after retrieval 2026-09-26",sitemap lastmod 2026-09-13,,mcp/registry-and-extensions.md,,
S-rjiy4cip,https://learn.microsoft.com/intune/endpoint-analytics/startup-performance,learn,,,,2026-09-26,200,NEEDS-READING,a Learn page without a public source repo; read it (microsoft_docs_fetch),,learn,intune/device-inventory-analytics.md,,
S-rjw74jiz,https://code.claude.com/docs/en/agent-sdk/permissions,live,,,,2026-09-26,200,OK,"sitemap lastmod 2026-09-26, not after retrieval 2026-09-26",sitemap lastmod 2026-09-26,,claude/agent-sdk-options.csv;claude/agent-sdk.md,,
S-rl4z6q5b,https://modelcontextprotocol.io/registry/versioning,live,,,,2026-09-26,200,OK,"sitemap lastmod 2026-09-24, not after retrieval 2026-09-26",sitemap lastmod 2026-09-24,,mcp/registry-and-extensions.md,,
S-rnafxj57,https://learn.microsoft.com/intune/copilot/agents/manage-vulnerability-remediation-agent,learn,,,,2026-09-26,200,NEEDS-READING,a Learn page without a public source repo; read it (microsoft_docs_fetch),,learn,agents/security-copilot-endpoint.md,,
S-rp4dtt4w,https://code.claude.com/docs/en/plugins/org,live,,,,2026-09-26,200,OK,"sitemap lastmod 2026-09-25, not after retrieval 2026-09-26",sitemap lastmod 2026-09-25,,claude/plugins.csv;claude/plugins.md,,
S-rsfjlxrr,https://learn.microsoft.com/intune/device-configuration/settings-catalog/configure-platform-sso-scenarios-macos,learn,,,,2026-09-26,200,NEEDS-READING,a Learn page without a public source repo; read it (microsoft_docs_fetch),,learn,intune/macos-management.md,,
S-rsgl4z3v,https://learn.microsoft.com/en-us/graph/api/intune-devices-manageddevice-rotatelocaladminpassword?view=graph-rest-beta,learn,github.com/microsoftgraph/microsoft-graph-docs-contrib,,api-reference/v1.0/api/intune-devices-manageddevice-rotatelocaladminpassword,2026-09-26,,NEEDS-READING,no source file for the page in github.com/microsoftgraph/microsoft-graph-docs-contrib,,learn,intune/remote-actions.csv;intune/remote-actions.md;windows/laps.md,,
S-ruy2unms,https://learn.microsoft.com/intune/configmgr/core/plan-design/configs/support-for-windows-adk,learn,,,,2026-09-26,200,NEEDS-READING,a Learn page without a public source repo; read it (microsoft_docs_fetch),,learn,mecm/osd-task-sequences.md,,
S-rwd5gx6b,https://learn.microsoft.com/en-us/powershell/scripting/whats-new/what-s-new-in-powershell-75,learn,,,,2026-09-26,200,NEEDS-READING,a Learn page without a public source repo; read it (microsoft_docs_fetch),,learn,windows/powershell-7.md,,
S-rxtqmq47,https://modelcontextprotocol.io/extensions/auth/oauth-client-credentials,live,,,,2026-09-26,200,OK,"sitemap lastmod 2026-07-28, not after retrieval 2026-09-26",sitemap lastmod 2026-07-28,,mcp/registry-and-extensions.md,,
S-rymoydzk,https://learn.microsoft.com/microsoft-365/copilot/extensibility/prerequisites,learn,,,,2026-09-26,200,NEEDS-READING,a Learn page without a public source repo; read it (microsoft_docs_fetch),,learn,agents/m365-copilot-extensibility.md,,
S-s27f6na4,https://learn.microsoft.com/graph/api/resources/intune-shared-devicemanagementscript?view=graph-rest-beta,learn,,,,2026-09-26,200,NEEDS-READING,a Learn page without a public source repo; read it (microsoft_docs_fetch),,learn,intune/platform-scripts.md,,
S-s3auwm6y,https://learn.microsoft.com/autopilot/pre-provision,learn,,,,2026-09-26,200,NEEDS-READING,a Learn page without a public source repo; read it (microsoft_docs_fetch),,learn,autopilot/device-preparation.md,,
S-s4d4qbht,https://learn.microsoft.com/windows-365/link/overview,learn,,,,2026-09-26,200,NEEDS-READING,a Learn page without a public source repo; read it (microsoft_docs_fetch),,learn,windows/windows-365.md,,
S-s7cz6clh,https://learn.microsoft.com/entra/identity/monitoring-health/howto-configure-diagnostic-settings,learn,,,,2026-09-26,200,NEEDS-READING,a Learn page without a public source repo; read it (microsoft_docs_fetch),,learn,auth/audit-log-apis.md,,
S-s7srrfx2,https://learn.microsoft.com/en-us/graph/api/intune-devices-manageddevice-wipe?view=graph-rest-1.0,learn,github.com/microsoftgraph/microsoft-graph-docs-contrib,,api-reference/v1.0/api/intune-devices-manageddevice-wipe,2026-09-26,,OK,source file api-reference/v1.0/api/intune-devices-manageddevice-wipe.md has no commit since 2026-09-26 (HEAD 4ad99fd37a9e),git_commit_id 4ad99fd37a9e,,intune/remote-actions.csv;intune/remote-actions.md,,
S-salso3t6,https://learn.microsoft.com/en-us/windows/security/application-security/application-control/app-control-for-business/design/microsoft-recommended-driver-block-rules,learn,,,,2026-09-26,200,NEEDS-READING,a Learn page without a public source repo; read it (microsoft_docs_fetch),,learn,windows/app-control.md,,
S-sbldpqec,https://learn.microsoft.com/intune/endpoint-analytics/ref-data-collection,learn,,,,2026-09-26,200,NEEDS-READING,a Learn page without a public source repo; read it (microsoft_docs_fetch),,learn,intune/device-inventory-analytics.md,,
S-sc3fvmp6,https://learn.microsoft.com/en-us/graph/api/resources/intune-devices-manageddevice,learn,github.com/microsoftgraph/microsoft-graph-docs-contrib,,api-reference/v1.0/api/resources/intune-devices-manageddevice,2026-09-26,,NEEDS-READING,no source file for the page in github.com/microsoftgraph/microsoft-graph-docs-contrib,,learn,intune/compliance-policies.csv;intune/compliance-policies.md,,
S-scwd7dap,https://learn.microsoft.com/intune/developer/data-warehouse/create-reports,learn,,,,2026-09-26,200,NEEDS-READING,a Learn page without a public source repo; read it (microsoft_docs_fetch),,learn,intune/reports-export-api.md,,
S-sdxlqqs5,https://learn.microsoft.com/intune/user-help/compliance/validate-status-linux,learn,,,,2026-09-26,200,NEEDS-READING,a Learn page without a public source repo; read it (microsoft_docs_fetch),,learn,intune/linux-management.md,,
S-sfs6hoqq,https://learn.microsoft.com/en-us/defender-endpoint/tamper-protection-overview,learn,,,,2026-09-26,200,NEEDS-READING,a Learn page without a public source repo; read it (microsoft_docs_fetch),,learn,defender/asr-and-antivirus.md,,
S-sgplcdqr,https://learn.microsoft.com/windows/package-manager/configuration/create-v3,learn,,,,2026-09-26,200,NEEDS-READING,a Learn page without a public source repo; read it (microsoft_docs_fetch),,learn,windows/winget.md,,
S-shpwh3m7,https://openai.github.io/openai-agents-python/mcp/,live,,,,2026-09-26,200,NEEDS-READING,"HTTP 200, no last-updated date",,,agents/coding-agents-mcp.md;agents/mcp-client-config-formats.csv,,
S-sjqmzszi,https://learn.microsoft.com/agent-framework/migration-guide/from-semantic-kernel/,learn,,,,2026-09-26,200,NEEDS-READING,a Learn page without a public source repo; read it (microsoft_docs_fetch),,learn,agents/microsoft-agent-framework.md,,
S-snqf6qj3,https://learn.microsoft.com/intune/device-configuration/templates/configure-kiosk,learn,,,,2026-09-26,200,NEEDS-READING,a Learn page without a public source repo; read it (microsoft_docs_fetch),,learn,windows/kiosk-assigned-access.md,,
S-sq5keqpx,https://learn.microsoft.com/windows/security/operating-system-security/network-security/vpn/vpn-auto-trigger-profile,learn,,,,2026-09-26,200,NEEDS-READING,a Learn page without a public source repo; read it (microsoft_docs_fetch),,learn,intune/network-profiles.md,,
S-sr7tk6jz,https://learn.microsoft.com/troubleshoot/windows-client/windows-security/enforcing-bitlocker-policies-by-using-intune-known-issues,learn,,,,2026-09-26,200,NEEDS-READING,a Learn page without a public source repo; read it (microsoft_docs_fetch),,learn,windows/bitlocker.md,,
S-ssexz2ef,https://learn.microsoft.com/intune/app-management/protection/mam-faq,learn,,,,2026-09-26,200,NEEDS-READING,a Learn page without a public source repo; read it (microsoft_docs_fetch),,learn,intune/app-protection-mam.md,,
S-ssijfmsu,https://raw.githubusercontent.com/modelcontextprotocol/modelcontextprotocol/a99bdd15ea9ff96bf4d758aac907bbb27e9329dc/docs/specification/2026-07-28/basic/patterns/cancellation.mdx,raw-pin,github.com/modelcontextprotocol/modelcontextprotocol,a99bdd15ea9ff96bf4d758aac907bbb27e9329dc,docs/specification/2026-07-28/basic/patterns/cancellation.mdx,2026-09-26,200,OK,file identical at the pin and at HEAD@ab3a39c13bd2,HEAD@ab3a39c13bd2,,mcp/transports-streamable-http.md,,
S-sthrw3uz,https://learn.microsoft.com/en-us/intune/device-management/actions/delete,learn,,,,2026-09-26,200,NEEDS-READING,a Learn page without a public source repo; read it (microsoft_docs_fetch),,learn,intune/remote-actions.md,,
S-szyeetyp,https://learn.microsoft.com/en-us/azure/azure-arc/servers/network-requirements,learn,,,,2026-09-26,200,NEEDS-READING,a Learn page without a public source repo; read it (microsoft_docs_fetch),,learn,windows/azure-arc-servers.md,,
S-t2wo7s3a,https://learn.microsoft.com/entra/identity/hybrid/decommission-connect-sync-v1,learn,,,,2026-09-26,200,NEEDS-READING,a Learn page without a public source repo; read it (microsoft_docs_fetch),,learn,entra/connect-and-cloud-sync.md,,
S-t4g3ekea,https://learn.microsoft.com/intune/app-management/protection/data-protection-framework,learn,,,,2026-09-26,200,NEEDS-READING,a Learn page without a public source repo; read it (microsoft_docs_fetch),,learn,intune/app-protection-mam.md,,
S-t6z76jtq,https://learn.microsoft.com/intune/device-configuration/templates/ref-vpn-settings-windows,learn,,,,2026-09-26,200,NEEDS-READING,a Learn page without a public source repo; read it (microsoft_docs_fetch),,learn,intune/network-profiles.md,,
S-ta4g5get,https://learn.microsoft.com/intune/device-management/tools/management-extension-windows,learn,,,,2026-09-26,200,NEEDS-READING,a Learn page without a public source repo; read it (microsoft_docs_fetch),,learn,intune/platform-scripts.md,,
S-taatt73w,https://learn.microsoft.com/en-us/graph/api/resources/intune-deviceconfig-windows10compliancepolicy,learn,github.com/microsoftgraph/microsoft-graph-docs-contrib,,api-reference/v1.0/api/resources/intune-deviceconfig-windows10compliancepolicy,2026-09-26,,NEEDS-READING,no source file for the page in github.com/microsoftgraph/microsoft-graph-docs-contrib,,learn,intune/compliance-policies.md,,
S-tabagcvn,https://learn.microsoft.com/powershell/scripting/security/remoting/jea/security-considerations?view=powershell-7.6,learn,,,,2026-09-26,200,NEEDS-READING,a Learn page without a public source repo; read it (microsoft_docs_fetch),,learn,windows/powershell-remoting-jea.md,,
S-tateky4b,https://learn.microsoft.com/en-us/defender-endpoint/microsoft-defender-antivirus-compatibility,learn,,,,2026-09-26,200,NEEDS-READING,a Learn page without a public source repo; read it (microsoft_docs_fetch),,learn,defender/asr-and-antivirus.md,,
S-tcpq35hc,https://www.cisa.gov/ssvc-calculator,live,,,,2026-09-26,403,NEEDS-READING,HTTP 403,,,security/vuln-data-apis.csv;security/vulnerability-prioritization.md,,
S-td3e5ov5,https://learn.microsoft.com/en-us/windows/package-manager/winget/configure,learn,,,,2026-09-26,200,NEEDS-READING,a Learn page without a public source repo; read it (microsoft_docs_fetch),,learn,windows/winget.md,,
S-tf6fezvb,https://learn.microsoft.com/azure/sentinel/microsoft-365-defender-sentinel-integration,learn,,,,2026-09-26,200,NEEDS-READING,a Learn page without a public source repo; read it (microsoft_docs_fetch),,learn,logs/microsoft-sentinel.md,,
S-tgliyduf,https://learn.microsoft.com/windows-365/enterprise/copilot-in-intune-for-windows365,learn,,,,2026-09-26,200,NEEDS-READING,a Learn page without a public source repo; read it (microsoft_docs_fetch),,learn,agents/security-copilot-endpoint.md,,
S-thsymqx6,https://docs.langchain.com/oss/python/langgraph/persistence,live,,,,2026-09-26,200,OK,"sitemap lastmod 2026-09-23, not after retrieval 2026-09-26",sitemap lastmod 2026-09-23,,agents/langgraph.md,,
S-tiumn4r3,https://learn.microsoft.com/intune/device-configuration/collect-device-properties,learn,,,,2026-09-26,200,NEEDS-READING,a Learn page without a public source repo; read it (microsoft_docs_fetch),,learn,intune/device-inventory-analytics.md,,
S-tkmjbvgn,https://learn.microsoft.com/entra/identity/conditional-access/concept-conditional-access-grant,learn,,,,2026-09-26,200,NEEDS-READING,a Learn page without a public source repo; read it (microsoft_docs_fetch),,learn,entra/conditional-access-devices.md,,
S-tkwapxy3,https://learn.microsoft.com/defender-endpoint/onboard-client,learn,,,,2026-09-26,200,NEEDS-READING,a Learn page without a public source repo; read it (microsoft_docs_fetch),,learn,defender/mde-onboarding.md,,
S-tmpjr3zu,https://learn.microsoft.com/graph/api/resources/intune-auditing-auditevent?view=graph-rest-1.0,learn,,,,2026-09-26,200,NEEDS-READING,a Learn page without a public source repo; read it (microsoft_docs_fetch),,learn,auth/audit-log-apis.md,,
S-tn4hpddq,https://learn.microsoft.com/troubleshoot/windows-server/windows-security/windows-laps-troubleshooting-guidance,learn,github.com/MicrosoftDocs/windowsserverdocs,,WindowsServerDocs/windows-security/windows-laps-troubleshooting-guidance,2026-09-26,,NEEDS-READING,no source file for the page in github.com/MicrosoftDocs/windowsserverdocs,,learn,windows/laps.md,,
S-tn4wwzyx,https://docs.github.com/en/copilot/managing-copilot/configuring-and-auditing-content-exclusion/excluding-content-from-github-copilot,live,,,,2026-09-26,200,NEEDS-READING,"HTTP 200, no last-updated date; redirected to https://docs.github.com/en/copilot/how-tos/configure-content-exclusion/exclude-content-from-copilot",,,agents/github-copilot-admin.md,,
S-tn7i36es,https://learn.microsoft.com/en-us/defender-endpoint/attack-surface-reduction-rules-configure,learn,,,,2026-09-26,200,NEEDS-READING,a Learn page without a public source repo; read it (microsoft_docs_fetch),,learn,defender/asr-and-antivirus.md,,
S-tnes5beq,https://learn.microsoft.com/intune/app-management/deployment/add-enterprise-catalog-app,learn,,,,2026-09-26,200,NEEDS-READING,a Learn page without a public source repo; read it (microsoft_docs_fetch),,learn,intune/win32-apps.csv;intune/win32-apps.md,,
S-tnlgchd2,https://learn.microsoft.com/en-us/defender-xdr/advanced-hunting-alertevidence-table,learn,,,,2026-09-26,200,NEEDS-READING,a Learn page without a public source repo; read it (microsoft_docs_fetch),,learn,defender/advanced-hunting-tables.csv;defender/advanced-hunting.md,,
S-toe7z3kj,https://code.claude.com/docs/en/plugins/loading,live,,,,2026-09-26,200,OK,"sitemap lastmod 2026-09-25, not after retrieval 2026-09-26",sitemap lastmod 2026-09-25,,claude/plugins.md,,
S-twfugriu,https://learn.microsoft.com/powershell/scripting/security/remoting/jea/overview?view=powershell-7.6,learn,,,,2026-09-26,200,NEEDS-READING,a Learn page without a public source repo; read it (microsoft_docs_fetch),,learn,windows/powershell-remoting-jea.md,,
S-twgov237,https://modelcontextprotocol.io/specification/2026-07-28/server/utilities/completion,live,,,,2026-09-26,200,OK,"sitemap lastmod 2026-09-24, not after retrieval 2026-09-26",sitemap lastmod 2026-09-24,,mcp/resources-prompts.md,,
S-twjwzzdw,https://learn.microsoft.com/en-us/windows-server/identity/laps/laps-management-policy-settings,learn,github.com/MicrosoftDocs/windowsserverdocs,,WindowsServerDocs/identity/laps/laps-management-policy-settings,2026-09-26,,OK,source file WindowsServerDocs/identity/laps/laps-management-policy-settings.md has no commit since 2026-09-26 (HEAD 62d7b049a49a),git_commit_id 62d7b049a49a,,windows/laps.csv;windows/laps.md,,
S-u2bv3zsu,https://learn.microsoft.com/microsoft-365/copilot/extensibility/plugin-manifest-2.4,learn,,,,2026-09-26,200,NEEDS-READING,a Learn page without a public source repo; read it (microsoft_docs_fetch),,learn,agents/m365-copilot-extensibility.md,,
S-u2hfxeqe,https://learn.microsoft.com/en-us/entra/identity/authentication/howto-authentication-passwordless-security-key-on-premises,learn,github.com/MicrosoftDocs/entra-docs,,docs/identity/authentication/howto-authentication-passwordless-security-key-on-premises,2026-09-26,,OK,source file docs/identity/authentication/howto-authentication-passwordless-security-key-on-premises.md has no commit since 2026-09-26 (HEAD 902ee3bc2c29),git_commit_id 902ee3bc2c29,,auth/windows-hello-for-business.md,,
S-u2qh2hnr,https://learn.microsoft.com/intune/device-configuration/endpoint-security/ref-disk-encryption-settings,learn,,,,2026-09-26,200,NEEDS-READING,a Learn page without a public source repo; read it (microsoft_docs_fetch),,learn,intune/macos-management.md,,
S-u3qwumeu,https://learn.microsoft.com/en-us/intune/intune-service/protect/actions-for-noncompliance,learn,,,,2026-09-26,200,NEEDS-READING,a Learn page without a public source repo; read it (microsoft_docs_fetch),,learn,intune/compliance-policies.csv;intune/compliance-policies.md,,
S-u75x3q42,https://learn.microsoft.com/azure/ai-foundry/openai/how-to/quota,learn,,,,2026-09-26,200,NEEDS-READING,a Learn page without a public source repo; read it (microsoft_docs_fetch),,learn,agents/azure-openai-deployments.md,,
S-ubpss7bf,https://learn.microsoft.com/autopilot/device-preparation/whats-new,learn,,,,2026-09-26,200,NEEDS-READING,a Learn page without a public source repo; read it (microsoft_docs_fetch),,learn,autopilot/device-preparation.md,,
S-ucwyn46f,https://learn.microsoft.com/en-us/azure/azure-arc/servers/prepare-extended-security-updates,learn,,,,2026-09-26,200,NEEDS-READING,a Learn page without a public source repo; read it (microsoft_docs_fetch),,learn,windows/azure-arc-servers.md,,
S-udcaydkb,https://docs.github.com/en/copilot/how-tos/agents/copilot-coding-agent/extending-copilot-coding-agent-with-mcp,live,,,,2026-09-26,200,NEEDS-READING,"HTTP 200, no last-updated date; redirected to https://docs.github.com/en/copilot/how-tos/copilot-on-github/customize-copilot/configure-mcp-servers",,,agents/coding-agents-mcp.md;agents/github-copilot-admin.md;agents/mcp-client-config-formats.csv,,
S-ufysm5nk,https://learn.microsoft.com/windows/deployment/do/waas-delivery-optimization-monitor,learn,,,,2026-09-26,200,NEEDS-READING,a Learn page without a public source repo; read it (microsoft_docs_fetch),,learn,windows/delivery-optimization.md,,
S-ui2zukwr,https://learn.microsoft.com/windows/security/identity-protection/hello-for-business/deploy/hybrid-cloud-kerberos-trust,learn,,,,2026-09-26,200,NEEDS-READING,a Learn page without a public source repo; read it (microsoft_docs_fetch),,learn,auth/windows-hello-for-business.md,,
S-uiolk6la,https://learn.microsoft.com/intune/advanced-analytics/device-timeline,learn,,,,2026-09-26,200,NEEDS-READING,a Learn page without a public source repo; read it (microsoft_docs_fetch),,learn,intune/device-inventory-analytics.md,,
S-uk5qyhwi,https://learn.microsoft.com/azure/ai-foundry/openai/concepts/content-filter-configurability,learn,,,,2026-09-26,200,NEEDS-READING,a Learn page without a public source repo; read it (microsoft_docs_fetch),,learn,agents/azure-openai-deployments.md,,
S-umxt7njc,https://learn.microsoft.com/azure/update-manager/support-matrix-updates,learn,,,,2026-09-26,200,NEEDS-READING,a Learn page without a public source repo; read it (microsoft_docs_fetch),,learn,windows/azure-update-manager.md,,
S-unoiabov,https://learn.microsoft.com/azure/ai-services/content-safety/concepts/groundedness,learn,,,,2026-09-26,200,NEEDS-READING,a Learn page without a public source repo; read it (microsoft_docs_fetch),,learn,agents/content-safety-prompt-shields.md,,
S-unwwieso,https://docs.github.com/en/organizations/keeping-your-organization-secure/managing-security-settings-for-your-organization/reviewing-the-audit-log-for-your-organization,live,,,,2026-09-26,200,NEEDS-READING,"HTTP 200, no last-updated date",,,agents/github-copilot-admin.md,,
S-upv53vkh,https://learn.microsoft.com/graph/api/resources/unifiedroleeligibilityschedulerequest?view=graph-rest-1.0,learn,,,,2026-09-26,200,NEEDS-READING,a Learn page without a public source repo; read it (microsoft_docs_fetch),,learn,entra/pim-and-governance.md,,
S-uq2hafxi,https://modelcontextprotocol.io/specification/2026-07-28/server/resources,live,,,,2026-09-26,200,OK,"sitemap lastmod 2026-09-24, not after retrieval 2026-09-26",sitemap lastmod 2026-09-24,,mcp/resources-prompts.md,,
S-ur2l6cs3,https://learn.microsoft.com/azure/sentinel/threat-detection,learn,,,,2026-09-26,200,NEEDS-READING,a Learn page without a public source repo; read it (microsoft_docs_fetch),,learn,logs/microsoft-sentinel.md,,
S-urlbhr7a,https://www.first.org/epss/,live,,,,2026-09-26,200,NEEDS-READING,"HTTP 200, no last-updated date",,,security/vulnerability-prioritization.md,,
S-uussqmqn,https://modelcontextprotocol.io/registry/github-actions,live,,,,2026-09-26,200,OK,"sitemap lastmod 2026-09-24, not after retrieval 2026-09-26",sitemap lastmod 2026-09-24,,mcp/registry-and-extensions.md,,
S-uv2mdacd,https://learn.microsoft.com/defender-endpoint/api/run-av-scan,learn,,,,2026-09-26,200,NEEDS-READING,a Learn page without a public source repo; read it (microsoft_docs_fetch),,learn,defender/machine-actions.csv;defender/response-actions-api.md,,
S-uva2ob4g,https://learn.microsoft.com/entra/agent-id/best-practices-agent-id,learn,,,,2026-09-26,200,NEEDS-READING,a Learn page without a public source repo; read it (microsoft_docs_fetch),,learn,entra/agent-id.md,,
S-uzewrile,https://learn.microsoft.com/en-us/windows/security/operating-system-security/sysmon/how-to-enable-sysmon,learn,,,,2026-09-26,200,NEEDS-READING,a Learn page without a public source repo; read it (microsoft_docs_fetch),,learn,windows/event-forwarding-sysmon.md,,
S-v26wvp2b,https://learn.microsoft.com/intune/advanced-analytics/anomalies,learn,,,,2026-09-26,200,NEEDS-READING,a Learn page without a public source repo; read it (microsoft_docs_fetch),,learn,intune/device-inventory-analytics.md,,
S-v2cnpcup,https://learn.microsoft.com/intune/copilot/agents/vulnerability-remediation-agent,learn,,,,2026-09-26,200,NEEDS-READING,a Learn page without a public source repo; read it (microsoft_docs_fetch),,learn,agents/security-copilot-endpoint.md,,
S-v32a7r4i,https://learn.microsoft.com/en-us/graph/api/intune-devices-manageddevice-pauseconfigurationrefresh?view=graph-rest-beta,learn,github.com/microsoftgraph/microsoft-graph-docs-contrib,,api-reference/v1.0/api/intune-devices-manageddevice-pauseconfigurationrefresh,2026-09-26,,NEEDS-READING,no source file for the page in github.com/microsoftgraph/microsoft-graph-docs-contrib,,learn,intune/remote-actions.csv;intune/remote-actions.md,,
S-v3kf7d4m,https://learn.microsoft.com/intune/device-configuration/templates/configure-custom-settings-windows,learn,,,,2026-09-26,200,NEEDS-READING,a Learn page without a public source repo; read it (microsoft_docs_fetch),,learn,intune/configuration-policies.md,,
S-v5cttaej,https://learn.microsoft.com/intune/device-configuration/troubleshoot-device-profiles,learn,,,,2026-09-26,200,NEEDS-READING,a Learn page without a public source repo; read it (microsoft_docs_fetch),,learn,intune/configuration-policies.md,,
S-v5mr4bu5,https://learn.microsoft.com/en-us/defender-xdr/advanced-hunting-devicefileevents-table,learn,,,,2026-09-26,200,NEEDS-READING,a Learn page without a public source repo; read it (microsoft_docs_fetch),,learn,defender/advanced-hunting-tables.csv;defender/advanced-hunting.md,,
S-v5rdr5la,https://learn.microsoft.com/graph/query-parameters,learn,,,,2026-09-26,200,NEEDS-READING,a Learn page without a public source repo; read it (microsoft_docs_fetch),,learn,graph/batching-and-query.md;graph/powershell-sdk.md,,
S-v7jhlfyz,https://learn.microsoft.com/intune/device-configuration/endpoint-security/deploy-edr,learn,,,,2026-09-26,200,NEEDS-READING,a Learn page without a public source repo; read it (microsoft_docs_fetch),,learn,defender/mde-onboarding.md,,
S-vavpj2l2,https://learn.microsoft.com/graph/api/cloudpc-reprovision?view=graph-rest-1.0,learn,,,,2026-09-26,200,NEEDS-READING,a Learn page without a public source repo; read it (microsoft_docs_fetch),,learn,windows/windows-365.md,,
S-vawypjoe,https://learn.microsoft.com/en-us/windows/security/application-security/application-control/app-control-for-business/design/configure-authorized-apps-deployed-with-a-managed-installer,learn,,,,2026-09-26,200,NEEDS-READING,a Learn page without a public source repo; read it (microsoft_docs_fetch),,learn,windows/app-control.md,,
S-vbmaayv5,https://learn.microsoft.com/intune/device-configuration/templates/configure-custom-settings-linux,learn,,,,2026-09-26,200,NEEDS-READING,a Learn page without a public source repo; read it (microsoft_docs_fetch),,learn,intune/linux-management.md,,
S-vetttstu,https://learn.microsoft.com/azure/azure-arc/servers/ssh-arc-overview,learn,,,,2026-09-26,200,NEEDS-READING,a Learn page without a public source repo; read it (microsoft_docs_fetch),,learn,windows/azure-arc-servers.md,,
S-vfwdpj2p,https://learn.microsoft.com/dotnet/ai/azure-ai-services-authentication,learn,,,,2026-09-26,200,NEEDS-READING,a Learn page without a public source repo; read it (microsoft_docs_fetch),,learn,agents/azure-openai-deployments.md,,
S-vgw6qot7,https://learn.microsoft.com/windows-server/get-started/enable-hotpatch-azure-arc-enabled-servers,learn,,,,2026-09-26,200,NEEDS-READING,a Learn page without a public source repo; read it (microsoft_docs_fetch),,learn,windows/azure-update-manager.md,,
S-vhwb6zo5,https://github.com/microsoft/New-KrbtgtKeys.ps1,gh-page,,,,2026-09-26,,NEEDS-READING,"a github.com page (issues, wiki, home) or API call; read it",,github page,ad/krbtgt-password-reset.md,,
S-vil7lhvw,https://learn.microsoft.com/windows/deployment/do/waas-delivery-optimization-faq,learn,,,,2026-09-26,200,NEEDS-READING,a Learn page without a public source repo; read it (microsoft_docs_fetch),,learn,windows/delivery-optimization.md,,
S-vilbjgtf,https://code.claude.com/docs/en/env-vars,live,,,,2026-09-26,200,OK,"sitemap lastmod 2026-09-26, not after retrieval 2026-09-26",sitemap lastmod 2026-09-26,,claude/env-vars.csv;claude/settings-and-scopes.md,,
S-vjefvouf,https://learn.microsoft.com/azure/sentinel/billing,learn,,,,2026-09-26,200,NEEDS-READING,a Learn page without a public source repo; read it (microsoft_docs_fetch),,learn,logs/microsoft-sentinel.md,,
S-vjtqqsri,https://learn.microsoft.com/en-us/defender-xdr/advanced-hunting-devicelogonevents-table,learn,,,,2026-09-26,200,NEEDS-READING,a Learn page without a public source repo; read it (microsoft_docs_fetch),,learn,defender/advanced-hunting-tables.csv;defender/advanced-hunting.md,,
S-vkmx3p22,https://learn.microsoft.com/purview/audit-solutions-overview,learn,,,,2026-09-26,200,NEEDS-READING,a Learn page without a public source repo; read it (microsoft_docs_fetch),,learn,auth/audit-log-apis.md,,
S-vl6444k5,https://modelcontextprotocol.io/registry/registry-aggregators,live,,,,2026-09-26,200,OK,"sitemap lastmod 2026-09-24, not after retrieval 2026-09-26",sitemap lastmod 2026-09-24,,mcp/registry-and-extensions.md,,
S-vlctroci,https://learn.microsoft.com/graph/api/intune-reporting-devicemanagementreports-getcachedreport?view=graph-rest-1.0,learn,,,,2026-09-26,200,NEEDS-READING,a Learn page without a public source repo; read it (microsoft_docs_fetch),,learn,intune/reports-export-api.md,,
S-vmpbvsv4,https://learn.microsoft.com/windows/client-management/understanding-admx-backed-policies,learn,,,,2026-09-26,200,NEEDS-READING,a Learn page without a public source repo; read it (microsoft_docs_fetch),,learn,intune/configuration-policies.md,,
S-vouhh5ur,https://modelcontextprotocol.io/registry/moderation-policy,live,,,,2026-09-26,200,OK,"sitemap lastmod 2026-09-24, not after retrieval 2026-09-26",sitemap lastmod 2026-09-24,,mcp/registry-and-extensions.md,,
S-vpvd3h5f,https://learn.microsoft.com/en-us/intune/intune-service/protect/device-compliance-get-started,learn,,,,2026-09-26,200,NEEDS-READING,a Learn page without a public source repo; read it (microsoft_docs_fetch),,learn,intune/compliance-policies.csv;intune/compliance-policies.md,,
S-vra6j7cx,https://learn.microsoft.com/graph/api/synchronization-synchronizationjob-start?view=graph-rest-1.0,learn,,,,2026-09-26,200,NEEDS-READING,a Learn page without a public source repo; read it (microsoft_docs_fetch),,learn,entra/connect-and-cloud-sync.md,,
S-vrrtfarn,https://learn.microsoft.com/windows/deployment/update/wufb-reports-schema-ucclient,learn,,,,2026-09-26,200,NEEDS-READING,a Learn page without a public source repo; read it (microsoft_docs_fetch),,learn,windows/windows-update-management.md,,
S-vrwvsimi,https://learn.microsoft.com/en-us/windows/package-manager/winget/settings,learn,,,,2026-09-26,200,NEEDS-READING,a Learn page without a public source repo; read it (microsoft_docs_fetch),,learn,windows/winget.md,,
S-vtmdq4xp,https://learn.microsoft.com/intune/app-management/deployment/,learn,,,,2026-09-26,200,NEEDS-READING,a Learn page without a public source repo; read it (microsoft_docs_fetch),,learn,intune/macos-management.md,,
S-vx532wl3,https://learn.microsoft.com/powershell/module/microsoft.powershell.core/about/about_windows_powershell_compatibility,learn,,,,2026-09-26,200,NEEDS-READING,a Learn page without a public source repo; read it (microsoft_docs_fetch),,learn,windows/powershell-7.md,,
S-vymmambu,https://learn.microsoft.com/windows/security/identity-protection/hello-for-business/faq,learn,,,,2026-09-26,200,NEEDS-READING,a Learn page without a public source repo; read it (microsoft_docs_fetch),,learn,auth/windows-hello-for-business.md,,
S-vywsads7,https://learn.microsoft.com/intune/app-management/deployment/configure-win32-supersedence,learn,,,,2026-09-26,200,NEEDS-READING,a Learn page without a public source repo; read it (microsoft_docs_fetch),,learn,intune/win32-apps.md,,
S-w2fd3dgm,https://learn.microsoft.com/intune/device-enrollment/apple/setup-automated-ios,learn,,,,2026-09-26,200,NEEDS-READING,a Learn page without a public source repo; read it (microsoft_docs_fetch),,learn,intune/ios-android-management.md,,
S-w3pkna2x,https://learn.microsoft.com/en-us/azure/azure-arc/servers/windows-server-management-overview,learn,,,,2026-09-26,200,NEEDS-READING,a Learn page without a public source repo; read it (microsoft_docs_fetch),,learn,windows/azure-arc-servers.md,,
S-w5egb2fu,https://modelcontextprotocol.io/registry/remote-servers,live,,,,2026-09-26,200,OK,"sitemap lastmod 2026-09-24, not after retrieval 2026-09-26",sitemap lastmod 2026-09-24,,mcp/registry-and-extensions.md,,
S-w5rlacck,https://learn.microsoft.com/intune/copilot/security-copilot,learn,,,,2026-09-26,200,NEEDS-READING,a Learn page without a public source repo; read it (microsoft_docs_fetch),,learn,agents/security-copilot-endpoint.md,,
S-w7egu7gh,https://learn.microsoft.com/windows/ai/mcp/overview,learn,,,,2026-09-26,200,NEEDS-READING,a Learn page without a public source repo; read it (microsoft_docs_fetch),,learn,agents/windows-agentic-platform.md,,
S-wbsmegvl,https://platform.claude.com/docs/en/api/files,live,,,,2026-09-26,200,NEEDS-READING,"HTTP 200, no last-updated date",,,claude/messages-api.md,,
S-wc6e3fba,https://learn.microsoft.com/intune/app-management/deployment/add-win32,learn,,,,2026-09-26,200,NEEDS-READING,a Learn page without a public source repo; read it (microsoft_docs_fetch),,learn,intune/win32-apps.csv;intune/win32-apps.md,,
S-wdoafrjc,https://learn.microsoft.com/intune/device-enrollment/apple/guide-ios-ipados,learn,,,,2026-09-26,200,NEEDS-READING,a Learn page without a public source repo; read it (microsoft_docs_fetch),,learn,intune/ios-android-management.md;intune/mobile-enrollment-types.csv,,
S-weleekge,https://learn.microsoft.com/intune/fundamentals/certificates/scep-infrastructure,learn,,,,2026-09-26,200,NEEDS-READING,a Learn page without a public source repo; read it (microsoft_docs_fetch),,learn,intune/certificates-pki.md,,
S-wftu7kvv,https://learn.microsoft.com/en-us/azure/update-manager/manage-hot-patching-arc-machines,learn,,,,2026-09-26,200,NEEDS-READING,a Learn page without a public source repo; read it (microsoft_docs_fetch),,learn,windows/azure-arc-servers.md,,
S-whvei7wr,https://learn.microsoft.com/en-us/windows/security/application-security/application-control/app-control-for-business/design/select-types-of-rules-to-create,learn,,,,2026-09-26,200,NEEDS-READING,a Learn page without a public source repo; read it (microsoft_docs_fetch),,learn,windows/app-control.csv;windows/app-control.md,,
S-wk4roik4,https://learn.microsoft.com/en-us/windows/security/application-security/application-control/app-control-for-business/operations/event-id-explanations,learn,,,,2026-09-26,200,NEEDS-READING,a Learn page without a public source repo; read it (microsoft_docs_fetch),,learn,windows/app-control.md,,
S-wl7oot25,https://learn.microsoft.com/intune/app-management/deployment/management-agent-macos,learn,,,,2026-09-26,200,NEEDS-READING,a Learn page without a public source repo; read it (microsoft_docs_fetch),,learn,intune/macos-management.md,,
S-wlkxstj4,https://learn.microsoft.com/intune/cloud-pki/configure-byoca,learn,,,,2026-09-26,200,NEEDS-READING,a Learn page without a public source repo; read it (microsoft_docs_fetch),,learn,intune/certificates-pki.md,,
S-wlvfiru4,https://learn.microsoft.com/windows/deployment/do/delivery-optimization-endpoints,learn,,,,2026-09-26,200,NEEDS-READING,a Learn page without a public source repo; read it (microsoft_docs_fetch),,learn,windows/delivery-optimization.md,,
S-wqwf7kt5,https://learn.microsoft.com/defender-endpoint/edr-in-block-mode,learn,,,,2026-09-26,200,NEEDS-READING,a Learn page without a public source repo; read it (microsoft_docs_fetch),,learn,defender/mde-onboarding.md,,
S-wqwk4szg,https://learn.microsoft.com/intune/copilot/,learn,,,,2026-09-26,200,NEEDS-READING,a Learn page without a public source repo; read it (microsoft_docs_fetch),,learn,agents/security-copilot-endpoint.md,,
S-wqz6uke5,https://learn.microsoft.com/intune/device-configuration/settings-catalog/configure-platform-sso-during-enrollment,learn,,,,2026-09-26,200,NEEDS-READING,a Learn page without a public source repo; read it (microsoft_docs_fetch),,learn,intune/macos-management.md,,
S-wsetw6to,https://learn.microsoft.com/graph/api/security-auditcoreroot-post-auditlogqueries?view=graph-rest-1.0,learn,,,,2026-09-26,200,NEEDS-READING,a Learn page without a public source repo; read it (microsoft_docs_fetch),,learn,auth/audit-log-apis.md,,
S-wvioh66u,https://modelcontextprotocol.io/registry/faq,live,,,,2026-09-26,200,OK,"sitemap lastmod 2026-09-24, not after retrieval 2026-09-26",sitemap lastmod 2026-09-24,,mcp/registry-and-extensions.md,,
S-wvznmns5,https://learn.microsoft.com/azure/update-manager/workflow-update-manager,learn,,,,2026-09-26,200,NEEDS-READING,a Learn page without a public source repo; read it (microsoft_docs_fetch),,learn,windows/azure-update-manager.md,,
S-ww4g7luc,https://learn.microsoft.com/autopilot/device-preparation/tutorial/automatic/automatic-autopilot-policy,learn,,,,2026-09-26,200,NEEDS-READING,a Learn page without a public source repo; read it (microsoft_docs_fetch),,learn,autopilot/device-preparation.md,,
S-wwbtoald,https://learn.microsoft.com/en-us/azure/azure-arc/servers/agent-overview,learn,,,,2026-09-26,200,NEEDS-READING,a Learn page without a public source repo; read it (microsoft_docs_fetch),,learn,windows/azure-arc-servers.md,,
S-wxhjirsk,https://learn.microsoft.com/azure/foundry/openai/how-to/provisioned-throughput-sizing,learn,,,,2026-09-26,200,NEEDS-READING,a Learn page without a public source repo; read it (microsoft_docs_fetch),,learn,agents/azure-openai-deployments.md,,
S-wy457poi,https://learn.microsoft.com/azure/foundry/agents/how-to/tools/use-toolbox-hosted-agent,learn,,,,2026-09-26,200,NEEDS-READING,a Learn page without a public source repo; read it (microsoft_docs_fetch),,learn,agents/foundry-agent-service.md,,
S-wz4ujka5,https://learn.microsoft.com/en-us/graph/api/resources/intune-deviceconfigv2-devicemanagementconfigurationpolicy?view=graph-rest-beta,learn,github.com/microsoftgraph/microsoft-graph-docs-contrib,,api-reference/v1.0/api/resources/intune-deviceconfigv2-devicemanagementconfigurationpolicy,2026-09-26,,NEEDS-READING,no source file for the page in github.com/microsoftgraph/microsoft-graph-docs-contrib,,learn,intune/configuration-policies.md,,
S-wzatkg4o,https://code.claude.com/docs/en/settings-reference,live,,,,2026-09-26,200,OK,"sitemap lastmod 2026-09-26, not after retrieval 2026-09-26",sitemap lastmod 2026-09-26,,claude/settings-and-scopes.md,,
S-wzeeikuf,https://learn.microsoft.com/powershell/module/bitlocker/get-bitlockervolume,learn,,,,2026-09-26,200,NEEDS-READING,a Learn page without a public source repo; read it (microsoft_docs_fetch),,learn,windows/bitlocker.md,,
S-x23bve2k,https://learn.microsoft.com/en-us/graph/api/intune-devices-manageddevice-delete?view=graph-rest-1.0,learn,github.com/microsoftgraph/microsoft-graph-docs-contrib,,api-reference/v1.0/api/intune-devices-manageddevice-delete,2026-09-26,,OK,source file api-reference/v1.0/api/intune-devices-manageddevice-delete.md has no commit since 2026-09-26 (HEAD 4ad99fd37a9e),git_commit_id 4ad99fd37a9e,,intune/remote-actions.csv;intune/remote-actions.md,,
S-x3it6rkh,https://learn.microsoft.com/defender-endpoint/api/offboard-machine-api,learn,,,,2026-09-26,200,NEEDS-READING,a Learn page without a public source repo; read it (microsoft_docs_fetch),,learn,defender/machine-actions.csv;defender/response-actions-api.md,,
S-x4puowoc,https://learn.microsoft.com/powershell/module/microsoft.powershell.secretstore/set-secretstoreconfiguration,learn,,,,2026-09-26,200,NEEDS-READING,a Learn page without a public source repo; read it (microsoft_docs_fetch),,learn,windows/powershell-7.md,,
S-x5pz6ywz,https://learn.microsoft.com/windows/ai/new-windows-ml/overview,learn,,,,2026-09-26,200,NEEDS-READING,a Learn page without a public source repo; read it (microsoft_docs_fetch),,learn,agents/windows-agentic-platform.md,,
S-x6zzi6h7,https://learn.microsoft.com/windows/client-management/mdm/policy-csp-desktopappinstaller,learn,,,,2026-09-26,200,NEEDS-READING,a Learn page without a public source repo; read it (microsoft_docs_fetch),,learn,windows/winget-policies.csv;windows/winget.md,,
S-x7sbbxju,https://learn.microsoft.com/en-us/defender-xdr/advanced-hunting-deviceregistryevents-table,learn,,,,2026-09-26,200,NEEDS-READING,a Learn page without a public source repo; read it (microsoft_docs_fetch),,learn,defender/advanced-hunting-tables.csv;defender/advanced-hunting.md,,
S-xa4m3w2n,https://learn.microsoft.com/intune/fundamentals/role-based-access-control/create-custom-role,learn,,,,2026-09-26,200,NEEDS-READING,a Learn page without a public source repo; read it (microsoft_docs_fetch),,learn,intune/remote-help.md,,
S-xasz2mbx,https://learn.microsoft.com/microsoft-365/copilot/extensibility/overview-copilot-connector,learn,,,,2026-09-26,200,NEEDS-READING,a Learn page without a public source repo; read it (microsoft_docs_fetch),,learn,agents/m365-copilot-extensibility.md,,
S-xbogq5nf,https://learn.microsoft.com/en-us/sysinternals/downloads/sysmon,learn,,,,2026-09-26,200,NEEDS-READING,a Learn page without a public source repo; read it (microsoft_docs_fetch),,learn,windows/event-forwarding-sysmon.md;windows/sysmon-events.csv,,
S-xe3uwlpq,https://learn.microsoft.com/powershell/scripting/security/remoting/jea/session-configurations?view=powershell-7.6,learn,,,,2026-09-26,200,NEEDS-READING,a Learn page without a public source repo; read it (microsoft_docs_fetch),,learn,windows/jea-config-fields.csv;windows/powershell-remoting-jea.md,,
S-xgfg5ggj,https://learn.microsoft.com/intune/app-management/deployment/add-microsoft-store,learn,,,,2026-09-26,200,NEEDS-READING,a Learn page without a public source repo; read it (microsoft_docs_fetch),,learn,windows/winget.md,,
S-xigzahvp,https://learn.microsoft.com/intune/configmgr/develop/osd/operating-system-deployment-task-sequences-overview,learn,,,,2026-09-26,200,NEEDS-READING,a Learn page without a public source repo; read it (microsoft_docs_fetch),,learn,mecm/osd-task-sequences.md,,
S-xjcjnwtx,https://learn.microsoft.com/azure/governance/machine-configuration/overview/02-setup-prerequisites,learn,,,,2026-09-26,200,NEEDS-READING,a Learn page without a public source repo; read it (microsoft_docs_fetch),,learn,windows/azure-arc-servers.md,,
S-xjse465h,https://api.first.org/data/v1/epss,live,,,,2026-09-26,200,NEEDS-READING,"HTTP 200, no last-updated date",,,security/vuln-data-apis.csv;security/vulnerability-prioritization.md,,
S-xmxnlqbx,https://modelcontextprotocol.io/registry/authentication,live,,,,2026-09-26,200,OK,"sitemap lastmod 2026-09-24, not after retrieval 2026-09-26",sitemap lastmod 2026-09-24,,mcp/registry-and-extensions.md,,
S-xnr7ugsj,https://learn.microsoft.com/graph/api/resources/privilegedidentitymanagementv3-overview?view=graph-rest-1.0,learn,,,,2026-09-26,200,NEEDS-READING,a Learn page without a public source repo; read it (microsoft_docs_fetch),,learn,entra/pim-and-governance.md,,
S-xoerk6of,https://learn.microsoft.com/windows/deployment/windows-autopatch/manage/windows-autopatch-hotpatch-updates,learn,,,,2026-09-26,200,NEEDS-READING,a Learn page without a public source repo; read it (microsoft_docs_fetch),,learn,windows/windows-update-management.md,,
S-xp44rfad,https://learn.microsoft.com/autopilot/device-preparation/requirements,learn,,,,2026-09-26,200,NEEDS-READING,a Learn page without a public source repo; read it (microsoft_docs_fetch),,learn,autopilot/device-preparation.md,,
S-xsggrooz,https://support.claude.com/en/articles/11845131-use-claude-code-with-your-team-or-enterprise-plan,live,,,,2026-09-26,200,OK,"sitemap lastmod 2026-09-22, not after retrieval 2026-09-26",sitemap lastmod 2026-09-22,,claude/enterprise-admin.md,,
S-xsnx4hlp,https://learn.microsoft.com/intune/app-management/protection/wipe-corporate-data,learn,,,,2026-09-26,200,NEEDS-READING,a Learn page without a public source repo; read it (microsoft_docs_fetch),,learn,intune/app-protection-mam.md,,
S-xsohydmw,https://learn.microsoft.com/en-us/intune/intune-service/protect/create-custom-json,learn,,,,2026-09-26,404,NEEDS-READING,a Learn page without a public source repo; read it (microsoft_docs_fetch),,learn,intune/compliance-policies.csv;intune/compliance-policies.md,,
S-xtkia775,https://learn.microsoft.com/graph/api/user-list?view=graph-rest-1.0,learn,,,,2026-09-26,200,NEEDS-READING,a Learn page without a public source repo; read it (microsoft_docs_fetch),,learn,graph/batching-and-query.md,,
S-xtwd545o,https://learn.microsoft.com/troubleshoot/windows-server/group-policy/group-policy-settings-show-as-extra-registry-settings,learn,github.com/MicrosoftDocs/windowsserverdocs,,WindowsServerDocs/group-policy/group-policy-settings-show-as-extra-registry-settings,2026-09-26,,NEEDS-READING,no source file for the page in github.com/MicrosoftDocs/windowsserverdocs,,learn,gpo/admx-central-store.md,,
S-xzhocopu,https://learn.microsoft.com/defender-endpoint/verify-connectivity,learn,,,,2026-09-26,200,NEEDS-READING,a Learn page without a public source repo; read it (microsoft_docs_fetch),,learn,defender/mde-onboarding.md,,
S-y3enttcg,https://learn.microsoft.com/windows/security/operating-system-security/network-security/vpn/vpn-profile-options,learn,,,,2026-09-26,200,NEEDS-READING,a Learn page without a public source repo; read it (microsoft_docs_fetch),,learn,intune/network-profiles.md,,
S-y4l4chtg,https://code.visualstudio.com/docs/copilot/customization/mcp-servers,live,,,,2026-09-26,200,NEEDS-READING,"HTTP 200, no last-updated date; redirected to https://code.visualstudio.com/docs/agent-customization/mcp-servers",,,agents/coding-agents-mcp.md,,
S-ycrujjsf,https://registry.terraform.io/providers/hashicorp/azurerm/latest/docs/resources/log_analytics_workspace,live,,,,2026-09-26,200,NEEDS-READING,"HTTP 200, no last-updated date",,,logs/microsoft-sentinel.md,,
S-ydpvgyqk,https://learn.microsoft.com/intune/configmgr/sum/deploy-use/create-orchestration-groups,learn,,,,2026-09-26,200,NEEDS-READING,a Learn page without a public source repo; read it (microsoft_docs_fetch),,learn,mecm/software-updates.md,,
S-yilkexx7,https://learn.microsoft.com/windows/ai/npu-devices/,learn,,,,2026-09-26,200,NEEDS-READING,a Learn page without a public source repo; read it (microsoft_docs_fetch),,learn,agents/windows-agentic-platform.md,,
S-yiwjr2wo,https://learn.microsoft.com/intune/device-enrollment/apple/overview-automated-enrollment-apple,learn,,,,2026-09-26,200,NEEDS-READING,a Learn page without a public source repo; read it (microsoft_docs_fetch),,learn,intune/ios-android-management.md;intune/mobile-enrollment-types.csv,,
S-yjjcwawd,https://learn.microsoft.com/en-us/defender-xdr/advanced-hunting-devicenetworkinfo-table,learn,,,,2026-09-26,200,NEEDS-READING,a Learn page without a public source repo; read it (microsoft_docs_fetch),,learn,defender/advanced-hunting-tables.csv;defender/advanced-hunting.md,,
S-yksr3dnu,https://learn.microsoft.com/defender-endpoint/api/get-machineaction-object,learn,,,,2026-09-26,200,NEEDS-READING,a Learn page without a public source repo; read it (microsoft_docs_fetch),,learn,defender/machine-actions.csv;defender/response-actions-api.md,,
S-yl6lujud,https://learn.microsoft.com/en-us/graph/api/intune-devices-manageddevice-cleanwindowsdevice?view=graph-rest-1.0,learn,github.com/microsoftgraph/microsoft-graph-docs-contrib,,api-reference/v1.0/api/intune-devices-manageddevice-cleanwindowsdevice,2026-09-26,,OK,source file api-reference/v1.0/api/intune-devices-manageddevice-cleanwindowsdevice.md has no commit since 2026-09-26 (HEAD 4ad99fd37a9e),git_commit_id 4ad99fd37a9e,,intune/remote-actions.csv;intune/remote-actions.md,,
S-ylp2o7ml,https://learn.microsoft.com/intune/advanced-analytics/battery-health,learn,,,,2026-09-26,200,NEEDS-READING,a Learn page without a public source repo; read it (microsoft_docs_fetch),,learn,intune/device-inventory-analytics.md,,
S-ynnu52s5,https://learn.microsoft.com/intune/copilot/troubleshoot-devices,learn,,,,2026-09-26,200,NEEDS-READING,a Learn page without a public source repo; read it (microsoft_docs_fetch),,learn,agents/security-copilot-endpoint.md,,
S-yrwncj3y,https://learn.microsoft.com/windows/deployment/do/waas-microsoft-connected-cache,learn,,,,2026-09-26,200,NEEDS-READING,a Learn page without a public source repo; read it (microsoft_docs_fetch),,learn,windows/delivery-optimization.md,,
S-ytjbd4n5,https://learn.microsoft.com/windows/client-management/win32-and-centennial-app-policy-configuration,learn,,,,2026-09-26,200,NEEDS-READING,a Learn page without a public source repo; read it (microsoft_docs_fetch),,learn,intune/configuration-policies.md,,
S-yutqeaay,https://learn.microsoft.com/azure/foundry/agents/concepts/toolbox-overview,learn,,,,2026-09-26,200,NEEDS-READING,a Learn page without a public source repo; read it (microsoft_docs_fetch),,learn,agents/foundry-agent-service.md;agents/foundry-agent-tools.csv,,
S-yuwg4jgb,https://learn.microsoft.com/en-us/intune/device-management/actions/rotate-local-admin-password,learn,,,,2026-09-26,200,NEEDS-READING,a Learn page without a public source repo; read it (microsoft_docs_fetch),,learn,intune/remote-actions.md,,
S-z2jpontw,https://learn.microsoft.com/graph/change-notifications-overview,learn,,,,2026-09-26,200,NEEDS-READING,a Learn page without a public source repo; read it (microsoft_docs_fetch),,learn,graph/batching-and-query.md;graph/change-notification-lifetimes.csv,,
S-z37n7cfj,https://learn.microsoft.com/intune/configmgr/sum/deploy-use/third-party-software-updates,learn,,,,2026-09-26,200,NEEDS-READING,a Learn page without a public source repo; read it (microsoft_docs_fetch),,learn,mecm/software-updates.md,,
S-z4lluk64,https://learn.microsoft.com/troubleshoot/windows-client/group-policy/resource-stringid-win7only-not-found,learn,,,,2026-09-26,200,NEEDS-READING,a Learn page without a public source repo; read it (microsoft_docs_fetch),,learn,gpo/admx-central-store.md,,
S-z7wh2sbr,https://learn.microsoft.com/en-us/azure/search/cognitive-search-skill-azure-openai-embedding,learn,,,,2026-09-26,200,NEEDS-READING,a Learn page without a public source repo; read it (microsoft_docs_fetch),,learn,agents/hybrid-retrieval.md,,
S-z7wzbalz,https://learn.microsoft.com/powershell/utility-modules/secretmanagement/how-to/manage-secretstore,learn,,,,2026-09-26,200,NEEDS-READING,a Learn page without a public source repo; read it (microsoft_docs_fetch),,learn,windows/powershell-7.md,,
S-zaka5sgl,https://learn.microsoft.com/en-us/graph/api/security-security-runhuntingquery,learn,github.com/microsoftgraph/microsoft-graph-docs-contrib,,api-reference/v1.0/api/security-security-runhuntingquery,2026-09-26,,OK,source file api-reference/v1.0/api/security-security-runhuntingquery.md has no commit since 2026-09-26 (HEAD 4ad99fd37a9e),git_commit_id 4ad99fd37a9e,,defender/advanced-hunting.md,,
S-zcba3zc7,https://learn.microsoft.com/en-us/windows-server/administration/windows-commands/wecutil,learn,github.com/MicrosoftDocs/windowsserverdocs,,WindowsServerDocs/administration/windows-commands/wecutil,2026-09-26,,OK,source file WindowsServerDocs/administration/windows-commands/wecutil.md has no commit since 2026-09-26 (HEAD 62d7b049a49a),git_commit_id 62d7b049a49a,,windows/event-forwarding-sysmon.md,,
S-zcuxapgb,https://code.claude.com/docs/en/permission-modes,live,,,,2026-09-26,200,OK,"sitemap lastmod 2026-09-26, not after retrieval 2026-09-26",sitemap lastmod 2026-09-26,,claude/settings-and-scopes.md,,
S-zdoohqe4,https://learn.microsoft.com/intune/device-enrollment/android/ref-corporate-methods,learn,,,,2026-09-26,200,NEEDS-READING,a Learn page without a public source repo; read it (microsoft_docs_fetch),,learn,intune/ios-android-management.md;intune/mobile-enrollment-types.csv,,
S-ze3aud2j,https://learn.microsoft.com/entra/identity/hybrid/cloud-sync/how-to-prerequisites,learn,,,,2026-09-26,200,NEEDS-READING,a Learn page without a public source repo; read it (microsoft_docs_fetch),,learn,entra/connect-and-cloud-sync.md,,
S-zfc5iphl,https://learn.microsoft.com/en-us/azure/governance/machine-configuration/concepts/remediation-options,learn,,,,2026-09-26,200,NEEDS-READING,a Learn page without a public source repo; read it (microsoft_docs_fetch),,learn,windows/azure-arc-servers.md,,
S-zfg6jhgr,https://learn.microsoft.com/azure/ai-foundry/how-to/develop/evaluate-sdk,learn,,,,2026-09-26,200,NEEDS-READING,a Learn page without a public source repo; read it (microsoft_docs_fetch),,learn,agents/agent-evaluation.md,,
S-zghw4ytw,https://learn.microsoft.com/powershell/module/microsoft.powershell.psresourceget/install-psresource,learn,,,,2026-09-26,200,NEEDS-READING,a Learn page without a public source repo; read it (microsoft_docs_fetch),,learn,windows/powershell-7.md,,
S-zh4stzuw,https://learn.microsoft.com/graph/api/intune-reporting-devicemanagementexportjob-create?view=graph-rest-1.0,learn,,,,2026-09-26,200,NEEDS-READING,a Learn page without a public source repo; read it (microsoft_docs_fetch),,learn,intune/reports-export-api.md,,
S-zlqf57iu,https://learn.microsoft.com/azure/ai-services/content-safety/concepts/jailbreak-detection,learn,,,,2026-09-26,200,NEEDS-READING,a Learn page without a public source repo; read it (microsoft_docs_fetch),,learn,agents/content-safety-prompt-shields.md,,
S-zmngjhe5,https://microsoft365dsc.com/user-guide/get-started/how-to-install/,live,,,,2026-09-26,200,OK,"sitemap lastmod 2026-09-26, not after retrieval 2026-09-26",sitemap lastmod 2026-09-26,,graph/microsoft365dsc.md,,
S-zmtevvp6,https://learn.microsoft.com/intune/configmgr/sum/deploy-use/optimize-windows-10-update-delivery,learn,,,,2026-09-26,200,NEEDS-READING,a Learn page without a public source repo; read it (microsoft_docs_fetch),,learn,mecm/software-updates.md,,
S-zne522mq,https://learn.microsoft.com/en-us/intune/device-management/actions/,learn,,,,2026-09-26,200,NEEDS-READING,a Learn page without a public source repo; read it (microsoft_docs_fetch),,learn,intune/remote-actions.md,,
S-zopt2et4,https://learn.microsoft.com/powershell/module/microsoft.powershell.core/about/about_remote_troubleshooting?view=powershell-7.6,learn,,,,2026-09-26,200,NEEDS-READING,a Learn page without a public source repo; read it (microsoft_docs_fetch),,learn,windows/powershell-remoting-jea.md,,
