setting,mechanism,registry_path,value_name,value_type,ms_baseline_value,ms_gpo,stig_id,stig_value,stig_server2025_id,cis_id,cis_level,osconfig_ws2025_2606,cis_ws2025_id_via_osconfig,intune_baseline,dsc_v3_path,known_compat_risk,first_baseline_candidate,ms_and_stig,sources
HKLM\SOFTWARE\Policies\Microsoft\Windows\DeviceGuard!EnableVirtualizationBasedSecurity,registry,HKLM\SOFTWARE\Policies\Microsoft\Windows\DeviceGuard,EnableVirtualizationBasedSecurity,REG_DWORD,1,MSFT Windows 11 24H2 - Credential Guard,WN11-CC-000070,1,WN25-CC-000110,,,,,no_name_match,native:Microsoft.Windows/Registry,"Turns on VBS, which Credential Guard requires; restart required",,yes,S1472;S1470;S1471;S-oeh7ui3h;S1478;S-lzzhbeao
HKLM\SOFTWARE\Policies\Microsoft\Windows\DeviceGuard!RequirePlatformSecurityFeatures,registry,HKLM\SOFTWARE\Policies\Microsoft\Windows\DeviceGuard,RequirePlatformSecurityFeatures,REG_DWORD,1,MSFT Windows 11 24H2 - Credential Guard,,,,,,"OneOf(Equals(1), Equals(3))",18.9.5.2,no_name_match,native:Microsoft.Windows/Registry,,,,S1472;S-oeh7ui3h;S1598
HKLM\SOFTWARE\Policies\Microsoft\Windows\DeviceGuard!HypervisorEnforcedCodeIntegrity,registry,HKLM\SOFTWARE\Policies\Microsoft\Windows\DeviceGuard,HypervisorEnforcedCodeIntegrity,REG_DWORD,1,MSFT Windows 11 24H2 - Credential Guard,WN11-CC-000080,1,,,,,,no_name_match,native:Microsoft.Windows/Registry,,,yes,S1472;S1470;S-oeh7ui3h
HKLM\SOFTWARE\Policies\Microsoft\Windows\DeviceGuard!HVCIMATRequired,registry,HKLM\SOFTWARE\Policies\Microsoft\Windows\DeviceGuard,HVCIMATRequired,REG_DWORD,1,MSFT Windows 11 24H2 - Credential Guard,,,,,,Equals(1),18.9.5.4,no_name_match,native:Microsoft.Windows/Registry,,,,S1472;S-oeh7ui3h;S1598
HKLM\SOFTWARE\Policies\Microsoft\Windows\DeviceGuard!LsaCfgFlags,registry,HKLM\SOFTWARE\Policies\Microsoft\Windows\DeviceGuard,LsaCfgFlags,REG_DWORD,1,MSFT Windows 11 24H2 - Credential Guard,WN11-CC-000075,1,WN25-MS-000140,,,,,no_name_match,native:Microsoft.Windows/Registry,"Credential Guard breaks apps needing NTLMv1, Kerberos DES, unconstrained delegation or TGT extraction; restart required",,yes,S1472;S1470;S1471;S-oeh7ui3h;S1478;S-lzzhbeao
HKLM\SOFTWARE\Policies\Microsoft\Windows\DeviceGuard!MachineIdentityIsolation,registry,HKLM\SOFTWARE\Policies\Microsoft\Windows\DeviceGuard,MachineIdentityIsolation,REG_DWORD,3,MSFT Windows 11 24H2 - Credential Guard,,,,,,,,no_name_match,native:Microsoft.Windows/Registry,,,,S1472;S-oeh7ui3h
HKLM\SOFTWARE\Policies\Microsoft\Windows\DeviceGuard!ConfigureSystemGuardLaunch,registry,HKLM\SOFTWARE\Policies\Microsoft\Windows\DeviceGuard,ConfigureSystemGuardLaunch,REG_DWORD,1,MSFT Windows 11 24H2 - Credential Guard,,,,,,,,no_name_match,native:Microsoft.Windows/Registry,,,,S1472;S-oeh7ui3h
HKLM\SOFTWARE\Policies\Microsoft\Windows\DeviceGuard!ConfigureKernelShadowStacksLaunch,registry,HKLM\SOFTWARE\Policies\Microsoft\Windows\DeviceGuard,ConfigureKernelShadowStacksLaunch,REG_DWORD,1,MSFT Windows 11 24H2 - Credential Guard,,,,,,"Range(1, 2)",18.9.5.1,no_name_match,native:Microsoft.Windows/Registry,,,,S1472;S-oeh7ui3h;S1598
Windows Components\BitLocker Drive Encryption\Operating System Drives > Allow enhanced PINs for startup,registry,HKLM\SOFTWARE\Policies\Microsoft\FVE,UseEnhancedPin,REG_DWORD,1,MSFT Windows 11 24H2 - BitLocker,,,,,,,,no_name_match,native:Microsoft.Windows/Registry,,,,S1472;S-oeh7ui3h
HKLM\SOFTWARE\Policies\Microsoft\FVE!RDVDenyCrossOrg,registry,HKLM\SOFTWARE\Policies\Microsoft\FVE,RDVDenyCrossOrg,REG_DWORD,0,MSFT Windows 11 24H2 - BitLocker,,,,,,,,no_name_match,native:Microsoft.Windows/Registry,,,,S1472;S-oeh7ui3h
Windows Components\BitLocker Drive Encryption > Disable new DMA devices when this computer is locked,registry,HKLM\SOFTWARE\Policies\Microsoft\FVE,DisableExternalDMAUnderLock,REG_DWORD,1,MSFT Windows 11 24H2 - BitLocker,,,,,,,,no_name_match,native:Microsoft.Windows/Registry,,,,S1472;S-oeh7ui3h
System\Power Management\Sleep Settings > Allow standby states (S1-S3) when sleeping (on battery),registry,HKLM\SOFTWARE\Policies\Microsoft\Power\PowerSettings\abfc2519-3608-4c2a-94ea-171b0ed546ab,DCSettingIndex,REG_DWORD,0,MSFT Windows 11 24H2 - BitLocker,,,,,,,,yes,native:Microsoft.Windows/Registry,,,,S1472;S-oeh7ui3h
System\Power Management\Sleep Settings > Allow standby states (S1-S3) when sleeping (plugged in),registry,HKLM\SOFTWARE\Policies\Microsoft\Power\PowerSettings\abfc2519-3608-4c2a-94ea-171b0ed546ab,ACSettingIndex,REG_DWORD,0,MSFT Windows 11 24H2 - BitLocker,,,,,,,,yes,native:Microsoft.Windows/Registry,,,,S1472;S-oeh7ui3h
HKLM\SOFTWARE\Policies\Microsoft\Windows\DeviceInstall\Restrictions!DenyDeviceClasses,registry,HKLM\SOFTWARE\Policies\Microsoft\Windows\DeviceInstall\Restrictions,DenyDeviceClasses,REG_DWORD,1,MSFT Windows 11 24H2 - BitLocker,,,,,,,,no_name_match,native:Microsoft.Windows/Registry,,,,S1472;S-oeh7ui3h
HKLM\SOFTWARE\Policies\Microsoft\Windows\DeviceInstall\Restrictions!DenyDeviceClassesRetroactive,registry,HKLM\SOFTWARE\Policies\Microsoft\Windows\DeviceInstall\Restrictions,DenyDeviceClassesRetroactive,REG_DWORD,1,MSFT Windows 11 24H2 - BitLocker,,,,,,,,no_name_match,native:Microsoft.Windows/Registry,,,,S1472;S-oeh7ui3h
HKLM\SOFTWARE\Policies\Microsoft\Windows\DeviceInstall\Restrictions\DenyDeviceClasses!**delvals.,registry,HKLM\SOFTWARE\Policies\Microsoft\Windows\DeviceInstall\Restrictions\DenyDeviceClasses,**delvals.,REG_SZ, ,MSFT Windows 11 24H2 - BitLocker,,,,,,,,no_name_match,native:Microsoft.Windows/Registry,,,,S1472;S-oeh7ui3h
HKLM\SOFTWARE\Policies\Microsoft\Windows\DeviceInstall\Restrictions\DenyDeviceClasses!1,registry,HKLM\SOFTWARE\Policies\Microsoft\Windows\DeviceInstall\Restrictions\DenyDeviceClasses,1,REG_SZ,{d48179be-ec20-11d1-b6b8-00c04fa372a7},MSFT Windows 11 24H2 - BitLocker,,,,,,,,no_name_match,native:Microsoft.Windows/Registry,,,,S1472;S-oeh7ui3h
HKLM\System\CurrentControlSet\Policies\Microsoft\FVE!RDVDenyWriteAccess,registry,HKLM\System\CurrentControlSet\Policies\Microsoft\FVE,RDVDenyWriteAccess,REG_DWORD,1,MSFT Windows 11 24H2 - BitLocker,,,,,,,,no_name_match,native:Microsoft.Windows/Registry,,,,S1472;S-oeh7ui3h
"Windows Components\Internet Explorer\Security Features\Add-on Management > Remove ""Run this time"" button for outdated ActiveX controls in Internet Explorer ",registry,HKLM\Software\Microsoft\Windows\CurrentVersion\Policies\Ext,RunThisTimeEnabled,REG_DWORD,0,MSFT Internet Explorer 11 - Computer,,,,,,,,yes,native:Microsoft.Windows/Registry,,,,S1472;S-oeh7ui3h
Windows Components\Internet Explorer\Security Features\Add-on Management > Turn off blocking of outdated ActiveX controls for Internet Explorer,registry,HKLM\Software\Microsoft\Windows\CurrentVersion\Policies\Ext,VersionCheckEnabled,REG_DWORD,1,MSFT Internet Explorer 11 - Computer,,,,,,,,yes,native:Microsoft.Windows/Registry,,,,S1472;S-oeh7ui3h
Windows Components\Internet Explorer\Internet Control Panel\Advanced Page > Allow software to run or install even if the signature is invalid,registry,HKLM\Software\Policies\Microsoft\Internet Explorer\Download,RunInvalidSignatures,REG_DWORD,0,MSFT Internet Explorer 11 - Computer,,,,,,,,yes,native:Microsoft.Windows/Registry,,,,S1472;S-oeh7ui3h
Windows Components\Internet Explorer\Internet Control Panel\Advanced Page > Check for signatures on downloaded programs,registry,HKLM\Software\Policies\Microsoft\Internet Explorer\Download,CheckExeSignatures,REG_SZ,yes,MSFT Internet Explorer 11 - Computer,,,,,,,,yes,native:Microsoft.Windows/Registry,,,,S1472;S-oeh7ui3h
Windows Components\Internet Explorer\Internet Control Panel\Advanced Page > Turn on 64-bit tab processes when running in Enhanced Protected Mode on 64-bit versions of Windows,registry,HKLM\Software\Policies\Microsoft\Internet Explorer\Main,Isolation64Bit,REG_DWORD,1,MSFT Internet Explorer 11 - Computer,,,,,,,,yes,native:Microsoft.Windows/Registry,,,,S1472;S-oeh7ui3h
Windows Components\Internet Explorer\Internet Control Panel\Advanced Page > Do not allow ActiveX controls to run in Protected Mode when Enhanced Protected Mode is enabled,registry,HKLM\Software\Policies\Microsoft\Internet Explorer\Main,DisableEPMCompat,REG_DWORD,1,MSFT Internet Explorer 11 - Computer,,,,,,,,yes,native:Microsoft.Windows/Registry,,,,S1472;S-oeh7ui3h
Windows Components\Internet Explorer\Internet Control Panel\Advanced Page > Turn on Enhanced Protected Mode,registry,HKLM\Software\Policies\Microsoft\Internet Explorer\Main,Isolation,REG_SZ,PMEM,MSFT Internet Explorer 11 - Computer,,,,,,,,yes,native:Microsoft.Windows/Registry,,,,S1472;S-oeh7ui3h
HKLM\Software\Policies\Microsoft\Internet Explorer\Main\FeatureControl\FEATURE_DISABLE_MK_PROTOCOL!(Reserved),registry,HKLM\Software\Policies\Microsoft\Internet Explorer\Main\FeatureControl\FEATURE_DISABLE_MK_PROTOCOL,(Reserved),REG_SZ,1,MSFT Internet Explorer 11 - Computer,,,,,,,,no_name_match,native:Microsoft.Windows/Registry,,,,S1472;S-oeh7ui3h
HKLM\Software\Policies\Microsoft\Internet Explorer\Main\FeatureControl\FEATURE_DISABLE_MK_PROTOCOL!iexplore.exe,registry,HKLM\Software\Policies\Microsoft\Internet Explorer\Main\FeatureControl\FEATURE_DISABLE_MK_PROTOCOL,iexplore.exe,REG_SZ,1,MSFT Internet Explorer 11 - Computer,,,,,,,,no_name_match,native:Microsoft.Windows/Registry,,,,S1472;S-oeh7ui3h
HKLM\Software\Policies\Microsoft\Internet Explorer\Main\FeatureControl\FEATURE_DISABLE_MK_PROTOCOL!explorer.exe,registry,HKLM\Software\Policies\Microsoft\Internet Explorer\Main\FeatureControl\FEATURE_DISABLE_MK_PROTOCOL,explorer.exe,REG_SZ,1,MSFT Internet Explorer 11 - Computer,,,,,,,,no_name_match,native:Microsoft.Windows/Registry,,,,S1472;S-oeh7ui3h
HKLM\Software\Policies\Microsoft\Internet Explorer\Main\FeatureControl\FEATURE_MIME_HANDLING!explorer.exe,registry,HKLM\Software\Policies\Microsoft\Internet Explorer\Main\FeatureControl\FEATURE_MIME_HANDLING,explorer.exe,REG_SZ,1,MSFT Internet Explorer 11 - Computer,,,,,,,,no_name_match,native:Microsoft.Windows/Registry,,,,S1472;S-oeh7ui3h
HKLM\Software\Policies\Microsoft\Internet Explorer\Main\FeatureControl\FEATURE_MIME_HANDLING!iexplore.exe,registry,HKLM\Software\Policies\Microsoft\Internet Explorer\Main\FeatureControl\FEATURE_MIME_HANDLING,iexplore.exe,REG_SZ,1,MSFT Internet Explorer 11 - Computer,,,,,,,,no_name_match,native:Microsoft.Windows/Registry,,,,S1472;S-oeh7ui3h
HKLM\Software\Policies\Microsoft\Internet Explorer\Main\FeatureControl\FEATURE_MIME_HANDLING!(Reserved),registry,HKLM\Software\Policies\Microsoft\Internet Explorer\Main\FeatureControl\FEATURE_MIME_HANDLING,(Reserved),REG_SZ,1,MSFT Internet Explorer 11 - Computer,,,,,,,,no_name_match,native:Microsoft.Windows/Registry,,,,S1472;S-oeh7ui3h
HKLM\Software\Policies\Microsoft\Internet Explorer\Main\FeatureControl\FEATURE_MIME_SNIFFING!explorer.exe,registry,HKLM\Software\Policies\Microsoft\Internet Explorer\Main\FeatureControl\FEATURE_MIME_SNIFFING,explorer.exe,REG_SZ,1,MSFT Internet Explorer 11 - Computer,,,,,,,,no_name_match,native:Microsoft.Windows/Registry,,,,S1472;S-oeh7ui3h
HKLM\Software\Policies\Microsoft\Internet Explorer\Main\FeatureControl\FEATURE_MIME_SNIFFING!iexplore.exe,registry,HKLM\Software\Policies\Microsoft\Internet Explorer\Main\FeatureControl\FEATURE_MIME_SNIFFING,iexplore.exe,REG_SZ,1,MSFT Internet Explorer 11 - Computer,,,,,,,,no_name_match,native:Microsoft.Windows/Registry,,,,S1472;S-oeh7ui3h
HKLM\Software\Policies\Microsoft\Internet Explorer\Main\FeatureControl\FEATURE_MIME_SNIFFING!(Reserved),registry,HKLM\Software\Policies\Microsoft\Internet Explorer\Main\FeatureControl\FEATURE_MIME_SNIFFING,(Reserved),REG_SZ,1,MSFT Internet Explorer 11 - Computer,,,,,,,,no_name_match,native:Microsoft.Windows/Registry,,,,S1472;S-oeh7ui3h
HKLM\Software\Policies\Microsoft\Internet Explorer\Main\FeatureControl\FEATURE_RESTRICT_ACTIVEXINSTALL!(Reserved),registry,HKLM\Software\Policies\Microsoft\Internet Explorer\Main\FeatureControl\FEATURE_RESTRICT_ACTIVEXINSTALL,(Reserved),REG_SZ,1,MSFT Internet Explorer 11 - Computer,,,,,,,,no_name_match,native:Microsoft.Windows/Registry,,,,S1472;S-oeh7ui3h
HKLM\Software\Policies\Microsoft\Internet Explorer\Main\FeatureControl\FEATURE_RESTRICT_ACTIVEXINSTALL!explorer.exe,registry,HKLM\Software\Policies\Microsoft\Internet Explorer\Main\FeatureControl\FEATURE_RESTRICT_ACTIVEXINSTALL,explorer.exe,REG_SZ,1,MSFT Internet Explorer 11 - Computer,,,,,,,,no_name_match,native:Microsoft.Windows/Registry,,,,S1472;S-oeh7ui3h
HKLM\Software\Policies\Microsoft\Internet Explorer\Main\FeatureControl\FEATURE_RESTRICT_ACTIVEXINSTALL!iexplore.exe,registry,HKLM\Software\Policies\Microsoft\Internet Explorer\Main\FeatureControl\FEATURE_RESTRICT_ACTIVEXINSTALL,iexplore.exe,REG_SZ,1,MSFT Internet Explorer 11 - Computer,,,,,,,,no_name_match,native:Microsoft.Windows/Registry,,,,S1472;S-oeh7ui3h
HKLM\Software\Policies\Microsoft\Internet Explorer\Main\FeatureControl\FEATURE_RESTRICT_FILEDOWNLOAD!(Reserved),registry,HKLM\Software\Policies\Microsoft\Internet Explorer\Main\FeatureControl\FEATURE_RESTRICT_FILEDOWNLOAD,(Reserved),REG_SZ,1,MSFT Internet Explorer 11 - Computer,,,,,,,,no_name_match,native:Microsoft.Windows/Registry,,,,S1472;S-oeh7ui3h
HKLM\Software\Policies\Microsoft\Internet Explorer\Main\FeatureControl\FEATURE_RESTRICT_FILEDOWNLOAD!iexplore.exe,registry,HKLM\Software\Policies\Microsoft\Internet Explorer\Main\FeatureControl\FEATURE_RESTRICT_FILEDOWNLOAD,iexplore.exe,REG_SZ,1,MSFT Internet Explorer 11 - Computer,,,,,,,,no_name_match,native:Microsoft.Windows/Registry,,,,S1472;S-oeh7ui3h
HKLM\Software\Policies\Microsoft\Internet Explorer\Main\FeatureControl\FEATURE_RESTRICT_FILEDOWNLOAD!explorer.exe,registry,HKLM\Software\Policies\Microsoft\Internet Explorer\Main\FeatureControl\FEATURE_RESTRICT_FILEDOWNLOAD,explorer.exe,REG_SZ,1,MSFT Internet Explorer 11 - Computer,,,,,,,,no_name_match,native:Microsoft.Windows/Registry,,,,S1472;S-oeh7ui3h
HKLM\Software\Policies\Microsoft\Internet Explorer\Main\FeatureControl\FEATURE_SECURITYBAND!(Reserved),registry,HKLM\Software\Policies\Microsoft\Internet Explorer\Main\FeatureControl\FEATURE_SECURITYBAND,(Reserved),REG_SZ,1,MSFT Internet Explorer 11 - Computer,,,,,,,,no_name_match,native:Microsoft.Windows/Registry,,,,S1472;S-oeh7ui3h
HKLM\Software\Policies\Microsoft\Internet Explorer\Main\FeatureControl\FEATURE_SECURITYBAND!iexplore.exe,registry,HKLM\Software\Policies\Microsoft\Internet Explorer\Main\FeatureControl\FEATURE_SECURITYBAND,iexplore.exe,REG_SZ,1,MSFT Internet Explorer 11 - Computer,,,,,,,,no_name_match,native:Microsoft.Windows/Registry,,,,S1472;S-oeh7ui3h
HKLM\Software\Policies\Microsoft\Internet Explorer\Main\FeatureControl\FEATURE_SECURITYBAND!explorer.exe,registry,HKLM\Software\Policies\Microsoft\Internet Explorer\Main\FeatureControl\FEATURE_SECURITYBAND,explorer.exe,REG_SZ,1,MSFT Internet Explorer 11 - Computer,,,,,,,,no_name_match,native:Microsoft.Windows/Registry,,,,S1472;S-oeh7ui3h
HKLM\Software\Policies\Microsoft\Internet Explorer\Main\FeatureControl\FEATURE_WINDOW_RESTRICTIONS!iexplore.exe,registry,HKLM\Software\Policies\Microsoft\Internet Explorer\Main\FeatureControl\FEATURE_WINDOW_RESTRICTIONS,iexplore.exe,REG_SZ,1,MSFT Internet Explorer 11 - Computer,,,,,,,,no_name_match,native:Microsoft.Windows/Registry,,,,S1472;S-oeh7ui3h
HKLM\Software\Policies\Microsoft\Internet Explorer\Main\FeatureControl\FEATURE_WINDOW_RESTRICTIONS!(Reserved),registry,HKLM\Software\Policies\Microsoft\Internet Explorer\Main\FeatureControl\FEATURE_WINDOW_RESTRICTIONS,(Reserved),REG_SZ,1,MSFT Internet Explorer 11 - Computer,,,,,,,,no_name_match,native:Microsoft.Windows/Registry,,,,S1472;S-oeh7ui3h
HKLM\Software\Policies\Microsoft\Internet Explorer\Main\FeatureControl\FEATURE_WINDOW_RESTRICTIONS!explorer.exe,registry,HKLM\Software\Policies\Microsoft\Internet Explorer\Main\FeatureControl\FEATURE_WINDOW_RESTRICTIONS,explorer.exe,REG_SZ,1,MSFT Internet Explorer 11 - Computer,,,,,,,,no_name_match,native:Microsoft.Windows/Registry,,,,S1472;S-oeh7ui3h
HKLM\Software\Policies\Microsoft\Internet Explorer\Main\FeatureControl\FEATURE_ZONE_ELEVATION!(Reserved),registry,HKLM\Software\Policies\Microsoft\Internet Explorer\Main\FeatureControl\FEATURE_ZONE_ELEVATION,(Reserved),REG_SZ,1,MSFT Internet Explorer 11 - Computer,,,,,,,,no_name_match,native:Microsoft.Windows/Registry,,,,S1472;S-oeh7ui3h
HKLM\Software\Policies\Microsoft\Internet Explorer\Main\FeatureControl\FEATURE_ZONE_ELEVATION!explorer.exe,registry,HKLM\Software\Policies\Microsoft\Internet Explorer\Main\FeatureControl\FEATURE_ZONE_ELEVATION,explorer.exe,REG_SZ,1,MSFT Internet Explorer 11 - Computer,,,,,,,,no_name_match,native:Microsoft.Windows/Registry,,,,S1472;S-oeh7ui3h
HKLM\Software\Policies\Microsoft\Internet Explorer\Main\FeatureControl\FEATURE_ZONE_ELEVATION!iexplore.exe,registry,HKLM\Software\Policies\Microsoft\Internet Explorer\Main\FeatureControl\FEATURE_ZONE_ELEVATION,iexplore.exe,REG_SZ,1,MSFT Internet Explorer 11 - Computer,,,,,,,,no_name_match,native:Microsoft.Windows/Registry,,,,S1472;S-oeh7ui3h
Windows Components\Internet Explorer > Prevent bypassing SmartScreen Filter warnings about files that are not commonly downloaded from the Internet,registry,HKLM\Software\Policies\Microsoft\Internet Explorer\PhishingFilter,PreventOverrideAppRepUnknown,REG_DWORD,1,MSFT Internet Explorer 11 - Computer,,,,,,,,yes,native:Microsoft.Windows/Registry,,,,S1472;S-oeh7ui3h
Windows Components\Internet Explorer > Prevent bypassing SmartScreen Filter warnings,registry,HKLM\Software\Policies\Microsoft\Internet Explorer\PhishingFilter,PreventOverride,REG_DWORD,1,MSFT Internet Explorer 11 - Computer,,,,,,,,yes,native:Microsoft.Windows/Registry,,,,S1472;S-oeh7ui3h
Windows Components\Internet Explorer > Prevent managing SmartScreen Filter,registry,HKLM\Software\Policies\Microsoft\Internet Explorer\PhishingFilter,EnabledV9,REG_DWORD,1,MSFT Internet Explorer 11 - Computer,,,,,,,,yes,native:Microsoft.Windows/Registry,,,,S1472;S-oeh7ui3h
Windows Components\Internet Explorer > Turn off Crash Detection,registry,HKLM\Software\Policies\Microsoft\Internet Explorer\Restrictions,NoCrashDetection,REG_DWORD,1,MSFT Internet Explorer 11 - Computer,,,,,,,,yes,native:Microsoft.Windows/Registry,,,,S1472;S-oeh7ui3h
Windows Components\Internet Explorer > Turn off the Security Settings Check feature,registry,HKLM\Software\Policies\Microsoft\Internet Explorer\Security,DisableSecuritySettingsCheck,REG_DWORD,0,MSFT Internet Explorer 11 - Computer,,,,,,,,yes,native:Microsoft.Windows/Registry,,,,S1472;S-oeh7ui3h
Windows Components\Internet Explorer > Prevent per-user installation of ActiveX controls,registry,HKLM\Software\Policies\Microsoft\Internet Explorer\Security\ActiveX,BlockNonAdminActiveXInstall,REG_DWORD,1,MSFT Internet Explorer 11 - Computer,,,,,,,,yes,native:Microsoft.Windows/Registry,,,,S1472;S-oeh7ui3h
Windows Components\Internet Explorer > Specify use of ActiveX Installer Service for installation of ActiveX controls,registry,HKLM\Software\Policies\Microsoft\Windows\AxInstaller,OnlyUseAXISForActiveXInstall,REG_DWORD,1,MSFT Internet Explorer 11 - Computer,,,,,,,,yes,native:Microsoft.Windows/Registry,,,,S1472;S-oeh7ui3h
Windows Components\Internet Explorer > Security Zones: Do not allow users to add/delete sites,registry,HKLM\Software\Policies\Microsoft\Windows\CurrentVersion\Internet Settings,Security_zones_map_edit,REG_DWORD,1,MSFT Internet Explorer 11 - Computer,,,,,,,,yes,native:Microsoft.Windows/Registry,,,,S1472;S-oeh7ui3h
Windows Components\Internet Explorer > Security Zones: Do not allow users to change policies,registry,HKLM\Software\Policies\Microsoft\Windows\CurrentVersion\Internet Settings,Security_options_edit,REG_DWORD,1,MSFT Internet Explorer 11 - Computer,,,,,,,,yes,native:Microsoft.Windows/Registry,,,,S1472;S-oeh7ui3h
Windows Components\Internet Explorer > Security Zones: Use only machine settings ,registry,HKLM\Software\Policies\Microsoft\Windows\CurrentVersion\Internet Settings,Security_HKLM_only,REG_DWORD,1,MSFT Internet Explorer 11 - Computer,,,,,,,,yes,native:Microsoft.Windows/Registry,,,,S1472;S-oeh7ui3h
Windows Components\Internet Explorer\Internet Control Panel\Advanced Page > Check for server certificate revocation,registry,HKLM\Software\Policies\Microsoft\Windows\CurrentVersion\Internet Settings,CertificateRevocation,REG_DWORD,1,MSFT Internet Explorer 11 - Computer,,,,,,,,yes,native:Microsoft.Windows/Registry,,,,S1472;S-oeh7ui3h
Windows Components\Internet Explorer\Internet Control Panel > Prevent ignoring certificate errors,registry,HKLM\Software\Policies\Microsoft\Windows\CurrentVersion\Internet Settings,PreventIgnoreCertErrors,REG_DWORD,1,MSFT Internet Explorer 11 - Computer,,,,,,,,yes,native:Microsoft.Windows/Registry,,,,S1472;S-oeh7ui3h
Windows Components\Internet Explorer\Internet Control Panel\Security Page > Turn on certificate address mismatch warning,registry,HKLM\Software\Policies\Microsoft\Windows\CurrentVersion\Internet Settings,WarnOnBadCertRecving,REG_DWORD,1,MSFT Internet Explorer 11 - Computer,,,,,,,,yes,native:Microsoft.Windows/Registry,,,,S1472;S-oeh7ui3h
HKLM\Software\Policies\Microsoft\Windows\CurrentVersion\Internet Settings!EnableSSL3Fallback,registry,HKLM\Software\Policies\Microsoft\Windows\CurrentVersion\Internet Settings,EnableSSL3Fallback,REG_DWORD,0,MSFT Internet Explorer 11 - Computer,,,,,,,,no_name_match,native:Microsoft.Windows/Registry,,,,S1472;S-oeh7ui3h
Windows Components\Internet Explorer\Internet Control Panel\Advanced Page > Turn off encryption support,registry,HKLM\Software\Policies\Microsoft\Windows\CurrentVersion\Internet Settings,SecureProtocols,REG_DWORD,2560,MSFT Internet Explorer 11 - Computer,,,,,,,,yes,native:Microsoft.Windows/Registry,,,,S1472;S-oeh7ui3h
Windows Components\Internet Explorer\Internet Control Panel\Security Page\Locked-Down Local Machine Zone > Java permissions,registry,HKLM\Software\Policies\Microsoft\Windows\CurrentVersion\Internet Settings\Lockdown_Zones\0,1C00,REG_DWORD,0,MSFT Internet Explorer 11 - Computer,,,,,,,,yes,native:Microsoft.Windows/Registry,,,,S1472;S-oeh7ui3h
Windows Components\Internet Explorer\Internet Control Panel\Security Page\Locked-Down Intranet Zone > Java permissions,registry,HKLM\Software\Policies\Microsoft\Windows\CurrentVersion\Internet Settings\Lockdown_Zones\1,1C00,REG_DWORD,0,MSFT Internet Explorer 11 - Computer,,,,,,,,yes,native:Microsoft.Windows/Registry,,,,S1472;S-oeh7ui3h
Windows Components\Internet Explorer\Internet Control Panel\Security Page\Locked-Down Trusted Sites Zone > Java permissions,registry,HKLM\Software\Policies\Microsoft\Windows\CurrentVersion\Internet Settings\Lockdown_Zones\2,1C00,REG_DWORD,0,MSFT Internet Explorer 11 - Computer,,,,,,,,yes,native:Microsoft.Windows/Registry,,,,S1472;S-oeh7ui3h
Windows Components\Internet Explorer\Internet Control Panel\Security Page\Locked-Down Internet Zone > Turn on SmartScreen Filter scan,registry,HKLM\Software\Policies\Microsoft\Windows\CurrentVersion\Internet Settings\Lockdown_Zones\3,2301,REG_DWORD,0,MSFT Internet Explorer 11 - Computer,,,,,,,,yes,native:Microsoft.Windows/Registry,,,,S1472;S-oeh7ui3h
Windows Components\Internet Explorer\Internet Control Panel\Security Page\Locked-Down Restricted Sites Zone > Turn on SmartScreen Filter scan,registry,HKLM\Software\Policies\Microsoft\Windows\CurrentVersion\Internet Settings\Lockdown_Zones\4,2301,REG_DWORD,0,MSFT Internet Explorer 11 - Computer,,,,,,,,yes,native:Microsoft.Windows/Registry,,,,S1472;S-oeh7ui3h
Windows Components\Internet Explorer\Internet Control Panel\Security Page\Locked-Down Restricted Sites Zone > Java permissions,registry,HKLM\Software\Policies\Microsoft\Windows\CurrentVersion\Internet Settings\Lockdown_Zones\4,1C00,REG_DWORD,0,MSFT Internet Explorer 11 - Computer,,,,,,,,yes,native:Microsoft.Windows/Registry,,,,S1472;S-oeh7ui3h
Windows Components\Internet Explorer\Internet Control Panel\Security Page > Intranet Sites: Include all network paths (UNCs),registry,HKLM\Software\Policies\Microsoft\Windows\CurrentVersion\Internet Settings\ZoneMap,UNCAsIntranet,REG_DWORD,0,MSFT Internet Explorer 11 - Computer,,,,,,,,yes,native:Microsoft.Windows/Registry,,,,S1472;S-oeh7ui3h
Windows Components\Internet Explorer\Internet Control Panel\Security Page\Local Machine Zone > Java permissions,registry,HKLM\Software\Policies\Microsoft\Windows\CurrentVersion\Internet Settings\Zones\0,1C00,REG_DWORD,0,MSFT Internet Explorer 11 - Computer,,,,,,,,yes,native:Microsoft.Windows/Registry,,,,S1472;S-oeh7ui3h
Windows Components\Internet Explorer\Internet Control Panel\Security Page\Local Machine Zone > Don't run antimalware programs against ActiveX controls,registry,HKLM\Software\Policies\Microsoft\Windows\CurrentVersion\Internet Settings\Zones\0,270C,REG_DWORD,0,MSFT Internet Explorer 11 - Computer,,,,,,,,yes,native:Microsoft.Windows/Registry,,,,S1472;S-oeh7ui3h
Windows Components\Internet Explorer\Internet Control Panel\Security Page\Intranet Zone > Don't run antimalware programs against ActiveX controls,registry,HKLM\Software\Policies\Microsoft\Windows\CurrentVersion\Internet Settings\Zones\1,270C,REG_DWORD,0,MSFT Internet Explorer 11 - Computer,,,,,,,,yes,native:Microsoft.Windows/Registry,,,,S1472;S-oeh7ui3h
Windows Components\Internet Explorer\Internet Control Panel\Security Page\Intranet Zone > Initialize and script ActiveX controls not marked as safe,registry,HKLM\Software\Policies\Microsoft\Windows\CurrentVersion\Internet Settings\Zones\1,1201,REG_DWORD,3,MSFT Internet Explorer 11 - Computer,,,,,,,,yes,native:Microsoft.Windows/Registry,,,,S1472;S-oeh7ui3h
Windows Components\Internet Explorer\Internet Control Panel\Security Page\Intranet Zone > Java permissions,registry,HKLM\Software\Policies\Microsoft\Windows\CurrentVersion\Internet Settings\Zones\1,1C00,REG_DWORD,65536,MSFT Internet Explorer 11 - Computer,,,,,,,,yes,native:Microsoft.Windows/Registry,,,,S1472;S-oeh7ui3h
Windows Components\Internet Explorer\Internet Control Panel\Security Page\Trusted Sites Zone > Java permissions,registry,HKLM\Software\Policies\Microsoft\Windows\CurrentVersion\Internet Settings\Zones\2,1C00,REG_DWORD,65536,MSFT Internet Explorer 11 - Computer,,,,,,,,yes,native:Microsoft.Windows/Registry,,,,S1472;S-oeh7ui3h
Windows Components\Internet Explorer\Internet Control Panel\Security Page\Trusted Sites Zone > Don't run antimalware programs against ActiveX controls,registry,HKLM\Software\Policies\Microsoft\Windows\CurrentVersion\Internet Settings\Zones\2,270C,REG_DWORD,0,MSFT Internet Explorer 11 - Computer,,,,,,,,yes,native:Microsoft.Windows/Registry,,,,S1472;S-oeh7ui3h
Windows Components\Internet Explorer\Internet Control Panel\Security Page\Trusted Sites Zone > Initialize and script ActiveX controls not marked as safe,registry,HKLM\Software\Policies\Microsoft\Windows\CurrentVersion\Internet Settings\Zones\2,1201,REG_DWORD,3,MSFT Internet Explorer 11 - Computer,,,,,,,,yes,native:Microsoft.Windows/Registry,,,,S1472;S-oeh7ui3h
Windows Components\Internet Explorer\Internet Control Panel\Security Page\Internet Zone > Run .NET Framework-reliant components signed with Authenticode,registry,HKLM\Software\Policies\Microsoft\Windows\CurrentVersion\Internet Settings\Zones\3,2001,REG_DWORD,3,MSFT Internet Explorer 11 - Computer,,,,,,,,yes,native:Microsoft.Windows/Registry,,,,S1472;S-oeh7ui3h
Windows Components\Internet Explorer\Internet Control Panel\Security Page\Internet Zone > Allow script-initiated windows without size or position constraints,registry,HKLM\Software\Policies\Microsoft\Windows\CurrentVersion\Internet Settings\Zones\3,2102,REG_DWORD,3,MSFT Internet Explorer 11 - Computer,,,,,,,,yes,native:Microsoft.Windows/Registry,,,,S1472;S-oeh7ui3h
Windows Components\Internet Explorer\Internet Control Panel\Security Page\Internet Zone > Allow drag and drop or copy and paste files,registry,HKLM\Software\Policies\Microsoft\Windows\CurrentVersion\Internet Settings\Zones\3,1802,REG_DWORD,3,MSFT Internet Explorer 11 - Computer,,,,,,,,yes,native:Microsoft.Windows/Registry,,,,S1472;S-oeh7ui3h
Windows Components\Internet Explorer\Internet Control Panel\Security Page\Internet Zone > Include local path when user is uploading files to a server,registry,HKLM\Software\Policies\Microsoft\Windows\CurrentVersion\Internet Settings\Zones\3,160A,REG_DWORD,3,MSFT Internet Explorer 11 - Computer,,,,,,,,yes,native:Microsoft.Windows/Registry,,,,S1472;S-oeh7ui3h
Windows Components\Internet Explorer\Internet Control Panel\Security Page\Internet Zone > Initialize and script ActiveX controls not marked as safe,registry,HKLM\Software\Policies\Microsoft\Windows\CurrentVersion\Internet Settings\Zones\3,1201,REG_DWORD,3,MSFT Internet Explorer 11 - Computer,,,,,,,,yes,native:Microsoft.Windows/Registry,,,,S1472;S-oeh7ui3h
Windows Components\Internet Explorer\Internet Control Panel\Security Page\Internet Zone > Access data sources across domains,registry,HKLM\Software\Policies\Microsoft\Windows\CurrentVersion\Internet Settings\Zones\3,1406,REG_DWORD,3,MSFT Internet Explorer 11 - Computer,,,,,,,,yes,native:Microsoft.Windows/Registry,,,,S1472;S-oeh7ui3h
Windows Components\Internet Explorer\Internet Control Panel\Security Page\Internet Zone > Launching applications and files in an IFRAME,registry,HKLM\Software\Policies\Microsoft\Windows\CurrentVersion\Internet Settings\Zones\3,1804,REG_DWORD,3,MSFT Internet Explorer 11 - Computer,,,,,,,,yes,native:Microsoft.Windows/Registry,,,,S1472;S-oeh7ui3h
Windows Components\Internet Explorer\Internet Control Panel\Security Page\Internet Zone > Automatic prompting for file downloads,registry,HKLM\Software\Policies\Microsoft\Windows\CurrentVersion\Internet Settings\Zones\3,2200,REG_DWORD,3,MSFT Internet Explorer 11 - Computer,,,,,,,,yes,native:Microsoft.Windows/Registry,,,,S1472;S-oeh7ui3h
Windows Components\Internet Explorer\Internet Control Panel\Security Page\Internet Zone > Allow scriptlets,registry,HKLM\Software\Policies\Microsoft\Windows\CurrentVersion\Internet Settings\Zones\3,1209,REG_DWORD,3,MSFT Internet Explorer 11 - Computer,,,,,,,,yes,native:Microsoft.Windows/Registry,,,,S1472;S-oeh7ui3h
Windows Components\Internet Explorer\Internet Control Panel\Security Page\Internet Zone > Allow scripting of Internet Explorer WebBrowser controls,registry,HKLM\Software\Policies\Microsoft\Windows\CurrentVersion\Internet Settings\Zones\3,1206,REG_DWORD,3,MSFT Internet Explorer 11 - Computer,,,,,,,,yes,native:Microsoft.Windows/Registry,,,,S1472;S-oeh7ui3h
Windows Components\Internet Explorer\Internet Control Panel\Security Page\Internet Zone > Use Pop-up Blocker,registry,HKLM\Software\Policies\Microsoft\Windows\CurrentVersion\Internet Settings\Zones\3,1809,REG_DWORD,0,MSFT Internet Explorer 11 - Computer,,,,,,,,yes,native:Microsoft.Windows/Registry,,,,S1472;S-oeh7ui3h
Windows Components\Internet Explorer\Internet Control Panel\Security Page\Internet Zone > Turn on Protected Mode,registry,HKLM\Software\Policies\Microsoft\Windows\CurrentVersion\Internet Settings\Zones\3,2500,REG_DWORD,0,MSFT Internet Explorer 11 - Computer,,,,,,,,yes,native:Microsoft.Windows/Registry,,,,S1472;S-oeh7ui3h
Windows Components\Internet Explorer\Internet Control Panel\Security Page\Internet Zone > Allow updates to status bar via script,registry,HKLM\Software\Policies\Microsoft\Windows\CurrentVersion\Internet Settings\Zones\3,2103,REG_DWORD,3,MSFT Internet Explorer 11 - Computer,,,,,,,,yes,native:Microsoft.Windows/Registry,,,,S1472;S-oeh7ui3h
Windows Components\Internet Explorer\Internet Control Panel\Security Page\Internet Zone > Userdata persistence,registry,HKLM\Software\Policies\Microsoft\Windows\CurrentVersion\Internet Settings\Zones\3,1606,REG_DWORD,3,MSFT Internet Explorer 11 - Computer,,,,,,,,yes,native:Microsoft.Windows/Registry,,,,S1472;S-oeh7ui3h
Windows Components\Internet Explorer\Internet Control Panel\Security Page\Internet Zone > Allow loading of XAML files,registry,HKLM\Software\Policies\Microsoft\Windows\CurrentVersion\Internet Settings\Zones\3,2402,REG_DWORD,3,MSFT Internet Explorer 11 - Computer,,,,,,,,yes,native:Microsoft.Windows/Registry,,,,S1472;S-oeh7ui3h
Windows Components\Internet Explorer\Internet Control Panel\Security Page\Internet Zone > Run .NET Framework-reliant components not signed with Authenticode,registry,HKLM\Software\Policies\Microsoft\Windows\CurrentVersion\Internet Settings\Zones\3,2004,REG_DWORD,3,MSFT Internet Explorer 11 - Computer,,,,,,,,yes,native:Microsoft.Windows/Registry,,,,S1472;S-oeh7ui3h
Windows Components\Internet Explorer\Internet Control Panel\Security Page\Internet Zone > Java permissions,registry,HKLM\Software\Policies\Microsoft\Windows\CurrentVersion\Internet Settings\Zones\3,1C00,REG_DWORD,0,MSFT Internet Explorer 11 - Computer,,,,,,,,yes,native:Microsoft.Windows/Registry,,,,S1472;S-oeh7ui3h
Windows Components\Internet Explorer\Internet Control Panel\Security Page\Internet Zone > Download signed ActiveX controls,registry,HKLM\Software\Policies\Microsoft\Windows\CurrentVersion\Internet Settings\Zones\3,1001,REG_DWORD,3,MSFT Internet Explorer 11 - Computer,,,,,,,,yes,native:Microsoft.Windows/Registry,,,,S1472;S-oeh7ui3h
Windows Components\Internet Explorer\Internet Control Panel\Security Page\Internet Zone > Logon options,registry,HKLM\Software\Policies\Microsoft\Windows\CurrentVersion\Internet Settings\Zones\3,1A00,REG_DWORD,65536,MSFT Internet Explorer 11 - Computer,,,,,,,,yes,native:Microsoft.Windows/Registry,,,,S1472;S-oeh7ui3h
Windows Components\Internet Explorer\Internet Control Panel\Security Page\Internet Zone > Enable dragging of content from different domains within a window,registry,HKLM\Software\Policies\Microsoft\Windows\CurrentVersion\Internet Settings\Zones\3,2708,REG_DWORD,3,MSFT Internet Explorer 11 - Computer,,,,,,,,yes,native:Microsoft.Windows/Registry,,,,S1472;S-oeh7ui3h
Windows Components\Internet Explorer\Internet Control Panel\Security Page\Internet Zone > Download unsigned ActiveX controls,registry,HKLM\Software\Policies\Microsoft\Windows\CurrentVersion\Internet Settings\Zones\3,1004,REG_DWORD,3,MSFT Internet Explorer 11 - Computer,,,,,,,,yes,native:Microsoft.Windows/Registry,,,,S1472;S-oeh7ui3h
Windows Components\Internet Explorer\Internet Control Panel\Security Page\Internet Zone > Allow only approved domains to use ActiveX controls without prompt,registry,HKLM\Software\Policies\Microsoft\Windows\CurrentVersion\Internet Settings\Zones\3,120b,REG_DWORD,3,MSFT Internet Explorer 11 - Computer,,,,,,,,yes,native:Microsoft.Windows/Registry,,,,S1472;S-oeh7ui3h
Windows Components\Internet Explorer\Internet Control Panel\Security Page\Internet Zone > Allow cut copy or paste operations from the clipboard via script,registry,HKLM\Software\Policies\Microsoft\Windows\CurrentVersion\Internet Settings\Zones\3,1407,REG_DWORD,3,MSFT Internet Explorer 11 - Computer,,,,,,,,no_name_match,native:Microsoft.Windows/Registry,,,,S1472;S-oeh7ui3h
Windows Components\Internet Explorer\Internet Control Panel\Security Page\Internet Zone > Turn on Cross-Site Scripting Filter,registry,HKLM\Software\Policies\Microsoft\Windows\CurrentVersion\Internet Settings\Zones\3,1409,REG_DWORD,0,MSFT Internet Explorer 11 - Computer,,,,,,,,yes,native:Microsoft.Windows/Registry,,,,S1472;S-oeh7ui3h
Windows Components\Internet Explorer\Internet Control Panel\Security Page\Internet Zone > Don't run antimalware programs against ActiveX controls,registry,HKLM\Software\Policies\Microsoft\Windows\CurrentVersion\Internet Settings\Zones\3,270C,REG_DWORD,0,MSFT Internet Explorer 11 - Computer,,,,,,,,yes,native:Microsoft.Windows/Registry,,,,S1472;S-oeh7ui3h
Windows Components\Internet Explorer\Internet Control Panel\Security Page\Internet Zone > Navigate windows and frames across different domains,registry,HKLM\Software\Policies\Microsoft\Windows\CurrentVersion\Internet Settings\Zones\3,1607,REG_DWORD,3,MSFT Internet Explorer 11 - Computer,,,,,,,,yes,native:Microsoft.Windows/Registry,,,,S1472;S-oeh7ui3h
Windows Components\Internet Explorer\Internet Control Panel\Security Page\Internet Zone > Enable dragging of content from different domains across windows,registry,HKLM\Software\Policies\Microsoft\Windows\CurrentVersion\Internet Settings\Zones\3,2709,REG_DWORD,3,MSFT Internet Explorer 11 - Computer,,,,,,,,yes,native:Microsoft.Windows/Registry,,,,S1472;S-oeh7ui3h
Windows Components\Internet Explorer\Internet Control Panel\Security Page\Internet Zone > Web sites in less privileged Web content zones can navigate into this zone,registry,HKLM\Software\Policies\Microsoft\Windows\CurrentVersion\Internet Settings\Zones\3,2101,REG_DWORD,3,MSFT Internet Explorer 11 - Computer,,,,,,,,yes,native:Microsoft.Windows/Registry,,,,S1472;S-oeh7ui3h
Windows Components\Internet Explorer\Internet Control Panel\Security Page\Internet Zone > Turn on SmartScreen Filter scan,registry,HKLM\Software\Policies\Microsoft\Windows\CurrentVersion\Internet Settings\Zones\3,2301,REG_DWORD,0,MSFT Internet Explorer 11 - Computer,,,,,,,,yes,native:Microsoft.Windows/Registry,,,,S1472;S-oeh7ui3h
Windows Components\Internet Explorer\Internet Control Panel\Security Page\Internet Zone > Show security warning for potentially unsafe files,registry,HKLM\Software\Policies\Microsoft\Windows\CurrentVersion\Internet Settings\Zones\3,1806,REG_DWORD,1,MSFT Internet Explorer 11 - Computer,,,,,,,,yes,native:Microsoft.Windows/Registry,,,,S1472;S-oeh7ui3h
Windows Components\Internet Explorer\Internet Control Panel\Security Page\Internet Zone > Allow only approved domains to use the TDC ActiveX control,registry,HKLM\Software\Policies\Microsoft\Windows\CurrentVersion\Internet Settings\Zones\3,120c,REG_DWORD,3,MSFT Internet Explorer 11 - Computer,,,,,,,,yes,native:Microsoft.Windows/Registry,,,,S1472;S-oeh7ui3h
Windows Components\Internet Explorer\Internet Control Panel\Security Page\Internet Zone > Allow VBScript to run in Internet Explorer,registry,HKLM\Software\Policies\Microsoft\Windows\CurrentVersion\Internet Settings\Zones\3,140C,REG_DWORD,3,MSFT Internet Explorer 11 - Computer,,,,,,,,yes,native:Microsoft.Windows/Registry,,,,S1472;S-oeh7ui3h
Windows Components\Internet Explorer\Internet Control Panel\Security Page\Restricted Sites Zone > Allow META REFRESH,registry,HKLM\Software\Policies\Microsoft\Windows\CurrentVersion\Internet Settings\Zones\4,1608,REG_DWORD,3,MSFT Internet Explorer 11 - Computer,,,,,,,,yes,native:Microsoft.Windows/Registry,,,,S1472;S-oeh7ui3h
Windows Components\Internet Explorer\Internet Control Panel\Security Page\Restricted Sites Zone > Initialize and script ActiveX controls not marked as safe,registry,HKLM\Software\Policies\Microsoft\Windows\CurrentVersion\Internet Settings\Zones\4,1201,REG_DWORD,3,MSFT Internet Explorer 11 - Computer,,,,,,,,yes,native:Microsoft.Windows/Registry,,,,S1472;S-oeh7ui3h
Windows Components\Internet Explorer\Internet Control Panel\Security Page\Restricted Sites Zone > Download signed ActiveX controls,registry,HKLM\Software\Policies\Microsoft\Windows\CurrentVersion\Internet Settings\Zones\4,1001,REG_DWORD,3,MSFT Internet Explorer 11 - Computer,,,,,,,,yes,native:Microsoft.Windows/Registry,,,,S1472;S-oeh7ui3h
Windows Components\Internet Explorer\Internet Control Panel\Security Page\Restricted Sites Zone > Navigate windows and frames across different domains,registry,HKLM\Software\Policies\Microsoft\Windows\CurrentVersion\Internet Settings\Zones\4,1607,REG_DWORD,3,MSFT Internet Explorer 11 - Computer,,,,,,,,yes,native:Microsoft.Windows/Registry,,,,S1472;S-oeh7ui3h
Windows Components\Internet Explorer\Internet Control Panel\Security Page\Restricted Sites Zone > Allow only approved domains to use ActiveX controls without prompt,registry,HKLM\Software\Policies\Microsoft\Windows\CurrentVersion\Internet Settings\Zones\4,120b,REG_DWORD,3,MSFT Internet Explorer 11 - Computer,,,,,,,,yes,native:Microsoft.Windows/Registry,,,,S1472;S-oeh7ui3h
Windows Components\Internet Explorer\Internet Control Panel\Security Page\Restricted Sites Zone > Use Pop-up Blocker,registry,HKLM\Software\Policies\Microsoft\Windows\CurrentVersion\Internet Settings\Zones\4,1809,REG_DWORD,0,MSFT Internet Explorer 11 - Computer,,,,,,,,yes,native:Microsoft.Windows/Registry,,,,S1472;S-oeh7ui3h
Windows Components\Internet Explorer\Internet Control Panel\Security Page\Restricted Sites Zone > Download unsigned ActiveX controls,registry,HKLM\Software\Policies\Microsoft\Windows\CurrentVersion\Internet Settings\Zones\4,1004,REG_DWORD,3,MSFT Internet Explorer 11 - Computer,,,,,,,,yes,native:Microsoft.Windows/Registry,,,,S1472;S-oeh7ui3h
Windows Components\Internet Explorer\Internet Control Panel\Security Page\Restricted Sites Zone > Userdata persistence,registry,HKLM\Software\Policies\Microsoft\Windows\CurrentVersion\Internet Settings\Zones\4,1606,REG_DWORD,3,MSFT Internet Explorer 11 - Computer,,,,,,,,yes,native:Microsoft.Windows/Registry,,,,S1472;S-oeh7ui3h
Windows Components\Internet Explorer\Internet Control Panel\Security Page\Restricted Sites Zone > Allow cut copy or paste operations from the clipboard via script,registry,HKLM\Software\Policies\Microsoft\Windows\CurrentVersion\Internet Settings\Zones\4,1407,REG_DWORD,3,MSFT Internet Explorer 11 - Computer,,,,,,,,no_name_match,native:Microsoft.Windows/Registry,,,,S1472;S-oeh7ui3h
Windows Components\Internet Explorer\Internet Control Panel\Security Page\Restricted Sites Zone > Include local path when user is uploading files to a server,registry,HKLM\Software\Policies\Microsoft\Windows\CurrentVersion\Internet Settings\Zones\4,160A,REG_DWORD,3,MSFT Internet Explorer 11 - Computer,,,,,,,,yes,native:Microsoft.Windows/Registry,,,,S1472;S-oeh7ui3h
Windows Components\Internet Explorer\Internet Control Panel\Security Page\Restricted Sites Zone > Access data sources across domains,registry,HKLM\Software\Policies\Microsoft\Windows\CurrentVersion\Internet Settings\Zones\4,1406,REG_DWORD,3,MSFT Internet Explorer 11 - Computer,,,,,,,,yes,native:Microsoft.Windows/Registry,,,,S1472;S-oeh7ui3h
Windows Components\Internet Explorer\Internet Control Panel\Security Page\Restricted Sites Zone > Allow script-initiated windows without size or position constraints,registry,HKLM\Software\Policies\Microsoft\Windows\CurrentVersion\Internet Settings\Zones\4,2102,REG_DWORD,3,MSFT Internet Explorer 11 - Computer,,,,,,,,yes,native:Microsoft.Windows/Registry,,,,S1472;S-oeh7ui3h
Windows Components\Internet Explorer\Internet Control Panel\Security Page\Restricted Sites Zone > Run .NET Framework-reliant components not signed with Authenticode,registry,HKLM\Software\Policies\Microsoft\Windows\CurrentVersion\Internet Settings\Zones\4,2004,REG_DWORD,3,MSFT Internet Explorer 11 - Computer,,,,,,,,yes,native:Microsoft.Windows/Registry,,,,S1472;S-oeh7ui3h
Windows Components\Internet Explorer\Internet Control Panel\Security Page\Restricted Sites Zone > Automatic prompting for file downloads,registry,HKLM\Software\Policies\Microsoft\Windows\CurrentVersion\Internet Settings\Zones\4,2200,REG_DWORD,3,MSFT Internet Explorer 11 - Computer,,,,,,,,yes,native:Microsoft.Windows/Registry,,,,S1472;S-oeh7ui3h
Windows Components\Internet Explorer\Internet Control Panel\Security Page\Restricted Sites Zone > Allow binary and script behaviors,registry,HKLM\Software\Policies\Microsoft\Windows\CurrentVersion\Internet Settings\Zones\4,2000,REG_DWORD,3,MSFT Internet Explorer 11 - Computer,,,,,,,,yes,native:Microsoft.Windows/Registry,,,,S1472;S-oeh7ui3h
Windows Components\Internet Explorer\Internet Control Panel\Security Page\Restricted Sites Zone > Scripting of Java applets,registry,HKLM\Software\Policies\Microsoft\Windows\CurrentVersion\Internet Settings\Zones\4,1402,REG_DWORD,3,MSFT Internet Explorer 11 - Computer,,,,,,,,yes,native:Microsoft.Windows/Registry,,,,S1472;S-oeh7ui3h
Windows Components\Internet Explorer\Internet Control Panel\Security Page\Restricted Sites Zone > Allow file downloads,registry,HKLM\Software\Policies\Microsoft\Windows\CurrentVersion\Internet Settings\Zones\4,1803,REG_DWORD,3,MSFT Internet Explorer 11 - Computer,,,,,,,,yes,native:Microsoft.Windows/Registry,,,,S1472;S-oeh7ui3h
Windows Components\Internet Explorer\Internet Control Panel\Security Page\Restricted Sites Zone > Allow loading of XAML files,registry,HKLM\Software\Policies\Microsoft\Windows\CurrentVersion\Internet Settings\Zones\4,2402,REG_DWORD,3,MSFT Internet Explorer 11 - Computer,,,,,,,,yes,native:Microsoft.Windows/Registry,,,,S1472;S-oeh7ui3h
Windows Components\Internet Explorer\Internet Control Panel\Security Page\Restricted Sites Zone > Allow active scripting,registry,HKLM\Software\Policies\Microsoft\Windows\CurrentVersion\Internet Settings\Zones\4,1400,REG_DWORD,3,MSFT Internet Explorer 11 - Computer,,,,,,,,yes,native:Microsoft.Windows/Registry,,,,S1472;S-oeh7ui3h
Windows Components\Internet Explorer\Internet Control Panel\Security Page\Restricted Sites Zone > Logon options,registry,HKLM\Software\Policies\Microsoft\Windows\CurrentVersion\Internet Settings\Zones\4,1A00,REG_DWORD,196608,MSFT Internet Explorer 11 - Computer,,,,,,,,yes,native:Microsoft.Windows/Registry,,,,S1472;S-oeh7ui3h
Windows Components\Internet Explorer\Internet Control Panel\Security Page\Restricted Sites Zone > Run .NET Framework-reliant components signed with Authenticode,registry,HKLM\Software\Policies\Microsoft\Windows\CurrentVersion\Internet Settings\Zones\4,2001,REG_DWORD,3,MSFT Internet Explorer 11 - Computer,,,,,,,,yes,native:Microsoft.Windows/Registry,,,,S1472;S-oeh7ui3h
Windows Components\Internet Explorer\Internet Control Panel\Security Page\Restricted Sites Zone > Turn on Protected Mode,registry,HKLM\Software\Policies\Microsoft\Windows\CurrentVersion\Internet Settings\Zones\4,2500,REG_DWORD,0,MSFT Internet Explorer 11 - Computer,,,,,,,,yes,native:Microsoft.Windows/Registry,,,,S1472;S-oeh7ui3h
Windows Components\Internet Explorer\Internet Control Panel\Security Page\Restricted Sites Zone > Turn on Cross-Site Scripting Filter,registry,HKLM\Software\Policies\Microsoft\Windows\CurrentVersion\Internet Settings\Zones\4,1409,REG_DWORD,0,MSFT Internet Explorer 11 - Computer,,,,,,,,yes,native:Microsoft.Windows/Registry,,,,S1472;S-oeh7ui3h
Windows Components\Internet Explorer\Internet Control Panel\Security Page\Restricted Sites Zone > Java permissions,registry,HKLM\Software\Policies\Microsoft\Windows\CurrentVersion\Internet Settings\Zones\4,1C00,REG_DWORD,0,MSFT Internet Explorer 11 - Computer,,,,,,,,yes,native:Microsoft.Windows/Registry,,,,S1472;S-oeh7ui3h
Windows Components\Internet Explorer\Internet Control Panel\Security Page\Restricted Sites Zone > Allow scriptlets,registry,HKLM\Software\Policies\Microsoft\Windows\CurrentVersion\Internet Settings\Zones\4,1209,REG_DWORD,3,MSFT Internet Explorer 11 - Computer,,,,,,,,yes,native:Microsoft.Windows/Registry,,,,S1472;S-oeh7ui3h
Windows Components\Internet Explorer\Internet Control Panel\Security Page\Restricted Sites Zone > Don't run antimalware programs against ActiveX controls,registry,HKLM\Software\Policies\Microsoft\Windows\CurrentVersion\Internet Settings\Zones\4,270C,REG_DWORD,0,MSFT Internet Explorer 11 - Computer,,,,,,,,yes,native:Microsoft.Windows/Registry,,,,S1472;S-oeh7ui3h
Windows Components\Internet Explorer\Internet Control Panel\Security Page\Restricted Sites Zone > Allow scripting of Internet Explorer WebBrowser controls,registry,HKLM\Software\Policies\Microsoft\Windows\CurrentVersion\Internet Settings\Zones\4,1206,REG_DWORD,3,MSFT Internet Explorer 11 - Computer,,,,,,,,yes,native:Microsoft.Windows/Registry,,,,S1472;S-oeh7ui3h
Windows Components\Internet Explorer\Internet Control Panel\Security Page\Restricted Sites Zone > Enable dragging of content from different domains within a window,registry,HKLM\Software\Policies\Microsoft\Windows\CurrentVersion\Internet Settings\Zones\4,2708,REG_DWORD,3,MSFT Internet Explorer 11 - Computer,,,,,,,,yes,native:Microsoft.Windows/Registry,,,,S1472;S-oeh7ui3h
Windows Components\Internet Explorer\Internet Control Panel\Security Page\Restricted Sites Zone > Allow drag and drop or copy and paste files,registry,HKLM\Software\Policies\Microsoft\Windows\CurrentVersion\Internet Settings\Zones\4,1802,REG_DWORD,3,MSFT Internet Explorer 11 - Computer,,,,,,,,yes,native:Microsoft.Windows/Registry,,,,S1472;S-oeh7ui3h
Windows Components\Internet Explorer\Internet Control Panel\Security Page\Restricted Sites Zone > Allow updates to status bar via script,registry,HKLM\Software\Policies\Microsoft\Windows\CurrentVersion\Internet Settings\Zones\4,2103,REG_DWORD,3,MSFT Internet Explorer 11 - Computer,,,,,,,,yes,native:Microsoft.Windows/Registry,,,,S1472;S-oeh7ui3h
Windows Components\Internet Explorer\Internet Control Panel\Security Page\Restricted Sites Zone > Enable dragging of content from different domains across windows,registry,HKLM\Software\Policies\Microsoft\Windows\CurrentVersion\Internet Settings\Zones\4,2709,REG_DWORD,3,MSFT Internet Explorer 11 - Computer,,,,,,,,yes,native:Microsoft.Windows/Registry,,,,S1472;S-oeh7ui3h
Windows Components\Internet Explorer\Internet Control Panel\Security Page\Restricted Sites Zone > Script ActiveX controls marked safe for scripting,registry,HKLM\Software\Policies\Microsoft\Windows\CurrentVersion\Internet Settings\Zones\4,1405,REG_DWORD,3,MSFT Internet Explorer 11 - Computer,,,,,,,,yes,native:Microsoft.Windows/Registry,,,,S1472;S-oeh7ui3h
Windows Components\Internet Explorer\Internet Control Panel\Security Page\Restricted Sites Zone > Web sites in less privileged Web content zones can navigate into this zone,registry,HKLM\Software\Policies\Microsoft\Windows\CurrentVersion\Internet Settings\Zones\4,2101,REG_DWORD,3,MSFT Internet Explorer 11 - Computer,,,,,,,,yes,native:Microsoft.Windows/Registry,,,,S1472;S-oeh7ui3h
Windows Components\Internet Explorer\Internet Control Panel\Security Page\Restricted Sites Zone > Turn on SmartScreen Filter scan,registry,HKLM\Software\Policies\Microsoft\Windows\CurrentVersion\Internet Settings\Zones\4,2301,REG_DWORD,0,MSFT Internet Explorer 11 - Computer,,,,,,,,yes,native:Microsoft.Windows/Registry,,,,S1472;S-oeh7ui3h
Windows Components\Internet Explorer\Internet Control Panel\Security Page\Restricted Sites Zone > Run ActiveX controls and plugins,registry,HKLM\Software\Policies\Microsoft\Windows\CurrentVersion\Internet Settings\Zones\4,1200,REG_DWORD,3,MSFT Internet Explorer 11 - Computer,,,,,,,,yes,native:Microsoft.Windows/Registry,,,,S1472;S-oeh7ui3h
Windows Components\Internet Explorer\Internet Control Panel\Security Page\Restricted Sites Zone > Launching applications and files in an IFRAME,registry,HKLM\Software\Policies\Microsoft\Windows\CurrentVersion\Internet Settings\Zones\4,1804,REG_DWORD,3,MSFT Internet Explorer 11 - Computer,,,,,,,,yes,native:Microsoft.Windows/Registry,,,,S1472;S-oeh7ui3h
Windows Components\Internet Explorer\Internet Control Panel\Security Page\Restricted Sites Zone > Show security warning for potentially unsafe files,registry,HKLM\Software\Policies\Microsoft\Windows\CurrentVersion\Internet Settings\Zones\4,1806,REG_DWORD,3,MSFT Internet Explorer 11 - Computer,,,,,,,,yes,native:Microsoft.Windows/Registry,,,,S1472;S-oeh7ui3h
Windows Components\Internet Explorer\Internet Control Panel\Security Page\Restricted Sites Zone > Allow only approved domains to use the TDC ActiveX control,registry,HKLM\Software\Policies\Microsoft\Windows\CurrentVersion\Internet Settings\Zones\4,120c,REG_DWORD,3,MSFT Internet Explorer 11 - Computer,,,,,,,,yes,native:Microsoft.Windows/Registry,,,,S1472;S-oeh7ui3h
Windows Components\Internet Explorer\Internet Control Panel\Security Page\Restricted Sites Zone > Allow VBScript to run in Internet Explorer,registry,HKLM\Software\Policies\Microsoft\Windows\CurrentVersion\Internet Settings\Zones\4,140C,REG_DWORD,3,MSFT Internet Explorer 11 - Computer,,,,,,,,yes,native:Microsoft.Windows/Registry,,,,S1472;S-oeh7ui3h
HKCU\Software\Policies\Microsoft\Internet Explorer\Control Panel!FormSuggest Passwords,registry,HKCU\Software\Policies\Microsoft\Internet Explorer\Control Panel,FormSuggest Passwords,REG_DWORD,1,MSFT Internet Explorer 11 - User,,,,,,,,no_name_match,native:Microsoft.Windows/Registry (HKCU: per-user hive; DSC runs as SYSTEM),,,,S1472;S-oeh7ui3h
HKCU\Software\Policies\Microsoft\Internet Explorer\Main!FormSuggest PW Ask,registry,HKCU\Software\Policies\Microsoft\Internet Explorer\Main,FormSuggest PW Ask,REG_SZ,no,MSFT Internet Explorer 11 - User,,,,,,,,no_name_match,native:Microsoft.Windows/Registry (HKCU: per-user hive; DSC runs as SYSTEM),,,,S1472;S-oeh7ui3h
HKCU\Software\Policies\Microsoft\Internet Explorer\Main!FormSuggest Passwords,registry,HKCU\Software\Policies\Microsoft\Internet Explorer\Main,FormSuggest Passwords,REG_SZ,no,MSFT Internet Explorer 11 - User,,,,,,,,no_name_match,native:Microsoft.Windows/Registry (HKCU: per-user hive; DSC runs as SYSTEM),,,,S1472;S-oeh7ui3h
HKCU\Software\Policies\Microsoft\Windows\CloudContent!DisableThirdPartySuggestions,registry,HKCU\Software\Policies\Microsoft\Windows\CloudContent,DisableThirdPartySuggestions,REG_DWORD,1,MSFT Windows 11 24H2 - User,,,,,,,,no_name_match,native:Microsoft.Windows/Registry (HKCU: per-user hive; DSC runs as SYSTEM),,,,S1472;S-oeh7ui3h
HKCU\Software\Policies\Microsoft\Windows\CurrentVersion\PushNotifications!NoToastApplicationNotificationOnLockScreen,registry,HKCU\Software\Policies\Microsoft\Windows\CurrentVersion\PushNotifications,NoToastApplicationNotificationOnLockScreen,REG_DWORD,1,MSFT Windows 11 24H2 - User,,,,,,,,no_name_match,native:Microsoft.Windows/Registry (HKCU: per-user hive; DSC runs as SYSTEM),,,,S1472;S-oeh7ui3h
Network\WLAN Service\WLAN Settings > Allow Windows to automatically connect to suggested open hotspots to networks shared by contacts and to hotspots offering paid services,registry,HKLM\Software\Microsoft\WcmSvc\wifinetworkmanager\config,AutoConnectAllowedOEM,REG_DWORD,0,MSFT Windows 11 24H2 - Computer,,,,,,,,no_name_match,native:Microsoft.Windows/Registry,,,,S1472;S-oeh7ui3h
Windows Components\Credential User Interface > Enumerate administrator accounts on elevation,registry,HKLM\Software\Microsoft\Windows\CurrentVersion\Policies\CredUI,EnumerateAdministrators,REG_DWORD,0,MSFT Windows 11 24H2 - Computer,WN11-CC-000200,0,WN25-CC-000240,,,"OneOf(Equals(0), Equals(null))",18.10.15.2,yes,native:Microsoft.Windows/Registry,,,yes,S1472;S1470;S1471;S-oeh7ui3h;S1598
Windows Components\AutoPlay Policies > Turn off Autoplay,registry,HKLM\Software\Microsoft\Windows\CurrentVersion\Policies\Explorer,NoDriveTypeAutoRun,REG_DWORD,255,MSFT Windows 11 24H2 - Computer,WN11-CC-000190,255,,,,Equals(255),18.10.8.3,yes,native:Microsoft.Windows/Registry,,,yes,S1472;S1470;S-oeh7ui3h;S1598
System\Internet Communication Management\Internet Communication settings > Turn off Internet download for Web publishing and online ordering wizards,registry,HKLM\Software\Microsoft\Windows\CurrentVersion\Policies\Explorer,NoWebServices,REG_DWORD,1,MSFT Windows 11 24H2 - Computer,WN11-CC-000105,1,,,,,,yes,native:Microsoft.Windows/Registry,,,yes,S1472;S1470;S-oeh7ui3h
Windows Components\AutoPlay Policies > Set the default behavior for AutoRun,registry,HKLM\Software\Microsoft\Windows\CurrentVersion\Policies\Explorer,NoAutorun,REG_DWORD,1,MSFT Windows 11 24H2 - Computer,WN11-CC-000185,1,WN25-CC-000220,,,Equals(1),18.10.8.2,yes,native:Microsoft.Windows/Registry,,,yes,S1472;S1470;S1471;S-oeh7ui3h;S1598
System\LAPS > Configure password backup directory,registry,HKLM\Software\Microsoft\Windows\CurrentVersion\Policies\LAPS,BackupDirectory,REG_DWORD,2,MSFT Windows 11 24H2 - Computer,,,,,,,,no_name_match,native:Microsoft.Windows/Registry,,,,S1472;S-oeh7ui3h
System\LAPS > Enable password encryption,registry,HKLM\Software\Microsoft\Windows\CurrentVersion\Policies\LAPS,ADPasswordEncryptionEnabled,REG_DWORD,1,MSFT Windows 11 24H2 - Computer,,,,,,,,no_name_match,native:Microsoft.Windows/Registry,,,,S1472;S-oeh7ui3h
System\LAPS > Enable password backup for DSRM accounts,registry,HKLM\Software\Microsoft\Windows\CurrentVersion\Policies\LAPS,ADBackupDSRMPassword,REG_DWORD,1,MSFT Windows 11 24H2 - Computer,,,,,,,,no_name_match,native:Microsoft.Windows/Registry,,,,S1472;S-oeh7ui3h
Windows Components\App runtime > Allow Microsoft accounts to be optional,registry,HKLM\Software\Microsoft\Windows\CurrentVersion\Policies\System,MSAOptional,REG_DWORD,1,MSFT Windows 11 24H2 - Computer,WN11-CC-000170,1,,,,Equals(1),18.10.6.1 ,yes,native:Microsoft.Windows/Registry,,,yes,S1472;S1470;S-oeh7ui3h;S1598
Windows Components\Windows Logon Options > Sign-in and lock last interactive user automatically after a restart,registry,HKLM\Software\Microsoft\Windows\CurrentVersion\Policies\System,DisableAutomaticRestartSignOn,REG_DWORD,1,MSFT Windows 11 24H2 - Computer,WN11-CC-000325,1,WN25-CC-000450,,,Equals(1),18.10.83.2,yes,native:Microsoft.Windows/Registry,,,yes,S1472;S1470;S1471;S-oeh7ui3h;S1598
MS Security Guide > Apply UAC restrictions to local accounts on network logons,registry,HKLM\Software\Microsoft\Windows\CurrentVersion\Policies\System,LocalAccountTokenFilterPolicy,REG_DWORD,0,MSFT Windows 11 24H2 - Computer,WN11-CC-000037,0,,,,Equals(0),18.4.1,yes,native:Microsoft.Windows/Registry,,,yes,S1472;S1470;S-oeh7ui3h;S1598
Windows Components\Windows Logon Options > Configure the transmission of the user's password in the content of MPR notifications sent by winlogon.,registry,HKLM\Software\Microsoft\Windows\CurrentVersion\Policies\System,EnableMPR,REG_DWORD,0,MSFT Windows 11 24H2 - Computer,,,,,,Equals(0),18.9.28.1,no_name_match,native:Microsoft.Windows/Registry,,,,S1472;S-oeh7ui3h;S1598
System\Credentials Delegation > Encryption Oracle Remediation,registry,HKLM\Software\Microsoft\Windows\CurrentVersion\Policies\System\CredSSP\Parameters,AllowEncryptionOracle,REG_DWORD,0,MSFT Windows 11 24H2 - Computer,,,,,,Equals(0),18.9.4.1,yes,native:Microsoft.Windows/Registry,,,,S1472;S-oeh7ui3h;S1598
HKLM\Software\Microsoft\Windows\CurrentVersion\Policies\System\KDC\Parameters!PKINITHashAlgorithmConfigurationEnabled,registry,HKLM\Software\Microsoft\Windows\CurrentVersion\Policies\System\KDC\Parameters,PKINITHashAlgorithmConfigurationEnabled,REG_DWORD,1,MSFT Windows 11 24H2 - Computer,,,,,,Equals(1),,no_name_match,native:Microsoft.Windows/Registry,,,,S1472;S-oeh7ui3h;S1598
HKLM\Software\Microsoft\Windows\CurrentVersion\Policies\System\KDC\Parameters!PKINITSHA1,registry,HKLM\Software\Microsoft\Windows\CurrentVersion\Policies\System\KDC\Parameters,PKINITSHA1,REG_DWORD,0,MSFT Windows 11 24H2 - Computer,,,,,,Equals(1),,no_name_match,native:Microsoft.Windows/Registry,,,,S1472;S-oeh7ui3h;S1598
HKLM\Software\Microsoft\Windows\CurrentVersion\Policies\System\KDC\Parameters!PKINITSHA256,registry,HKLM\Software\Microsoft\Windows\CurrentVersion\Policies\System\KDC\Parameters,PKINITSHA256,REG_DWORD,3,MSFT Windows 11 24H2 - Computer,,,,,,Equals(1),,no_name_match,native:Microsoft.Windows/Registry,,,,S1472;S-oeh7ui3h;S1598
HKLM\Software\Microsoft\Windows\CurrentVersion\Policies\System\KDC\Parameters!PKINITSHA384,registry,HKLM\Software\Microsoft\Windows\CurrentVersion\Policies\System\KDC\Parameters,PKINITSHA384,REG_DWORD,3,MSFT Windows 11 24H2 - Computer,,,,,,Equals(1),,no_name_match,native:Microsoft.Windows/Registry,,,,S1472;S-oeh7ui3h;S1598
HKLM\Software\Microsoft\Windows\CurrentVersion\Policies\System\KDC\Parameters!PKINITSHA512,registry,HKLM\Software\Microsoft\Windows\CurrentVersion\Policies\System\KDC\Parameters,PKINITSHA512,REG_DWORD,3,MSFT Windows 11 24H2 - Computer,,,,,,Equals(1),,no_name_match,native:Microsoft.Windows/Registry,,,,S1472;S-oeh7ui3h;S1598
HKLM\Software\Microsoft\Windows\CurrentVersion\Policies\System\Kerberos\Parameters!PKInitHashAlgorithmConfigurationEnabled,registry,HKLM\Software\Microsoft\Windows\CurrentVersion\Policies\System\Kerberos\Parameters,PKInitHashAlgorithmConfigurationEnabled,REG_DWORD,1,MSFT Windows 11 24H2 - Computer,,,,,,Equals(1),,no_name_match,native:Microsoft.Windows/Registry,,,,S1472;S-oeh7ui3h;S1598
HKLM\Software\Microsoft\Windows\CurrentVersion\Policies\System\Kerberos\Parameters!PKInitSHA1,registry,HKLM\Software\Microsoft\Windows\CurrentVersion\Policies\System\Kerberos\Parameters,PKInitSHA1,REG_DWORD,0,MSFT Windows 11 24H2 - Computer,,,,,,Equals(1),,no_name_match,native:Microsoft.Windows/Registry,,,,S1472;S-oeh7ui3h;S1598
HKLM\Software\Microsoft\Windows\CurrentVersion\Policies\System\Kerberos\Parameters!PKInitSHA256,registry,HKLM\Software\Microsoft\Windows\CurrentVersion\Policies\System\Kerberos\Parameters,PKInitSHA256,REG_DWORD,3,MSFT Windows 11 24H2 - Computer,,,,,,Equals(1),,no_name_match,native:Microsoft.Windows/Registry,,,,S1472;S-oeh7ui3h;S1598
HKLM\Software\Microsoft\Windows\CurrentVersion\Policies\System\Kerberos\Parameters!PKInitSHA384,registry,HKLM\Software\Microsoft\Windows\CurrentVersion\Policies\System\Kerberos\Parameters,PKInitSHA384,REG_DWORD,3,MSFT Windows 11 24H2 - Computer,,,,,,Equals(1),,no_name_match,native:Microsoft.Windows/Registry,,,,S1472;S-oeh7ui3h;S1598
HKLM\Software\Microsoft\Windows\CurrentVersion\Policies\System\Kerberos\Parameters!PKInitSHA512,registry,HKLM\Software\Microsoft\Windows\CurrentVersion\Policies\System\Kerberos\Parameters,PKInitSHA512,REG_DWORD,3,MSFT Windows 11 24H2 - Computer,,,,,,Equals(1),,no_name_match,native:Microsoft.Windows/Registry,,,,S1472;S-oeh7ui3h;S1598
Windows Components\Biometrics\Facial Features > Configure enhanced anti-spoofing,registry,HKLM\Software\Policies\Microsoft\Biometrics\FacialFeatures,EnhancedAntiSpoofing,REG_DWORD,1,MSFT Windows 11 24H2 - Computer,,,,,,Equals(1),18.10.9.1.1,no_name_match,native:Microsoft.Windows/Registry,,,,S1472;S-oeh7ui3h;S1598
Windows Components\RSS Feeds > Prevent downloading of enclosures,registry,HKLM\Software\Policies\Microsoft\Internet Explorer\Feeds,DisableEnclosureDownload,REG_DWORD,1,MSFT Windows 11 24H2 - Computer,WN11-CC-000295,1,WN25-CC-000390,,,,,yes,native:Microsoft.Windows/Registry,,,yes,S1472;S1470;S1471;S-oeh7ui3h
System\Power Management\Sleep Settings > Require a password when a computer wakes (on battery),registry,HKLM\Software\Policies\Microsoft\Power\PowerSettings\0e796bdb-100d-47d6-a2d5-f7d2daa51f51,DCSettingIndex,REG_DWORD,1,MSFT Windows 11 24H2 - Computer,WN11-CC-000145,1,WN25-CC-000180,,,,,yes,native:Microsoft.Windows/Registry,,,yes,S1472;S1470;S1471;S-oeh7ui3h
System\Power Management\Sleep Settings > Require a password when a computer wakes (plugged in),registry,HKLM\Software\Policies\Microsoft\Power\PowerSettings\0e796bdb-100d-47d6-a2d5-f7d2daa51f51,ACSettingIndex,REG_DWORD,1,MSFT Windows 11 24H2 - Computer,WN11-CC-000150,1,WN25-CC-000190,,,,,yes,native:Microsoft.Windows/Registry,,,yes,S1472;S1470;S1471;S-oeh7ui3h
Windows Components\App Privacy > Let Windows apps activate with voice while the system is locked,registry,HKLM\Software\Policies\Microsoft\Windows\AppPrivacy,LetAppsActivateWithVoiceAboveLock,REG_DWORD,2,MSFT Windows 11 24H2 - Computer,,,,,,,,no_name_match,native:Microsoft.Windows/Registry,,,,S1472;S-oeh7ui3h
Network\Lanman Server > Enable remote mailslots,registry,HKLM\Software\Policies\Microsoft\Windows\Bowser,EnableMailslots,REG_DWORD,0,MSFT Windows 11 24H2 - Computer,,,,,,Equals(0),18.6.7.5,no_name_match,native:Microsoft.Windows/Registry,,,,S1472;S-oeh7ui3h;S1598
Windows Components\Cloud Content > Turn off Microsoft consumer experiences,registry,HKLM\Software\Policies\Microsoft\Windows\CloudContent,DisableWindowsConsumerFeatures,REG_DWORD,1,MSFT Windows 11 24H2 - Computer,,,,,,,,no_name_match,native:Microsoft.Windows/Registry,,,,S1472;S-oeh7ui3h
System\Credentials Delegation > Remote host allows delegation of non-exportable credentials,registry,HKLM\Software\Policies\Microsoft\Windows\CredentialsDelegation,AllowProtectedCreds,REG_DWORD,1,MSFT Windows 11 24H2 - Computer,WN11-CC-000068,1,WN25-CC-000100,,,Equals(1),18.9.4.2,yes,native:Microsoft.Windows/Registry,,,yes,S1472;S1470;S1471;S-oeh7ui3h;S1598
Windows Components\Event Log Service\Application > Specify the maximum log file size (KB),registry,HKLM\Software\Policies\Microsoft\Windows\EventLog\Application,MaxSize,REG_DWORD,32768,MSFT Windows 11 24H2 - Computer,WN11-AU-000500,32768,WN25-CC-000270,,,"Range(32768, )",18.10.26.1.2,yes,native:Microsoft.Windows/Registry,,,yes,S1472;S1470;S1471;S-oeh7ui3h;S1598
Windows Components\Event Log Service\Security > Specify the maximum log file size (KB),registry,HKLM\Software\Policies\Microsoft\Windows\EventLog\Security,MaxSize,REG_DWORD,196608,MSFT Windows 11 24H2 - Computer,WN11-AU-000505,5120000,WN25-CC-000280,,,"Range(196608, )",18.10.26.2.2,yes,native:Microsoft.Windows/Registry,,,yes,S1472;S1470;S1471;S-oeh7ui3h;S1598
Windows Components\Event Log Service\System > Specify the maximum log file size (KB),registry,HKLM\Software\Policies\Microsoft\Windows\EventLog\System,MaxSize,REG_DWORD,32768,MSFT Windows 11 24H2 - Computer,WN11-AU-000510,32768,WN25-CC-000290,,,"Range(32768, )",18.10.26.4.2,yes,native:Microsoft.Windows/Registry,,,yes,S1472;S1470;S1471;S-oeh7ui3h;S1598
Windows Components\AutoPlay Policies > Disallow Autoplay for non-volume devices,registry,HKLM\Software\Policies\Microsoft\Windows\Explorer,NoAutoplayfornonVolume,REG_DWORD,1,MSFT Windows 11 24H2 - Computer,WN11-CC-000180,1,WN25-CC-000210,,,Equals(1),18.10.8.1,yes,native:Microsoft.Windows/Registry,,,yes,S1472;S1470;S1471;S-oeh7ui3h;S1598
Windows Components\File Explorer > Do not apply the Mark of the Web tag to files copied from insecure sources,registry,HKLM\Software\Policies\Microsoft\Windows\Explorer,DisableMotWOnInsecurePathCopy,REG_DWORD,0,MSFT Windows 11 24H2 - Computer,,,,,,Equals(0),18.10.29.2,no_name_match,native:Microsoft.Windows/Registry,,,,S1472;S-oeh7ui3h;S1598
Windows Components\Windows Game Recording and Broadcasting > Enables or disables Windows Game Recording and Broadcasting,registry,HKLM\Software\Policies\Microsoft\Windows\GameDVR,AllowGameDVR,REG_DWORD,0,MSFT Windows 11 24H2 - Computer,,,,,,,,no_name_match,native:Microsoft.Windows/Registry,,,,S1472;S-oeh7ui3h
Windows Components\Windows Installer > Always install with elevated privileges,registry,HKLM\Software\Policies\Microsoft\Windows\Installer,AlwaysInstallElevated,REG_DWORD,0,MSFT Windows 11 24H2 - Computer,WN11-CC-000315,0,WN25-CC-000430,,,"OneOf(Equals(0), Equals(null))",18.10.82.2,no_name_match,native:Microsoft.Windows/Registry,,,yes,S1472;S1470;S1471;S-oeh7ui3h;S1598
Windows Components\Windows Installer > Allow user control over installs,registry,HKLM\Software\Policies\Microsoft\Windows\Installer,EnableUserControl,REG_DWORD,0,MSFT Windows 11 24H2 - Computer,WN11-CC-000310,0,WN25-CC-000420,,,"OneOf(Equals(0), Equals(null))",18.10.82.1,no_name_match,native:Microsoft.Windows/Registry,,,yes,S1472;S1470;S1471;S-oeh7ui3h;S1598
System\Kernel DMA Protection > Enumeration policy for external devices incompatible with Kernel DMA Protection,registry,HKLM\Software\Policies\Microsoft\Windows\Kernel DMA Protection,DeviceEnumerationPolicy,REG_DWORD,0,MSFT Windows 11 24H2 - Computer,WN11-EP-000310,0,,,,"OneOf(Equals(0), Equals(1))",18.9.24.1,no_name_match,native:Microsoft.Windows/Registry,,,yes,S1472;S1470;S-oeh7ui3h;S1598
Network\Lanman Server > Audit client does not support encryption,registry,HKLM\Software\Policies\Microsoft\Windows\LanmanServer,AuditClientDoesNotSupportEncryption,REG_DWORD,1,MSFT Windows 11 24H2 - Computer,,,,,,Equals(1),18.6.7.1,yes,native:Microsoft.Windows/Registry,,,,S1472;S-oeh7ui3h;S1598
Network\Lanman Server > Audit client does not support signing,registry,HKLM\Software\Policies\Microsoft\Windows\LanmanServer,AuditClientDoesNotSupportSigning,REG_DWORD,1,MSFT Windows 11 24H2 - Computer,,,,,,Equals(1),18.6.7.2,yes,native:Microsoft.Windows/Registry,,,,S1472;S-oeh7ui3h;S1598
Network\Lanman Server > Audit insecure guest logon,registry,HKLM\Software\Policies\Microsoft\Windows\LanmanServer,AuditInsecureGuestLogon,REG_DWORD,1,MSFT Windows 11 24H2 - Computer,,,,,,Equals(1),18.6.7.3,yes,native:Microsoft.Windows/Registry,,,,S1472;S-oeh7ui3h;S1598
Network\Lanman Server > Enable authentication rate limiter,registry,HKLM\Software\Policies\Microsoft\Windows\LanmanServer,EnableAuthRateLimiter,REG_DWORD,1,MSFT Windows 11 24H2 - Computer,,,,,,"OneOf(Equals(1), Equals(null))",18.6.7.4,no_name_match,native:Microsoft.Windows/Registry,,,,S1472;S-oeh7ui3h;S1598
Network\Lanman Server > Mandate the maximum version of SMB,registry,HKLM\Software\Policies\Microsoft\Windows\LanmanServer,MaxSmb2Dialect,REG_DWORD,785,MSFT Windows 11 24H2 - Computer,,,,,,,,no_name_match,native:Microsoft.Windows/Registry,,,,S1472;S-oeh7ui3h
Network\Lanman Server > Mandate the minimum version of SMB,registry,HKLM\Software\Policies\Microsoft\Windows\LanmanServer,MinSmb2Dialect,REG_DWORD,768,MSFT Windows 11 24H2 - Computer,,,,,,"OneOf(Equals(768),Equals(770),Equals(785))",18.6.7.6,no_name_match,native:Microsoft.Windows/Registry,,,,S1472;S-oeh7ui3h;S1598
Network\Lanman Server > Set authentication rate limiter delay (milliseconds),registry,HKLM\Software\Policies\Microsoft\Windows\LanmanServer,InvalidAuthenticationDelayTimeInMs,REG_DWORD,2000,MSFT Windows 11 24H2 - Computer,,,,,,"Range(2000, 5000)",18.6.7.7,no_name_match,native:Microsoft.Windows/Registry,,,,S1472;S-oeh7ui3h;S1598
Network\Lanman Workstation > Enable insecure guest logons,registry,HKLM\Software\Policies\Microsoft\Windows\LanmanWorkstation,AllowInsecureGuestAuth,REG_DWORD,0,MSFT Windows 11 24H2 - Computer,WN11-CC-000040,0,WN25-CC-000070,,,Equals(0),18.6.8.4,yes,native:Microsoft.Windows/Registry,,,yes,S1472;S1470;S1471;S-oeh7ui3h;S1598
Network\Lanman Workstation > Audit insecure guest logon,registry,HKLM\Software\Policies\Microsoft\Windows\LanmanWorkstation,AuditInsecureGuestLogon,REG_DWORD,1,MSFT Windows 11 24H2 - Computer,,,,,,Equals(1),18.6.8.1,yes,native:Microsoft.Windows/Registry,,,,S1472;S-oeh7ui3h;S1598
Network\Lanman Workstation > Audit server does not support encryption,registry,HKLM\Software\Policies\Microsoft\Windows\LanmanWorkstation,AuditServerDoesNotSupportEncryption,REG_DWORD,1,MSFT Windows 11 24H2 - Computer,,,,,,Equals(1),18.6.8.2,yes,native:Microsoft.Windows/Registry,,,,S1472;S-oeh7ui3h;S1598
Network\Lanman Workstation > Audit server does not support signing,registry,HKLM\Software\Policies\Microsoft\Windows\LanmanWorkstation,AuditServerDoesNotSupportSigning,REG_DWORD,1,MSFT Windows 11 24H2 - Computer,,,,,,Equals(1),18.6.8.3,yes,native:Microsoft.Windows/Registry,,,,S1472;S-oeh7ui3h;S1598
Network\Lanman Workstation > Mandate the maximum version of SMB,registry,HKLM\Software\Policies\Microsoft\Windows\LanmanWorkstation,MaxSmb2Dialect,REG_DWORD,785,MSFT Windows 11 24H2 - Computer,,,,,,,,no_name_match,native:Microsoft.Windows/Registry,,,,S1472;S-oeh7ui3h
Network\Lanman Workstation > Mandate the minimum version of SMB,registry,HKLM\Software\Policies\Microsoft\Windows\LanmanWorkstation,MinSmb2Dialect,REG_DWORD,768,MSFT Windows 11 24H2 - Computer,,,,,,"OneOf(Equals(768),Equals(770),Equals(785))",18.6.8.6,no_name_match,native:Microsoft.Windows/Registry,,,,S1472;S-oeh7ui3h;S1598
Network\Lanman Workstation > Require Encryption,registry,HKLM\Software\Policies\Microsoft\Windows\LanmanWorkstation,RequireEncryption,REG_DWORD,0,MSFT Windows 11 24H2 - Computer,,,,,,"Range(0, 1)",18.6.8.7,yes,native:Microsoft.Windows/Registry,,,,S1472;S-oeh7ui3h;S1598
Network\Network Connections > Prohibit use of Internet Connection Sharing on your DNS domain network,registry,HKLM\Software\Policies\Microsoft\Windows\Network Connections,NC_ShowSharedAccessUI,REG_DWORD,0,MSFT Windows 11 24H2 - Computer,WN11-CC-000044,0,,,,Equals(0),18.6.11.3,yes,native:Microsoft.Windows/Registry,,,yes,S1472;S1470;S-oeh7ui3h;S1598
Network\Lanman Workstation > Enable remote mailslots,registry,HKLM\Software\Policies\Microsoft\Windows\NetworkProvider,EnableMailslots,REG_DWORD,0,MSFT Windows 11 24H2 - Computer,,,,,,Equals(0),18.6.8.5,no_name_match,native:Microsoft.Windows/Registry,,,,S1472;S-oeh7ui3h;S1598
HKLM\Software\Policies\Microsoft\Windows\NetworkProvider\HardenedPaths!\\*\SYSVOL,registry,HKLM\Software\Policies\Microsoft\Windows\NetworkProvider\HardenedPaths,\\*\SYSVOL,REG_SZ,"RequireMutualAuthentication=1,RequireIntegrity=1",MSFT Windows 11 24H2 - Computer,,,,,,"OneOf(Equals('RequireMutualAuthentication=1, RequireIntegrity=1'),Equals('RequireMutualAuthentication=1, RequireIntegrity=1, RequirePrivacy=1'))",18.6.14.1,no_name_match,native:Microsoft.Windows/Registry,,,,S1472;S-oeh7ui3h;S1598
HKLM\Software\Policies\Microsoft\Windows\NetworkProvider\HardenedPaths!\\*\NETLOGON,registry,HKLM\Software\Policies\Microsoft\Windows\NetworkProvider\HardenedPaths,\\*\NETLOGON,REG_SZ,"RequireMutualAuthentication=1,RequireIntegrity=1",MSFT Windows 11 24H2 - Computer,WN11-CC-000050,"RequireMutualAuthentication=1, RequireIntegrity=1",WN25-CC-000080,,,"OneOf(Equals('RequireMutualAuthentication=1, RequireIntegrity=1'),Equals('RequireMutualAuthentication=1, RequireIntegrity=1, RequirePrivacy=1'))",18.6.14.1,no_name_match,native:Microsoft.Windows/Registry,,,yes,S1472;S1470;S1471;S-oeh7ui3h;S1598
Control Panel\Personalization > Prevent enabling lock screen camera,registry,HKLM\Software\Policies\Microsoft\Windows\Personalization,NoLockScreenCamera,REG_DWORD,1,MSFT Windows 11 24H2 - Computer,WN11-CC-000005,1,,,,Equals(1),18.1.1.1,yes,native:Microsoft.Windows/Registry,,,yes,S1472;S1470;S-oeh7ui3h;S1598
Control Panel\Personalization > Prevent enabling lock screen slide show,registry,HKLM\Software\Policies\Microsoft\Windows\Personalization,NoLockScreenSlideshow,REG_DWORD,1,MSFT Windows 11 24H2 - Computer,WN11-CC-000010,1,WN25-CC-000010,,,Equals(1),18.1.1.2,yes,native:Microsoft.Windows/Registry,,,yes,S1472;S1470;S1471;S-oeh7ui3h;S1598
HKLM\Software\Policies\Microsoft\Windows\PowerShell\ScriptBlockLogging!EnableScriptBlockLogging,registry,HKLM\Software\Policies\Microsoft\Windows\PowerShell\ScriptBlockLogging,EnableScriptBlockLogging,REG_DWORD,1,MSFT Windows 11 24H2 - Computer,WN11-CC-000326,1,WN25-CC-000460,,,Equals(1),18.10.88.1,no_name_match,native:Microsoft.Windows/Registry,,,yes,S1472;S1470;S1471;S-oeh7ui3h;S1598
HKLM\Software\Policies\Microsoft\Windows\PowerShell\ScriptBlockLogging!**del.EnableScriptBlockInvocationLogging,registry,HKLM\Software\Policies\Microsoft\Windows\PowerShell\ScriptBlockLogging,**del.EnableScriptBlockInvocationLogging,REG_SZ, ,MSFT Windows 11 24H2 - Computer,,,,,,,,no_name_match,native:Microsoft.Windows/Registry,,,,S1472;S-oeh7ui3h
System > Configure the behavior of the sudo command,registry,HKLM\Software\Policies\Microsoft\Windows\Sudo,Enabled,REG_DWORD,0,MSFT Windows 11 24H2 - Computer,,,,,,,,no_name_match,native:Microsoft.Windows/Registry,,,,S1472;S-oeh7ui3h
System\Logon > Turn on convenience PIN sign-in,registry,HKLM\Software\Policies\Microsoft\Windows\System,AllowDomainPINLogon,REG_DWORD,0,MSFT Windows 11 24H2 - Computer,WN11-CC-000370,,,,,"OneOf(Equals(0), Equals(null))",18.9.29.6,no_name_match,native:Microsoft.Windows/Registry,,,yes,S1472;S1470;S-oeh7ui3h;S1598
System\Logon > Enumerate local users on domain-joined computers,registry,HKLM\Software\Policies\Microsoft\Windows\System,EnumerateLocalUsers,REG_DWORD,0,MSFT Windows 11 24H2 - Computer,WN11-CC-000130,0,WN25-MS-000030,,,Equals(0),18.9.29.4,no_name_match,native:Microsoft.Windows/Registry,,,yes,S1472;S1470;S1471;S-oeh7ui3h;S1598
HKLM\Software\Policies\Microsoft\Windows\System!EnableSmartScreen,registry,HKLM\Software\Policies\Microsoft\Windows\System,EnableSmartScreen,REG_DWORD,1,MSFT Windows 11 24H2 - Computer,WN11-CC-000210,1,WN25-CC-000300,,,Equals(1),18.10.77.2.1,no_name_match,native:Microsoft.Windows/Registry,,,yes,S1472;S1470;S1471;S-oeh7ui3h;S1598
HKLM\Software\Policies\Microsoft\Windows\System!ShellSmartScreenLevel,registry,HKLM\Software\Policies\Microsoft\Windows\System,ShellSmartScreenLevel,REG_SZ,Block,MSFT Windows 11 24H2 - Computer,,,,,,Equals('Block'),18.10.77.2.1,no_name_match,native:Microsoft.Windows/Registry,,,,S1472;S-oeh7ui3h;S1598
System\Local Security Authority > Allow Custom SSPs and APs to be loaded into LSASS,registry,HKLM\Software\Policies\Microsoft\Windows\System,AllowCustomSSPsAPs,REG_DWORD,0,MSFT Windows 11 24H2 - Computer,,,,,,Equals(1),2.3.11.1,yes,native:Microsoft.Windows/Registry,,,,S1472;S-oeh7ui3h;S1598
System\Local Security Authority > Configures LSASS to run as a protected process,registry,HKLM\Software\Policies\Microsoft\Windows\System,RunAsPPL,REG_DWORD,1,MSFT Windows 11 24H2 - Computer,,,,,,"Range(1, 2)",18.9.27.2,no_name_match,native:Microsoft.Windows/Registry,LSA plug-ins and drivers must be Microsoft-signed or fail to load; audit via CodeIntegrity events 3065/3066; restart required,,,S1472;S-oeh7ui3h;S1477;S1598
Network\Windows Connection Manager > Prohibit connection to non-domain networks when connected to domain authenticated network,registry,HKLM\Software\Policies\Microsoft\Windows\WcmSvc\GroupPolicy,fBlockNonDomain,REG_DWORD,1,MSFT Windows 11 24H2 - Computer,WN11-CC-000060,1,,,,,,yes,native:Microsoft.Windows/Registry,,,yes,S1472;S1470;S-oeh7ui3h
Windows Components\Search > Allow indexing of encrypted files,registry,HKLM\Software\Policies\Microsoft\Windows\Windows Search,AllowIndexingEncryptedStoresOrItems,REG_DWORD,0,MSFT Windows 11 24H2 - Computer,,,WN25-CC-000410,,,"OneOf(Equals(0), Equals(null))",18.10.59.3,no_name_match,native:Microsoft.Windows/Registry,,,,S1472;S1471;S-oeh7ui3h;S1598
Windows Components\Windows Remote Management (WinRM)\WinRM Client > Disallow Digest authentication,registry,HKLM\Software\Policies\Microsoft\Windows\WinRM\Client,AllowDigest,REG_DWORD,0,MSFT Windows 11 24H2 - Computer,WN11-CC-000360,0,WN25-CC-000490,,,Equals(0),18.10.90.1.3,yes,native:Microsoft.Windows/Registry,,,yes,S1472;S1470;S1471;S-oeh7ui3h;S1598
Windows Components\Windows Remote Management (WinRM)\WinRM Client > Allow unencrypted traffic,registry,HKLM\Software\Policies\Microsoft\Windows\WinRM\Client,AllowUnencryptedTraffic,REG_DWORD,0,MSFT Windows 11 24H2 - Computer,WN11-CC-000335,0,WN25-CC-000480,,,"OneOf(Equals(0), Equals(null))",18.10.90.1.2,yes,native:Microsoft.Windows/Registry,,,yes,S1472;S1470;S1471;S-oeh7ui3h;S1598
Windows Components\Windows Remote Management (WinRM)\WinRM Client > Allow Basic authentication,registry,HKLM\Software\Policies\Microsoft\Windows\WinRM\Client,AllowBasic,REG_DWORD,0,MSFT Windows 11 24H2 - Computer,WN11-CC-000330,0,WN25-CC-000470,,,"OneOf(Equals(0), Equals(null))",18.10.90.1.1,yes,native:Microsoft.Windows/Registry,,,yes,S1472;S1470;S1471;S-oeh7ui3h;S1598
Windows Components\Windows Remote Management (WinRM)\WinRM Service > Allow unencrypted traffic,registry,HKLM\Software\Policies\Microsoft\Windows\WinRM\Service,AllowUnencryptedTraffic,REG_DWORD,0,MSFT Windows 11 24H2 - Computer,WN11-CC-000350,0,WN25-CC-000510,,,Equals(0),18.10.90.2.3,yes,native:Microsoft.Windows/Registry,,,yes,S1472;S1470;S1471;S-oeh7ui3h;S1598
Windows Components\Windows Remote Management (WinRM)\WinRM Service > Disallow WinRM from storing RunAs credentials,registry,HKLM\Software\Policies\Microsoft\Windows\WinRM\Service,DisableRunAs,REG_DWORD,1,MSFT Windows 11 24H2 - Computer,WN11-CC-000355,1,WN25-CC-000520,,,Equals(1),18.10.90.2.4,yes,native:Microsoft.Windows/Registry,,,yes,S1472;S1470;S1471;S-oeh7ui3h;S1598
Windows Components\Windows Remote Management (WinRM)\WinRM Service > Allow Basic authentication,registry,HKLM\Software\Policies\Microsoft\Windows\WinRM\Service,AllowBasic,REG_DWORD,0,MSFT Windows 11 24H2 - Computer,WN11-CC-000345,0,WN25-CC-000500,,,Equals(0),18.10.90.2.1,yes,native:Microsoft.Windows/Registry,,,yes,S1472;S1470;S1471;S-oeh7ui3h;S1598
Windows Components\Windows Defender SmartScreen\Enhanced Phishing Protection > Notify Malicious,registry,HKLM\Software\Policies\Microsoft\Windows\WTDS\Components,NotifyMalicious,REG_DWORD,1,MSFT Windows 11 24H2 - Computer,,,,,,,,yes,native:Microsoft.Windows/Registry,,,,S1472;S-oeh7ui3h
Windows Components\Windows Defender SmartScreen\Enhanced Phishing Protection > Notify Password Reuse,registry,HKLM\Software\Policies\Microsoft\Windows\WTDS\Components,NotifyPasswordReuse,REG_DWORD,1,MSFT Windows 11 24H2 - Computer,,,,,,,,yes,native:Microsoft.Windows/Registry,,,,S1472;S-oeh7ui3h
Windows Components\Windows Defender SmartScreen\Enhanced Phishing Protection > Notify Unsafe App,registry,HKLM\Software\Policies\Microsoft\Windows\WTDS\Components,NotifyUnsafeApp,REG_DWORD,1,MSFT Windows 11 24H2 - Computer,,,,,,,,yes,native:Microsoft.Windows/Registry,,,,S1472;S-oeh7ui3h
Windows Components\Windows Defender SmartScreen\Enhanced Phishing Protection > Service Enabled,registry,HKLM\Software\Policies\Microsoft\Windows\WTDS\Components,ServiceEnabled,REG_DWORD,1,MSFT Windows 11 24H2 - Computer,,,,,,,,yes,native:Microsoft.Windows/Registry,,,,S1472;S-oeh7ui3h
Network\DNS Client > Turn off multicast name resolution,registry,HKLM\Software\Policies\Microsoft\Windows NT\DNSClient,EnableMulticast,REG_DWORD,0,MSFT Windows 11 24H2 - Computer,,,,,,Equals(0),18.6.4.4,yes,native:Microsoft.Windows/Registry,,,,S1472;S-oeh7ui3h;S1598
Network\DNS Client > Configure NetBIOS settings,registry,HKLM\Software\Policies\Microsoft\Windows NT\DNSClient,EnableNetbios,REG_DWORD,2,MSFT Windows 11 24H2 - Computer,,,,,,Equals(0),18.6.4.2,no_name_match,native:Microsoft.Windows/Registry,,,,S1472;S-oeh7ui3h;S1598
System\Internet Communication Management\Internet Communication settings > Turn off downloading of print drivers over HTTP,registry,HKLM\Software\Policies\Microsoft\Windows NT\Printers,DisableWebPnPDownload,REG_DWORD,1,MSFT Windows 11 24H2 - Computer,WN11-CC-000100,1,WN25-CC-000150,,,Equals(1),18.9.20.1.1,no_name_match,native:Microsoft.Windows/Registry,,,yes,S1472;S1470;S1471;S-oeh7ui3h;S1598
Printers > Configure Redirection Guard,registry,HKLM\Software\Policies\Microsoft\Windows NT\Printers,RedirectionGuardPolicy,REG_DWORD,1,MSFT Windows 11 24H2 - Computer,,,,,,Equals(1),18.7.2,yes,native:Microsoft.Windows/Registry,,,,S1472;S-oeh7ui3h;S1598
MS Security Guide > Manage processing of Queue-specific files (DEPRECATED),registry,HKLM\Software\Policies\Microsoft\Windows NT\Printers,CopyFilesPolicy,REG_DWORD,1,MSFT Windows 11 24H2 - Computer,,,,,,Equals(1),18.7.11,no_name_match,native:Microsoft.Windows/Registry,,,,S1472;S-oeh7ui3h;S1598
MS Security Guide > Limits print driver installation to Administrators (DEPRECATED),registry,HKLM\Software\Policies\Microsoft\Windows NT\Printers\PointAndPrint,RestrictDriverInstallationToAdministrators,REG_DWORD,1,MSFT Windows 11 24H2 - Computer,,,,,,Equals(1),18.7.10,no_name_match,native:Microsoft.Windows/Registry,,,,S1472;S-oeh7ui3h;S1598
HKLM\Software\Policies\Microsoft\Windows NT\Printers\RPC!RpcUseNamedPipeProtocol,registry,HKLM\Software\Policies\Microsoft\Windows NT\Printers\RPC,RpcUseNamedPipeProtocol,REG_DWORD,0,MSFT Windows 11 24H2 - Computer,,,,,,Equals(0),18.7.4,no_name_match,native:Microsoft.Windows/Registry,,,,S1472;S-oeh7ui3h;S1598
HKLM\Software\Policies\Microsoft\Windows NT\Printers\RPC!RpcAuthentication,registry,HKLM\Software\Policies\Microsoft\Windows NT\Printers\RPC,RpcAuthentication,REG_DWORD,0,MSFT Windows 11 24H2 - Computer,,,,,,Equals(1),18.7.3,no_name_match,native:Microsoft.Windows/Registry,,,,S1472;S-oeh7ui3h;S1598
HKLM\Software\Policies\Microsoft\Windows NT\Printers\RPC!RpcProtocols,registry,HKLM\Software\Policies\Microsoft\Windows NT\Printers\RPC,RpcProtocols,REG_DWORD,5,MSFT Windows 11 24H2 - Computer,,,,,,Equals(5),18.7.6,no_name_match,native:Microsoft.Windows/Registry,,,,S1472;S-oeh7ui3h;S1598
HKLM\Software\Policies\Microsoft\Windows NT\Printers\RPC!ForceKerberosForRpc,registry,HKLM\Software\Policies\Microsoft\Windows NT\Printers\RPC,ForceKerberosForRpc,REG_DWORD,0,MSFT Windows 11 24H2 - Computer,,,,,,Equals(1),18.7.5,no_name_match,native:Microsoft.Windows/Registry,,,,S1472;S-oeh7ui3h;S1598
Printers > Configure RPC over TCP port,registry,HKLM\Software\Policies\Microsoft\Windows NT\Printers\RPC,RpcTcpPort,REG_DWORD,0,MSFT Windows 11 24H2 - Computer,,,,,,Equals(0),18.7.7,no_name_match,native:Microsoft.Windows/Registry,,,,S1472;S-oeh7ui3h;S1598
System\Remote Procedure Call > Restrict Unauthenticated RPC clients,registry,HKLM\Software\Policies\Microsoft\Windows NT\Rpc,RestrictRemoteClients,REG_DWORD,1,MSFT Windows 11 24H2 - Computer,WN11-CC-000165,1,,,,Equals(1),18.9.38.2,yes,native:Microsoft.Windows/Registry,,,yes,S1472;S1470;S-oeh7ui3h;S1598
HKLM\Software\Policies\Microsoft\Windows NT\Terminal Services!**del.fUseMailto,registry,HKLM\Software\Policies\Microsoft\Windows NT\Terminal Services,**del.fUseMailto,REG_SZ, ,MSFT Windows 11 24H2 - Computer,,,,,,,,no_name_match,native:Microsoft.Windows/Registry,,,,S1472;S-oeh7ui3h
HKLM\Software\Policies\Microsoft\Windows NT\Terminal Services!fAllowToGetHelp,registry,HKLM\Software\Policies\Microsoft\Windows NT\Terminal Services,fAllowToGetHelp,REG_DWORD,0,MSFT Windows 11 24H2 - Computer,WN11-CC-000155,0,,,,Equals(0),18.9.37.2,no_name_match,native:Microsoft.Windows/Registry,,,yes,S1472;S1470;S-oeh7ui3h;S1598
HKLM\Software\Policies\Microsoft\Windows NT\Terminal Services!**del.fAllowFullControl,registry,HKLM\Software\Policies\Microsoft\Windows NT\Terminal Services,**del.fAllowFullControl,REG_SZ, ,MSFT Windows 11 24H2 - Computer,,,,,,,,no_name_match,native:Microsoft.Windows/Registry,,,,S1472;S-oeh7ui3h
HKLM\Software\Policies\Microsoft\Windows NT\Terminal Services!**del.MaxTicketExpiry,registry,HKLM\Software\Policies\Microsoft\Windows NT\Terminal Services,**del.MaxTicketExpiry,REG_SZ, ,MSFT Windows 11 24H2 - Computer,,,,,,,,no_name_match,native:Microsoft.Windows/Registry,,,,S1472;S-oeh7ui3h
HKLM\Software\Policies\Microsoft\Windows NT\Terminal Services!**del.MaxTicketExpiryUnits,registry,HKLM\Software\Policies\Microsoft\Windows NT\Terminal Services,**del.MaxTicketExpiryUnits,REG_SZ, ,MSFT Windows 11 24H2 - Computer,,,,,,,,no_name_match,native:Microsoft.Windows/Registry,,,,S1472;S-oeh7ui3h
Windows Components\Remote Desktop Services\Remote Desktop Session Host\Security > Set client connection encryption level,registry,HKLM\Software\Policies\Microsoft\Windows NT\Terminal Services,MinEncryptionLevel,REG_DWORD,3,MSFT Windows 11 24H2 - Computer,WN11-CC-000290,3,WN25-CC-000380,,,"Range(3,4)",18.10.57.3.9.5,yes,native:Microsoft.Windows/Registry,,,yes,S1472;S1470;S1471;S-oeh7ui3h;S1598
Windows Components\Remote Desktop Services\Remote Desktop Session Host\Security > Always prompt for password upon connection,registry,HKLM\Software\Policies\Microsoft\Windows NT\Terminal Services,fPromptForPassword,REG_DWORD,1,MSFT Windows 11 24H2 - Computer,WN11-CC-000280,1,WN25-CC-000360,,,Equals(1),18.10.57.3.9.1,yes,native:Microsoft.Windows/Registry,,,yes,S1472;S1470;S1471;S-oeh7ui3h;S1598
Windows Components\Remote Desktop Services\Remote Desktop Session Host\Device and Resource Redirection > Do not allow drive redirection,registry,HKLM\Software\Policies\Microsoft\Windows NT\Terminal Services,fDisableCdm,REG_DWORD,1,MSFT Windows 11 24H2 - Computer,WN11-CC-000275,1,WN25-CC-000350,,,Equals(1),18.10.57.3.3.3,yes,native:Microsoft.Windows/Registry,,,yes,S1472;S1470;S1471;S-oeh7ui3h;S1598
Windows Components\Remote Desktop Services\Remote Desktop Connection Client > Do not allow passwords to be saved,registry,HKLM\Software\Policies\Microsoft\Windows NT\Terminal Services,DisablePasswordSaving,REG_DWORD,1,MSFT Windows 11 24H2 - Computer,WN11-CC-000270,1,WN25-CC-000340,,,Equals(1),18.10.57.2.2,yes,native:Microsoft.Windows/Registry,,,yes,S1472;S1470;S1471;S-oeh7ui3h;S1598
Windows Components\Remote Desktop Services\Remote Desktop Session Host\Security > Require secure RPC communication,registry,HKLM\Software\Policies\Microsoft\Windows NT\Terminal Services,fEncryptRPCTraffic,REG_DWORD,1,MSFT Windows 11 24H2 - Computer,WN11-CC-000285,1,WN25-CC-000370,,,Equals(1),18.10.57.3.9.2,yes,native:Microsoft.Windows/Registry,,,yes,S1472;S1470;S1471;S-oeh7ui3h;S1598
HKLM\Software\Policies\Microsoft\WindowsFirewall!PolicyVersion,registry,HKLM\Software\Policies\Microsoft\WindowsFirewall,PolicyVersion,REG_DWORD,538,MSFT Windows 11 24H2 - Computer,,,,,,,,no_name_match,native:Microsoft.Windows/Registry,,,,S1472;S-oeh7ui3h
HKLM\Software\Policies\Microsoft\WindowsFirewall\DomainProfile!DefaultOutboundAction,registry,HKLM\Software\Policies\Microsoft\WindowsFirewall\DomainProfile,DefaultOutboundAction,REG_DWORD,0,MSFT Windows 11 24H2 - Computer,,,,,,Equals(0),9.1.2,no_name_match,native:Microsoft.Windows/Registry,,,,S1472;S-oeh7ui3h;S1598
Network\Network Connections\Windows Defender Firewall\Domain Profile > Windows Defender Firewall: Prohibit notifications,registry,HKLM\Software\Policies\Microsoft\WindowsFirewall\DomainProfile,DisableNotifications,REG_DWORD,1,MSFT Windows 11 24H2 - Computer,,,,,,Equals(1),9.1.3,no_name_match,native:Microsoft.Windows/Registry,,,,S1472;S-oeh7ui3h;S1598
Network\Network Connections\Windows Defender Firewall\Domain Profile > Windows Defender Firewall: Protect all network connections,registry,HKLM\Software\Policies\Microsoft\WindowsFirewall\DomainProfile,EnableFirewall,REG_DWORD,1,MSFT Windows 11 24H2 - Computer,,,,,,Equals(1),9.1.1,no_name_match,native:Microsoft.Windows/Registry,,,,S1472;S-oeh7ui3h;S1598
HKLM\Software\Policies\Microsoft\WindowsFirewall\DomainProfile!DefaultInboundAction,registry,HKLM\Software\Policies\Microsoft\WindowsFirewall\DomainProfile,DefaultInboundAction,REG_DWORD,1,MSFT Windows 11 24H2 - Computer,,,,,,Equals(1),9.1.2,no_name_match,native:Microsoft.Windows/Registry,,,,S1472;S-oeh7ui3h;S1598
HKLM\Software\Policies\Microsoft\WindowsFirewall\DomainProfile\Logging!LogDroppedPackets,registry,HKLM\Software\Policies\Microsoft\WindowsFirewall\DomainProfile\Logging,LogDroppedPackets,REG_DWORD,1,MSFT Windows 11 24H2 - Computer,,,,,,Equals(1),9.1.6,no_name_match,native:Microsoft.Windows/Registry,,,,S1472;S-oeh7ui3h;S1598
HKLM\Software\Policies\Microsoft\WindowsFirewall\DomainProfile\Logging!LogFileSize,registry,HKLM\Software\Policies\Microsoft\WindowsFirewall\DomainProfile\Logging,LogFileSize,REG_DWORD,16384,MSFT Windows 11 24H2 - Computer,,,,,,"Range(16384, )",9.1.5,no_name_match,native:Microsoft.Windows/Registry,,,,S1472;S-oeh7ui3h;S1598
HKLM\Software\Policies\Microsoft\WindowsFirewall\DomainProfile\Logging!LogSuccessfulConnections,registry,HKLM\Software\Policies\Microsoft\WindowsFirewall\DomainProfile\Logging,LogSuccessfulConnections,REG_DWORD,1,MSFT Windows 11 24H2 - Computer,,,,,,Equals(1),9.1.7,no_name_match,native:Microsoft.Windows/Registry,,,,S1472;S-oeh7ui3h;S1598
HKLM\Software\Policies\Microsoft\WindowsFirewall\PrivateProfile!EnableFirewall,registry,HKLM\Software\Policies\Microsoft\WindowsFirewall\PrivateProfile,EnableFirewall,REG_DWORD,1,MSFT Windows 11 24H2 - Computer,,,,,,Equals(1),9.2.1,no_name_match,native:Microsoft.Windows/Registry,,,,S1472;S-oeh7ui3h;S1598
HKLM\Software\Policies\Microsoft\WindowsFirewall\PrivateProfile!DisableNotifications,registry,HKLM\Software\Policies\Microsoft\WindowsFirewall\PrivateProfile,DisableNotifications,REG_DWORD,1,MSFT Windows 11 24H2 - Computer,,,,,,Equals(1),9.2.3,no_name_match,native:Microsoft.Windows/Registry,,,,S1472;S-oeh7ui3h;S1598
HKLM\Software\Policies\Microsoft\WindowsFirewall\PrivateProfile!DefaultInboundAction,registry,HKLM\Software\Policies\Microsoft\WindowsFirewall\PrivateProfile,DefaultInboundAction,REG_DWORD,1,MSFT Windows 11 24H2 - Computer,,,,,,Equals(1),9.2.2,no_name_match,native:Microsoft.Windows/Registry,,,,S1472;S-oeh7ui3h;S1598
HKLM\Software\Policies\Microsoft\WindowsFirewall\PrivateProfile!DefaultOutboundAction,registry,HKLM\Software\Policies\Microsoft\WindowsFirewall\PrivateProfile,DefaultOutboundAction,REG_DWORD,0,MSFT Windows 11 24H2 - Computer,,,,,,Equals(0),9.2.2,no_name_match,native:Microsoft.Windows/Registry,,,,S1472;S-oeh7ui3h;S1598
HKLM\Software\Policies\Microsoft\WindowsFirewall\PrivateProfile\Logging!LogSuccessfulConnections,registry,HKLM\Software\Policies\Microsoft\WindowsFirewall\PrivateProfile\Logging,LogSuccessfulConnections,REG_DWORD,1,MSFT Windows 11 24H2 - Computer,,,,,,Equals(1),9.2.7,no_name_match,native:Microsoft.Windows/Registry,,,,S1472;S-oeh7ui3h;S1598
HKLM\Software\Policies\Microsoft\WindowsFirewall\PrivateProfile\Logging!LogDroppedPackets,registry,HKLM\Software\Policies\Microsoft\WindowsFirewall\PrivateProfile\Logging,LogDroppedPackets,REG_DWORD,1,MSFT Windows 11 24H2 - Computer,,,,,,Equals(1),9.2.6,no_name_match,native:Microsoft.Windows/Registry,,,,S1472;S-oeh7ui3h;S1598
HKLM\Software\Policies\Microsoft\WindowsFirewall\PrivateProfile\Logging!LogFileSize,registry,HKLM\Software\Policies\Microsoft\WindowsFirewall\PrivateProfile\Logging,LogFileSize,REG_DWORD,16384,MSFT Windows 11 24H2 - Computer,,,,,,"Range(16384, )",9.2.5,no_name_match,native:Microsoft.Windows/Registry,,,,S1472;S-oeh7ui3h;S1598
HKLM\Software\Policies\Microsoft\WindowsFirewall\PublicProfile!DefaultOutboundAction,registry,HKLM\Software\Policies\Microsoft\WindowsFirewall\PublicProfile,DefaultOutboundAction,REG_DWORD,0,MSFT Windows 11 24H2 - Computer,,,,,,Equals(0),9.3.2,no_name_match,native:Microsoft.Windows/Registry,,,,S1472;S-oeh7ui3h;S1598
HKLM\Software\Policies\Microsoft\WindowsFirewall\PublicProfile!EnableFirewall,registry,HKLM\Software\Policies\Microsoft\WindowsFirewall\PublicProfile,EnableFirewall,REG_DWORD,1,MSFT Windows 11 24H2 - Computer,,,,,,Equals(1),9.3.1,no_name_match,native:Microsoft.Windows/Registry,,,,S1472;S-oeh7ui3h;S1598
HKLM\Software\Policies\Microsoft\WindowsFirewall\PublicProfile!DisableNotifications,registry,HKLM\Software\Policies\Microsoft\WindowsFirewall\PublicProfile,DisableNotifications,REG_DWORD,1,MSFT Windows 11 24H2 - Computer,,,,,,Equals(1),9.3.3,no_name_match,native:Microsoft.Windows/Registry,,,,S1472;S-oeh7ui3h;S1598
HKLM\Software\Policies\Microsoft\WindowsFirewall\PublicProfile!AllowLocalIPsecPolicyMerge,registry,HKLM\Software\Policies\Microsoft\WindowsFirewall\PublicProfile,AllowLocalIPsecPolicyMerge,REG_DWORD,0,MSFT Windows 11 24H2 - Computer,,,,,,Equals(1),9.3.5,no_name_match,native:Microsoft.Windows/Registry,,,,S1472;S-oeh7ui3h;S1598
HKLM\Software\Policies\Microsoft\WindowsFirewall\PublicProfile!AllowLocalPolicyMerge,registry,HKLM\Software\Policies\Microsoft\WindowsFirewall\PublicProfile,AllowLocalPolicyMerge,REG_DWORD,0,MSFT Windows 11 24H2 - Computer,,,,,,Equals(1),9.3.4,no_name_match,native:Microsoft.Windows/Registry,,,,S1472;S-oeh7ui3h;S1598
HKLM\Software\Policies\Microsoft\WindowsFirewall\PublicProfile!DefaultInboundAction,registry,HKLM\Software\Policies\Microsoft\WindowsFirewall\PublicProfile,DefaultInboundAction,REG_DWORD,1,MSFT Windows 11 24H2 - Computer,,,,,,Equals(1),9.3.2,no_name_match,native:Microsoft.Windows/Registry,,,,S1472;S-oeh7ui3h;S1598
HKLM\Software\Policies\Microsoft\WindowsFirewall\PublicProfile\Logging!LogFileSize,registry,HKLM\Software\Policies\Microsoft\WindowsFirewall\PublicProfile\Logging,LogFileSize,REG_DWORD,16384,MSFT Windows 11 24H2 - Computer,,,,,,"Range(16384, )",9.3.7,no_name_match,native:Microsoft.Windows/Registry,,,,S1472;S-oeh7ui3h;S1598
HKLM\Software\Policies\Microsoft\WindowsFirewall\PublicProfile\Logging!LogDroppedPackets,registry,HKLM\Software\Policies\Microsoft\WindowsFirewall\PublicProfile\Logging,LogDroppedPackets,REG_DWORD,1,MSFT Windows 11 24H2 - Computer,,,,,,Equals(1),9.3.8,no_name_match,native:Microsoft.Windows/Registry,,,,S1472;S-oeh7ui3h;S1598
HKLM\Software\Policies\Microsoft\WindowsFirewall\PublicProfile\Logging!LogSuccessfulConnections,registry,HKLM\Software\Policies\Microsoft\WindowsFirewall\PublicProfile\Logging,LogSuccessfulConnections,REG_DWORD,1,MSFT Windows 11 24H2 - Computer,,,,,,Equals(1),9.3.9,no_name_match,native:Microsoft.Windows/Registry,,,,S1472;S-oeh7ui3h;S1598
HKLM\Software\Policies\Microsoft\WindowsInkWorkspace!AllowWindowsInkWorkspace,registry,HKLM\Software\Policies\Microsoft\WindowsInkWorkspace,AllowWindowsInkWorkspace,REG_DWORD,1,MSFT Windows 11 24H2 - Computer,,,,,,,,no_name_match,native:Microsoft.Windows/Registry,,,,S1472;S-oeh7ui3h
MS Security Guide > LSA Protection,registry,HKLM\SYSTEM\CurrentControlSet\Control\Lsa,RunAsPPL,REG_DWORD,1,MSFT Windows 11 24H2 - Computer,,,,,,,,no_name_match,native:Microsoft.Windows/Registry,LSA plug-ins and drivers must be Microsoft-signed or fail to load; audit via CodeIntegrity events 3065/3066; restart required,,,S1472;S-oeh7ui3h;S1477
MS Security Guide > Configure RPC packet level privacy setting for incoming connections,registry,HKLM\SYSTEM\CurrentControlSet\Control\Print,RpcAuthnLevelPrivacyEnabled,REG_DWORD,1,MSFT Windows 11 24H2 - Computer,,,,,,Equals(1),18.7.8,no_name_match,native:Microsoft.Windows/Registry,,,,S1472;S-oeh7ui3h;S1598
MS Security Guide > WDigest Authentication (disabling may require KB2871997),registry,HKLM\SYSTEM\CurrentControlSet\Control\SecurityProviders\WDigest,UseLogonCredential,REG_DWORD,0,MSFT Windows 11 24H2 - Computer,WN11-CC-000038,0,,,,,,yes,native:Microsoft.Windows/Registry,,,yes,S1472;S1470;S-oeh7ui3h
MS Security Guide > Enable Structured Exception Handling Overwrite Protection (SEHOP),registry,HKLM\SYSTEM\CurrentControlSet\Control\Session Manager\kernel,DisableExceptionChainValidation,REG_DWORD,0,MSFT Windows 11 24H2 - Computer,WN11-00-000150,0,,,,Equals(0),18.4.5,yes,native:Microsoft.Windows/Registry,,,yes,S1472;S1470;S-oeh7ui3h;S1598
HKLM\SYSTEM\CurrentControlSet\Policies\EarlyLaunch!DriverLoadPolicy,registry,HKLM\SYSTEM\CurrentControlSet\Policies\EarlyLaunch,DriverLoadPolicy,REG_DWORD,3,MSFT Windows 11 24H2 - Computer,WN11-CC-000085,"1, 3, or 8",WN25-CC-000130,,,"OneOf(Equals(8),Equals(1),Equals(3),Equals(null))",18.9.13.1,no_name_match,native:Microsoft.Windows/Registry,,,yes,S1472;S1470;S1471;S-oeh7ui3h;S1598
MS Security Guide > Configure SMB v1 server,registry,HKLM\SYSTEM\CurrentControlSet\Services\LanmanServer\Parameters,SMB1,REG_DWORD,0,MSFT Windows 11 24H2 - Computer,WN11-00-000165,0,WN25-00-000390,,,"OneOf(Equals(0), Equals(null))",18.4.3,yes,native:Microsoft.Windows/Registry,Old SMB1-only devices and software stop connecting; restart required,C3-related,yes,S1472;S1470;S1471;S-oeh7ui3h;S1590;S1598
MS Security Guide > Configure SMB v1 client driver,registry,HKLM\SYSTEM\CurrentControlSet\Services\MrxSmb10,Start,REG_DWORD,4,MSFT Windows 11 24H2 - Computer,WN11-00-000170,4,WN25-00-000400,,,Equals(4),18.4.2,yes,native:Microsoft.Windows/Registry,Old SMB1-only servers unreachable from this client; restart required,C3-related,yes,S1472;S1470;S1471;S-oeh7ui3h;S1590;S1598
MSS (Legacy) > MSS: (NoNameReleaseOnDemand) Allow the computer to ignore NetBIOS name release requests except from WINS servers,registry,HKLM\SYSTEM\CurrentControlSet\Services\Netbt\Parameters,NoNameReleaseOnDemand,REG_DWORD,1,MSFT Windows 11 24H2 - Computer,WN11-CC-000035,1,,,,Equals(1),18.5.6,yes,native:Microsoft.Windows/Registry,,,yes,S1472;S1470;S-oeh7ui3h;S1598
MS Security Guide > NetBT NodeType configuration,registry,HKLM\SYSTEM\CurrentControlSet\Services\Netbt\Parameters,NodeType,REG_DWORD,2,MSFT Windows 11 24H2 - Computer,,,,,,Equals(2),18.4.6,no_name_match,native:Microsoft.Windows/Registry,,,,S1472;S-oeh7ui3h;S1598
MSS (Legacy) > MSS: (EnableICMPRedirect) Allow ICMP redirects to override OSPF generated routes,registry,HKLM\SYSTEM\CurrentControlSet\Services\Tcpip\Parameters,EnableICMPRedirect,REG_DWORD,0,MSFT Windows 11 24H2 - Computer,WN11-CC-000030,0,WN25-CC-000050,,,Equals(0),18.5.4,yes,native:Microsoft.Windows/Registry,,,yes,S1472;S1470;S1471;S-oeh7ui3h;S1598
MSS (Legacy) > MSS: (DisableIPSourceRouting) IP source routing protection level,registry,HKLM\SYSTEM\CurrentControlSet\Services\Tcpip\Parameters,DisableIPSourceRouting,REG_DWORD,2,MSFT Windows 11 24H2 - Computer,WN11-CC-000025,2,WN25-CC-000040,,,Equals(2),18.5.3,no_name_match,native:Microsoft.Windows/Registry,,,yes,S1472;S1470;S1471;S-oeh7ui3h;S1598
MSS (Legacy) > MSS: (DisableIPSourceRouting IPv6) IP source routing protection level,registry,HKLM\SYSTEM\CurrentControlSet\Services\Tcpip6\Parameters,DisableIPSourceRouting,REG_DWORD,2,MSFT Windows 11 24H2 - Computer,WN11-CC-000020,2,WN25-CC-000030,,,Equals(2),18.5.2,no_name_match,native:Microsoft.Windows/Registry,,,yes,S1472;S1470;S1471;S-oeh7ui3h;S1598
HKLM\Software\Policies\Microsoft\Windows Defender!PUAProtection,registry,HKLM\Software\Policies\Microsoft\Windows Defender,PUAProtection,REG_DWORD,1,MSFT Windows 11 24H2 - Defender Antivirus,,,,,,,,no_name_match,native:Microsoft.Windows/Registry,,,,S1472;S-oeh7ui3h
Windows Components\Microsoft Defender Antivirus > Configure local administrator merge behavior for lists,registry,HKLM\Software\Policies\Microsoft\Windows Defender,DisableLocalAdminMerge,REG_DWORD,0,MSFT Windows 11 24H2 - Defender Antivirus,,,,,,,,no_name_match,native:Microsoft.Windows/Registry,,,,S1472;S-oeh7ui3h
Windows Components\Microsoft Defender Antivirus > Control whether or not exclusions are visible to Local Admins,registry,HKLM\Software\Policies\Microsoft\Windows Defender,HideExclusionsFromLocalAdmins,REG_DWORD,1,MSFT Windows 11 24H2 - Defender Antivirus,,,,,,,,no_name_match,native:Microsoft.Windows/Registry,,,,S1472;S-oeh7ui3h
Windows Components\Microsoft Defender Antivirus > Turn off routine remediation,registry,HKLM\Software\Policies\Microsoft\Windows Defender,DisableRoutinelyTakingAction,REG_DWORD,0,MSFT Windows 11 24H2 - Defender Antivirus,,,,,,,,yes,native:Microsoft.Windows/Registry,,,,S1472;S-oeh7ui3h
Windows Components\Microsoft Defender Antivirus > Control whether exclusions are visible to local users,registry,HKLM\Software\Policies\Microsoft\Windows Defender,HideExclusionsFromLocalUsers,REG_DWORD,1,MSFT Windows 11 24H2 - Defender Antivirus,,,,,,,,no_name_match,native:Microsoft.Windows/Registry,,,,S1472;S-oeh7ui3h
Windows Components\Microsoft Defender Antivirus\Features > Enable EDR in block mode,registry,HKLM\Software\Policies\Microsoft\Windows Defender\Features,PassiveRemediation,REG_DWORD,1,MSFT Windows 11 24H2 - Defender Antivirus,,,,,,,,no_name_match,native:Microsoft.Windows/Registry,,,,S1472;S-oeh7ui3h
HKLM\Software\Policies\Microsoft\Windows Defender\MpEngine!MpCloudBlockLevel,registry,HKLM\Software\Policies\Microsoft\Windows Defender\MpEngine,MpCloudBlockLevel,REG_DWORD,2,MSFT Windows 11 24H2 - Defender Antivirus,,,,,,,,no_name_match,native:Microsoft.Windows/Registry,,,,S1472;S-oeh7ui3h
HKLM\Software\Policies\Microsoft\Windows Defender\MpEngine!MpBafsExtendedTimeout,registry,HKLM\Software\Policies\Microsoft\Windows Defender\MpEngine,MpBafsExtendedTimeout,REG_DWORD,50,MSFT Windows 11 24H2 - Defender Antivirus,,,,,,,,no_name_match,native:Microsoft.Windows/Registry,,,,S1472;S-oeh7ui3h
Windows Components\Microsoft Defender Antivirus\Network Inspection System > Convert warn verdict to block,registry,HKLM\Software\Policies\Microsoft\Windows Defender\NIS,EnableConvertWarnToBlock,REG_DWORD,1,MSFT Windows 11 24H2 - Defender Antivirus,,,,,,,,no_name_match,native:Microsoft.Windows/Registry,,,,S1472;S-oeh7ui3h
Windows Components\Microsoft Defender Antivirus\Real-time Protection > Scan all downloaded files and attachments,registry,HKLM\Software\Policies\Microsoft\Windows Defender\Real-Time Protection,DisableIOAVProtection,REG_DWORD,0,MSFT Windows 11 24H2 - Defender Antivirus,,,,,,,,no_name_match,native:Microsoft.Windows/Registry,,,,S1472;S-oeh7ui3h
Windows Components\Microsoft Defender Antivirus\Real-time Protection > Turn off real-time protection,registry,HKLM\Software\Policies\Microsoft\Windows Defender\Real-Time Protection,DisableRealtimeMonitoring,REG_DWORD,0,MSFT Windows 11 24H2 - Defender Antivirus,,,,,,,,no_name_match,native:Microsoft.Windows/Registry,,,,S1472;S-oeh7ui3h
Windows Components\Microsoft Defender Antivirus\Real-time Protection > Turn on script scanning,registry,HKLM\Software\Policies\Microsoft\Windows Defender\Real-Time Protection,DisableScriptScanning,REG_DWORD,0,MSFT Windows 11 24H2 - Defender Antivirus,,,,,,,,no_name_match,native:Microsoft.Windows/Registry,,,,S1472;S-oeh7ui3h
Windows Components\Microsoft Defender Antivirus\Real-time Protection > Turn on behavior monitoring,registry,HKLM\Software\Policies\Microsoft\Windows Defender\Real-Time Protection,DisableBehaviorMonitoring,REG_DWORD,0,MSFT Windows 11 24H2 - Defender Antivirus,,,,,,,,no_name_match,native:Microsoft.Windows/Registry,,,,S1472;S-oeh7ui3h
HKLM\Software\Policies\Microsoft\Windows Defender\Real-Time Protection!RealtimeScanDirection,registry,HKLM\Software\Policies\Microsoft\Windows Defender\Real-Time Protection,RealtimeScanDirection,REG_DWORD,0,MSFT Windows 11 24H2 - Defender Antivirus,,,,,,,,no_name_match,native:Microsoft.Windows/Registry,,,,S1472;S-oeh7ui3h
Windows Components\Microsoft Defender Antivirus\Real-time Protection > Monitor file and program activity on your computer,registry,HKLM\Software\Policies\Microsoft\Windows Defender\Real-Time Protection,DisableOnAccessProtection,REG_DWORD,0,MSFT Windows 11 24H2 - Defender Antivirus,,,,,,,,no_name_match,native:Microsoft.Windows/Registry,,,,S1472;S-oeh7ui3h
Windows Components\Microsoft Defender Antivirus\Real-time Protection > Turn on process scanning whenever real-time protection is enabled,registry,HKLM\Software\Policies\Microsoft\Windows Defender\Real-Time Protection,DisableScanOnRealtimeEnable,REG_DWORD,0,MSFT Windows 11 24H2 - Defender Antivirus,,,,,,,,yes,native:Microsoft.Windows/Registry,,,,S1472;S-oeh7ui3h
Windows Components\Microsoft Defender Antivirus\Real-time Protection > Configure real-time protection and Security Intelligence Updates during OOBE,registry,HKLM\Software\Policies\Microsoft\Windows Defender\Real-Time Protection,OobeEnableRtpAndSigUpdate,REG_DWORD,1,MSFT Windows 11 24H2 - Defender Antivirus,,,,,,,,no_name_match,native:Microsoft.Windows/Registry,,,,S1472;S-oeh7ui3h
Windows Components\Microsoft Defender Antivirus\Reporting > Configure whether to report Dynamic Signature dropped events,registry,HKLM\Software\Policies\Microsoft\Windows Defender\Reporting,EnableDynamicSignatureDroppedEventReporting,REG_DWORD,1,MSFT Windows 11 24H2 - Defender Antivirus,,,,,,,,no_name_match,native:Microsoft.Windows/Registry,,,,S1472;S-oeh7ui3h
Windows Components\Microsoft Defender Antivirus\Scan > Scan removable drives,registry,HKLM\Software\Policies\Microsoft\Windows Defender\Scan,DisableRemovableDriveScanning,REG_DWORD,0,MSFT Windows 11 24H2 - Defender Antivirus,,,,,,,,no_name_match,native:Microsoft.Windows/Registry,,,,S1472;S-oeh7ui3h
Windows Components\Microsoft Defender Antivirus\Scan > Scan packed executables,registry,HKLM\Software\Policies\Microsoft\Windows Defender\Scan,DisablePackedExeScanning,REG_DWORD,0,MSFT Windows 11 24H2 - Defender Antivirus,,,,,,,,yes,native:Microsoft.Windows/Registry,,,,S1472;S-oeh7ui3h
HKLM\Software\Policies\Microsoft\Windows Defender\Scan!QuickScanIncludeExclusions,registry,HKLM\Software\Policies\Microsoft\Windows Defender\Scan,QuickScanIncludeExclusions,REG_DWORD,1,MSFT Windows 11 24H2 - Defender Antivirus,,,,,,,,no_name_match,native:Microsoft.Windows/Registry,,,,S1472;S-oeh7ui3h
HKLM\Software\Policies\Microsoft\Windows Defender\Spynet!SpynetReporting,registry,HKLM\Software\Policies\Microsoft\Windows Defender\Spynet,SpynetReporting,REG_DWORD,2,MSFT Windows 11 24H2 - Defender Antivirus,,,,,,,,no_name_match,native:Microsoft.Windows/Registry,,,,S1472;S-oeh7ui3h
Windows Components\Microsoft Defender Antivirus\MAPS > Configure the 'Block at First Sight' feature,registry,HKLM\Software\Policies\Microsoft\Windows Defender\Spynet,DisableBlockAtFirstSeen,REG_DWORD,0,MSFT Windows 11 24H2 - Defender Antivirus,,,,,,,,yes,native:Microsoft.Windows/Registry,,,,S1472;S-oeh7ui3h
HKLM\Software\Policies\Microsoft\Windows Defender\Spynet!SubmitSamplesConsent,registry,HKLM\Software\Policies\Microsoft\Windows Defender\Spynet,SubmitSamplesConsent,REG_DWORD,3,MSFT Windows 11 24H2 - Defender Antivirus,,,,,,,,no_name_match,native:Microsoft.Windows/Registry,,,,S1472;S-oeh7ui3h
HKLM\Software\Policies\Microsoft\Windows Defender\Windows Defender Exploit Guard\ASR!ExploitGuard_ASR_Rules,registry,HKLM\Software\Policies\Microsoft\Windows Defender\Windows Defender Exploit Guard\ASR,ExploitGuard_ASR_Rules,REG_DWORD,1,MSFT Windows 11 24H2 - Defender Antivirus,,,,,,,,no_name_match,native:Microsoft.Windows/Registry,,,,S1472;S-oeh7ui3h
HKLM\Software\Policies\Microsoft\Windows Defender\Windows Defender Exploit Guard\ASR\Rules!75668c1f-73b5-4cf0-bb93-3ecf5cb7cc84,registry,HKLM\Software\Policies\Microsoft\Windows Defender\Windows Defender Exploit Guard\ASR\Rules,75668c1f-73b5-4cf0-bb93-3ecf5cb7cc84,REG_SZ,1,MSFT Windows 11 24H2 - Defender Antivirus,,,,,,,,no_name_match,native:Microsoft.Windows/Registry,,,,S1472;S-oeh7ui3h
HKLM\Software\Policies\Microsoft\Windows Defender\Windows Defender Exploit Guard\ASR\Rules!3b576869-a4ec-4529-8536-b80a7769e899,registry,HKLM\Software\Policies\Microsoft\Windows Defender\Windows Defender Exploit Guard\ASR\Rules,3b576869-a4ec-4529-8536-b80a7769e899,REG_SZ,1,MSFT Windows 11 24H2 - Defender Antivirus,,,,,,,,no_name_match,native:Microsoft.Windows/Registry,,,,S1472;S-oeh7ui3h
HKLM\Software\Policies\Microsoft\Windows Defender\Windows Defender Exploit Guard\ASR\Rules!d4f940ab-401b-4efc-aadc-ad5f3c50688a,registry,HKLM\Software\Policies\Microsoft\Windows Defender\Windows Defender Exploit Guard\ASR\Rules,d4f940ab-401b-4efc-aadc-ad5f3c50688a,REG_SZ,1,MSFT Windows 11 24H2 - Defender Antivirus,,,,,,,,no_name_match,native:Microsoft.Windows/Registry,,,,S1472;S-oeh7ui3h
HKLM\Software\Policies\Microsoft\Windows Defender\Windows Defender Exploit Guard\ASR\Rules!92E97FA1-2EDF-4476-BDD6-9DD0B4DDDC7B,registry,HKLM\Software\Policies\Microsoft\Windows Defender\Windows Defender Exploit Guard\ASR\Rules,92E97FA1-2EDF-4476-BDD6-9DD0B4DDDC7B,REG_SZ,1,MSFT Windows 11 24H2 - Defender Antivirus,,,,,,,,no_name_match,native:Microsoft.Windows/Registry,,,,S1472;S-oeh7ui3h
HKLM\Software\Policies\Microsoft\Windows Defender\Windows Defender Exploit Guard\ASR\Rules!5beb7efe-fd9a-4556-801d-275e5ffc04cc,registry,HKLM\Software\Policies\Microsoft\Windows Defender\Windows Defender Exploit Guard\ASR\Rules,5beb7efe-fd9a-4556-801d-275e5ffc04cc,REG_SZ,1,MSFT Windows 11 24H2 - Defender Antivirus,,,,,,,,no_name_match,native:Microsoft.Windows/Registry,,,,S1472;S-oeh7ui3h
HKLM\Software\Policies\Microsoft\Windows Defender\Windows Defender Exploit Guard\ASR\Rules!d3e037e1-3eb8-44c8-a917-57927947596d,registry,HKLM\Software\Policies\Microsoft\Windows Defender\Windows Defender Exploit Guard\ASR\Rules,d3e037e1-3eb8-44c8-a917-57927947596d,REG_SZ,1,MSFT Windows 11 24H2 - Defender Antivirus,,,,,,,,no_name_match,native:Microsoft.Windows/Registry,,,,S1472;S-oeh7ui3h
HKLM\Software\Policies\Microsoft\Windows Defender\Windows Defender Exploit Guard\ASR\Rules!be9ba2d9-53ea-4cdc-84e5-9b1eeee46550,registry,HKLM\Software\Policies\Microsoft\Windows Defender\Windows Defender Exploit Guard\ASR\Rules,be9ba2d9-53ea-4cdc-84e5-9b1eeee46550,REG_SZ,1,MSFT Windows 11 24H2 - Defender Antivirus,,,,,,,,no_name_match,native:Microsoft.Windows/Registry,,,,S1472;S-oeh7ui3h
HKLM\Software\Policies\Microsoft\Windows Defender\Windows Defender Exploit Guard\ASR\Rules!9e6c4e1f-7d60-472f-ba1a-a39ef669e4b2,registry,HKLM\Software\Policies\Microsoft\Windows Defender\Windows Defender Exploit Guard\ASR\Rules,9e6c4e1f-7d60-472f-ba1a-a39ef669e4b2,REG_SZ,1,MSFT Windows 11 24H2 - Defender Antivirus,,,,,,,,no_name_match,native:Microsoft.Windows/Registry,,,,S1472;S-oeh7ui3h
HKLM\Software\Policies\Microsoft\Windows Defender\Windows Defender Exploit Guard\ASR\Rules!b2b3f03d-6a65-4f7b-a9c7-1c7ef74a9ba4,registry,HKLM\Software\Policies\Microsoft\Windows Defender\Windows Defender Exploit Guard\ASR\Rules,b2b3f03d-6a65-4f7b-a9c7-1c7ef74a9ba4,REG_SZ,1,MSFT Windows 11 24H2 - Defender Antivirus,,,,,,,,no_name_match,native:Microsoft.Windows/Registry,,,,S1472;S-oeh7ui3h
HKLM\Software\Policies\Microsoft\Windows Defender\Windows Defender Exploit Guard\ASR\Rules!26190899-1602-49e8-8b27-eb1d0a1ce869,registry,HKLM\Software\Policies\Microsoft\Windows Defender\Windows Defender Exploit Guard\ASR\Rules,26190899-1602-49e8-8b27-eb1d0a1ce869,REG_SZ,1,MSFT Windows 11 24H2 - Defender Antivirus,,,,,,,,no_name_match,native:Microsoft.Windows/Registry,,,,S1472;S-oeh7ui3h
HKLM\Software\Policies\Microsoft\Windows Defender\Windows Defender Exploit Guard\ASR\Rules!7674ba52-37eb-4a4f-a9a1-f0f9a1619a2c,registry,HKLM\Software\Policies\Microsoft\Windows Defender\Windows Defender Exploit Guard\ASR\Rules,7674ba52-37eb-4a4f-a9a1-f0f9a1619a2c,REG_SZ,1,MSFT Windows 11 24H2 - Defender Antivirus,,,,,,,,no_name_match,native:Microsoft.Windows/Registry,,,,S1472;S-oeh7ui3h
HKLM\Software\Policies\Microsoft\Windows Defender\Windows Defender Exploit Guard\ASR\Rules!c1db55ab-c21a-4637-bb3f-a12568109d35,registry,HKLM\Software\Policies\Microsoft\Windows Defender\Windows Defender Exploit Guard\ASR\Rules,c1db55ab-c21a-4637-bb3f-a12568109d35,REG_SZ,1,MSFT Windows 11 24H2 - Defender Antivirus,,,,,,,,no_name_match,native:Microsoft.Windows/Registry,,,,S1472;S-oeh7ui3h
HKLM\Software\Policies\Microsoft\Windows Defender\Windows Defender Exploit Guard\ASR\Rules!e6db77e5-3df2-4cf1-b95a-636979351e5b,registry,HKLM\Software\Policies\Microsoft\Windows Defender\Windows Defender Exploit Guard\ASR\Rules,e6db77e5-3df2-4cf1-b95a-636979351e5b,REG_SZ,1,MSFT Windows 11 24H2 - Defender Antivirus,,,,,,,,no_name_match,native:Microsoft.Windows/Registry,,,,S1472;S-oeh7ui3h
HKLM\Software\Policies\Microsoft\Windows Defender\Windows Defender Exploit Guard\ASR\Rules!56a863a9-875e-4185-98a7-b882c64b5ce5,registry,HKLM\Software\Policies\Microsoft\Windows Defender\Windows Defender Exploit Guard\ASR\Rules,56a863a9-875e-4185-98a7-b882c64b5ce5,REG_SZ,1,MSFT Windows 11 24H2 - Defender Antivirus,,,,,,,,no_name_match,native:Microsoft.Windows/Registry,,,,S1472;S-oeh7ui3h
HKLM\Software\Policies\Microsoft\Windows Defender\Windows Defender Exploit Guard\Network Protection!EnableNetworkProtection,registry,HKLM\Software\Policies\Microsoft\Windows Defender\Windows Defender Exploit Guard\Network Protection,EnableNetworkProtection,REG_DWORD,1,MSFT Windows 11 24H2 - Defender Antivirus,,,,,,,,no_name_match,native:Microsoft.Windows/Registry,,,,S1472;S-oeh7ui3h
Minimum password length (MinimumPasswordLength),security_policy,,,,14,MSFT Windows 11 24H2 - Domain Security,WN11-AC-000035,,,,,,,,adapter:SecurityPolicyDsc (Microsoft.Adapter/WindowsPowerShell; MOF/script-based; last stable 2.10.0.0 2019-09-19) AccountPolicy,Domain account policy only takes effect from a GPO linked at domain level,,yes,S1472;S1470;S1413;S1414;S1473;S1594;S1596;S114
Password must meet complexity requirements (PasswordComplexity),security_policy,,,,1,MSFT Windows 11 24H2 - Domain Security,WN11-AC-000040,,,,,,,,adapter:SecurityPolicyDsc (Microsoft.Adapter/WindowsPowerShell; MOF/script-based; last stable 2.10.0.0 2019-09-19) AccountPolicy,Domain account policy only takes effect from a GPO linked at domain level,,yes,S1472;S1470;S1413;S1414;S1473;S1594;S1596;S114
Enforce password history (PasswordHistorySize),security_policy,,,,24,MSFT Windows 11 24H2 - Domain Security,WN11-AC-000020,,,,,,,,adapter:SecurityPolicyDsc (Microsoft.Adapter/WindowsPowerShell; MOF/script-based; last stable 2.10.0.0 2019-09-19) AccountPolicy,Domain account policy only takes effect from a GPO linked at domain level,,yes,S1472;S1470;S1413;S1414;S1473;S1594;S1596;S114
Account lockout threshold (LockoutBadCount),security_policy,,,,10,MSFT Windows 11 24H2 - Domain Security,WN11-AC-000010,,,,,,,,adapter:SecurityPolicyDsc (Microsoft.Adapter/WindowsPowerShell; MOF/script-based; last stable 2.10.0.0 2019-09-19) AccountPolicy,Domain account policy only takes effect from a GPO linked at domain level,,yes,S1472;S1470;S1413;S1414;S1473;S1594;S1596;S114
Reset account lockout counter after (ResetLockoutCount),security_policy,,,,10,MSFT Windows 11 24H2 - Domain Security,WN11-AC-000015,,,,,,,,adapter:SecurityPolicyDsc (Microsoft.Adapter/WindowsPowerShell; MOF/script-based; last stable 2.10.0.0 2019-09-19) AccountPolicy,Domain account policy only takes effect from a GPO linked at domain level,,yes,S1472;S1470;S1413;S1414;S1473;S1594;S1596;S114
Account lockout duration (LockoutDuration),security_policy,,,,10,MSFT Windows 11 24H2 - Domain Security,WN11-AC-000005,,,,,,,,adapter:SecurityPolicyDsc (Microsoft.Adapter/WindowsPowerShell; MOF/script-based; last stable 2.10.0.0 2019-09-19) AccountPolicy,Domain account policy only takes effect from a GPO linked at domain level,,yes,S1472;S1470;S1413;S1414;S1473;S1594;S1596;S114
Allow Administrator account lockout (AllowAdministratorLockout),security_policy,,,,1,MSFT Windows 11 24H2 - Domain Security,,,,,,,,,adapter:SecurityPolicyDsc (Microsoft.Adapter/WindowsPowerShell; MOF/script-based; last stable 2.10.0.0 2019-09-19) AccountPolicy,Domain account policy only takes effect from a GPO linked at domain level,,,S1472;S1413;S1414;S1473;S1594;S1596;S114
Store passwords using reversible encryption (ClearTextPassword),security_policy,,,,0,MSFT Windows 11 24H2 - Domain Security,WN11-AC-000045,,,,,,,,adapter:SecurityPolicyDsc (Microsoft.Adapter/WindowsPowerShell; MOF/script-based; last stable 2.10.0.0 2019-09-19) AccountPolicy,Domain account policy only takes effect from a GPO linked at domain level,,yes,S1472;S1470;S1413;S1414;S1473;S1594;S1596;S114
Network access: Allow anonymous SID/Name translation (LSAAnonymousNameLookup),security_policy,,,,0,MSFT Windows 11 24H2 - Computer,WN11-SO-000140,,,,,,,,adapter:SecurityPolicyDsc (Microsoft.Adapter/WindowsPowerShell; MOF/script-based; last stable 2.10.0.0 2019-09-19) SecurityOption,,,yes,S1472;S1470;S1413;S1414;S1473;S1594;S1596;S114
User right: Manage auditing and security log (SeSecurityPrivilege),user_rights,,,,*S-1-5-32-544,MSFT Windows 11 24H2 - Computer,WN11-UR-000130,,,,,,,,adapter:SecurityPolicyDsc (Microsoft.Adapter/WindowsPowerShell; MOF/script-based; last stable 2.10.0.0 2019-09-19) UserRightsAssignment,,,yes,S1472;S1470;S1413;S1414;S1473;S1594;S1596;S114
User right: Restore files and directories (SeRestorePrivilege),user_rights,,,,*S-1-5-32-544,MSFT Windows 11 24H2 - Computer,WN11-UR-000160,,,,,,,,adapter:SecurityPolicyDsc (Microsoft.Adapter/WindowsPowerShell; MOF/script-based; last stable 2.10.0.0 2019-09-19) UserRightsAssignment,,,yes,S1472;S1470;S1413;S1414;S1473;S1594;S1596;S114
User right: Take ownership of files or other objects (SeTakeOwnershipPrivilege),user_rights,,,,*S-1-5-32-544,MSFT Windows 11 24H2 - Computer,WN11-UR-000165,,,,,,,,adapter:SecurityPolicyDsc (Microsoft.Adapter/WindowsPowerShell; MOF/script-based; last stable 2.10.0.0 2019-09-19) UserRightsAssignment,,,yes,S1472;S1470;S1413;S1414;S1473;S1594;S1596;S114
User right: Back up files and directories (SeBackupPrivilege),user_rights,,,,*S-1-5-32-544,MSFT Windows 11 24H2 - Computer,WN11-UR-000030,,,,,,,,adapter:SecurityPolicyDsc (Microsoft.Adapter/WindowsPowerShell; MOF/script-based; last stable 2.10.0.0 2019-09-19) UserRightsAssignment,,,yes,S1472;S1470;S1413;S1414;S1473;S1594;S1596;S114
User right: Deny log on through Remote Desktop Services (SeDenyRemoteInteractiveLogonRight),user_rights,,,,*S-1-5-113,MSFT Windows 11 24H2 - Computer,WN11-UR-000090,,,,,,,,adapter:SecurityPolicyDsc (Microsoft.Adapter/WindowsPowerShell; MOF/script-based; last stable 2.10.0.0 2019-09-19) UserRightsAssignment,,,yes,S1472;S1470;S1413;S1414;S1473;S1594;S1596;S114
User right: Create permanent shared objects (SeCreatePermanentPrivilege),user_rights,,,,(no one),MSFT Windows 11 24H2 - Computer,WN11-UR-000055,,,,,,,,adapter:SecurityPolicyDsc (Microsoft.Adapter/WindowsPowerShell; MOF/script-based; last stable 2.10.0.0 2019-09-19) UserRightsAssignment,,,yes,S1472;S1470;S1413;S1414;S1473;S1594;S1596;S114
User right: Perform volume maintenance tasks (SeManageVolumePrivilege),user_rights,,,,*S-1-5-32-544,MSFT Windows 11 24H2 - Computer,WN11-UR-000145,,,,,,,,adapter:SecurityPolicyDsc (Microsoft.Adapter/WindowsPowerShell; MOF/script-based; last stable 2.10.0.0 2019-09-19) UserRightsAssignment,,,yes,S1472;S1470;S1413;S1414;S1473;S1594;S1596;S114
User right: Load and unload device drivers (SeLoadDriverPrivilege),user_rights,,,,*S-1-5-32-544,MSFT Windows 11 24H2 - Computer,WN11-UR-000120,,,,,,,,adapter:SecurityPolicyDsc (Microsoft.Adapter/WindowsPowerShell; MOF/script-based; last stable 2.10.0.0 2019-09-19) UserRightsAssignment,,,yes,S1472;S1470;S1413;S1414;S1473;S1594;S1596;S114
User right: Lock pages in memory (SeLockMemoryPrivilege),user_rights,,,,(no one),MSFT Windows 11 24H2 - Computer,WN11-UR-000125,,,,,,,,adapter:SecurityPolicyDsc (Microsoft.Adapter/WindowsPowerShell; MOF/script-based; last stable 2.10.0.0 2019-09-19) UserRightsAssignment,,,yes,S1472;S1470;S1413;S1414;S1473;S1594;S1596;S114
User right: Deny access to this computer from the network (SeDenyNetworkLogonRight),user_rights,,,,*S-1-5-113,MSFT Windows 11 24H2 - Computer,WN11-UR-000070,,,,,,,,adapter:SecurityPolicyDsc (Microsoft.Adapter/WindowsPowerShell; MOF/script-based; last stable 2.10.0.0 2019-09-19) UserRightsAssignment,,,yes,S1472;S1470;S1413;S1414;S1473;S1594;S1596;S114
User right: Access this computer from the network (SeNetworkLogonRight),user_rights,,,,"*S-1-5-32-544,*S-1-5-32-555",MSFT Windows 11 24H2 - Computer,WN11-UR-000010,,,,,,,,adapter:SecurityPolicyDsc (Microsoft.Adapter/WindowsPowerShell; MOF/script-based; last stable 2.10.0.0 2019-09-19) UserRightsAssignment,,,yes,S1472;S1470;S1413;S1414;S1473;S1594;S1596;S114
User right: Impersonate a client after authentication (SeImpersonatePrivilege),user_rights,,,,"*S-1-5-32-544,*S-1-5-6,*S-1-5-19,*S-1-5-20",MSFT Windows 11 24H2 - Computer,WN11-UR-000110,,,,,,,,adapter:SecurityPolicyDsc (Microsoft.Adapter/WindowsPowerShell; MOF/script-based; last stable 2.10.0.0 2019-09-19) UserRightsAssignment,,,yes,S1472;S1470;S1413;S1414;S1473;S1594;S1596;S114
User right: Create a token object (SeCreateTokenPrivilege),user_rights,,,,(no one),MSFT Windows 11 24H2 - Computer,WN11-UR-000045,,,,,,,,adapter:SecurityPolicyDsc (Microsoft.Adapter/WindowsPowerShell; MOF/script-based; last stable 2.10.0.0 2019-09-19) UserRightsAssignment,,,yes,S1472;S1470;S1413;S1414;S1473;S1594;S1596;S114
User right: Create global objects (SeCreateGlobalPrivilege),user_rights,,,,"*S-1-5-32-544,*S-1-5-6,*S-1-5-19,*S-1-5-20",MSFT Windows 11 24H2 - Computer,WN11-UR-000050,,,,,,,,adapter:SecurityPolicyDsc (Microsoft.Adapter/WindowsPowerShell; MOF/script-based; last stable 2.10.0.0 2019-09-19) UserRightsAssignment,,,yes,S1472;S1470;S1413;S1414;S1473;S1594;S1596;S114
User right: Modify firmware environment values (SeSystemEnvironmentPrivilege),user_rights,,,,*S-1-5-32-544,MSFT Windows 11 24H2 - Computer,WN11-UR-000140,,,,,,,,adapter:SecurityPolicyDsc (Microsoft.Adapter/WindowsPowerShell; MOF/script-based; last stable 2.10.0.0 2019-09-19) UserRightsAssignment,,,yes,S1472;S1470;S1413;S1414;S1473;S1594;S1596;S114
User right: Create a pagefile (SeCreatePagefilePrivilege),user_rights,,,,*S-1-5-32-544,MSFT Windows 11 24H2 - Computer,WN11-UR-000040,,,,,,,,adapter:SecurityPolicyDsc (Microsoft.Adapter/WindowsPowerShell; MOF/script-based; last stable 2.10.0.0 2019-09-19) UserRightsAssignment,,,yes,S1472;S1470;S1413;S1414;S1473;S1594;S1596;S114
User right: Allow log on locally (SeInteractiveLogonRight),user_rights,,,,"*S-1-5-32-544,*S-1-5-32-545",MSFT Windows 11 24H2 - Computer,WN11-UR-000025,,,,,,,,adapter:SecurityPolicyDsc (Microsoft.Adapter/WindowsPowerShell; MOF/script-based; last stable 2.10.0.0 2019-09-19) UserRightsAssignment,,,yes,S1472;S1470;S1413;S1414;S1473;S1594;S1596;S114
User right: Force shutdown from a remote system (SeRemoteShutdownPrivilege),user_rights,,,,*S-1-5-32-544,MSFT Windows 11 24H2 - Computer,WN11-UR-000100,,,,,,,,adapter:SecurityPolicyDsc (Microsoft.Adapter/WindowsPowerShell; MOF/script-based; last stable 2.10.0.0 2019-09-19) UserRightsAssignment,,,yes,S1472;S1470;S1413;S1414;S1473;S1594;S1596;S114
User right: Debug programs (SeDebugPrivilege),user_rights,,,,*S-1-5-32-544,MSFT Windows 11 24H2 - Computer,WN11-UR-000065,,,,,,,,adapter:SecurityPolicyDsc (Microsoft.Adapter/WindowsPowerShell; MOF/script-based; last stable 2.10.0.0 2019-09-19) UserRightsAssignment,,,yes,S1472;S1470;S1413;S1414;S1473;S1594;S1596;S114
User right: Access Credential Manager as a trusted caller (SeTrustedCredManAccessPrivilege),user_rights,,,,(no one),MSFT Windows 11 24H2 - Computer,WN11-UR-000005,,,,,,,,adapter:SecurityPolicyDsc (Microsoft.Adapter/WindowsPowerShell; MOF/script-based; last stable 2.10.0.0 2019-09-19) UserRightsAssignment,,,yes,S1472;S1470;S1413;S1414;S1473;S1594;S1596;S114
User right: Profile single process (SeProfileSingleProcessPrivilege),user_rights,,,,*S-1-5-32-544,MSFT Windows 11 24H2 - Computer,WN11-UR-000150,,,,,,,,adapter:SecurityPolicyDsc (Microsoft.Adapter/WindowsPowerShell; MOF/script-based; last stable 2.10.0.0 2019-09-19) UserRightsAssignment,,,yes,S1472;S1470;S1413;S1414;S1473;S1594;S1596;S114
User right: Act as part of the operating system (SeTcbPrivilege),user_rights,,,,(no one),MSFT Windows 11 24H2 - Computer,WN11-UR-000015,,,,,,,,adapter:SecurityPolicyDsc (Microsoft.Adapter/WindowsPowerShell; MOF/script-based; last stable 2.10.0.0 2019-09-19) UserRightsAssignment,,,yes,S1472;S1470;S1413;S1414;S1473;S1594;S1596;S114
User right: Enable computer and user accounts to be trusted for delegation (SeEnableDelegationPrivilege),user_rights,,,,(no one),MSFT Windows 11 24H2 - Computer,WN11-UR-000095,,,,,,,,adapter:SecurityPolicyDsc (Microsoft.Adapter/WindowsPowerShell; MOF/script-based; last stable 2.10.0.0 2019-09-19) UserRightsAssignment,,,yes,S1472;S1470;S1413;S1414;S1473;S1594;S1596;S114
Service XboxGipSvc startup,service,,,,Disabled,MSFT Windows 11 24H2 - Computer,,,,,,,,,native:Microsoft.Windows/Service,,,,S1472
Service XblAuthManager startup,service,,,,Disabled,MSFT Windows 11 24H2 - Computer,,,,,,,,,native:Microsoft.Windows/Service,,,,S1472
Service XblGameSave startup,service,,,,Disabled,MSFT Windows 11 24H2 - Computer,,,,,,,,,native:Microsoft.Windows/Service,,,,S1472
Service XboxNetApiSvc startup,service,,,,Disabled,MSFT Windows 11 24H2 - Computer,,,,,,,,,native:Microsoft.Windows/Service,,,,S1472
Security Options: HKLM\Software\Microsoft\Windows\CurrentVersion\Policies\System!ConsentPromptBehaviorEnhancedAdmin,security_policy,HKLM\Software\Microsoft\Windows\CurrentVersion\Policies\System,ConsentPromptBehaviorEnhancedAdmin,REG_DWORD,1,MSFT Windows 11 24H2 - Computer,,,,,,,,,native:Microsoft.Windows/Registry (registry-backed security option; GPO writes it via secedit),,,,S1472
Security Options: HKLM\Software\Microsoft\Windows\CurrentVersion\Policies\System!TypeOfAdminApprovalMode,security_policy,HKLM\Software\Microsoft\Windows\CurrentVersion\Policies\System,TypeOfAdminApprovalMode,REG_DWORD,2,MSFT Windows 11 24H2 - Computer,,,,,,,,,native:Microsoft.Windows/Registry (registry-backed security option; GPO writes it via secedit),,,,S1472
Security Options: HKLM\Software\Microsoft\Windows NT\CurrentVersion\Winlogon!ScRemoveOption,security_policy,HKLM\Software\Microsoft\Windows NT\CurrentVersion\Winlogon,ScRemoveOption,REG_SZ,1,MSFT Windows 11 24H2 - Computer,WN11-SO-000095,1 (Lock Workstation) or 2 (Force Logoff),WN25-SO-000150,,,"Range(1, 2)",2.3.7.9,,native:Microsoft.Windows/Registry (registry-backed security option; GPO writes it via secedit),,,yes,S1472;S1470;S1471;S1598
Security Options: HKLM\Software\Microsoft\Windows\CurrentVersion\Policies\System!InactivityTimeoutSecs,security_policy,HKLM\Software\Microsoft\Windows\CurrentVersion\Policies\System,InactivityTimeoutSecs,REG_DWORD,900,MSFT Windows 11 24H2 - Computer,WN11-SO-000070,900,WN25-SO-000120,,,"Range(1, 900)",2.3.7.3,,native:Microsoft.Windows/Registry (registry-backed security option; GPO writes it via secedit),,,yes,S1472;S1470;S1471;S1598
Security Options: HKLM\System\CurrentControlSet\Control\Lsa!NoLMHash,security_policy,HKLM\System\CurrentControlSet\Control\Lsa,NoLMHash,REG_DWORD,1,MSFT Windows 11 24H2 - Computer,WN11-SO-000195,1,,,,,,,native:Microsoft.Windows/Registry (registry-backed security option; GPO writes it via secedit),,,yes,S1472;S1470
Security Options: HKLM\System\CurrentControlSet\Services\LanmanWorkstation\Parameters!EnablePlainTextPassword,security_policy,HKLM\System\CurrentControlSet\Services\LanmanWorkstation\Parameters,EnablePlainTextPassword,REG_DWORD,0,MSFT Windows 11 24H2 - Computer,WN11-SO-000110,0,,,,"OneOf(Equals(0), Equals(null))",2.3.8.2,,native:Microsoft.Windows/Registry (registry-backed security option; GPO writes it via secedit),,,yes,S1472;S1470;S1598
Security Options: HKLM\System\CurrentControlSet\Control\Lsa!LimitBlankPasswordUse,security_policy,HKLM\System\CurrentControlSet\Control\Lsa,LimitBlankPasswordUse,REG_DWORD,1,MSFT Windows 11 24H2 - Computer,WN11-SO-000015,1,WN25-SO-000020,,,"OneOf(Equals(1), Equals(null))",2.3.1.2,,native:Microsoft.Windows/Registry (registry-backed security option; GPO writes it via secedit),,,yes,S1472;S1470;S1471;S1598
Security Options: HKLM\System\CurrentControlSet\Control\Lsa!RestrictAnonymousSAM,security_policy,HKLM\System\CurrentControlSet\Control\Lsa,RestrictAnonymousSAM,REG_DWORD,1,MSFT Windows 11 24H2 - Computer,WN11-SO-000145,1,WN25-SO-000220,,,"OneOf(Equals(1), Equals(null))",2.3.10.2,,native:Microsoft.Windows/Registry (registry-backed security option; GPO writes it via secedit),,,yes,S1472;S1470;S1471;S1598
Security Options: HKLM\System\CurrentControlSet\Control\Lsa!RestrictAnonymous,security_policy,HKLM\System\CurrentControlSet\Control\Lsa,RestrictAnonymous,REG_DWORD,1,MSFT Windows 11 24H2 - Computer,WN11-SO-000150,1,WN25-SO-000230,,,Equals(1),2.3.10.3,,native:Microsoft.Windows/Registry (registry-backed security option; GPO writes it via secedit),,,yes,S1472;S1470;S1471;S1598
Security Options: HKLM\System\CurrentControlSet\Services\LanManServer\Parameters!RestrictNullSessAccess,security_policy,HKLM\System\CurrentControlSet\Services\LanManServer\Parameters,RestrictNullSessAccess,REG_DWORD,1,MSFT Windows 11 24H2 - Computer,WN11-SO-000165,1,WN25-SO-000250,,,"OneOf(Equals(1), Equals(null))",2.3.10.10,,native:Microsoft.Windows/Registry (registry-backed security option; GPO writes it via secedit),,,yes,S1472;S1470;S1471;S1598
Security Options: HKLM\System\CurrentControlSet\Control\Lsa!SCENoApplyLegacyAuditPolicy,security_policy,HKLM\System\CurrentControlSet\Control\Lsa,SCENoApplyLegacyAuditPolicy,REG_DWORD,1,MSFT Windows 11 24H2 - Computer,WN11-SO-000030,1,WN25-SO-000050,,,Equals(1),2.3.2.1,,native:Microsoft.Windows/Registry (registry-backed security option; GPO writes it via secedit),,,yes,S1472;S1470;S1471;S1598
Security Options: HKLM\System\CurrentControlSet\Control\Lsa\MSV1_0!NTLMMinClientSec,security_policy,HKLM\System\CurrentControlSet\Control\Lsa\MSV1_0,NTLMMinClientSec,REG_DWORD,537395200,MSFT Windows 11 24H2 - Computer,WN11-SO-000215,537395200,WN25-SO-000330,,,"OneOf(Equals(537395200), Equals(537395216), Equals(537395232), Equals(537395248))",2.3.11.9,,native:Microsoft.Windows/Registry (registry-backed security option; GPO writes it via secedit),,,yes,S1472;S1470;S1471;S1598
Security Options: HKLM\System\CurrentControlSet\Control\Lsa!LmCompatibilityLevel,security_policy,HKLM\System\CurrentControlSet\Control\Lsa,LmCompatibilityLevel,REG_DWORD,5,MSFT Windows 11 24H2 - Computer,WN11-SO-000205,5,WN25-SO-000310,,,Equals(5),2.3.11.6,,native:Microsoft.Windows/Registry (registry-backed security option; GPO writes it via secedit),,,yes,S1472;S1470;S1471;S1598
Security Options: HKLM\System\CurrentControlSet\Control\Lsa\MSV1_0!allownullsessionfallback,security_policy,HKLM\System\CurrentControlSet\Control\Lsa\MSV1_0,allownullsessionfallback,REG_DWORD,0,MSFT Windows 11 24H2 - Computer,WN11-SO-000180,0,WN25-SO-000270,,,"OneOf(Equals(0), Equals(null))",2.3.11.2,,native:Microsoft.Windows/Registry (registry-backed security option; GPO writes it via secedit),,,yes,S1472;S1470;S1471;S1598
Security Options: HKLM\System\CurrentControlSet\Control\Lsa\MSV1_0!NTLMMinServerSec,security_policy,HKLM\System\CurrentControlSet\Control\Lsa\MSV1_0,NTLMMinServerSec,REG_DWORD,537395200,MSFT Windows 11 24H2 - Computer,WN11-SO-000220,537395200,WN25-SO-000340,,,"OneOf(Equals(537395200), Equals(537395216), Equals(537395232), Equals(537395248))",2.3.11.10,,native:Microsoft.Windows/Registry (registry-backed security option; GPO writes it via secedit),,,yes,S1472;S1470;S1471;S1598
Security Options: HKLM\System\CurrentControlSet\Services\Netlogon\Parameters!requirestrongkey,security_policy,HKLM\System\CurrentControlSet\Services\Netlogon\Parameters,requirestrongkey,REG_DWORD,1,MSFT Windows 11 24H2 - Computer,WN11-SO-000060,1,WN25-SO-000110,,,Equals(1),2.3.6.6,,native:Microsoft.Windows/Registry (registry-backed security option; GPO writes it via secedit),,,yes,S1472;S1470;S1471;S1598
Security Options: HKLM\System\CurrentControlSet\Services\LanmanWorkstation\Parameters!RequireSecuritySignature,security_policy,HKLM\System\CurrentControlSet\Services\LanmanWorkstation\Parameters,RequireSecuritySignature,REG_DWORD,1,MSFT Windows 11 24H2 - Computer,WN11-SO-000100,1,WN25-SO-000160,,,Equals(1),2.3.8.1,,native:Microsoft.Windows/Registry (registry-backed security option; GPO writes it via secedit),"SMB signing required: connections to servers without signing (workgroup, guest, some third-party NAS) fail",,yes,S1472;S1470;S1471;S1590;S1598
Security Options: HKLM\System\CurrentControlSet\Services\Netlogon\Parameters!sealsecurechannel,security_policy,HKLM\System\CurrentControlSet\Services\Netlogon\Parameters,sealsecurechannel,REG_DWORD,1,MSFT Windows 11 24H2 - Computer,WN11-SO-000040,1,WN25-SO-000070,,,Equals(1),2.3.6.2,,native:Microsoft.Windows/Registry (registry-backed security option; GPO writes it via secedit),,,yes,S1472;S1470;S1471;S1598
Security Options: HKLM\System\CurrentControlSet\Services\Netlogon\Parameters!requiresignorseal,security_policy,HKLM\System\CurrentControlSet\Services\Netlogon\Parameters,requiresignorseal,REG_DWORD,1,MSFT Windows 11 24H2 - Computer,WN11-SO-000035,1,WN25-SO-000060,,,Equals(1),2.3.6.1,,native:Microsoft.Windows/Registry (registry-backed security option; GPO writes it via secedit),,,yes,S1472;S1470;S1471;S1598
Security Options: HKLM\System\CurrentControlSet\Services\Netlogon\Parameters!signsecurechannel,security_policy,HKLM\System\CurrentControlSet\Services\Netlogon\Parameters,signsecurechannel,REG_DWORD,1,MSFT Windows 11 24H2 - Computer,WN11-SO-000045,1,WN25-SO-000080,,,Equals(1),2.3.6.3,,native:Microsoft.Windows/Registry (registry-backed security option; GPO writes it via secedit),,,yes,S1472;S1470;S1471;S1598
Security Options: HKLM\System\CurrentControlSet\Services\LanManServer\Parameters!requiresecuritysignature,security_policy,HKLM\System\CurrentControlSet\Services\LanManServer\Parameters,requiresecuritysignature,REG_DWORD,1,MSFT Windows 11 24H2 - Computer,WN11-SO-000120,1,WN25-SO-000190,,,Equals(1),2.3.9.2,,native:Microsoft.Windows/Registry (registry-backed security option; GPO writes it via secedit),"SMB signing required: connections to servers without signing (workgroup, guest, some third-party NAS) fail",,yes,S1472;S1470;S1471;S1590;S1598
Security Options: HKLM\System\CurrentControlSet\Control\Session Manager!ProtectionMode,security_policy,HKLM\System\CurrentControlSet\Control\Session Manager,ProtectionMode,REG_DWORD,1,MSFT Windows 11 24H2 - Computer,WN11-SO-000240,1,WN25-SO-000370,,,Equals(1),2.3.15.2,,native:Microsoft.Windows/Registry (registry-backed security option; GPO writes it via secedit),,,yes,S1472;S1470;S1471;S1598
Security Options: HKLM\Software\Microsoft\Windows\CurrentVersion\Policies\System!ConsentPromptBehaviorAdmin,security_policy,HKLM\Software\Microsoft\Windows\CurrentVersion\Policies\System,ConsentPromptBehaviorAdmin,REG_DWORD,2,MSFT Windows 11 24H2 - Computer,WN11-SO-000250,2 (Prompt for consent on the secure desktop),WN25-SO-000400,,,"Range(1, 2)",2.3.17.2,,native:Microsoft.Windows/Registry (registry-backed security option; GPO writes it via secedit),,,yes,S1472;S1470;S1471;S1598
Security Options: HKLM\Software\Microsoft\Windows\CurrentVersion\Policies\System!EnableSecureUIAPaths,security_policy,HKLM\Software\Microsoft\Windows\CurrentVersion\Policies\System,EnableSecureUIAPaths,REG_DWORD,1,MSFT Windows 11 24H2 - Computer,WN11-SO-000265,1,WN25-SO-000430,,,Equals(1),2.3.17.5,,native:Microsoft.Windows/Registry (registry-backed security option; GPO writes it via secedit),,,yes,S1472;S1470;S1471;S1598
Security Options: HKLM\Software\Microsoft\Windows\CurrentVersion\Policies\System!EnableLUA,security_policy,HKLM\Software\Microsoft\Windows\CurrentVersion\Policies\System,EnableLUA,REG_DWORD,1,MSFT Windows 11 24H2 - Computer,WN11-SO-000270,1,WN25-SO-000440,,,Equals(1),2.3.17.6,,native:Microsoft.Windows/Registry (registry-backed security option; GPO writes it via secedit),,,yes,S1472;S1470;S1471;S1598
Security Options: HKLM\Software\Microsoft\Windows\CurrentVersion\Policies\System!ConsentPromptBehaviorUser,security_policy,HKLM\Software\Microsoft\Windows\CurrentVersion\Policies\System,ConsentPromptBehaviorUser,REG_DWORD,0,MSFT Windows 11 24H2 - Computer,WN11-SO-000255,0,WN25-SO-000410,,,Equals(0),2.3.17.3,,native:Microsoft.Windows/Registry (registry-backed security option; GPO writes it via secedit),,,yes,S1472;S1470;S1471;S1598
Security Options: HKLM\Software\Microsoft\Windows\CurrentVersion\Policies\System!EnableInstallerDetection,security_policy,HKLM\Software\Microsoft\Windows\CurrentVersion\Policies\System,EnableInstallerDetection,REG_DWORD,1,MSFT Windows 11 24H2 - Computer,WN11-SO-000260,1,WN25-SO-000420,,,Equals(1),2.3.17.4,,native:Microsoft.Windows/Registry (registry-backed security option; GPO writes it via secedit),,,yes,S1472;S1470;S1471;S1598
Security Options: HKLM\Software\Microsoft\Windows\CurrentVersion\Policies\System!FilterAdministratorToken,security_policy,HKLM\Software\Microsoft\Windows\CurrentVersion\Policies\System,FilterAdministratorToken,REG_DWORD,1,MSFT Windows 11 24H2 - Computer,WN11-SO-000245,1,WN25-SO-000380,,,Equals(1),2.3.17.1,,native:Microsoft.Windows/Registry (registry-backed security option; GPO writes it via secedit),,,yes,S1472;S1470;S1471;S1598
Security Options: HKLM\Software\Microsoft\Windows\CurrentVersion\Policies\System!EnableVirtualization,security_policy,HKLM\Software\Microsoft\Windows\CurrentVersion\Policies\System,EnableVirtualization,REG_DWORD,1,MSFT Windows 11 24H2 - Computer,WN11-SO-000275,1,WN25-SO-000450,,,Equals(1),2.3.17.8,,native:Microsoft.Windows/Registry (registry-backed security option; GPO writes it via secedit),,,yes,S1472;S1470;S1471;S1598
Security Options: HKLM\System\CurrentControlSet\Services\LDAP!LDAPClientIntegrity,security_policy,HKLM\System\CurrentControlSet\Services\LDAP,LDAPClientIntegrity,REG_DWORD,1,MSFT Windows 11 24H2 - Computer,WN11-SO-000210,1,WN25-SO-000320,,,"Range(1, 2)",2.3.11.8,,native:Microsoft.Windows/Registry (registry-backed security option; GPO writes it via secedit),,,yes,S1472;S1470;S1471;S1598
Security Options: HKLM\System\CurrentControlSet\Control\Lsa!RestrictRemoteSAM,security_policy,HKLM\System\CurrentControlSet\Control\Lsa,RestrictRemoteSAM,REG_SZ,O:BAG:BAD:(A;;RC;;;BA),MSFT Windows 11 24H2 - Computer,WN11-SO-000167,O:BAG:BAD:(A;;RC;;;BA),WN25-MS-000060,,,"OneOf(Equals('O:BAG:BAD:(A;;RC;;;BA)'), Equals(''))",2.3.10.11,,native:Microsoft.Windows/Registry (registry-backed security option; GPO writes it via secedit),,,yes,S1472;S1470;S1471;S1598
Security Options: HKLM\System\CurrentControlSet\Services\Netlogon\Parameters!DisablePasswordChange,security_policy,HKLM\System\CurrentControlSet\Services\Netlogon\Parameters,DisablePasswordChange,REG_DWORD,0,MSFT Windows 11 24H2 - Computer,WN11-SO-000050,0,WN25-SO-000090,,,Equals(0),2.3.6.4,,native:Microsoft.Windows/Registry (registry-backed security option; GPO writes it via secedit),,,yes,S1472;S1470;S1471;S1598
Advanced audit: Credential Validation,audit_policy,,{0cce923f-69ae-11d9-bed3-505054503030},,Success and Failure,MSFT Windows 11 24H2 - Computer,WN11-AU-000005;WN11-AU-000010,,,,,,,,adapter:AuditPolicyDsc/AuditPolicySubcategory (Microsoft.Adapter/WindowsPowerShell; MOF/script-based; last release 1.4.0.0 2019-01-10),,,yes,S1472;S1470;S1415;S1416;S1473;S1595;S114
Advanced audit: Security Group Management,audit_policy,,{0cce9237-69ae-11d9-bed3-505054503030},,Success,MSFT Windows 11 24H2 - Computer,WN11-AU-000030,,,,,,,,adapter:AuditPolicyDsc/AuditPolicySubcategory (Microsoft.Adapter/WindowsPowerShell; MOF/script-based; last release 1.4.0.0 2019-01-10),,,yes,S1472;S1470;S1415;S1416;S1473;S1595;S114
Advanced audit: User Account Management,audit_policy,,{0cce9235-69ae-11d9-bed3-505054503030},,Success and Failure,MSFT Windows 11 24H2 - Computer,WN11-AU-000035;WN11-AU-000040,,,,,,,,adapter:AuditPolicyDsc/AuditPolicySubcategory (Microsoft.Adapter/WindowsPowerShell; MOF/script-based; last release 1.4.0.0 2019-01-10),,,yes,S1472;S1470;S1415;S1416;S1473;S1595;S114
Advanced audit: PNP Activity,audit_policy,,{0cce9248-69ae-11d9-bed3-505054503030},,Success,MSFT Windows 11 24H2 - Computer,WN11-AU-000045,,,,,,,,adapter:AuditPolicyDsc/AuditPolicySubcategory (Microsoft.Adapter/WindowsPowerShell; MOF/script-based; last release 1.4.0.0 2019-01-10),,,yes,S1472;S1470;S1415;S1416;S1473;S1595;S114
Advanced audit: Process Creation,audit_policy,,{0cce922b-69ae-11d9-bed3-505054503030},,Success,MSFT Windows 11 24H2 - Computer,WN11-AU-000050,,,,,,,,adapter:AuditPolicyDsc/AuditPolicySubcategory (Microsoft.Adapter/WindowsPowerShell; MOF/script-based; last release 1.4.0.0 2019-01-10),,,yes,S1472;S1470;S1415;S1416;S1473;S1595;S114
Advanced audit: Account Lockout,audit_policy,,{0cce9217-69ae-11d9-bed3-505054503030},,Failure,MSFT Windows 11 24H2 - Computer,WN11-AU-000054,,,,,,,,adapter:AuditPolicyDsc/AuditPolicySubcategory (Microsoft.Adapter/WindowsPowerShell; MOF/script-based; last release 1.4.0.0 2019-01-10),,,yes,S1472;S1470;S1415;S1416;S1473;S1595;S114
Advanced audit: Group Membership,audit_policy,,{0cce9249-69ae-11d9-bed3-505054503030},,Success,MSFT Windows 11 24H2 - Computer,WN11-AU-000060,,,,,,,,adapter:AuditPolicyDsc/AuditPolicySubcategory (Microsoft.Adapter/WindowsPowerShell; MOF/script-based; last release 1.4.0.0 2019-01-10),,,yes,S1472;S1470;S1415;S1416;S1473;S1595;S114
Advanced audit: Logon,audit_policy,,{0cce9215-69ae-11d9-bed3-505054503030},,Success and Failure,MSFT Windows 11 24H2 - Computer,WN11-AU-000070;WN11-AU-000075,,,,,,,,adapter:AuditPolicyDsc/AuditPolicySubcategory (Microsoft.Adapter/WindowsPowerShell; MOF/script-based; last release 1.4.0.0 2019-01-10),,,yes,S1472;S1470;S1415;S1416;S1473;S1595;S114
Advanced audit: Other Logon/Logoff Events,audit_policy,,{0cce921c-69ae-11d9-bed3-505054503030},,Success and Failure,MSFT Windows 11 24H2 - Computer,WN11-AU-000560;WN11-AU-000565,,,,,,,,adapter:AuditPolicyDsc/AuditPolicySubcategory (Microsoft.Adapter/WindowsPowerShell; MOF/script-based; last release 1.4.0.0 2019-01-10),,,yes,S1472;S1470;S1415;S1416;S1473;S1595;S114
Advanced audit: Special Logon,audit_policy,,{0cce921b-69ae-11d9-bed3-505054503030},,Success,MSFT Windows 11 24H2 - Computer,WN11-AU-000080,,,,,,,,adapter:AuditPolicyDsc/AuditPolicySubcategory (Microsoft.Adapter/WindowsPowerShell; MOF/script-based; last release 1.4.0.0 2019-01-10),,,yes,S1472;S1470;S1415;S1416;S1473;S1595;S114
Advanced audit: Detailed File Share,audit_policy,,{0cce9244-69ae-11d9-bed3-505054503030},,Failure,MSFT Windows 11 24H2 - Computer,WN11-AU-000570,,,,,,,,adapter:AuditPolicyDsc/AuditPolicySubcategory (Microsoft.Adapter/WindowsPowerShell; MOF/script-based; last release 1.4.0.0 2019-01-10),,,yes,S1472;S1470;S1415;S1416;S1473;S1595;S114
Advanced audit: File Share,audit_policy,,{0cce9224-69ae-11d9-bed3-505054503030},,Success and Failure,MSFT Windows 11 24H2 - Computer,WN11-AU-000081;WN11-AU-000082,,,,,,,,adapter:AuditPolicyDsc/AuditPolicySubcategory (Microsoft.Adapter/WindowsPowerShell; MOF/script-based; last release 1.4.0.0 2019-01-10),,,yes,S1472;S1470;S1415;S1416;S1473;S1595;S114
Advanced audit: Other Object Access Events,audit_policy,,{0cce9227-69ae-11d9-bed3-505054503030},,Success and Failure,MSFT Windows 11 24H2 - Computer,WN11-AU-000083;WN11-AU-000084,,,,,,,,adapter:AuditPolicyDsc/AuditPolicySubcategory (Microsoft.Adapter/WindowsPowerShell; MOF/script-based; last release 1.4.0.0 2019-01-10),,,yes,S1472;S1470;S1415;S1416;S1473;S1595;S114
Advanced audit: Removable Storage,audit_policy,,{0cce9245-69ae-11d9-bed3-505054503030},,Success and Failure,MSFT Windows 11 24H2 - Computer,WN11-AU-000085;WN11-AU-000090,,,,,,,,adapter:AuditPolicyDsc/AuditPolicySubcategory (Microsoft.Adapter/WindowsPowerShell; MOF/script-based; last release 1.4.0.0 2019-01-10),,,yes,S1472;S1470;S1415;S1416;S1473;S1595;S114
Advanced audit: Audit Policy Change,audit_policy,,{0cce922f-69ae-11d9-bed3-505054503030},,Success,MSFT Windows 11 24H2 - Computer,WN11-AU-000100,,,,,,,,adapter:AuditPolicyDsc/AuditPolicySubcategory (Microsoft.Adapter/WindowsPowerShell; MOF/script-based; last release 1.4.0.0 2019-01-10),,,yes,S1472;S1470;S1415;S1416;S1473;S1595;S114
Advanced audit: Authentication Policy Change,audit_policy,,{0cce9230-69ae-11d9-bed3-505054503030},,Success,MSFT Windows 11 24H2 - Computer,WN11-AU-000105,,,,,,,,adapter:AuditPolicyDsc/AuditPolicySubcategory (Microsoft.Adapter/WindowsPowerShell; MOF/script-based; last release 1.4.0.0 2019-01-10),,,yes,S1472;S1470;S1415;S1416;S1473;S1595;S114
Advanced audit: MPSSVC Rule-Level Policy Change,audit_policy,,{0cce9232-69ae-11d9-bed3-505054503030},,Success and Failure,MSFT Windows 11 24H2 - Computer,WN11-AU-000575;WN11-AU-000580,,,,,,,,adapter:AuditPolicyDsc/AuditPolicySubcategory (Microsoft.Adapter/WindowsPowerShell; MOF/script-based; last release 1.4.0.0 2019-01-10),,,yes,S1472;S1470;S1415;S1416;S1473;S1595;S114
Advanced audit: Other Policy Change Events,audit_policy,,{0cce9234-69ae-11d9-bed3-505054503030},,Failure,MSFT Windows 11 24H2 - Computer,WN11-AU-000555,,,,,,,,adapter:AuditPolicyDsc/AuditPolicySubcategory (Microsoft.Adapter/WindowsPowerShell; MOF/script-based; last release 1.4.0.0 2019-01-10),,,yes,S1472;S1470;S1415;S1416;S1473;S1595;S114
Advanced audit: Sensitive Privilege Use,audit_policy,,{0cce9228-69ae-11d9-bed3-505054503030},,Success,MSFT Windows 11 24H2 - Computer,WN11-AU-000110;WN11-AU-000115;WN11-AU-000587;WN11-AU-000588,,,,,,,,adapter:AuditPolicyDsc/AuditPolicySubcategory (Microsoft.Adapter/WindowsPowerShell; MOF/script-based; last release 1.4.0.0 2019-01-10),,,yes,S1472;S1470;S1415;S1416;S1473;S1595;S114
Advanced audit: Other System Events,audit_policy,,{0cce9214-69ae-11d9-bed3-505054503030},,Success and Failure,MSFT Windows 11 24H2 - Computer,WN11-AU-000130;WN11-AU-000135,,,,,,,,adapter:AuditPolicyDsc/AuditPolicySubcategory (Microsoft.Adapter/WindowsPowerShell; MOF/script-based; last release 1.4.0.0 2019-01-10),,,yes,S1472;S1470;S1415;S1416;S1473;S1595;S114
Advanced audit: Security State Change,audit_policy,,{0cce9210-69ae-11d9-bed3-505054503030},,Success,MSFT Windows 11 24H2 - Computer,WN11-AU-000140,,,,,,,,adapter:AuditPolicyDsc/AuditPolicySubcategory (Microsoft.Adapter/WindowsPowerShell; MOF/script-based; last release 1.4.0.0 2019-01-10),,,yes,S1472;S1470;S1415;S1416;S1473;S1595;S114
Advanced audit: Security System Extension,audit_policy,,{0cce9211-69ae-11d9-bed3-505054503030},,Success,MSFT Windows 11 24H2 - Computer,WN11-AU-000150,,,,,,,,adapter:AuditPolicyDsc/AuditPolicySubcategory (Microsoft.Adapter/WindowsPowerShell; MOF/script-based; last release 1.4.0.0 2019-01-10),,,yes,S1472;S1470;S1415;S1416;S1473;S1595;S114
Advanced audit: System Integrity,audit_policy,,{0cce9212-69ae-11d9-bed3-505054503030},,Success and Failure,MSFT Windows 11 24H2 - Computer,WN11-AU-000155;WN11-AU-000160,,,,,,,,adapter:AuditPolicyDsc/AuditPolicySubcategory (Microsoft.Adapter/WindowsPowerShell; MOF/script-based; last release 1.4.0.0 2019-01-10),,,yes,S1472;S1470;S1415;S1416;S1473;S1595;S114
Domain-joined systems must use Windows 11 Enterprise Edition 64-bit version.,other,,,,not set,,WN11-00-000005,,,,,,,,none,,,,S1470
Windows 11 systems must have a Trusted Platform Module (TPM) enabled.,other,,,,not set,,WN11-00-000010,,,,,,,,none,,,,S1470
"Windows 11 systems must have Unified Extensible Firmware Interface (UEFI) firmware and be configured to run in UEFI mode, not Legacy BIOS.",other,,,,not set,,WN11-00-000015,,,,,,,,none,,,,S1470
Secure Boot must be enabled on Windows 11 systems.,other,,,,not set,,WN11-00-000020,,,,,,,,none,,,,S1470
Windows 11 information systems must use BitLocker to encrypt all disks to protect the confidentiality and integrity of all information at rest.,other,,,,not set,,WN11-00-000030,,,,,,,,none,,,,S1470
Windows 11 systems must use a BitLocker PIN for pre-boot authentication.,registry,HKLM\SOFTWARE\Policies\Microsoft\FVE,UseAdvancedStartup,REG_DWORD,not set,,WN11-00-000031,1,,,,,,,native:Microsoft.Windows/Registry,,,,S1470
Windows 11 systems must use a BitLocker PIN with a minimum length of six digits for pre-boot authentication.,registry,HKLM\SOFTWARE\Policies\Microsoft\FVE,MinimumPIN,REG_DWORD,not set,,WN11-00-000032,6,,,,,,,native:Microsoft.Windows/Registry,,,,S1470
"The operating system must employ a deny-all, permit-by-exception policy to allow the execution of authorized software programs.",other,,,,not set,,WN11-00-000035,,,,,,,,none,,,,S1470
Windows 11 systems must be maintained at a supported servicing level.,other,,,,not set,,WN11-00-000040,,,,,,,,none,,,,S1470
The Windows 11 system must use an antivirus program.,other,,,,not set,,WN11-00-000045,,,,,,,,none,,,,S1470
Local volumes must be formatted using NTFS.,other,,,,not set,,WN11-00-000050,,,,,,,,none,,,,S1470
Alternate operating systems must not be permitted on the same system.,other,,,,not set,,WN11-00-000055,,,,,,,,none,,,,S1470
Non-system-created file shares on a system must limit access to groups that require it.,other,,,,not set,,WN11-00-000060,,,,,,,,none,,,,S1470
Unused accounts must be disabled or removed from the system after 35 days of inactivity.,other,,,,not set,,WN11-00-000065,,,,,,,,none,,,,S1470
Only accounts responsible for the administration of a system must have Administrator rights on the system.,other,,,,not set,,WN11-00-000070,,,,,,,,none,,,,S1470
Only accounts responsible for the backup operations must be members of the Backup Operators group.,other,,,,not set,,WN11-00-000075,,,,,,,,none,,,,S1470
Only authorized user accounts must be allowed to create or run virtual machines on Windows 11 systems.,other,,,,not set,,WN11-00-000080,,,,,,,,none,,,,S1470
Standard local user accounts must not exist on a system in a domain.,other,,,,not set,,WN11-00-000085,,,,,,,,none,,,,S1470
Accounts must be configured to require password expiration.,other,,,,not set,,WN11-00-000090,,,,,,,,none,,,,S1470
Permissions for system files and directories must conform to minimum requirements.,other,,,,not set,,WN11-00-000095,,,,,,,,none,,,,S1470
Internet Information System (IIS) or its subcomponents must not be installed on a workstation.,optional_feature,,,,not set,,WN11-00-000100,,,,,,,,native:Microsoft.Windows/OptionalFeatureList,,,,S1470
Simple Network Management Protocol (SNMP) must not be installed on the system.,optional_feature,,,,not set,,WN11-00-000105,,,,,,,,native:Microsoft.Windows/OptionalFeatureList,,,,S1470
Simple TCP/IP Services must not be installed on the system.,optional_feature,,,,not set,,WN11-00-000110,,,,,,,,native:Microsoft.Windows/OptionalFeatureList,,,,S1470
The Telnet Client must not be installed on the system.,optional_feature,,,,not set,,WN11-00-000115,,,,,,,,native:Microsoft.Windows/OptionalFeatureList,,,,S1470
The TFTP Client must not be installed on the system.,optional_feature,,,,not set,,WN11-00-000120,,,,,,,,native:Microsoft.Windows/OptionalFeatureList,,,,S1470
Software certificate installation files must be removed from Windows 11.,other,,,,not set,,WN11-00-000130,,,,,,,,none,,,,S1470
A host-based firewall must be installed and enabled on the system.,firewall,,,,not set,,WN11-00-000135,,,,,,,,native:Microsoft.Windows/FirewallRuleList (rules only; profile state is registry policy),,,,S1470
Inbound exceptions to the firewall on Windows 11 domain workstations must only allow authorized remote management hosts.,firewall,,,,not set,,WN11-00-000140,,,,,,,,native:Microsoft.Windows/FirewallRuleList (rules only; profile state is registry policy),,,,S1470
The Windows PowerShell 2.0 feature must be disabled on the system.,optional_feature,,,,not set,,WN11-00-000155,,,,,,,,native:Microsoft.Windows/OptionalFeatureList,,,,S1470
The Server Message Block (SMB) v1 protocol must be disabled on the system.,optional_feature,,,,not set,,WN11-00-000160,,,,,,,,native:Microsoft.Windows/OptionalFeatureList,,,,S1470
The Secondary Logon service must be disabled on Windows 11.,service,,,,not set,,WN11-00-000175,,,,,,,,native:Microsoft.Windows/Service,,,,S1470
Orphaned security identifiers (SIDs) must be removed from user rights on Windows 11.,other,,,,not set,,WN11-00-000190,,,,,,,,none,,,,S1470
Bluetooth must be turned off unless approved by the organization.,registry,HKLM\SOFTWARE\Microsoft\PolicyManager\current\device\Connectivity,AllowBluetooth,REG_DWORD,not set,,WN11-00-000210,0,,,,,,,native:Microsoft.Windows/Registry,,,,S1470
The system must notify the user when a Bluetooth device attempts to connect.,other,,,,not set,,WN11-00-000230,,,,,,,,none,,,,S1470
"Administrative accounts must not be used with applications that access the internet, such as web browsers, or with potential internet sources, such as email.",other,,,,not set,,WN11-00-000240,,,,,,,,none,,,,S1470
The Windows 11 time service must synchronize with an appropriate DoW time source.,other,,,,not set,,WN11-00-000260,,,,,,,,none,,,,S1470
The maximum password age must be configured to 60 days or less.,security_policy,,,,not set,,WN11-AC-000025,,,,,,,,adapter:SecurityPolicyDsc (Microsoft.Adapter/WindowsPowerShell; MOF/script-based; last stable 2.10.0.0 2019-09-19),,,,S1470;S1594;S1596;S1473;S114
The minimum password age must be configured to at least 1 day.,security_policy,,,,not set,,WN11-AC-000030,,,,,,,,adapter:SecurityPolicyDsc (Microsoft.Adapter/WindowsPowerShell; MOF/script-based; last stable 2.10.0.0 2019-09-19),,,,S1470;S1594;S1596;S1473;S114
The system must be configured to audit Logon/Logoff - Logoff successes.,audit_policy,,,,not set,,WN11-AU-000065,,,,,,,,adapter:AuditPolicyDsc/AuditPolicySubcategory (Microsoft.Adapter/WindowsPowerShell; MOF/script-based; last release 1.4.0.0 2019-01-10),,,,S1470;S1595;S1473;S114
The system must be configured to audit Policy Change - Authorization Policy Change successes.,audit_policy,,,,not set,,WN11-AU-000107,,,,,,,,adapter:AuditPolicyDsc/AuditPolicySubcategory (Microsoft.Adapter/WindowsPowerShell; MOF/script-based; last release 1.4.0.0 2019-01-10),,,,S1470;S1595;S1473;S114
The system must be configured to audit System - IPsec Driver failures.,audit_policy,,,,not set,,WN11-AU-000120,,,,,,,,adapter:AuditPolicyDsc/AuditPolicySubcategory (Microsoft.Adapter/WindowsPowerShell; MOF/script-based; last release 1.4.0.0 2019-01-10),,,,S1470;S1595;S1473;S114
Windows 11 permissions for the Application event log must prevent access by non-privileged accounts.,other,,,,not set,,WN11-AU-000515,,,,,,,,none,,,,S1470
Windows 11 permissions for the Security event log must prevent access by non-privileged accounts.,other,,,,not set,,WN11-AU-000520,,,,,,,,none,,,,S1470
Windows 11 permissions for the System event log must prevent access by non-privileged accounts.,other,,,,not set,,WN11-AU-000525,,,,,,,,none,,,,S1470
Windows 11 must cover or disable the built-in or attached camera when not in use.,other,,Value                                                                             Value Data: Deny,,not set,,WN11-CC-000007,,,,,,,,none,,,,S1470
Run as different user must be removed from context menus.,other,,SuppressionPolicy,REG_DWORD,not set,,WN11-CC-000039,,,,,,,,none,,,,S1470
Windows 11 must be configured to prioritize ECC Curves with longer key lengths first.,registry,HKLM\SOFTWARE\Policies\Microsoft\Cryptography\Configuration\SSL\00010002,EccCurves,REG_MULTI_SZ,not set,,WN11-CC-000052,NistP384 NistP256,,,,"ContainsAtMost('NistP256','NistP384')",,,native:Microsoft.Windows/Registry,,,,S1470;S1598
Simultaneous connections to the internet or a Windows domain must be limited.,registry,HKLM\SOFTWARE\Policies\Microsoft\Windows\WcmSvc\GroupPolicy,fMinimizeConnections,REG_DWORD,not set,,WN11-CC-000055,3 (or if the Value Name does not exist),,,,Equals(3),18.6.21.1,,native:Microsoft.Windows/Registry,,,,S1470;S1598
Command line data must be included in process creation events.,registry,HKLM\SOFTWARE\Microsoft\Windows\CurrentVersion\Policies\System\Audit,ProcessCreationIncludeCmdLine_Enabled,REG_DWORD,not set,,WN11-CC-000066,1,WN25-CC-000090,,,Equals(1),18.9.3.1,,native:Microsoft.Windows/Registry,,,,S1470;S1471;S1598
Group Policy objects must be reprocessed even if they have not changed.,registry,HKLM\SOFTWARE\Policies\Microsoft\Windows\Group Policy\{35378EAC-683F-11D2-A89A-00C04FBBCFA2},NoGPOListChanges,REG_DWORD,not set,,WN11-CC-000090,0,WN25-CC-000140,,,Equals(0),9.1.3,,native:Microsoft.Windows/Registry,,,,S1470;S1471;S1598
Printing over HTTP must be prevented.,registry,HKLM\SOFTWARE\Policies\Microsoft\Windows NT\Printers,DisableHTTPPrinting,REG_DWORD,not set,,WN11-CC-000110,1,WN25-CC-000160,,,Equals(1),18.9.20.1.6,,native:Microsoft.Windows/Registry,,,,S1470;S1471;S1598
Systems must at least attempt device authentication using certificates.,registry,HKLM\SOFTWARE\Microsoft\Windows\CurrentVersion\Policies\System\Kerberos\Parameters,DevicePKInitEnabled,REG_DWORD,not set,,WN11-CC-000115,1 (or if the Value Name does not exist),,,,,,,native:Microsoft.Windows/Registry,,,,S1470
The network selection user interface (UI) must not be displayed on the logon screen.,registry,HKLM\SOFTWARE\Policies\Microsoft\Windows\System,DontDisplayNetworkSelectionUI,REG_DWORD,not set,,WN11-CC-000120,1,WN25-CC-000170,,,Equals(1),18.9.29.2,,native:Microsoft.Windows/Registry,,,,S1470;S1471;S1598
The Application Compatibility Program Inventory must be prevented from collecting data and sending the information to Microsoft.,registry,HKLM\SOFTWARE\Policies\Microsoft\Windows\AppCompat,DisableInventory,REG_DWORD,not set,,WN11-CC-000175,1,WN25-CC-000200,,,Equals(1),,,native:Microsoft.Windows/Registry,,,,S1470;S1471;S1598
Enhanced anti-spoofing for facial recognition must be enabled on Windows 11.,registry,HKLM\SOFTWARE\Policies\Microsoft\Biometrics\FacialFeatures\   (For GPO-managed systems),EnhancedAntiSpoofing,REG_DWORD,not set,,WN11-CC-000195,1,,,,,,,native:Microsoft.Windows/Registry,,,,S1470
Enhanced diagnostic data must be limited to the minimum required to support Windows Analytics.,registry,HKLM\SOFTWARE\Policies\Microsoft\Windows\DataCollection,LimitEnhancedDiagnosticDataWindowsAnalytics,REG_DWORD,not set,,WN11-CC-000204,1,,,,,,,native:Microsoft.Windows/Registry,,,,S1470
Windows Telemetry must not be configured to Full.,registry,HKLM\SOFTWARE\Policies\Microsoft\Windows\DataCollection,AllowTelemetry,REG_DWORD,not set,,WN11-CC-000205,0,WN25-CC-000250,,,"Range(0, 1)",18.10.16.1,,native:Microsoft.Windows/Registry,,,,S1470;S1471;S1598
Windows Update must not obtain updates from other PCs on the internet.,registry,HKLM\SOFTWARE\Policies\Microsoft\Windows\DeliveryOptimization,DODownloadMode,REG_DWORD,not set,,WN11-CC-000206,0,WN25-CC-000260,,,"OneOf(Equals(0), Equals(1), Equals(2), Equals(99), Equals(100))",,,native:Microsoft.Windows/Registry,,,,S1470;S1471;S1598
Explorer Data Execution Prevention must be enabled.,registry,HKLM\SOFTWARE\Policies\Microsoft\Windows\Explorer,NoDataExecutionPrevention,REG_DWORD,not set,,WN11-CC-000215,0 (or if the Value Name does not exist),WN25-CC-000310,,,"OneOf(Equals(0), Equals(null))",18.10.29.3,,native:Microsoft.Windows/Registry,,,,S1470;S1471;S1598
File Explorer heap termination on corruption must be disabled.,registry,HKLM\SOFTWARE\Policies\Microsoft\Windows\Explorer,NoHeapTerminationOnCorruption,REG_DWORD,not set,,WN11-CC-000220,0,WN25-CC-000320,,,"OneOf(Equals(0), Equals(null))",18.10.29.4,,native:Microsoft.Windows/Registry,,,,S1470;S1471;S1598
File Explorer shell protocol must run in protected mode.,registry,HKLM\SOFTWARE\Microsoft\Windows\CurrentVersion\Policies\Explorer,PreXPSP2ShellProtocolBehavior,REG_DWORD,not set,,WN11-CC-000225,0 (or if the Value Name does not exist),WN25-CC-000330,,,"OneOf(Equals(0), Equals(null))",18.10.29.5,,native:Microsoft.Windows/Registry,,,,S1470;S1471;S1598
Windows 11 must be configured to disable Windows Game Recording and Broadcasting.,registry,HKLM\SOFTWARE\Microsoft\PolicyManager\current\device\ApplicationManagement,AllowGameDVR,REG_DWORD,not set,,WN11-CC-000252,0,,,,,,,native:Microsoft.Windows/Registry,,,,S1470
The use of a hardware security device with Windows Hello for Business must be enabled.,registry,HKLM\SOFTWARE\Policies\Microsoft\PassportForWork,RequireSecurityDevice,REG_DWORD,not set,,WN11-CC-000255,1,,,,,,,native:Microsoft.Windows/Registry,,,,S1470
Windows 11 must be configured to require a minimum PIN length of six characters or greater.,registry,HKLM\SOFTWARE\Policies\Microsoft\PassportForWork\PINComplexity\  (For GPO-managed systems),MinimumPINLength,REG_DWORD,not set,,WN11-CC-000260,6 (or greater),,,,,,,native:Microsoft.Windows/Registry,,,,S1470
Basic authentication for RSS feeds over HTTP must not be used.,registry,HKLM\SOFTWARE\Policies\Microsoft\Internet Explorer\Feeds,AllowBasicAuthInClear,REG_DWORD,not set,,WN11-CC-000300,0 (or if the Value Name does not exist),WN25-CC-000400,,,,,,native:Microsoft.Windows/Registry,,,,S1470;S1471
Indexing of encrypted files must be turned off.,registry,HKLM\SOFTWARE\Policies\Microsoft\Windows\Windows Search\  (For GPO-managed systems),AllowIndexingEncryptedStoresOrItems,REG_DWORD,not set,,WN11-CC-000305,0,,,,,,,native:Microsoft.Windows/Registry,,,,S1470
Users must be notified if a web-based program attempts to install software.,registry,HKLM\SOFTWARE\Policies\Microsoft\Windows\Installer,SafeForScripting,REG_DWORD,not set,,WN11-CC-000320,0 (or if the Value Name does not exist),WN25-CC-000440,,,,,,native:Microsoft.Windows/Registry,,,,S1470;S1471
PowerShell Transcription must be enabled on Windows 11.,registry,HKLM\SOFTWARE\Policies\Microsoft\Windows\PowerShell\Transcription,EnableTranscripting,REG_DWORD,not set,,WN11-CC-000327,1,WN25-CC-000530,,,Equals(0),18.10.88.2,,native:Microsoft.Windows/Registry,,,,S1470;S1471;S1598
Windows 11 must be configured to prevent Windows apps from being activated by voice while the system is locked.,registry,HKLM\SOFTWARE\Policies\Microsoft\Windows\AppPrivacy,LetAppsActivateWithVoice,REG_DWORD,not set,,WN11-CC-000365,2,,,,,,,native:Microsoft.Windows/Registry,,,,S1470
Windows Ink Workspace must be configured to disallow access above the lock.,registry,HKLM\SOFTWARE\Policies\Microsoft\WindowsInkWorkspace  (For GPO-managed systems),AllowWindowsInkWorkspace,REG_DWORD,not set,,WN11-CC-000385,,,,,,,,native:Microsoft.Windows/Registry,,,,S1470
Windows 11 must be configured to prevent users from receiving suggestions for third-party or additional applications.,registry,HKLM\SOFTWARE\Policies\Microsoft\Windows\CloudContent,DisableThirdPartySuggestions,REG_DWORD,not set,,WN11-CC-000390,1,,,,,,,native:Microsoft.Windows/Registry,,,,S1470
The DoW Root CA certificates must be installed in the Trusted Root Store.,other,,,,not set,,WN11-PK-000005,,,,,,,,none,,,,S1470
The External Root CA certificates must be installed in the Trusted Root Store on unclassified systems.,other,,,,not set,,WN11-PK-000010,,,,,,,,none,,,,S1470
The DoW Interoperability Root CA cross-certificates must be installed in the Untrusted Certificates Store on unclassified systems.,other,,,,not set,,WN11-PK-000015,,,,,,,,none,,,,S1470
The US DoW CCEB Interoperability Root CA cross-certificates must be installed in the Untrusted Certificates Store on unclassified systems.,other,,,,not set,,WN11-PK-000020,,,,,,,,none,,,,S1470
Default permissions for the HKEY_LOCAL_MACHINE registry hive must be maintained.,other,,,,not set,,WN11-RG-000005,,,,,,,,none,,,,S1470
The built-in guest account must be disabled.,other,,,,not set,,WN11-SO-000010,,,,,,,,none,,,,S1470
The built-in administrator account must be renamed.,other,,,,not set,,WN11-SO-000020,,,,,,,,none,,,,S1470
The built-in guest account must be renamed.,other,,,,not set,,WN11-SO-000025,,,,,,,,none,,,,S1470
The maximum age for machine account passwords must be configured to 30 days or less.,registry,HKLM\SYSTEM\CurrentControlSet\Services\Netlogon\Parameters,MaximumPasswordAge,REG_DWORD,not set,,WN11-SO-000055,30,WN25-SO-000100,,,Equals(30),2.3.6.5,,native:Microsoft.Windows/Registry,,,,S1470;S1471;S1598
The required legal notice must be configured to display before console logon.,registry,HKLM\SOFTWARE\Microsoft\Windows\CurrentVersion\Policies\System,LegalNoticeText,REG_SZ,not set,,WN11-SO-000075,You are accessing a U.S. Government (USG) Information System (IS) that is provided for USG-authorized use only.,WN25-SO-000130,,,"Not(OneOf(Equals(''), Equals(null)))",2.3.7.4,,native:Microsoft.Windows/Registry,,,,S1470;S1471;S1598
The Windows message title for the legal notice must be configured.,registry,HKLM\SOFTWARE\Microsoft\Windows\CurrentVersion\Policies\System,LegalNoticeCaption,REG_SZ,not set,,WN11-SO-000080,See message title above,WN25-SO-000140,,,"Not(OneOf(Equals(''), Equals(null)))",2.3.7.5,,native:Microsoft.Windows/Registry,,,,S1470;S1471;S1598
Caching of logon credentials must be limited.,registry,HKLM\SOFTWARE\Microsoft\Windows NT\CurrentVersion\Winlogon,CachedLogonsCount,REG_SZ,not set,,WN11-SO-000085,10 (or less),,,,"Range(0, 4)",2.3.7.6,,native:Microsoft.Windows/Registry,,,,S1470;S1598
The system must be configured to prevent anonymous users from having the same rights as the Everyone group.,registry,HKLM\SYSTEM\CurrentControlSet\Control\Lsa,EveryoneIncludesAnonymous,REG_DWORD,not set,,WN11-SO-000160,0,WN25-SO-000240,,,"OneOf(Equals(0), Equals(null))",2.3.10.5,,native:Microsoft.Windows/Registry,,,,S1470;S1471;S1598
PKU2U authentication using online identities must be prevented.,registry,HKLM\SYSTEM\CurrentControlSet\Control\LSA\pku2u,AllowOnlineID,REG_DWORD,not set,,WN11-SO-000185,0,WN25-SO-000280,,,Equals(1),2.3.11.3,,native:Microsoft.Windows/Registry,,,,S1470;S1471;S1598
Kerberos encryption types must be configured to prevent the use of DES and RC4 encryption suites.,registry,HKLM\SOFTWARE\Microsoft\Windows\CurrentVersion\Policies\System\Kerberos\Parameters,SupportedEncryptionTypes,REG_DWORD,not set,,WN11-SO-000190,2147483640,WN25-SO-000290,,,"OneOf(Equals(2147483624), Equals(2147483632), Equals(2147483640))",2.3.11.4,,native:Microsoft.Windows/Registry,,,,S1470;S1471;S1598
"The system must be configured to use FIPS-compliant algorithms for encryption, hashing, and signing.",registry,HKLM\SYSTEM\CurrentControlSet\Control\Lsa\FIPSAlgorithmPolicy\  (For GPO-managed systems),Enabled,REG_DWORD,not set,,WN11-SO-000230,1,,,,,,,native:Microsoft.Windows/Registry,,,,S1470
Windows 11 must use multifactor authentication for local and network access to privileged and nonprivileged accounts.,other,,,,not set,,WN11-SO-000251,,,,,,,,none,,,,S1470
Passwords for enabled local Administrator accounts must be changed at least every 60 days.,other,,,,not set,,WN11-SO-000280,,,,,,,,none,,,,S1470
Toast notifications to the lock screen must be turned off.,registry,HKLM\SOFTWARE\Policies\Microsoft\Windows\CurrentVersion\PushNotifications,NoToastApplicationNotificationOnLockScreen,REG_DWORD,not set,,WN11-UC-000015,1,,,,,,,native:Microsoft.Windows/Registry,,,,S1470
Zone information must be preserved when saving attachments.,registry,HKLM\SOFTWARE\Microsoft\Windows\CurrentVersion\Policies\Attachments,SaveZoneInformation,REG_DWORD,not set,,WN11-UC-000020,2,WN25-UC-000010,,,,,,native:Microsoft.Windows/Registry,,,,S1470;S1471
"The ""Change the system time"" user right must only be assigned to Administrators and Local Service.",user_rights,,,,not set,,WN11-UR-000035,,,,,,,,adapter:SecurityPolicyDsc (Microsoft.Adapter/WindowsPowerShell; MOF/script-based; last stable 2.10.0.0 2019-09-19) UserRightsAssignment,,,,S1470;S1594;S1596;S1473;S114
"The ""Create symbolic links"" user right must only be assigned to the Administrators group.",user_rights,,,,not set,,WN11-UR-000060,,,,,,,,adapter:SecurityPolicyDsc (Microsoft.Adapter/WindowsPowerShell; MOF/script-based; last stable 2.10.0.0 2019-09-19) UserRightsAssignment,,,,S1470;S1594;S1596;S1473;S114
"The ""Deny log on as a batch job"" user right on domain-joined workstations must be configured to prevent access from highly privileged domain accounts.",user_rights,,,,not set,,WN11-UR-000075,,,,,,,,adapter:SecurityPolicyDsc (Microsoft.Adapter/WindowsPowerShell; MOF/script-based; last stable 2.10.0.0 2019-09-19) UserRightsAssignment,,,,S1470;S1594;S1596;S1473;S114
"The ""Deny log on as a service"" user right on Windows 11 domain-joined workstations must be configured to prevent access from highly privileged domain accounts.",user_rights,,,,not set,,WN11-UR-000080,,,,,,,,adapter:SecurityPolicyDsc (Microsoft.Adapter/WindowsPowerShell; MOF/script-based; last stable 2.10.0.0 2019-09-19) UserRightsAssignment,,,,S1470;S1594;S1596;S1473;S114
"The ""Deny log on locally"" user right on workstations must be configured to prevent access from highly privileged domain accounts on domain systems and unauthenticated access on all systems.",user_rights,,,,not set,,WN11-UR-000085,,,,,,,,adapter:SecurityPolicyDsc (Microsoft.Adapter/WindowsPowerShell; MOF/script-based; last stable 2.10.0.0 2019-09-19) UserRightsAssignment,,,,S1470;S1594;S1596;S1473;S114
Internet Explorer must be disabled for Windows 11.,other,,,,not set,,WN11-CC-000391,,,,,,,,none,,,,S1470
Windows 11 must not have portproxy enabled or in use.,other,,,,not set,,WN11-00-000395,,,,,,,,none,,,,S1470
Windows 11 must have command line process auditing events enabled for failures.,audit_policy,,,,not set,,WN11-AU-000585,,,,,,,,adapter:AuditPolicyDsc/AuditPolicySubcategory (Microsoft.Adapter/WindowsPowerShell; MOF/script-based; last release 1.4.0.0 2019-01-10),,,,S1470;S1595;S1473;S114
Copilot must be disabled for Windows 11.,other,,,,not set,,WN11-00-000125,,,,,,,,none,,,,S1470
Windows 11 systems must use either Group Policy or an approved Mobile Device Management (MDM) product to enforce STIG compliance.,other,,,,not set,,WN11-CC-000063,,,,,,,,none,,,,S1470
Windows 11 must be configured to audit handle manipulation failures.,audit_policy,,,,not set,,WN11-AU-000583,,,,,,,,adapter:AuditPolicyDsc/AuditPolicySubcategory (Microsoft.Adapter/WindowsPowerShell; MOF/script-based; last release 1.4.0.0 2019-01-10),,,,S1470;S1595;S1473;S114
Windows 11 must be configured to audit registry failures.,audit_policy,,,,not set,,WN11-AU-000589,,,,,,,,adapter:AuditPolicyDsc/AuditPolicySubcategory (Microsoft.Adapter/WindowsPowerShell; MOF/script-based; last release 1.4.0.0 2019-01-10),,,,S1470;S1595;S1473;S114
Windows 11 must be configured to audit registry successes.,audit_policy,,,,not set,,WN11-AU-000586,,,,,,,,adapter:AuditPolicyDsc/AuditPolicySubcategory (Microsoft.Adapter/WindowsPowerShell; MOF/script-based; last release 1.4.0.0 2019-01-10),,,,S1470;S1595;S1473;S114
Windows 11 systems must block consumer account user authentication.,registry,HKLM\SOFTWARE\Policies\Microsoft\MicrosoftAccount,DisableUserAuth,REG_DWORD,not set,,WN11-00-000126,1,,,,Equals(1),18.10.41.1,,native:Microsoft.Windows/Registry,,,,S1470;S1598
All Wi-Fi Direct adapters must be disabled on the system.,other,,,,not set,,WN11-00-000400,,,,,,,,none,,,,S1470
C1 long paths enabled,registry,HKLM\SYSTEM\CurrentControlSet\Control\FileSystem,LongPathsEnabled,REG_DWORD,not set,,,,,,,,,,native:Microsoft.Windows/Registry,"Only apps that declare longPathAware benefit; value cached per process, restart may be needed for all processes; same value is settable by GPO ""Enable Win32 long paths""",C1,,S1591
C2 Windows Update service (wuauserv) start type,service,,wuauserv,,not set,,,,,,,,,,native:Microsoft.Windows/Service,,C2,,S1472;S1470
C3 SMB1 feature absent (SMB1Protocol),optional_feature,,SMB1Protocol,,not set (baseline disables client driver and server instead),,WN11-00-000160,Disabled,,,,,,,native:Microsoft.Windows/OptionalFeatureList,Not installed by default on Windows 11; removal restarts the computer; old SMB1-only devices stop connecting,C3,,S1590;S1470
C4 Remote Desktop connections denied on workstations,registry,HKLM\SYSTEM\CurrentControlSet\Control\Terminal Server,fDenyTSConnections,REG_DWORD,not set,,,,,,,,,,native:Microsoft.Windows/Registry,Value path and default not confirmed from an official page this pass,C4,,S1472;S1470
C5 PowerShell 2.0 feature absent (MicrosoftWindowsPowerShellV2Root),optional_feature,,MicrosoftWindowsPowerShellV2Root,,not set,,WN11-00-000155,Disabled,WN25-00-000410,,,,,,native:Microsoft.Windows/OptionalFeatureList,Removed from Windows 11 24H2 from the August 2025 update and Server 2025 from September 2025 (KB5065506); -Version 2 calls start PowerShell 5.1; STIG check text says Not Applicable for Windows 11 24H2 and newer,C5,,S1479;S1470
C6 Remote Registry service disabled,service,,RemoteRegistry,,not set,,,,,,,,,,native:Microsoft.Windows/Service,,C6,,S1472;S1470
C7 DSC engine version present,other,,dsc.exe 3.3.0,,n/a,,,,,,,,,,none in 3.3.0 (Microsoft.Filesystem.File/Content ships only in 3.4.0-preview.1); presence is proven by the run itself,,C7,,
C8 tool marker HKLM\SOFTWARE\tool baseline=<tag>,registry,HKLM\SOFTWARE\tool,baseline,REG_SZ,n/a (tool-specific),,,,,,,,,,native:Microsoft.Windows/Registry,,C8,,
