id,url,checked_utc,fetched_utc,changed_utc,sha256,text_sha256,bytes,error,etag,last_modified,version,doc_sha256,final_url,http_status,simhash,detected_utc
S100,https://raw.githubusercontent.com/PowerShell/DSC/ea572fa755dbd49fb52339043409fbd50a625600/dsc/src/args.rs,2026-09-26T00:00:00Z,,,,,,,"""68abeba5bf17b88eea60b3c9be985a1f769e0f975016008174a7b89508875bd4""",,,dde14f131c2e9828bb399d6f1b412b407c70793871b41964096db11f29d4c667,,200,c4be412d59ec0486,2026-09-28T03:40:09Z
S101,https://raw.githubusercontent.com/PowerShell/DSC/ea572fa755dbd49fb52339043409fbd50a625600/dsc/src/util.rs,2026-09-26T00:00:00Z,,,,,,,"""c0cc07e957c23e1e96eebb85aa6c350c4cb69a5ac0a75141b8d8167b3b160b4e""",,,199a6f938938d0dc9e23ceefc5ed4697790de768311ef745462dc4ab4e07e722,,200,55b570bd849d2927,2026-09-28T03:40:09Z
S102,https://raw.githubusercontent.com/PowerShell/DSC/ea572fa755dbd49fb52339043409fbd50a625600/lib/dsc-lib/src/configure/mod.rs,2026-09-26T00:00:00Z,,,,,,,"""3c37aeb400a832e0a00a3ab5998c2608df1bf9fcbeb3ab0caa85bc255cfc019c""",,,f78ee3a8a706102cfb3db44db5a3e02ef8564650956ca65b750a986970cd824c,,200,3feb86a8a01fcf40,2026-09-28T03:40:11Z
S103,https://raw.githubusercontent.com/PowerShell/DSC/ea572fa755dbd49fb52339043409fbd50a625600/lib/dsc-lib/src/configure/config_doc.rs,2026-09-26T00:00:00Z,,,,,,,"""62cbb0c0ec28adde0fa89d4e981722ab30881b872ae62f6b7fc4265ea27f1e0a""",,,28e43a70e0a964f75fbbb8935d47352ffa36de42b6f593d18544d4eed696cb6f,,200,ecd21125dd2cdd51,2026-09-28T03:40:11Z
S104,https://raw.githubusercontent.com/PowerShell/DSC/ea572fa755dbd49fb52339043409fbd50a625600/lib/dsc-lib/src/types/semantic_version_req.rs,2026-09-26T00:00:00Z,,,,,,,"""79d9239a05857629f5caa2e3a6e3e40f0d6ae2c202efe4c23a46b4c0e6f09280""",,,fe6479fa616b17b9a264e3d682878bfc02a75463d3eebb4e3f3f584c3f0211ee,,200,fbc79415aa516224,2026-09-28T03:40:13Z
S105,https://raw.githubusercontent.com/PowerShell/DSC/ea572fa755dbd49fb52339043409fbd50a625600/lib/dsc-lib/src/dscresources/command_resource.rs,2026-09-26T00:00:00Z,,,,,,,"""b11bf1a649db5f9c2dc2caee7ebdc9489d3cd015b259e5831725aa4f1860d48c""",,,60e3d66508501747430067d35265b708921115c2069d5c9ca1719efa2283ec39,,200,2aff2cb07e0d6329,2026-09-28T03:40:14Z
S106,https://raw.githubusercontent.com/PowerShell/DSC/ea572fa755dbd49fb52339043409fbd50a625600/lib/dsc-lib/src/discovery/command_discovery.rs,2026-09-26T00:00:00Z,,,,,,,"""616244cfed7b367b20c548d49765c4d4ea099c310c8bc436b9c07e733a21f56f""",,,d29f438d84e9b276ebaa62ec24d16173c04924bc3c8451112b974c8c6dbafd19,,200,e5a3908dd3701c3f,2026-09-28T03:40:15Z
S107,https://raw.githubusercontent.com/PowerShell/DSC/ea572fa755dbd49fb52339043409fbd50a625600/lib/dsc-lib/src/util.rs,2026-09-26T00:00:00Z,,,,,,,"""441212efbc790dab37f928e98d717f788d830c978189e65582c173c9ab93c8db""",,,497ee1e50158db0d547e52e6c1bfdc32f1bf6a194c1dc61c322afe4ba984c3c1,,200,dfa312879d0c2730,2026-09-28T03:40:16Z
S108,https://raw.githubusercontent.com/PowerShell/DSC/ea572fa755dbd49fb52339043409fbd50a625600/dsc/src/server/invoke_dsc_config.rs,2026-09-26T00:00:00Z,,,,,,,"""8c894a331f3a3712726afbdf8eed7cd5e2da58a1fc3f441e172286e9aa15fe41""",,,b8e01c066971f64e4c1b7c7ebbe2ce71b45d96b6324287c1fece573972095a06,,200,85c7868d2c3640e9,2026-09-28T03:40:17Z
S109,https://raw.githubusercontent.com/PowerShell/DSC/9c60d043f0c018f3026feee481cb6402100f4331/dsc/src/server/invoke_dsc_config.rs,2026-09-26T00:00:00Z,,,,,,,"""f246f32f58afaede8f359e3efe9c37571cbc462b797210fb85101ab525da5243""",,,18688d78d656178d561e37f70ffab1d68cffc40a5d8e5eadb5624edd4bbcdc34,,200,25cf078d2c1e40e9,2026-09-28T03:40:18Z
S110,https://raw.githubusercontent.com/PowerShell/DSC/4b492407ef4a9875c78986bbb08e1db277581ec9/dsc/Cargo.toml,2026-09-26T00:00:00Z,,,,,,,"""f3cc6167b7415bda50c9d18117c6901fb368fc233d875d0df215d85095d6e123""",,,768be2830655e44e1a5d9a1ca85a18b3abd06248ac5bc6edbc5c8662be5826ec,,200,ebfe2cb62883e3a8,2026-09-28T03:40:19Z
S111,https://raw.githubusercontent.com/PowerShell/DSC/ea572fa755dbd49fb52339043409fbd50a625600/dsc/Cargo.toml,2026-09-26T00:00:00Z,,,,,,,"""f69987acb70b7e5c6769f4f8ae8c57439c570106fdac3c867b80c4e923ea68bc""",,,aa2f3da624f4b9f61d7b121d1b699ac26ca6b9981ddb8995afdd7be6da2da61e,,200,a3de2ca0088367a0,2026-09-28T03:40:20Z
S112,https://raw.githubusercontent.com/PowerShell/DSC/ea572fa755dbd49fb52339043409fbd50a625600/lib/dsc-lib/Cargo.toml,2026-09-26T00:00:00Z,,,,,,,"""8f6c49282eda379d0a946f5fc99eb146603a5e16ac306cc3272298328014f654""",,,738c59aefcb11da93bff19fba2fcd6441070274e3466b4f5625ba81d84e2e4a4,,200,335bdcb57c5171b0,2026-09-28T03:40:21Z
S113,https://api.github.com/repos/PowerShell/DSC/releases?per_page=100,2026-09-26T00:00:00Z,,,,,,,"W/""3022f78d857ffc4e6294e445c0d46eec0fa366f3fcf90bc2e7b1708525496570""",,,3231e047a7f4889972d149ab744d803b2555f543b44c8df09c24566138bb931c,,200,c4058555062a4b46,2026-09-28T03:40:09Z
S114,https://github.com/PowerShell/DSC/releases/download/v3.3.0/DSC-3.3.0-x86_64-pc-windows-msvc.zip,2026-09-26T00:00:00Z,,,,,,,,,,,,,,
S115,https://github.com/PowerShell/DSC/releases/download/v3.4.0-preview.1/DSC-3.4.0-preview.1-x86_64-pc-windows-msvc.zip,2026-09-26T00:00:00Z,,,,,,,,,,,,,,
S116,https://github.com/PowerShell/DSC/releases/download/v3.3.0/DSC-3.3.0-aarch64-apple-darwin.tar.gz,2026-09-26T00:00:00Z,,,,,,,,,,,,,,
S117,https://github.com/PowerShell/DSC/releases/download/v3.4.0-preview.1/DSC-3.4.0-preview.1-aarch64-apple-darwin.tar.gz,2026-09-26T00:00:00Z,,,,,,,,,,,,,,
S118,https://github.com/PowerShell/DSC/releases/tag/v3.3.0,2026-09-26T00:00:00Z,,,,,,,"W/""d624b148ac87f24d9651298b25c4a87a""",,,a66ac9a4f0ca8b7afa4476b4d77a58245cf1f4e04f1b60fe804b6d7fe9493228,,200,401b758cdab01c03,2026-09-28T03:40:32Z
S119,https://github.com/PowerShell/DSC/releases/tag/v3.4.0-preview.1,2026-09-26T00:00:00Z,,,,,,,"W/""639589d4ce1a7d08a13f09c296ceb77d""",,,bc3a4194a55a8ff4da7e7352bb999fab1a32e9b10e535fc66177e3ec13fa867b,,200,88df512ece063004,2026-09-28T03:40:34Z
S120,https://raw.githubusercontent.com/PowerShell/DSC/9c60d043f0c018f3026feee481cb6402100f4331/data.build.json,2026-09-26T00:00:00Z,,,,,,,"""9b1a3ae97e1e6e915352e6c05c8fae2d42b944fbe43ee41f0e59afcf4ce712ae""",,,2021cf5f91b8e0f2ee065fdc80a5ecfd0e9bff2f1409201de8df1982ef877f3d,,200,92660488d30527bd,2026-09-28T03:40:22Z
S121,https://raw.githubusercontent.com/PowerShell/DSC/9c60d043f0c018f3026feee481cb6402100f4331/adapters/group_policy_template/group_policy_template.dsc.resource.json,2026-09-26T00:00:00Z,,,,,,,"""ae34f64d21ca3c4d24ee5ed9b89d30fc754fc09e46194c552502f9cd4ce2b929""",,,86d62f4d3a8e2cebc1a8a21dea07d03cb7fa816e02c4b8d372ce7e7ee0a3c630,,200,c8417ea8913848c1,2026-09-28T03:40:24Z
S122,https://raw.githubusercontent.com/PowerShell/DSC/ea572fa755dbd49fb52339043409fbd50a625600/resources/windows_personalization/windows_personalization.dsc.adaptedResource.yaml,2026-09-26T00:00:00Z,,,,,,,"""4a22307ffa57f4e2b61f9377e1cc3d68d3aaedf747953881d042ac97b91d072b""",,,92e80564bbc8663e7bf50d0e48ab3310deacad62bc26daa1de6a4045b7d0769c,,200,02ecd2d705378e50,2026-09-28T03:40:25Z
S123,https://raw.githubusercontent.com/PowerShell/DSC/ea572fa755dbd49fb52339043409fbd50a625600/dsc/tests/dsc_version.tests.ps1,2026-09-26T00:00:00Z,,,,,,,"""035bfeecd4c42996a777eec0754e57299296b661663d80aa09933fcab945a72f""",,,64ef7e44d8bc6fa95569e9d383e5cdcee539e6361cd4ed1a3866eb626c3b4259,,200,17bba88469abdff2,2026-09-28T03:40:26Z
S124,https://raw.githubusercontent.com/PowerShell/DSC/ea572fa755dbd49fb52339043409fbd50a625600/lib/dsc-lib/src/functions/secret.rs,2026-09-26T00:00:00Z,,,,,,,"""8286c613f4af866434b57ee652af14723edb108ce6ad1145f91de3d9f38f482f""",,,8d07e6c520780264273ebc4eaf23c703daf93d5950f649cdd41767d4658a598f,,200,8b13e08563428aed,2026-09-28T03:40:27Z
S125,https://raw.githubusercontent.com/PowerShell/DSC/ea572fa755dbd49fb52339043409fbd50a625600/lib/dsc-lib/src/configure/parameters.rs,2026-09-26T00:00:00Z,,,,,,,"""32c492be4f5695beba665b2de4b369530619bfbabd7b91e9080b298c0133268f""",,,25537df4c779628a648c28718583610e58e633dbd0d7edb77112cc2b5363770b,,200,b8a63cece981a781,2026-09-28T03:40:28Z
S126,https://api.github.com/repos/PowerShell/DSC/issues?state=open&labels=Issue-Bug&per_page=100,2026-09-26T00:00:00Z,,,,,,,"W/""79b5dbe79dfbbe8ee9649abb826c1847c96866ec64711ef3a65c346541bbce7b""",,,97251bf284aed6e693a634b5163453e110b32a5e9e9624f2ad73c6246edfda87,,200,45c4f5a0016162d8,2026-09-28T03:40:11Z
S127,https://raw.githubusercontent.com/PowerShell/DSC/ea572fa755dbd49fb52339043409fbd50a625600/dsc/dsc.settings.json,2026-09-26T00:00:00Z,,,,,,,"""24ea201b1be431c652fca5be17659e1fa1bfdbcb25bf0b578b4dea1c2acfe9ba""",,,7070cd31168e55be7b52fb7a49d4c0f8be49e4b36f59fa3ebc3f58306969472b,,200,2c01f678e8c30129,2026-09-28T03:40:29Z
S128,https://raw.githubusercontent.com/PowerShell/DSC/ea572fa755dbd49fb52339043409fbd50a625600/dsc/src/main.rs,2026-09-26T00:00:00Z,,,,,,,"""0781970a93c769f07089f56173e3c6d59db9dfa088552e65378fe342f1117fef""",,,445277bff02d123cd16fa41c7c0fcba50330908b67b97505c811866b2fb2f82d,,200,29adaae4602a4a18,2026-09-28T03:40:30Z
S129,https://raw.githubusercontent.com/PowerShell/DSC/631d0e14621f5df7cbda9cb59473bc3282dc79fd/dsc_lib/src/functions/mod.rs,2026-09-26T00:00:00Z,,,,,,,"""2d35bd954127c24dd222087b34e30baedf9f85c23351ba6757922107b956d132""",,,6b3d80aebd5985ef7b1b84dcc3edcef276c8ae26f74a3d393ef7c93a2dcf4559,,200,dd86392d2f5d6bbd,2026-09-28T03:40:31Z
S130,https://raw.githubusercontent.com/PowerShell/DSC/598ee78e3967d5d9562d582509c3d01095a53caf/dsc_lib/src/functions/mod.rs,2026-09-26T00:00:00Z,,,,,,,"""ea1618c165dc73fa723475ac4dc7ada6e55fb7f727fad184ecd75bb02fb5dee3""",,,7792462684bf48f21fea655967f8870a0407c8e59893f2f8ee18254bd06ebf45,,200,1c86192c2f5dc9bd,2026-09-28T03:40:33Z
S131,https://raw.githubusercontent.com/PowerShell/DSC/119832c26b43d3fb4dc4ce0d5eeff29efe4f72e3/lib/dsc-lib/src/functions/mod.rs,2026-09-26T00:00:00Z,,,,,,,"""a5d687fc1da48435203cfd29bceaf0e3dbfa20f26a10a8c2cb5857fe6e24e91c""",,,b3574e5cd8df6839febbb40c6d6ccfce8588093cd903d1bd507f4e30a60bb93a,,200,cbae2c06378979fe,2026-09-28T03:40:34Z
S132,https://raw.githubusercontent.com/PowerShell/DSC/631d0e14621f5df7cbda9cb59473bc3282dc79fd/dsc/src/args.rs,2026-09-26T00:00:00Z,,,,,,,"""8b13e512a2af6a033b81316220837723d7ddf090a4b04d5834d08aaf8db3ea17""",,,7fdca288072f3652805d5836d7f87dc977ca5e8928b0c2b5c75342660b4c64b3,,200,997e4024592d44ae,2026-09-28T03:40:35Z
S133,https://raw.githubusercontent.com/PowerShell/DSC/598ee78e3967d5d9562d582509c3d01095a53caf/dsc/src/args.rs,2026-09-26T00:00:00Z,,,,,,,"""80f732e4f0a2d4eee246668b8a3971718f5931e42b4fe2fa15476300f1ce8ccd""",,,edbbb292dd170681de81362c7082b854daf04d1497dca186126abd70ac0bf24f,,200,c9fe402459fc84a6,2026-09-28T03:40:36Z
S134,https://raw.githubusercontent.com/PowerShell/DSC/119832c26b43d3fb4dc4ce0d5eeff29efe4f72e3/dsc/src/args.rs,2026-09-26T00:00:00Z,,,,,,,"""d10e612659be49f2176027e4038c0a7e0cac251a16803dc6fd4931ed72d9ec0e""",,,cf267eaa2495981d4b14256669c1600960bc3d7ed048d193db5fcfd11192df4f,,200,80fe402d597d00a6,2026-09-28T03:40:38Z
S135,https://raw.githubusercontent.com/MicrosoftDocs/PowerShell-Docs-DSC/55c3581bed2a90d7169aa9c660496215155c5f88/dsc/docs-conceptual/dsc-3.0/reference/cli/index.md,2026-09-26T00:00:00Z,,,,,,,"""0f820734f9d36cf9e081aff8ad0860f4def77d8a6a56b21db1237463ad713250""",,,16435d0d6f0a5cf54f6701b33217e538b67a03a55c0f91df680e6537dc1373b9,,200,7eff520c968377a3,2026-09-28T03:40:38Z
S136,https://raw.githubusercontent.com/PowerShell/DSC/ea572fa755dbd49fb52339043409fbd50a625600/docs/reference/cli/server/index.md,2026-09-26T00:00:00Z,,,,,,,"""1d8557f2c3cc3f1f7fcb411f355a146d6383a8277034ab1680bb0c22fc594d7b""",,,76b0f514840d5a4709b03c928aa2f78ea11ed640192cd01200fb265232de4cac,,200,2b2e7aca4b2594fa,2026-09-28T03:40:39Z
S137,https://raw.githubusercontent.com/PowerShell/DSC/ea572fa755dbd49fb52339043409fbd50a625600/schemas/schemas.config.yaml,2026-09-26T00:00:00Z,,,,,,,"""11edbf122533c91afcdcdbd5cfb90931b2c8a612079a7cac02190bdfec0ddfa6""",,,261c19abde73f699a582996e223d2d96be0f27842941840a91e2646ebc074426,,200,4c453e2a2794b1b5,2026-09-28T03:40:40Z
S138,https://raw.githubusercontent.com/PowerShell/DSC/ea572fa755dbd49fb52339043409fbd50a625600/resources/windows_service/src/main.rs,2026-09-26T00:00:00Z,,,,,,,"""24ae85a418fef1df0277629363cd255ec2469f7dfa1aaf09e7f124f2eb3825cf""",,,65ad308c69176866c9dc38da51fef55e015bc8afa21f72a6748e11450156869b,,200,df05a0cf83855e03,2026-09-28T03:40:41Z
S139,https://raw.githubusercontent.com/PowerShell/DSC/ea572fa755dbd49fb52339043409fbd50a625600/resources/windows_firewall/src/firewall.rs,2026-09-26T00:00:00Z,,,,,,,"""fea828adb243dfcf7b06d4c2cba744f28eb50edcbd2764683295cb7dff022f96""",,,ba3517d89bab889f455c70c201dcac814c8d2b0d3610d87ff4fa47b91af7fb24,,200,3eb48b53bde22b6e,2026-09-28T03:40:42Z
S140,https://raw.githubusercontent.com/PowerShell/DSC/ea572fa755dbd49fb52339043409fbd50a625600/lib/dsc-lib/locales/en-us.toml,2026-09-26T00:00:00Z,,,,,,,"""6d6cba8392d7cb70ce9bdee6671a6080af761dc28a5aba2a453416bf1bf4f756""",,,74684ba7651d83321e137abe2831cf4e2e35d04984b81a9f967758cd4387226a,,200,3ad0eed9ae2c67a3,2026-09-28T03:40:43Z
S141,https://raw.githubusercontent.com/PowerShell/DSC/ea572fa755dbd49fb52339043409fbd50a625600/dsc/locales/en-us.toml,2026-09-26T00:00:00Z,,,,,,,"""7f82cc34542e4b3e0e21f79d401670b3b6f5d1194a5c51bde6302beccd56e43c""",,,3f8b0db7c5309dc78b12c8a0760be4c11ba2ce7008a1914faccb5eb71b2aac1f,,200,f829e08487f9d2d7,2026-09-28T03:40:45Z
S142,https://raw.githubusercontent.com/PowerShell/DSC/ea572fa755dbd49fb52339043409fbd50a625600/lib/dsc-lib/src/dscresources/dscresource.rs,2026-09-26T00:00:00Z,,,,,,,"""d63eadfacceafd338298b2ad9011976c7aaf23a779887e37819f6fdf242c7d86""",,,2252f10ec9561fea1572595f042b9375e178af7bb920d4d6ee624a23a8f51f37,,200,3ecd74c0ed036629,2026-09-28T03:40:46Z
S143,https://raw.githubusercontent.com/PowerShell/DSC/ea572fa755dbd49fb52339043409fbd50a625600/CHANGELOG.md,2026-09-26T00:00:00Z,,,,,,,"""6f9694c1b1cb219b80ee2b5ffb7dcbdaf026884c9152a2fe046ebd63d75e7147""",,,e8276eba53c9bc1dd8aa1766fcd8c9bb2e660445d752e163046acac3b177e56c,,200,bad738b442b3f67d,2026-09-28T03:40:47Z
S144,https://github.com/PowerShell/DSC/tree/release/v3.3,2026-09-26T00:00:00Z,,,,,,,"W/""24bf49af5b1d16c1300a3c74767dc724""",,,11a348840912afd704c216106625203b2d8ae08731065517a900c715a290ef65,,200,178d0d81a0c1f188,2026-09-28T03:40:35Z
S145,https://raw.githubusercontent.com/MicrosoftDocs/PowerShell-Docs-DSC/55c3581bed2a90d7169aa9c660496215155c5f88/dsc/docs-conceptual/dsc-3.0/reference/schemas/config/document.md,2026-09-26T00:00:00Z,,,,,,,"""2d55a3bcfb2dec83c25f136b34e3f7398be2abf7e7951a6d318e941d826709fd""",,,56de0ad962c6600491e7cf9be6670b866257dc16b4b10fc83b87c423dd0487c3,,200,6dee70903b03a4ea,2026-09-28T03:40:48Z
S146,https://raw.githubusercontent.com/PowerShell/DSC/ea572fa755dbd49fb52339043409fbd50a625600/schemas/v3/bundled/config/document.json,2026-09-26T00:00:00Z,,,,,,,"""63d1fb2e922f1686dbc90b732bb3744a0529cf45372ac977e122775e4325ca86""",,,44ea8d12391c1eef8a07827f4bc61fe4d5b6c885868ea2246a77f0a6459f8fd9,,200,bf9a6d52e3d5a144,2026-09-28T03:40:49Z
S147,https://raw.githubusercontent.com/PowerShell/DSC/ea572fa755dbd49fb52339043409fbd50a625600/schemas/v3/bundled/extension/manifest.json,2026-09-26T00:00:00Z,,,,,,,"""56abf5573dc5cdb9b1059975ae7eede9af4358659ffb762c2590fa22c5c3d959""",,,236b3435ab0164a7bac6aa6e5aa1d2574fbf6d636452fad3c83046fe0207d997,,200,8f789235ba78d6ae,2026-09-28T03:40:50Z
S148,https://raw.githubusercontent.com/PowerShell/DSC/ea572fa755dbd49fb52339043409fbd50a625600/schemas/v3/bundled/outputs/config/get.json,2026-09-26T00:00:00Z,,,,,,,"""a8eb43eabc361afee68365916461824e6b55b425bb29ee9b9654f1f8abe393ff""",,,eb7cf34325c6ffeadb5fe156698801dc4446f707dc2e7132a77261fa939a0b79,,200,eaba2b75de9b3721,2026-09-28T03:40:51Z
S149,https://raw.githubusercontent.com/PowerShell/DSC/ea572fa755dbd49fb52339043409fbd50a625600/schemas/v3/bundled/outputs/config/set.json,2026-09-26T00:00:00Z,,,,,,,"""e10e649f637850e25a199983740a82bf68375755634280ae9544eb41d6931d4e""",,,25433135f6e8d0ba65f4f4434c4762f0f270c879d3951a43d11e32959d9496b7,,200,eeba2f75cf9b7701,2026-09-28T03:40:52Z
S150,https://raw.githubusercontent.com/PowerShell/DSC/ea572fa755dbd49fb52339043409fbd50a625600/schemas/v3/bundled/outputs/config/test.json,2026-09-26T00:00:00Z,,,,,,,"""6c464107f6d90431225e6756d97d568ab361b77981ea818db82b5f25d56d7015""",,,46e6e3d553902a3febed8d1e3a48f740a6b5f1c9c7be87f190c88b61e7c1b269,,200,fabaaf75dedb3703,2026-09-28T03:40:54Z
S151,https://raw.githubusercontent.com/PowerShell/DSC/ea572fa755dbd49fb52339043409fbd50a625600/schemas/v3/bundled/outputs/resource/get.json,2026-09-26T00:00:00Z,,,,,,,"""2697cc564e6c63fa8fb7e690e5f84ae94fdc9b32e230425045478b0f47deb2b1""",,,60b84c6ad7dbf471a4eef52978baa19571e6df69e4582ad774babd24912d9c13,,200,fabc8b36dfd727a9,2026-09-28T03:40:55Z
S152,https://raw.githubusercontent.com/PowerShell/DSC/ea572fa755dbd49fb52339043409fbd50a625600/schemas/v3/bundled/outputs/resource/list.json,2026-09-26T00:00:00Z,,,,,,,"""f03cdb71bc1ad91d82f2012025f26af9585cd0ef8f8cf949384dc898b9db0cff""",,,b4c7b71315d383d9f86f50989514d842fb7f2b873c99a77921b0f6f915d8c332,,200,bd5d36de9f66d622,2026-09-28T03:40:56Z
S153,https://raw.githubusercontent.com/PowerShell/DSC/ea572fa755dbd49fb52339043409fbd50a625600/schemas/v3/bundled/outputs/resource/set.json,2026-09-26T00:00:00Z,,,,,,,"""c2ce0cf10df0ab18001367580694d8cfbd60e218c86e3d8d581a225daf626fc4""",,,7434d77d5d374f20cdab00510d1ab6699ef77f78013a3073484b936490541e6e,,200,fabc8f315fd76189,2026-09-28T03:40:57Z
S154,https://raw.githubusercontent.com/PowerShell/DSC/ea572fa755dbd49fb52339043409fbd50a625600/schemas/v3/bundled/outputs/resource/test.json,2026-09-26T00:00:00Z,,,,,,,"""3d883365e85ec07c84a614439b00edbbed41d631239ef5226f20ee816e7e79a5""",,,8aaf933418ad395de62b4740e74fd6a897f8af377f2ea9d6fddc97cae81d5bb6,,200,3aac8f73dfd72729,2026-09-28T03:40:59Z
S155,https://raw.githubusercontent.com/PowerShell/DSC/ea572fa755dbd49fb52339043409fbd50a625600/schemas/v3/bundled/resource/manifest.json,2026-09-26T00:00:00Z,,,,,,,"""98e8962d2e6d679cd681b4d79f160a06f5d429d8711f5f0088d061e991026568""",,,b599778ec17ff6b345eb366ba7199bbb55aba96d3ddab84c0c7dcfdb82a909bc,,200,bd19b6fedf70d62a,2026-09-28T03:40:59Z
S200,https://raw.githubusercontent.com/MicrosoftDocs/memdocs/4b5429df8b47046c6b251e572ee61199fb5d4a5d/intune/configmgr/compliance/deploy-use/create-custom-configuration-items-for-windows-desktop-and-server-computers-managed-with-the-client.md,,,,,,,,"""0b09cfee91b65e70310510290d84028817590e84c9fb94f148d85efd923385e9""",,,51d77b52f442c449c7889d09ab5a3582d2566e921cff898ff820629979f707aa,,200,7d7461cce48855a5,2026-09-28T03:41:00Z
S206,https://raw.githubusercontent.com/MicrosoftDocs/memdocs/4b5429df8b47046c6b251e572ee61199fb5d4a5d/intune/configmgr/develop/core/understand/sqlviews/compliance-settings-views-configuration-manager.md,,,,,,,,"""db4787097653af13e3d472f5876e0d77f2f265e457fa08ad159e3dcbdc57f2e1""",,,17eae555c079def076622ccff0e360d7b574e7a8257594ba02af28736dc21fe5,,200,856621947d502407,2026-09-28T03:41:02Z
S212,https://raw.githubusercontent.com/MicrosoftDocs/memdocs/4b5429df8b47046c6b251e572ee61199fb5d4a5d/intune/configmgr/core/plan-design/hierarchy/log-files.md,,,,,,,,"""7388bf8ab6f9163bbc4c0de1ab402912d158fd36c026f417dd69ac6495c9f721""",,,7c3fcb7634c2c955b598a6b20b381c2dad18a8794d5d240d02d564cb2be910d3,,200,69cf42e096922ac8,2026-09-28T03:41:03Z
S213,https://raw.githubusercontent.com/MicrosoftDocs/memdocs/4b5429df8b47046c6b251e572ee61199fb5d4a5d/intune/configmgr/core/plan-design/hierarchy/includes/logs-cmg.md,,,,,,,,"""db366556b6375f507f5184c7dff9c716a730bfb097b345e367f59d3a0e66866e""",,,96bb644747f9f45e15317d09075b25197e8d50dcc6dab8838165f03d1a5fc8e5,,200,00d0a31d7bbb41ce,2026-09-28T03:41:04Z
S234,https://raw.githubusercontent.com/MicrosoftDocs/SupportArticles-docs/c059e57ad347ac39ac748cc22c54285463e7172f/support/mem/configmgr/setup-migrate-backup-recovery/state-messaging-description.md,2026-09-26T00:00:00Z,,,,,,,"""86bf82106d78ff672e3ae868b4bcf5da1a3106657477b83b946d1079490228b1""",,,b1c7361a69f65c114b2b2e021eb98d1e65dc938eaa33119bf75a41fb242c7c70,,200,a7d6a522c0348626,2026-09-28T03:41:05Z
S313,https://raw.githubusercontent.com/microsoft/configmgr-hub/eb3e27d2dc454ceafc59072c70d3b227cb4fb3e7/samples/TokenSample.ps1,2026-09-26T00:00:00Z,,,,,,,"""7216a4f19d995958c64da18753fd6505d1485ecf2f8f51d9b1faa467b298d675""",,,44d35b3b00f626ca0b86f883a5bd7318966e63dbf9987383a0d1efb8fabe7da6,,200,0b815ec9d7b34adc,2026-09-28T03:41:06Z
S334,https://learn.microsoft.com/en-us/powershell/module/configurationmanager/invoke-cmclientaction?view=sccm-ps,2026-09-26T00:00:00Z,,,,,,,"""lhuwDqmhqeKVIl7em9TP61uSUuE=""","Wed, 02 Sep 2026 10:05:43 GMT",5e4743da651609d0ffccffebcf46f06b3732def8,9d4e1501745f39447fcf271976d6b6c6e5ebf9d2d0d77fff337c7e20fe602514,,200,030c3ea3496dc1ae,2026-09-28T03:40:09Z
S335,https://learn.microsoft.com/en-us/powershell/module/configurationmanager/invoke-cmscript?view=sccm-ps,2026-09-26T00:00:00Z,,,,,,,"""bLQIszKJ6Crk6weccQJYuJYV/yU=""","Wed, 02 Sep 2026 02:05:23 GMT",53f6fcf5eb17543be4f7c14ef4ec77c54716e67a,23cbc80442da4161a46ad865c5e6f7f41275f7d41d7371f249f2fd4605387d3d,,200,43d776a17082e5bf,2026-09-28T03:40:09Z
S336,https://learn.microsoft.com/en-us/powershell/module/configurationmanager/new-cmscript?view=sccm-ps,2026-09-26T00:00:00Z,,,,,,,"""d/yiIOdvEc83KDqyzxI+6ceeQFg=""","Tue, 01 Sep 2026 13:49:47 GMT",2de6091be6fb706d31e84a0c5d3a5b0d07974400,8fea43884d37e9ed5c6a7fe01bb914f3d2eaa38eb811d617f61b61f3aa97db36,,200,57555fe319c1e99f,2026-09-28T03:40:11Z
S337,https://learn.microsoft.com/en-us/powershell/module/configurationmanager/approve-cmscript?view=sccm-ps,2026-09-26T00:00:00Z,,,,,,,"""3FKaheNeusJmko933V8iy/GaKOA=""","Fri, 04 Sep 2026 23:06:18 GMT",2de6091be6fb706d31e84a0c5d3a5b0d07974400,206f49ef0fb03a2f45335d8bba61a90b73494fbb440d77ca69cfa35439a7c699,,200,11535fa35040e13f,2026-09-28T03:40:12Z
S350,https://github.com/AdamGrossTX/Toolbox/blob/master/ConfigMgr/AdminService/MiscSamples/RunScriptSample.ps1,2026-09-26T00:00:00Z,,,,,,,"W/""e40b509203b222dc87d0566a9c9512f3""",,,1cf8ec2eb5765b1d02f181af18d8c499b7c6d99a0ba38c54544c6eea7bdc852b,,200,07a7574384bea824,2026-09-28T03:40:36Z
S352,https://maikkoster.com/start-cancel-or-delete-a-sccm-client-operation/,2026-09-26T00:00:00Z,,,,,,,,,,477a37a5f1066c4501e7acfa76296ab983c0fff5861c350480ddadb318db9d3b,,200,70a9f927ae034194,2026-09-28T03:40:09Z
S400,https://raw.githubusercontent.com/MicrosoftDocs/windowsserverdocs/62d7b049a49a912c16c87e0e8e429492ffea24f9/WindowsServerDocs/identity/ad-ds/manage/group-managed-service-accounts/group-managed-service-accounts/manage-group-managed-service-accounts.md,2026-09-26T00:00:00Z,,,,,,,"""c45670757f1522caac4e6bcd045d90d0e1764fd070206d86f2a5c4b34f9e66e3""",,,f8ea3e84f50acbc38cb9548c6ce13135be62e168e8d8026b0af44ae5eccd8bd2,,200,1220886022fd09af,2026-09-28T03:41:07Z
S401,https://raw.githubusercontent.com/MicrosoftDocs/windowsserverdocs/62d7b049a49a912c16c87e0e8e429492ffea24f9/WindowsServerDocs/identity/ad-ds/manage/group-managed-service-accounts/group-managed-service-accounts/group-managed-service-accounts-overview.md,2026-09-26T00:00:00Z,,,,,,,"""b528afa814a5292e37f426b57f17c35f094cafe9f24a3a9bfa0723809a0bd5d9""",,,cb0720d8ab9db5e069571212102f0c31a334f01c8466ed171f73b2466bb1c633,,200,0243186527ac300f,2026-09-28T03:41:08Z
S402,https://raw.githubusercontent.com/MicrosoftDocs/windowsserverdocs/62d7b049a49a912c16c87e0e8e429492ffea24f9/WindowsServerDocs/identity/ad-ds/manage/group-managed-service-accounts/group-managed-service-accounts/create-the-key-distribution-services-kds-root-key.md,2026-09-26T00:00:00Z,,,,,,,"""b6501f1dbc8c70ddcb2ad6198764d2cc1d4e8597bd16fa9820844d8c74bf22b4""",,,e19108fcd35ea875d4c30dd8232fab8cd61d14777f8782bfb02cb1265996f5a4,,200,d0f090ebf270810c,2026-09-28T03:41:09Z
S403,https://raw.githubusercontent.com/MicrosoftDocs/windowsserverdocs/62d7b049a49a912c16c87e0e8e429492ffea24f9/WindowsServerDocs/identity/ad-ds/manage/understand-service-accounts.md,2026-09-26T00:00:00Z,,,,,,,"""fbc6552d9fa5e5ac4ecad904d28a931cfcc367eb56ccffd974cd3338e10f1175""",,,8392ea217dad6257670aabcfa5630604718eaafcde4927a91a54bf52c97213bd,,200,786252205e8efdc6,2026-09-28T03:41:10Z
S404,https://raw.githubusercontent.com/MicrosoftDocs/win32/e103fa4e8810bd8d42c4777e17081e24dbe62dbd/desktop-src/TaskSchd/principal-logontype.md,2026-09-26T00:00:00Z,,,,,,,"""39f0e4c840a09f80cefe10ad1251d72464fa79cab9a2b02ab601e914e1a67f09""",,,61b3d905b369f7a524c4239ff29750e09012e3f0296b4e5c6bff13917ff7322d,,200,b7862ca1497f4312,2026-09-28T03:41:12Z
S405,https://raw.githubusercontent.com/MicrosoftDocs/windows-powershell-docs/c3934e67de374f52fa6759f916c112c30a1240c7/docset/winserver2025-ps/ScheduledTasks/New-ScheduledTaskPrincipal.md,2026-09-26T00:00:00Z,,,,,,,"""db3aa02312e28a1c41133a2030522155c41399ec1cfc7f2c811801c595727fe0""",,,02530954a60ed42b94fe651a48614f2ff0e6a2be4e4987be5757d601a26eab97,,200,58bf481dc14cd784,2026-09-28T03:41:13Z
S406,https://gitlab.com/gitlab-org/gitlab-runner/-/raw/49138a48b894f517d2ebe77dda89929d1f7f9550/docs/install/windows.md,2026-09-26T00:00:00Z,,,,,,,"""4b08a1dff13906d0af56f6bab73355c6""",,,a1627562b09e6485ec54e9f783a1d3c07fd9f3f0b55a9802baf81d36e685ef8e,,200,b3fac7e5977b9740,2026-09-28T03:40:09Z
S407,https://gitlab.com/gitlab-org/gitlab-runner/-/raw/49138a48b894f517d2ebe77dda89929d1f7f9550/docs/shells/_index.md,2026-09-26T00:00:00Z,,,,,,,"""4cb99b3713f8b49470adb6c5643f1bdc""",,,961103c56d7a3a401f6b799c8c7fead7514203840e047ec89a82d48a86da65f6,,200,50b6324ca0469514,2026-09-28T03:40:10Z
S408,https://gitlab.com/gitlab-org/gitlab-runner/-/raw/49138a48b894f517d2ebe77dda89929d1f7f9550/docs/configuration/advanced-configuration.md,2026-09-26T00:00:00Z,,,,,,,"""211cc717983a02d6fc6c56ec08ab84be""",,,55787995c5ce7a6371d7028b0055e818de16c391e4821ab1c58b002893903d14,,200,0c594432d6ca6f11,2026-09-28T03:40:15Z
S409,https://gitlab.com/gitlab-org/gitlab-runner/-/raw/49138a48b894f517d2ebe77dda89929d1f7f9550/shells/abstract.go,2026-09-26T00:00:00Z,,,,,,,"""b6d4ce1ff41e1b640c3473eae6ed5a46""",,,f45824cb147c21062caef2fab13fd24f7fb31e583d7bdc8bb74832439f4c5a55,,200,9595c6f5e4f4131d,2026-09-28T03:40:19Z
S410,https://gitlab.com/gitlab-org/gitlab-runner/-/raw/49138a48b894f517d2ebe77dda89929d1f7f9550/common/config.go,2026-09-26T00:00:00Z,,,,,,,"""7c3e28d3fc3a29ff8fceab483141834a""",,,c81ca5fbedfede47277138e021dce8e952b7ec72b41d1f6c2b15e74ffe5fbae0,,200,949b6b78b2a4bb38,2026-09-28T03:40:20Z
S411,https://gitlab.com/gitlab-org/gitlab-runner/-/raw/49138a48b894f517d2ebe77dda89929d1f7f9550/executors/shell/shell.go,2026-09-26T00:00:00Z,,,,,,,"""69c123e332760f4c2751e4af66d6752f""",,,ec28f36f01dcaa898ce5ca4a82eb8a29ddf56287c0aab3c809f0ad03eb83792d,,200,02c909df34714b48,2026-09-28T03:40:24Z
S412,https://gitlab.com/gitlab-org/gitlab-runner/-/raw/49138a48b894f517d2ebe77dda89929d1f7f9550/executors/docker/docker_command.go,2026-09-26T00:00:00Z,,,,,,,"""1ca2286b17f3af308c0419edca6446ad""",,,5e3404b18eb66d1c80b7a809d64f954a8cdffb76f1a181a153a642515751abaf,,200,62d41729360570f2,2026-09-28T03:40:30Z
S413,https://gitlab.com/gitlab-org/gitlab-runner/-/raw/49138a48b894f517d2ebe77dda89929d1f7f9550/commands/service.go,2026-09-26T00:00:00Z,,,,,,,"""8d40e1dc18f92938dfcffbe1a1a6d5a8""",,,4fa2a8c485be72735f6489415af3cbf9b5571d8c14910fb2baa35e93c106e878,,200,dde8e8cb35402440,2026-09-28T03:40:34Z
S414,https://gitlab.com/gitlab-org/gitlab-runner/-/work_items/27895,2026-09-26T00:00:00Z,,,,,,,"W/""16a38897e92f6059cdf5958d6ae792dd""",,,44a6b1d8a8b516d6b9eeb87baa283c2d2597573748eb6cf38748e43af7566f9b,,200,a681d3f5b5b03909,2026-09-28T03:40:34Z
S415,https://gitlab.com/gitlab-org/gitlab-runner/-/work_items/30963,2026-09-26T00:00:00Z,,,,,,,"W/""b419ed6dbdb00623fe50934567a0debb""",,,2d052ff82ea3b7795f9a64493760c7dfc4e5ecf5791b1906dd193c25efe3155d,,200,fc05d10535130c20,2026-09-28T03:40:38Z
S416,https://gitlab.com/gitlab-org/gitlab-runner/-/raw/49138a48b894f517d2ebe77dda89929d1f7f9550/LICENSE,2026-09-26T00:00:00Z,,,,,,,,,,,,,,
S420,https://raw.githubusercontent.com/MicrosoftDocs/PowerShell-Docs/5f0f622fc6579cf4b635eb4ac6b99ceef091460e/reference/7.5/Microsoft.PowerShell.Core/About/about_Execution_Policies.md,2026-09-26T00:00:00Z,,,,,,,"""74291b6f5bf78ebd268d6c22466ab8fd8a8c83b03e1d4b86a6a2f598a9e5276a""",,,bad3606a8f06d808ca5afecab9478bab2d1f2dc3fd8c3e0e4ddaa988a1537d00,,200,f974e032e839062e,2026-09-28T03:41:14Z
S421,https://raw.githubusercontent.com/MicrosoftDocs/PowerShell-Docs/5f0f622fc6579cf4b635eb4ac6b99ceef091460e/reference/5.1/Microsoft.PowerShell.Core/About/about_Execution_Policies.md,2026-09-26T00:00:00Z,,,,,,,"""34702f2e8ad01c449802d4dda5b7d191338530fc3fbf1a0e0099b744e8f9e267""",,,a9c210e634b6b49d4a675ea94e5f3b098d12b9db976d4e8f252f6a82f08f4e56,,200,f87ce030e8390e0e,2026-09-28T03:41:15Z
S422,https://raw.githubusercontent.com/MicrosoftDocs/PowerShell-Docs/5f0f622fc6579cf4b635eb4ac6b99ceef091460e/reference/7.5/Microsoft.PowerShell.Core/About/about_Signing.md,2026-09-26T00:00:00Z,,,,,,,"""347d9e11d738d37ffc10ca085ba151d54405dc1f75d96729ebad4326d5a457b8""",,,061817306ef618da38e643b184f792617b6d7aecd118a0669b39c291bab172ef,,200,e08b50948ec15377,2026-09-28T03:41:16Z
S430,https://raw.githubusercontent.com/MicrosoftDocs/windowsserverdocs/62d7b049a49a912c16c87e0e8e429492ffea24f9/WindowsServerDocs/administration/OpenSSH/OpenSSH_Install_FirstUse.md,2026-09-26T00:00:00Z,,,,,,,"""dd3308d510d49c4f4de304a1b44cfc8456a8bf931e798f7c9df0df0eef618626""",,,5f527e2fbcc864ca72e52bcb18def51f47b0041a660afe5b00e9ffc909b8e3a4,,200,93c3772c9f65c47b,2026-09-28T03:41:17Z
S431,https://raw.githubusercontent.com/MicrosoftDocs/windowsserverdocs/62d7b049a49a912c16c87e0e8e429492ffea24f9/WindowsServerDocs/administration/OpenSSH/openssh-server-configuration.md,2026-09-26T00:00:00Z,,,,,,,"""ed8548419cea27bd7ed8d3d62c55a805ab43096fb0a39137edd8676445a4d1d4""",,,87cccc5d0182fdf215e712c395ce5e15e9618c053e2714d9574f04ff4da9ad0b,,200,09ea10c015524222,2026-09-28T03:41:18Z
S432,https://raw.githubusercontent.com/MicrosoftDocs/windowsserverdocs/62d7b049a49a912c16c87e0e8e429492ffea24f9/WindowsServerDocs/administration/OpenSSH/OpenSSH_KeyManagement.md,2026-09-26T00:00:00Z,,,,,,,"""bd1b396a683ba356158e386669d934fbe99183db59f031bfb84d230eff117a38""",,,4a7e12cbc74e85fe70c10321572d4d3f09f88fee4f5992277cf589d70eb8f615,,200,5f0f32b12df3933f,2026-09-28T03:41:19Z
S440,https://gitlab.com/gitlab-org/gitlab/-/raw/56c82a97c3b74a303b33a7cf746157df1e39601f/doc/user/project/merge_requests/approvals/settings.md,2026-09-26T00:00:00Z,,,,,,,"""4b6d3aec96c7a86101d00a076c92db77""",,,fddd224408753cd0a43d18ec3f041c82f873d10b37b0c6bdf3bc9ce7ec1cb638,,200,510c0c185df74888,2026-09-28T03:40:39Z
S441,https://gitlab.com/gitlab-org/gitlab/-/raw/56c82a97c3b74a303b33a7cf746157df1e39601f/doc/user/project/merge_requests/approvals/_index.md,2026-09-26T00:00:00Z,,,,,,,"""0d763101690acebb915b67ba5cd3864b""",,,5ed123da87a7200e463a411ed849c367616915abcd2208d28611be7d7f9fba4b,,200,1d0a72730134fdf2,2026-09-28T03:40:40Z
S442,https://gitlab.com/gitlab-org/gitlab/-/raw/56c82a97c3b74a303b33a7cf746157df1e39601f/doc/user/project/merge_requests/approvals/rules.md,2026-09-26T00:00:00Z,,,,,,,"""789e88deb9c3ad85c40d153fa2993ae5""",,,f4b3ad7fbd3e5ae895aa3b5be472db876df7f1ad03b3f823de019beec8bbdc04,,200,3d8af33f6f216bf2,2026-09-28T03:40:41Z
S443,https://gitlab.com/gitlab-org/gitlab/-/raw/56c82a97c3b74a303b33a7cf746157df1e39601f/doc/administration/merge_requests_approvals.md,2026-09-26T00:00:00Z,,,,,,,"""77117b6cc4428ed29d1c94713631f785""",,,7e99ed9ab041a9e6915ca3ccd6f9e07c42e728784a04efd53a192b7a78e2a90b,,200,1d6627c2b31df229,2026-09-28T03:40:42Z
S444,https://gitlab.com/gitlab-org/gitlab/-/raw/56c82a97c3b74a303b33a7cf746157df1e39601f/doc/user/project/repository/branches/protected.md,2026-09-26T00:00:00Z,,,,,,,"""ee19e0ee3557f4bd72c0d863a42dfdde""",,,b51fa20477b845d2e7a03beb634e6a505f9298c51c24bc5521942db585fc9646,,200,58586736fce558d2,2026-09-28T03:40:43Z
S445,https://gitlab.com/gitlab-org/gitlab/-/raw/56c82a97c3b74a303b33a7cf746157df1e39601f/doc/user/project/protected_tags.md,2026-09-26T00:00:00Z,,,,,,,"""6beff31ac3cd3a31cb17498b458e82e7""",,,87794603988bf4c5eb4d6a429950a5867c7efb8933dde2fbb32c7dff1bdb735d,,200,d8d26288a62b506e,2026-09-28T03:40:44Z
S446,https://gitlab.com/gitlab-org/gitlab/-/raw/56c82a97c3b74a303b33a7cf746157df1e39601f/doc/ci/pipelines/merge_request_pipelines.md,2026-09-26T00:00:00Z,,,,,,,"""cb604fa070c1bca44ae2878994a4117b""",,,64b6f8ec8457d58c5940caaaadc158f01e4c468e84358737be4ba50a42f85bf2,,200,682ad48d91e197b2,2026-09-28T03:40:48Z
S447,https://gitlab.com/gitlab-org/gitlab/-/raw/56c82a97c3b74a303b33a7cf746157df1e39601f/doc/ci/yaml/_index.md,2026-09-26T00:00:00Z,,,,,,,"""d85a42c42666f02bd288e4445ad893bf""",,,67091dc9558d9f4a5c28fd6cca4227e6c198fd8edc4849d7127d46f2e484c120,,200,069fe76f17cae4b3,2026-09-28T03:40:48Z
S448,https://gitlab.com/gitlab-org/gitlab/-/raw/56c82a97c3b74a303b33a7cf746157df1e39601f/doc/ci/pipelines/schedules.md,2026-09-26T00:00:00Z,,,,,,,"""74da5a20c5ebe3082a8c25a71a7f7bb2""",,,1688bf0ef402a4be755a562599d6c2a4a3f96dea9a11e46c88aa9e2a1270cba0,,200,cd0bb319c98136db,2026-09-28T03:40:49Z
S449,https://gitlab.com/gitlab-org/gitlab/-/raw/56c82a97c3b74a303b33a7cf746157df1e39601f/doc/ci/variables/_index.md,2026-09-26T00:00:00Z,,,,,,,"""6f5daf9c04c60585c00af846c851fb74""",,,a13f58ba75a3ff1d2586ea9e335682d5535e40b17db5a0007bb71e3bf9bcdbf9,,200,236017ecf935dfa6,2026-09-28T03:40:55Z
S450,https://gitlab.com/gitlab-org/gitlab/-/raw/56c82a97c3b74a303b33a7cf746157df1e39601f/doc/user/project/codeowners/_index.md,2026-09-26T00:00:00Z,,,,,,,"""be9555ae3b3610e1236790be5d9cb1f5""",,,5dcceeaea20fdd1fcbcefa6624d57d1a8c70e8177c096b6a0dbb6bc8835f1679,,200,e64615f2c9acd8b5,2026-09-28T03:40:55Z
S451,https://gitlab.com/gitlab-org/gitlab/-/raw/56c82a97c3b74a303b33a7cf746157df1e39601f/doc/user/project/releases/_index.md,2026-09-26T00:00:00Z,,,,,,,"""e0be0b22099230b6381ff53e4edb820f""",,,7ffc5c281443cdd12c96dbbe8db7dad496f70a4933e7c98a188a016208a25343,,200,d94ca728fb244f00,2026-09-28T03:41:00Z
S452,https://gitlab.com/gitlab-org/gitlab/-/raw/56c82a97c3b74a303b33a7cf746157df1e39601f/LICENSE,2026-09-26T00:00:00Z,,,,,,,"""2db804f12621af374343c89298d64588""",,,62dfe4bdd76e08992c09cf335b2374b3e6acd4f2b959b4971760727d9b785ab4,,200,b85355cbedd7ade9,2026-09-28T03:41:01Z
S453,https://gitlab.com/gitlab-org/gitlab/-/raw/56c82a97c3b74a303b33a7cf746157df1e39601f/doc/ci/jobs/job_rules.md,2026-09-26T00:00:00Z,,,,,,,"""dfb7da34db9718fe0f155c8e84da86ea""",,,f5e045aac13520045773b4cd9d63cfb2b4b17d8147fb07d7db25b288dc495d22,,200,b422aaaa0bc30238,2026-09-28T03:41:02Z
S460,https://raw.githubusercontent.com/MicrosoftDocs/sql-docs/e68830c3a18b6b5b770ae629ebdf58dacf898d78/docs/relational-databases/tables/temporal/manage-retention.md,2026-09-26T00:00:00Z,,,,,,,"""74352432dce2b6767825af5e74911ba40c20a3a6d11e71786a4181fb244cfe88""",,,e14253995ae3e1005227e2e9e2277b92c19c74dc046079fcfc15d9c4140c272f,,200,5cfe9a212d0a5cb2,2026-09-28T03:41:20Z
S461,https://raw.githubusercontent.com/MicrosoftDocs/sql-docs/e68830c3a18b6b5b770ae629ebdf58dacf898d78/docs/t-sql/statements/create-table-transact-sql.md,2026-09-26T00:00:00Z,,,,,,,"""7aa74bcf3811f1d15812ea6f8628265a00c3783fa9f58ce6c47fa667d8ca3fdc""",,,b2322bbd4aa1fb627be0f4a2af219440946c47e6f8b0257f0b36444e713f3d11,,200,8243235299733e82,2026-09-28T03:41:21Z
S462,https://raw.githubusercontent.com/MicrosoftDocs/sql-docs/e68830c3a18b6b5b770ae629ebdf58dacf898d78/docs/relational-databases/system-stored-procedures/temporal-table-sys-sp-cleanup-temporal-history.md,2026-09-26T00:00:00Z,,,,,,,"""db1c9c91c5882928f91d8f327781c0426ec2fd19965309de5a4b522dcfafa445""",,,153a631224f8c11b18ceb08a0ade05655b61f921fafc8b834f5c0a9ea057f1be,,200,69c1162c5846c35f,2026-09-28T03:41:22Z
S463,https://raw.githubusercontent.com/MicrosoftDocs/sql-docs/e68830c3a18b6b5b770ae629ebdf58dacf898d78/docs/sql-server/editions-and-components-of-sql-server-2017.md,2026-09-26T00:00:00Z,,,,,,,"""b040bcb53cfbf4a4f3cbf4f6acb2fc898be86c9a893337ec9cd2be0218f21457""",,,44377d5097216797f3da3af0edbcefc00911cb6eebbfd12bc3e360a25fa3e4c5,,200,1eaa420adcc0d3c6,2026-09-28T03:41:24Z
S464,https://raw.githubusercontent.com/MicrosoftDocs/sql-docs/e68830c3a18b6b5b770ae629ebdf58dacf898d78/docs/sql-server/editions-and-components-of-sql-server-2019.md,2026-09-26T00:00:00Z,,,,,,,"""33d349309442f22fadf2ce1d2b316aeaa3d562f8632d2e7e458aeef78fda7bd4""",,,1bdd0c71b77ef390fbf85535d9b721f7b47147b0d5f13aa5896d7749f812cf38,,200,1bba233c5cc2d1c6,2026-09-28T03:41:25Z
S465,https://raw.githubusercontent.com/MicrosoftDocs/sql-docs/e68830c3a18b6b5b770ae629ebdf58dacf898d78/docs/sql-server/editions-and-components-of-sql-server-2022.md,2026-09-26T00:00:00Z,,,,,,,"""8e1db8976745115972c9a94adcdb0a5ec8d0d076cefb40f55c4e88fbb73b754e""",,,6fb27ea05db00f9d07d66c931fc03c85282c5b14c9f9975e02848b755a6df659,,200,4bbea33c5c8ac146,2026-09-28T03:41:26Z
S466,https://raw.githubusercontent.com/MicrosoftDocs/sql-docs/e68830c3a18b6b5b770ae629ebdf58dacf898d78/docs/sql-server/editions-and-components-of-sql-server-2025.md,2026-09-26T00:00:00Z,,,,,,,"""51be6f85f5b2a5dee6a9e4797e0ff927b1c82a814a6bcf4b039b9956f89b8c98""",,,0e4fa5ee82509d33df47084a6d58aea4fbf125f9212a402f2ea8f40b4a9dd443,,200,2daaa37ed5c24047,2026-09-28T03:41:27Z
S467,https://raw.githubusercontent.com/MicrosoftDocs/sql-docs/e68830c3a18b6b5b770ae629ebdf58dacf898d78/docs/relational-databases/system-stored-procedures/sp-getapplock-transact-sql.md,2026-09-26T00:00:00Z,,,,,,,"""615d61a81adc5155fd9b591440813e4a2a80026f4f3bcbacdc78ce92aae7530b""",,,7b2cb4c5787173ba574d5abe3f3ac2e59b49b406e01d70a7ac6ce27061a128a8,,200,32e9a80d78cd2340,2026-09-28T03:41:28Z
S468,https://raw.githubusercontent.com/MicrosoftDocs/sql-docs/e68830c3a18b6b5b770ae629ebdf58dacf898d78/docs/t-sql/statements/deny-transact-sql.md,2026-09-26T00:00:00Z,,,,,,,"""a28d97362285409af5d48df521e30b5f36de7ef17cf4f6fb68a85e3b4e35ccdb""",,,2883b2c9740b7880077ea742228b51f1acbf6109c73dd205f240882d85d117a9,,200,8a66ee9f86393454,2026-09-28T03:41:29Z
S469,https://raw.githubusercontent.com/MicrosoftDocs/sql-docs/e68830c3a18b6b5b770ae629ebdf58dacf898d78/docs/t-sql/statements/deny-object-permissions-transact-sql.md,2026-09-26T00:00:00Z,,,,,,,"""6a77320be3dfbb9c4e0ca25601e1c54931c42956ba832ab10aa8750de5c395b4""",,,5525b88e3ac3d240273ddd495d8f9c572c78af9943fc1a494086938130e53a64,,200,53a299ff0eb9f4b8,2026-09-28T03:41:30Z
S470,https://raw.githubusercontent.com/MicrosoftDocs/sql-docs/e68830c3a18b6b5b770ae629ebdf58dacf898d78/docs/t-sql/statements/grant-schema-permissions-transact-sql.md,2026-09-26T00:00:00Z,,,,,,,"""e70ac36af442b227da978e7fad67c1b85b0337d09f1467e13bbd615b5ad9c326""",,,b6730aa79b29ebac4885982641cd7dc96e76ea90b465bda27df54bb4ca005b46,,200,669099f8c961e994,2026-09-28T03:41:31Z
S471,https://raw.githubusercontent.com/MicrosoftDocs/sql-docs/e68830c3a18b6b5b770ae629ebdf58dacf898d78/docs/relational-databases/security/authentication-access/database-level-roles.md,2026-09-26T00:00:00Z,,,,,,,"""8d2895553dc6ad76a3068d156b175dbd58bd76463e917d2acef2564b2ad9853a""",,,668adfb995996e59656f29eb776b8e66afdbfeb600a38d976a96ce7a3aab89fe,,200,5a6fd91458e0a501,2026-09-28T03:41:32Z
S473,https://raw.githubusercontent.com/MicrosoftDocs/sql-docs/e68830c3a18b6b5b770ae629ebdf58dacf898d78/docs/linux/containers/deploy.md,2026-09-26T00:00:00Z,,,,,,,"""38aad7b5585c10eea0f953c41c861044f6a6ad135881f2a639e8ae88dacd7562""",,,eaa74e39ebf0077a8c633a1b61c65ba8c842bd8fbe2664081d230af1424164b0,,200,b1e421b7645eb12a,2026-09-28T03:41:33Z
S474,https://raw.githubusercontent.com/MicrosoftDocs/sql-docs/e68830c3a18b6b5b770ae629ebdf58dacf898d78/docs/linux/configure/environment-variables.md,2026-09-26T00:00:00Z,,,,,,,"""f4ef6f90fbcdaf59ad5063e1820354c58dd0aa079a62d0f59b16d0cb2cb5490e""",,,b6ca2aa62f4eea3a21c7085ea0e0824026640837553f2f0318bc1408e7bda644,,200,2c3b6a02d0118109,2026-09-28T03:41:35Z
S475,https://raw.githubusercontent.com/MicrosoftDocs/sql-docs/e68830c3a18b6b5b770ae629ebdf58dacf898d78/docs/linux/includes/editions-sql-server-2025-later-versions.md,2026-09-26T00:00:00Z,,,,,,,"""218f59191390bb7c06b26876417945def874a3c9fee2f0fb99f2755fd3e3727a""",,,18e45202e8c1aa1789cd540ce4ad164bbaae04c8f4d0914f933dd96ce03c626b,,200,61582260c5463119,2026-09-28T03:41:36Z
S476,https://raw.githubusercontent.com/MicrosoftDocs/sql-docs/e68830c3a18b6b5b770ae629ebdf58dacf898d78/docs/linux/includes/editions-sql-server-2022-earlier-versions.md,2026-09-26T00:00:00Z,,,,,,,"""f7be2119885de4f252a8a25342ca1a5af3e1dc12418d337de1bfb2076dc2bf5b""",,,70fd98ce704dd332fe2f6947c1b365101f61d9eab7486d03c2e0b2841bef3376,,200,6118226044463119,2026-09-28T03:41:37Z
S477,https://raw.githubusercontent.com/MicrosoftDocs/sql-docs/e68830c3a18b6b5b770ae629ebdf58dacf898d78/docs/linux/install-upgrade/quickstart-install-docker.md,2026-09-26T00:00:00Z,,,,,,,"""a49ae2767304354ac2f48eb3d56b92ba2c29413324294a052b85d5d5932ae2c0""",,,c2193fca45bd321591d6069864316128aaa6298e8dc39bdd9242c49067c430ee,,200,bfd8af630a6072a2,2026-09-28T03:41:38Z
S478,https://mcr.microsoft.com/v2/mssql/server/tags/list,2026-09-26T00:00:00Z,,,,,,,"""0x8DF1D1118025457""","Mon, 28 Sep 2026 03:32:16 GMT",,d26a0958417682e3854e17a07a06be5864338f651468c74cac52178d03eea0e5,,200,7d4f5c5d6e04600c,2026-09-28T03:40:09Z
S500,https://raw.githubusercontent.com/microsoftgraph/msgraph-metadata/b8cbef92f6959dca8150bf3edcc650863765e529/clean_v10_metadata/cleanMetadataWithDescriptionsAndAnnotationsv1.0.xml,2026-09-26T00:00:00Z,,,,,,,"""30736e06ab52de269083825d5a3da0dd5c81493187cca4af7af1b856c53ac6ea""",,,ab873746a59ab114de0539e1758e7cb34a20baddb407c8b39928e34e2b1c063a,,200,fd729d266c63dd42,2026-09-28T03:41:41Z
S501,https://raw.githubusercontent.com/microsoftgraph/msgraph-metadata/b8cbef92f6959dca8150bf3edcc650863765e529/clean_beta_metadata/cleanMetadataWithDescriptionsAndAnnotationsbeta.xml,2026-09-26T00:00:00Z,,,,,,,"""821cfc047dc6292f59012c17ae7babf841c8551472632ffda2d9b679c076a568""",,,ff09134b64dcefe81ff0961322c43f7e5c5e30c5ae36869fbfaaffacacd8731e,,200,a5728f276421cc20,2026-09-28T03:41:46Z
S502,https://raw.githubusercontent.com/microsoftgraph/msgraph-metadata/b8cbef92f6959dca8150bf3edcc650863765e529/clean_v10_metadata/cleanMetadata.xml,2026-09-26T00:00:00Z,,,,,,,"""0d9dc9fd3ec1d723ff75bfe9703a313324d8578e70df48a9d09517ca134ad673""",,,32a4e8f6fa936cb1b46f5d9387f4e53c000895a612fbb4305dcbc08ba9c3032b,,200,af3a986f8467da20,2026-09-28T03:41:47Z
S503,https://raw.githubusercontent.com/microsoftgraph/msgraph-metadata/b8cbef92f6959dca8150bf3edcc650863765e529/clean_beta_metadata/cleanMetadata.xml,2026-09-26T00:00:00Z,,,,,,,"""d76d34eeb207a9d82421582471ae5713ee347beb8bc5778f6a5c83b4ba6d6e7c""",,,9b59d52827e434b15691d55846c7961d7f105b934ff9d03d37b396e8eb60b531,,200,a332080b8c67dc20,2026-09-28T03:41:50Z
S504,https://raw.githubusercontent.com/microsoftgraph/microsoft-graph-docs-contrib/4ad99fd37a9e2e8538275a0a9cdff7907052f3ec/api-reference/v1.0/resources/device.md,2026-09-26T00:00:00Z,,,,,,,"""010bbe26e4649f45b3c261cb5995b53185415870fb3f906e52a02f44c71f89a5""",,,7de184b43b4e6cb22f6805d270e83e7f2f9557cefdf2849eff56ee6d3274f766,,200,29fd21622fbee87a,2026-09-28T03:41:50Z
S505,https://raw.githubusercontent.com/microsoftgraph/microsoft-graph-docs-contrib/4ad99fd37a9e2e8538275a0a9cdff7907052f3ec/api-reference/beta/resources/device.md,2026-09-26T00:00:00Z,,,,,,,"""9096e3b8c4efc5e48db0b084b7e0a1cb3880639402e3476048695076a4b98030""",,,e6069ca69c2112f5ff787027b256e91bd14dd445dd8e663999f0efee2f42d66d,,200,4afd67623bbf785b,2026-09-28T03:41:51Z
S506,https://raw.githubusercontent.com/microsoftgraph/microsoft-graph-docs-contrib/4ad99fd37a9e2e8538275a0a9cdff7907052f3ec/api-reference/v1.0/resources/intune-devices-manageddevice.md,2026-09-26T00:00:00Z,,,,,,,"""8b6db61d38a3e5bb705f3549e9254d4f8932fdc22673dda41f93cefc73577c20""",,,9cdfea225df1b1096a7c26269502bdb877f2f4d169e315e229c161e4d70f3a57,,200,f910aa100f9e6d76,2026-09-28T03:41:52Z
S507,https://raw.githubusercontent.com/microsoftgraph/microsoft-graph-docs-contrib/4ad99fd37a9e2e8538275a0a9cdff7907052f3ec/api-reference/beta/resources/intune-devices-manageddevice.md,2026-09-26T00:00:00Z,,,,,,,"""61221810e368dad226f7380e4d206e0711341a4f18bf5dbc09ff494bcc25dbca""",,,673885d0f7073b4cd9aada344a3016fd325602c256ebcf97fb25c74c232ca690,,200,f9112e044f1c4b47,2026-09-28T03:41:53Z
S508,https://raw.githubusercontent.com/microsoftgraph/microsoft-graph-docs-contrib/4ad99fd37a9e2e8538275a0a9cdff7907052f3ec/api-reference/v1.0/resources/intune-enrollment-windowsautopilotdeviceidentity.md,2026-09-26T00:00:00Z,,,,,,,"""d1a000967e597c72092574b7b6dd2c89bc6b7e499d24163492fbc2cb4d004a98""",,,48e5a41a5fc1dbb864c11d9dc21da3bd9b65aa6a23d5742345fd5de694e22a10,,200,a16d077b6c87d142,2026-09-28T03:41:54Z
S509,https://raw.githubusercontent.com/microsoftgraph/microsoft-graph-docs-contrib/4ad99fd37a9e2e8538275a0a9cdff7907052f3ec/api-reference/beta/resources/intune-enrollment-windowsautopilotdeviceidentity.md,2026-09-26T00:00:00Z,,,,,,,"""69f2ae5676f7f0b90e958b021698e9ff6ea9a022677de7c477aae2ef28e9be7b""",,,5b9269aff987d715da074fc0e691c21af245bb61e86f4547c7a40bd96d425cb3,,200,e17f0a757c85f142,2026-09-28T03:41:55Z
S510,https://raw.githubusercontent.com/microsoftgraph/microsoft-graph-docs-contrib/4ad99fd37a9e2e8538275a0a9cdff7907052f3ec/concepts/delta-query-overview.md,2026-09-26T00:00:00Z,,,,,,,"""cd548e241d8b164258e88e49870502b2f397345797c289b25e5f5a6b9367af60""",,,4a8437137a0e549e479ac76007a693dce2a5255f78a4c37f69b5753c13966a26,,200,378b8bf251261083,2026-09-28T03:41:57Z
S511,https://raw.githubusercontent.com/microsoftgraph/microsoft-graph-docs-contrib/4ad99fd37a9e2e8538275a0a9cdff7907052f3ec/api-reference/v1.0/api/device-delta.md,2026-09-26T00:00:00Z,,,,,,,"""05e3b766e9aae6f073f019de6cc7fc221061ca1b66275703436dbbf92965971e""",,,f1589285228258a7596b28fd22f89746a42a44954bd59d0c7d4668b749ae56f9,,200,8fad503c61ca5099,2026-09-28T03:41:58Z
S512,https://raw.githubusercontent.com/microsoftgraph/microsoft-graph-docs-contrib/4ad99fd37a9e2e8538275a0a9cdff7907052f3ec/api-reference/v1.0/includes/permissions/device-list-permissions.md,2026-09-26T00:00:00Z,,,,,,,"""011a30581c25c795f5f9194b77a523f99bab0da6065efc8936d23f423f559c73""",,,55d0ac5fa6fba4ff35ebe2aa12ec4eeebdfd7909e549d6d8d05030cf3dcc4a54,,200,a7467816881a142f,2026-09-28T03:41:59Z
S513,https://raw.githubusercontent.com/microsoftgraph/microsoft-graph-docs-contrib/4ad99fd37a9e2e8538275a0a9cdff7907052f3ec/api-reference/v1.0/includes/permissions/device-get-permissions.md,2026-09-26T00:00:00Z,,,,,,,"""011a30581c25c795f5f9194b77a523f99bab0da6065efc8936d23f423f559c73""",,,55d0ac5fa6fba4ff35ebe2aa12ec4eeebdfd7909e549d6d8d05030cf3dcc4a54,,200,a7467816881a142f,2026-09-28T03:42:00Z
S514,https://raw.githubusercontent.com/microsoftgraph/microsoft-graph-docs-contrib/4ad99fd37a9e2e8538275a0a9cdff7907052f3ec/api-reference/v1.0/includes/permissions/device-delta-permissions.md,2026-09-26T00:00:00Z,,,,,,,"""d70bb731a0e8825a0eb26de097736ac86d597df097746eb8cb6c4c5acc4b2f7b""",,,23a76c5fa976ab2cd57d4067cc30059c56fb5958b588ec4d63aaab2101f2e175,,200,ff46527edadea42f,2026-09-28T03:42:01Z
S515,https://raw.githubusercontent.com/microsoftgraph/microsoft-graph-docs-contrib/4ad99fd37a9e2e8538275a0a9cdff7907052f3ec/api-reference/v1.0/includes/permissions/device-delete-permissions.md,2026-09-26T00:00:00Z,,,,,,,"""dc5d52ebe9e174dc1db2ce34fbab30a2d3e9ca4d6e84a31137ba73b1ba2463d4""",,,98a584159fac059478a9ead7ba54bc5cf1660335e129d51156591116cd974d6b,,200,af43597ed9be4c28,2026-09-28T03:42:02Z
S516,https://raw.githubusercontent.com/microsoftgraph/microsoft-graph-docs-contrib/4ad99fd37a9e2e8538275a0a9cdff7907052f3ec/api-reference/v1.0/api/device-delete.md,2026-09-26T00:00:00Z,,,,,,,"""c95161507f3a10125c52c8f702cc99a45b845d4d3996cce113d24a0c064cb13d""",,,edc5095785906209194a7924b8334667abbcb3dd83c7c99d69a835b1e6c47996,,200,ab3b43a952f81bb8,2026-09-28T03:42:03Z
S517,https://raw.githubusercontent.com/microsoftgraph/microsoft-graph-docs-contrib/4ad99fd37a9e2e8538275a0a9cdff7907052f3ec/api-reference/v1.0/includes/rbac-for-apis/rbac-devices-apis-read.md,2026-09-26T00:00:00Z,,,,,,,"""6918e3345fd1a2782ccfe7d4052f292c4be66a9f5844c2d44caf91eea05146fd""",,,b2933d00fd28c4fc47d33d31ffcb99d1b40af87c5bde8ff331e1c147410f874f,,200,4d9e5ae6028592b5,2026-09-28T03:42:04Z
S518,https://raw.githubusercontent.com/microsoftgraph/microsoft-graph-docs-contrib/4ad99fd37a9e2e8538275a0a9cdff7907052f3ec/api-reference/v1.0/api/intune-devices-manageddevice-list.md,2026-09-26T00:00:00Z,,,,,,,"""a5dfd3a246ba087ba13e1e0d723af137b62fd81cb1bbbebf7935d38b9022754c""",,,0056241cfbf67035820649950db36978043d6cb700469e064032f250595a67c0,,200,616f1db67855f768,2026-09-28T03:42:05Z
S519,https://raw.githubusercontent.com/microsoftgraph/microsoft-graph-docs-contrib/4ad99fd37a9e2e8538275a0a9cdff7907052f3ec/api-reference/v1.0/api/intune-devices-manageddevice-get.md,2026-09-26T00:00:00Z,,,,,,,"""97e690ef8411ad4ad6dc66ae08a5b6a9c58f3a412ae7fea4d629f80aeb6edc83""",,,f192ce5813bedbf3443beeba9d6b023883254dab3f382f1e97d2883a173d01ba,,200,616fd9b6783cf36a,2026-09-28T03:42:07Z
S520,https://raw.githubusercontent.com/microsoftgraph/microsoft-graph-docs-contrib/4ad99fd37a9e2e8538275a0a9cdff7907052f3ec/api-reference/v1.0/api/intune-devices-manageddevice-delete.md,2026-09-26T00:00:00Z,,,,,,,"""be68338a39fb077cf805bc3b4dc1bea2e8b30e52790b66df564b2a51eeb1e999""",,,79fce08b0cd1ff5f44c4cff7a45ba332deb9e162a4659ffd5524619b49530ae9,,200,3b4f4deed80ff210,2026-09-28T03:42:08Z
S521,https://raw.githubusercontent.com/microsoftgraph/microsoft-graph-docs-contrib/4ad99fd37a9e2e8538275a0a9cdff7907052f3ec/api-reference/v1.0/api/intune-enrollment-windowsautopilotdeviceidentity-list.md,2026-09-26T00:00:00Z,,,,,,,"""7b36776b26bc517330cc865e31fc17b73c7abc399e581645dc6a459cb818932d""",,,478bc71d0349f373e3548e5019c02cd03f1b6d6361efbbe6669e59c90d695000,,200,49ef47aeea46e641,2026-09-28T03:42:09Z
S522,https://raw.githubusercontent.com/microsoftgraph/microsoft-graph-docs-contrib/4ad99fd37a9e2e8538275a0a9cdff7907052f3ec/api-reference/v1.0/api/intune-enrollment-windowsautopilotdeviceidentity-get.md,2026-09-26T00:00:00Z,,,,,,,"""b2f584de020ce3c22ade6ffc91bc2c810609ed3f4e39ec33d804aeaa72038bce""",,,bf1d7b3d81ab30f87642cbd0a71bed47cc230725baf243c5fcd61fffdcf73e1b,,200,89ef472ee80ef653,2026-09-28T03:42:10Z
S523,https://raw.githubusercontent.com/microsoftgraph/microsoft-graph-docs-contrib/4ad99fd37a9e2e8538275a0a9cdff7907052f3ec/api-reference/v1.0/api/intune-enrollment-windowsautopilotdeviceidentity-delete.md,2026-09-26T00:00:00Z,,,,,,,"""a6460b2b4c537f91ee0f7b1723a2eef29ab49e907a7a8f32ab6586e95eda4fe1""",,,408f6d50fe2b6cd74f2aa0e38d4cb4fc21166d02a5a4e656775a1a7a0b187613,,200,2f4e5da6d84fe68a,2026-09-28T03:42:11Z
S524,https://raw.githubusercontent.com/microsoftgraph/microsoft-graph-docs-contrib/4ad99fd37a9e2e8538275a0a9cdff7907052f3ec/concepts/permissions-reference.md,2026-09-26T00:00:00Z,,,,,,,"""e59b884edb172af1b1ff00576c7df68be14b2c277cebf8923a4fab422a5a4be9""",,,5503ef5d43a59200bf5969ab6045f3ff9130f588170fc87c613e9e90e12b7a9e,,200,7d31e21a8b4be01a,2026-09-28T03:42:12Z
S525,https://raw.githubusercontent.com/microsoftgraph/microsoft-graph-docs-contrib/4ad99fd37a9e2e8538275a0a9cdff7907052f3ec/concepts/throttling-limits.md,2026-09-26T00:00:00Z,,,,,,,"""9587ad6cd11aca3f0744fff08c489ed400a24ded06250c7540d54e6664ba4bf8""",,,644d1e5763e648bd6b59c1349278badd2d66b1f93a7076c1fc0e47d1075e2abd,,200,72d4ee4de32ff3aa,2026-09-28T03:42:13Z
S526,https://raw.githubusercontent.com/microsoftgraph/microsoft-graph-docs-contrib/4ad99fd37a9e2e8538275a0a9cdff7907052f3ec/includes/throttling-identity-and-access.md,2026-09-26T00:00:00Z,,,,,,,"""5740709f9d7bcba71bcdb990c940eec5b66c702284d8dc876615b29ed223b8d0""",,,f67fe7a8354773eb5a49e226f21f867b9c89519b0fba93147caa874233e6fb5d,,200,89ccdb15b1e7d9de,2026-09-28T03:42:14Z
S527,https://raw.githubusercontent.com/microsoftgraph/microsoft-graph-docs-contrib/4ad99fd37a9e2e8538275a0a9cdff7907052f3ec/includes/throttling-device-operation.md,2026-09-26T00:00:00Z,,,,,,,"""d76fbadf39ca5e6dea1cf746dfbef626e0626291c0127d27ca82c444a137ed4b""",,,36708bc32bc4f4ce3a5d2f8682964a56c26f020433569ca6ec68049fc178eba7,,200,a83627890e7c2028,2026-09-28T03:42:15Z
S528,https://raw.githubusercontent.com/microsoftgraph/microsoft-graph-docs-contrib/4ad99fd37a9e2e8538275a0a9cdff7907052f3ec/includes/throttling-intune-devices.md,2026-09-26T00:00:00Z,,,,,,,"""67f2d5b4135ed8df6d94b1581656fbbc65f3632a9c985807830c6cde2546aa2e""",,,266fc7c450ee1f0c8abb4399edca64cff94358da98ca225168a44f4fa566fe49,,200,90c1a4f2517dd184,2026-09-28T03:42:16Z
S529,https://raw.githubusercontent.com/microsoftgraph/microsoft-graph-docs-contrib/4ad99fd37a9e2e8538275a0a9cdff7907052f3ec/concepts/throttling.md,2026-09-26T00:00:00Z,,,,,,,"""6cea9f14cfd8f7b75109468c912873fe6d84496a3d6f5cabb52caf5a9010c331""",,,0c8821c651d5f020a45737247237443060d27b60a187de2d2eee40234bfb3051,,200,f8ea0ff31b6df810,2026-09-28T03:42:18Z
S530,https://raw.githubusercontent.com/microsoftgraph/microsoft-graph-docs-contrib/4ad99fd37a9e2e8538275a0a9cdff7907052f3ec/concepts/aad-advanced-queries.md,2026-09-26T00:00:00Z,,,,,,,"""15bf7da5ddd1f55eb9fc6ffb385807852c3f3d9b7b56b5da9d5561335479dd62""",,,1d5ab21dd4d7fe7024acc4e65b6163853e342bb5f4468b2282f57d17376a4d16,,200,b30572e0ceacbfa5,2026-09-28T03:42:19Z
S531,https://raw.githubusercontent.com/microsoftgraph/microsoft-graph-docs-contrib/4ad99fd37a9e2e8538275a0a9cdff7907052f3ec/api-reference/v1.0/api/bitlocker-list-recoverykeys.md,2026-09-26T00:00:00Z,,,,,,,"""56bf29fca18f83c142716d72f8b63cd9b842d6c74b78435df71160c79ed275d6""",,,ee9aa166ef7ff45e7ae07d9824f6de4522bec516c0fa4390dcf620b3ee6dd402,,200,6b264221c8bc5a2d,2026-09-28T03:42:20Z
S540,https://raw.githubusercontent.com/MicrosoftDocs/entra-docs/8fcc223342e1c464806a024a5a7a85c8f762b2e9/docs/identity/devices/overview.md,2026-09-26T00:00:00Z,,,,,,,"""6987f5bbba95d585a36e91724b40d1ceab561c3b4fadb016d86b7402db181ce6""",,,59f0c299b496e720208d5590f46d21c2cd0d82fa1b006f0a4d8900737199d36a,,200,552caf284674575a,2026-09-28T03:42:21Z
S541,https://raw.githubusercontent.com/MicrosoftDocs/entra-docs/8fcc223342e1c464806a024a5a7a85c8f762b2e9/docs/identity/devices/concept-device-registration.md,2026-09-26T00:00:00Z,,,,,,,"""e45a482596b248d574cbc65014fd58cb0af76ba1677559a1c4fb7c251f9639e8""",,,43dbb18caa1b89403de53ad516fc15841175e175f82d77c50df6e9bab8bef899,,200,c8424b42adb16b50,2026-09-28T03:42:22Z
S542,https://raw.githubusercontent.com/MicrosoftDocs/entra-docs/8fcc223342e1c464806a024a5a7a85c8f762b2e9/docs/identity/devices/concept-directory-join.md,2026-09-26T00:00:00Z,,,,,,,"""606064f12d2f7d7abe68674147b5a3c00efabe7b5dae1bee0fa3ec49b93c60ca""",,,c655d7f125984fb9cd135b34b418da318bb75c3052be1b35415ec4e35d84c8ad,,200,0ecaa6b9e84cee6f,2026-09-28T03:42:23Z
S543,https://raw.githubusercontent.com/MicrosoftDocs/entra-docs/8fcc223342e1c464806a024a5a7a85c8f762b2e9/docs/identity/devices/concept-hybrid-join.md,2026-09-26T00:00:00Z,,,,,,,"""9d066968e5f1257daacf3c8d6b4fb59345a893b697dbfefa929bda84418fe659""",,,2f24ec31b4a5a8c7dbd6cfd3ef5d290eec7623568ac25503f415410b8a34e45c,,200,fdfa10e610465e30,2026-09-28T03:42:24Z
S544,https://raw.githubusercontent.com/MicrosoftDocs/entra-docs/8fcc223342e1c464806a024a5a7a85c8f762b2e9/docs/identity/devices/troubleshoot-device-dsregcmd.md,2026-09-26T00:00:00Z,,,,,,,"""bfea1b4a4623d055c03b167661998d9fada35b7fdcf27095833a5173b7c6e90c""",,,35c1114010bace0f419e0ac32aa69aaef3cd4beabc67edf190520da80bfd8ca1,,200,7f7306ec55dfdc6e,2026-09-28T03:42:25Z
S545,https://raw.githubusercontent.com/MicrosoftDocs/entra-docs/8fcc223342e1c464806a024a5a7a85c8f762b2e9/docs/identity/devices/manage-stale-devices.md,2026-09-26T00:00:00Z,,,,,,,"""b435fdb69e61c899903737702dcf412adb101c3d618934748b6ebd5744b413dc""",,,6c92d4d666404d1b32b19ec707a9746997303ab6a98ef86d3430dfd67c3b2e6a,,200,dfa360ac8de4f5c3,2026-09-28T03:42:26Z
S546,https://raw.githubusercontent.com/MicrosoftDocs/entra-docs/8fcc223342e1c464806a024a5a7a85c8f762b2e9/docs/identity/devices/manage-device-identities.md,2026-09-26T00:00:00Z,,,,,,,"""8cc0c0f037a244dbb4a7daf657c29284ac0a0a4f202ef670229379e24533e968""",,,e5e646778abfc2fe45c943ea808abc9de26828088bc5ef0e97ec0ece16912cc3,,200,d4297f945b01d260,2026-09-28T03:42:27Z
S547,https://raw.githubusercontent.com/MicrosoftDocs/entra-docs/8fcc223342e1c464806a024a5a7a85c8f762b2e9/docs/identity/devices/concept-soft-delete-devices.md,2026-09-26T00:00:00Z,,,,,,,"""46927af4e3989ee388ec92b8b3a59bee8bd5747970feebd75cf528e39ef9c21a""",,,720d0c96b056ab4263fac033dca101b1f428a0ce98dc1a8fe04c3771d0c01f66,,200,3ffb4b84c9e26a91,2026-09-28T03:42:29Z
S548,https://raw.githubusercontent.com/MicrosoftDocs/entra-docs/8fcc223342e1c464806a024a5a7a85c8f762b2e9/docs/identity/devices/device-registration-how-it-works.md,2026-09-26T00:00:00Z,,,,,,,"""51bb0531a9e4b011f8b79b9af0be18d1a6b5f87df01a2be2f3e3eac3643a1847""",,,660ecea8baf876b31a38d0ea15512d018c751097aad0e172bebcaf2f863f69a3,,200,519deacf0a3c04bc,2026-09-28T03:42:30Z
S549,https://raw.githubusercontent.com/MicrosoftDocs/entra-docs/8fcc223342e1c464806a024a5a7a85c8f762b2e9/docs/identity/hybrid/connect/reference-connect-sync-attributes-synchronized.md,2026-09-26T00:00:00Z,,,,,,,"""37eb8506a671436934c2c3c9403cdd13709819268e6d2183536b3bebe7eb90ba""",,,900ad6b08e5b62988f8fbf98f1639126c2f4c064dad60517bdaebe38c9aecddc,,200,99041e53c86a12a2,2026-09-28T03:42:31Z
S550,https://raw.githubusercontent.com/MicrosoftDocs/entra-docs/8fcc223342e1c464806a024a5a7a85c8f762b2e9/docs/identity/hybrid/cloud-sync/device-sync.md,2026-09-26T00:00:00Z,,,,,,,"""743ec64721ab88a4447b38992fdf620c8f7333a1721e33be8686315c3dce7e3b""",,,e052fd4997f8168bbd999f518747dd1e6c89595e3731fc137cf269ff8cf2159a,,200,c766a58f90e6d1c6,2026-09-28T03:42:32Z
S551,https://raw.githubusercontent.com/MicrosoftDocs/entra-docs/8fcc223342e1c464806a024a5a7a85c8f762b2e9/docs/identity/devices/hybrid-join-manual.md,2026-09-26T00:00:00Z,,,,,,,"""e1df994fc20de25874a4b1e7ccd4da941f6cd3ab059b7686019549381c0d9b8c""",,,3de53b9bff006bc922867ad312aeef56ed0dcea4785209620e0fa72b2bd8de6f,,200,95f1116c859ad850,2026-09-28T03:42:33Z
S552,https://raw.githubusercontent.com/MicrosoftDocs/SupportArticles-docs/c059e57ad347ac39ac748cc22c54285463e7172f/support/entra/entra-id/ad-dmn-services/reference-connect-device-disappearance.md,2026-09-26T00:00:00Z,,,,,,,"""dd08d6ecbb49092f1d80b94550753d42d299fa8065f3c3375090d97e33379859""",,,125f4ddcda7d9480674437bc4d485d5375229198734a472a1646602e1e7b632f,,200,7167b397da3ab29b,2026-09-28T03:42:34Z
S553,https://raw.githubusercontent.com/MicrosoftDocs/entra-docs/8fcc223342e1c464806a024a5a7a85c8f762b2e9/docs/identity/conditional-access/concept-condition-filters-for-devices.md,2026-09-26T00:00:00Z,,,,,,,"""70783c523f4ced9c5fcf35b54fcd331ee940c04760a26b8e554e8caa4121c817""",,,f5870e82b6a4653a097137750a30bded1fbd09b53af02ed622b2f4cabd9f9c5f,,200,416ca25a961e32b2,2026-09-28T03:42:35Z
S554,https://raw.githubusercontent.com/MicrosoftDocs/entra-docs/8fcc223342e1c464806a024a5a7a85c8f762b2e9/docs/identity/users/groups-dynamic-membership.md,2026-09-26T00:00:00Z,,,,,,,"""0392f2744bb7e524dd2ee4d633f653cd1bd20be4ea8e95091770daa2c5ae99c1""",,,af7ca4024f305921fc046b4e5a5e1e10059d58608eec9b04bc1732fe4691365f,,200,dde2b7f2c5bb6694,2026-09-28T03:42:36Z
S555,https://raw.githubusercontent.com/MicrosoftDocs/entra-docs/8fcc223342e1c464806a024a5a7a85c8f762b2e9/docs/identity-platform/optional-claims-reference.md,2026-09-26T00:00:00Z,,,,,,,"""51fad44c1e414fb475e0b755d3f36e3a67a8ee76560752961f422673b92e121e""",,,b311733460bc812b4dd27a7f1905479ab1bb89782513fd96d76b2791f33fccbb,,200,ac0a94c0d88c45da,2026-09-28T03:42:37Z
S560,https://raw.githubusercontent.com/MicrosoftDocs/win32/e103fa4e8810bd8d42c4777e17081e24dbe62dbd/desktop-src/ADSchema/a-objectguid.md,2026-09-26T00:00:00Z,,,,,,,"""8896db2aa3af69389df5a68116fb6e5c6aff84832595456d5c025fb3b62ee1ed""",,,e88642370fab0b343fd3a90e72c7066056383d8c2854a9ba9c3c3e07490662c9,,200,32bdcc1a6a0e7e3b,2026-09-28T03:42:38Z
S561,https://raw.githubusercontent.com/MicrosoftDocs/win32/e103fa4e8810bd8d42c4777e17081e24dbe62dbd/desktop-src/ADSchema/a-objectsid.md,2026-09-26T00:00:00Z,,,,,,,"""253e93e9f02c1e2b33336f5eca7dccc5022282c7f977fbc767c63e1efef0e80e""",,,6f874cd292feb421a7a7432a67226a97e30f60bf3b79af1d9980122bd5bd3cd9,,200,3395811a5e88fc26,2026-09-28T03:42:40Z
S562,https://raw.githubusercontent.com/MicrosoftDocs/win32/e103fa4e8810bd8d42c4777e17081e24dbe62dbd/desktop-src/ADSchema/a-lastlogontimestamp.md,2026-09-26T00:00:00Z,,,,,,,"""53e1e9d4984955e1e8c40b625e904ffd4a410715d25406d2e9db8d71533b87a6""",,,155b3ac3976f7b9107b4cdc486f3393e1567030b55b97f470878c3e429d8a9cd,,200,b08c0911fa14fe2f,2026-09-28T03:42:41Z
S563,https://raw.githubusercontent.com/MicrosoftDocs/win32/e103fa4e8810bd8d42c4777e17081e24dbe62dbd/desktop-src/ADSchema/a-msds-logontimesyncinterval.md,2026-09-26T00:00:00Z,,,,,,,"""37548ef0c7d052823658fc4b146ac3133b38c1e624509261eadedadf34577bdd""",,,1b155b477f085c25540628fc7464c9682fac435af95720d4faefbd42773c70a3,,200,a2b8e9419c845c37,2026-09-28T03:42:42Z
S564,https://raw.githubusercontent.com/MicrosoftDocs/win32/e103fa4e8810bd8d42c4777e17081e24dbe62dbd/desktop-src/ADSchema/a-dnshostname.md,2026-09-26T00:00:00Z,,,,,,,"""ff1b867dc4f88f2ee80fe1fa03ea3aa01b08c962166ae3fc016d38d20afedb1c""",,,174d3cc845aace3f624e02547cb46f77813b004d73fcaff9607e7745f25a4d4c,,200,22fd0d055e1e6c3f,2026-09-28T03:42:43Z
S565,https://raw.githubusercontent.com/MicrosoftDocs/win32/e103fa4e8810bd8d42c4777e17081e24dbe62dbd/desktop-src/ADSchema/a-usercertificate.md,2026-09-26T00:00:00Z,,,,,,,"""60847a6c0a79e8a98e51ab89adf1f3fd9d46317488a172635e8ec5e7fa6b1277""",,,ab157a217c8db69809983476c1eaa3064f3d42c31ca815e8668c43b384f8530b,,200,b03cc1119a8e7e27,2026-09-28T03:42:44Z
S566,https://raw.githubusercontent.com/MicrosoftDocs/win32/e103fa4e8810bd8d42c4777e17081e24dbe62dbd/desktop-src/ADSchema/c-computer.md,2026-09-26T00:00:00Z,,,,,,,"""9ec7577f16faa9f454d24180ecb35f37959e8f16af67cf53ec975036a9e81358""",,,e6e6f77e51b79b064c62fae47b1d951d195b932451410e8cc26561f68b5b2516,,200,d4941fb67d929134,2026-09-28T03:42:45Z
S567,https://raw.githubusercontent.com/MicrosoftDocs/win32/e103fa4e8810bd8d42c4777e17081e24dbe62dbd/desktop-src/ADSI/search-filter-syntax.md,2026-09-26T00:00:00Z,,,,,,,"""b971bc15c180792a2d79844df92fe28130dfb7204c12f414b473cf6a1c8acd25""",,,8bb9e864d03875de8de0b148e4508beb0037a1e2e111ae683a2ad37b39d7071e,,200,ccdf08fad000274c,2026-09-28T03:42:46Z
S568,https://raw.githubusercontent.com/MicrosoftDocs/win32/e103fa4e8810bd8d42c4777e17081e24dbe62dbd/desktop-src/ADSI/paging-with-idirectorysearch.md,2026-09-26T00:00:00Z,,,,,,,"""ff22877e89744117a05f287b5a6eba833b371c74d5ce51841adbfd41df1fc7ce""",,,76a25718bf3ae465f406adeddcf75db9da9304e8111d1ba896078e63f70722cc,,200,133a3430a6c4c5e8,2026-09-28T03:42:47Z
S569,https://raw.githubusercontent.com/MicrosoftDocs/SupportArticles-docs/c059e57ad347ac39ac748cc22c54285463e7172f/support/windows-server/active-directory/view-set-ldap-policy-using-ntdsutil.md,2026-09-26T00:00:00Z,,,,,,,"""7fede9ec3902dbce8afe0a11aa6fd9bba0e4136643bc39f1f27265a981b5e041""",,,db075507b5f340df7f6ad2e76eb82432efa670c5c0863d463b5748b133794989,,200,d4e39d26cbefcc17,2026-09-28T03:42:48Z
S570,https://raw.githubusercontent.com/MicrosoftDocs/SupportArticles-docs/c059e57ad347ac39ac748cc22c54285463e7172f/support/windows-server/active-directory/domain-controller-returns-500-values-ldap-response.md,2026-09-26T00:00:00Z,,,,,,,"""675a1216fd7da6f0fe15c34875f11849f5b7bf9c19134189c41f0df22abd69c3""",,,7f6b2c8ad7df7f25fdee3baca2a4dbd5444d1d560e2c3eba34a0fd539765e700,,200,888e930e1cacdef0,2026-09-28T03:42:50Z
S571,https://raw.githubusercontent.com/MicrosoftDocs/win32/e103fa4e8810bd8d42c4777e17081e24dbe62dbd/desktop-src/ADSchema/rootdse.md,2026-09-26T00:00:00Z,,,,,,,"""4e6af385bf821dde2d604e4efc93872387aea214fd9fdd57e7b82bfc8ad6d64b""",,,f56a84d3d76366ea7f4f7fb2a0658f2931501286681f8ba8443f63781bdb83ff,,200,f52ffa71aff14db5,2026-09-28T03:42:51Z
S617,https://learn.microsoft.com/en-us/windows/client-management/diagnose-mdm-failures-in-windows-10,2026-09-26T00:00:00Z,,,,,,,"""EIPjFma/dUJykbbvHp/gqWyk4bM=""","Mon, 24 Aug 2026 03:48:04 GMT",1493a5a72db82d6a7915960d885588b7a47ac3b2,615b2174f8ab9f8d0d30ef01d1cb958fe103e9868d20658935892426efce47b2,https://learn.microsoft.com/en-us/windows/client-management/mdm-collect-logs?accept=text%2Fmarkdown,200,4fed4af6b5f66bd2,2026-09-28T03:40:13Z
S618,https://raw.githubusercontent.com/MicrosoftDocs/SupportArticles-docs/c059e57ad347ac39ac748cc22c54285463e7172f/support/mem/intune/device-enrollment/understand-troubleshoot-esp.md,2026-09-26T00:00:00Z,,,,,,,"""12e926d46d6fb436371c78584b249eae5309f57adacac971fa794dce7d38a7a8""",,,0fff3745c9e794f107611562f363432be72fe89d2bffc79e0455ad78f525fc66,,200,23da261081061f0c,2026-09-28T03:42:52Z
S620,https://learn.microsoft.com/en-us/defender-endpoint/api/machine,2026-09-26T00:00:00Z,,,,,,,"""XVrnJzlZQ4cTyFOlGhNQ6E7sxsY=""","Mon, 24 Aug 2026 07:58:21 GMT",e5e024df2189c2f05c8a7a66f60fff59a0c0bfd8,6ae2e1d8709ac9d71850007f9623b73774d7de7748503b928ee4c2ce676cf562,,200,2de380913d8e1880,2026-09-28T03:40:14Z
S621,https://learn.microsoft.com/en-us/defender-endpoint/api/get-machines,2026-09-26T00:00:00Z,,,,,,,"""505bnleAd+V9+TWHhGImax6uqO4=""","Mon, 24 Aug 2026 07:58:12 GMT",b38d044563f599b5b1f6e7e3026049ff3293be4f,d5a324986d35fcf23a350b963b2fb4b6431b172c269e70edac1402848f16063e,,200,23d62e4837edaeb8,2026-09-28T03:40:15Z
S622,https://learn.microsoft.com/en-us/defender-endpoint/api/get-machine-by-id,2026-09-26T00:00:00Z,,,,,,,"""xa9NI0ow+M16DpApYfLV5X3LWYg=""","Mon, 24 Aug 2026 14:07:53 GMT",e5e024df2189c2f05c8a7a66f60fff59a0c0bfd8,ff92d9b0763acee96df426e6b057bc67433177db24c9cea3a732b0d437b04c70,,200,33f75e4e15ed8624,2026-09-28T03:40:16Z
S623,https://learn.microsoft.com/en-us/defender-endpoint/api/common-errors,2026-09-26T00:00:00Z,,,,,,,"""ZcqUg4CL4r29Li3sB4Gj4GVChSY=""","Tue, 25 Aug 2026 04:05:31 GMT",e5e024df2189c2f05c8a7a66f60fff59a0c0bfd8,5dcfdcb46f3f04c7f4a2dd28405b5f37ef7cd2b1e966ec011f826b6588d243ba,,200,6938e03283c1d2b6,2026-09-28T03:40:17Z
S624,https://learn.microsoft.com/en-us/defender-endpoint/api/exposed-apis-list,2026-09-26T00:00:00Z,,,,,,,"""MmFu8dS6hJ0t9HSZF1ofpw9bGuo=""","Mon, 24 Aug 2026 08:45:38 GMT",e5e024df2189c2f05c8a7a66f60fff59a0c0bfd8,1a6c18ac14b922028c815dae917057766d545eee28d8df1a0cc73314b31329a1,,200,edd7dad15507999c,2026-09-28T03:40:18Z
S625,https://learn.microsoft.com/en-us/defender-endpoint/api/apis-intro,2026-09-26T00:00:00Z,,,,,,,"""QvsGUIjep4gMoJRZhNMVawBOOVs=""","Mon, 24 Aug 2026 11:14:27 GMT",e5e024df2189c2f05c8a7a66f60fff59a0c0bfd8,476c6d5b2cfc686447d0efcc06f94bc8c07c7f22f1028f41368a3add63cea41b,,200,3529de854784701a,2026-09-28T03:40:20Z
S626,https://learn.microsoft.com/en-us/defender-endpoint/api/exposed-apis-create-app-nativeapp,2026-09-26T00:00:00Z,,,,,,,"""KNQ9ZXr5GByJkZPHEHjB+NqxZR0=""","Tue, 25 Aug 2026 12:50:55 GMT",0a3e67b262189fd8d3e672bbcdd722f3426fe6f5,97b2aaefbfe5bac203684c77517dc0fceb316a867cabed99e989702218bd7868,,200,9353de075781723a,2026-09-28T03:40:21Z
S627,https://learn.microsoft.com/en-us/defender-xdr/advanced-hunting-deviceinfo-table,2026-09-26T00:00:00Z,,,,,,,"""quGaytI4ylHEJyuKkzoAkVyvRLI=""","Mon, 24 Aug 2026 07:43:11 GMT",d76991d7491897e9337acf1c2179360dea04f365,56ff5d5311690e42bb9cbf753e1aa1e5f7a21e1e5176eee0a4571201e827d1c0,,200,2787072c04c6c013,2026-09-28T03:40:22Z
S628,https://learn.microsoft.com/en-us/defender-endpoint/api/exposed-apis-odata-samples,2026-09-26T00:00:00Z,,,,,,,"""1sgQU85qsnlFniCKJ4s2eRHaFzw=""","Mon, 24 Aug 2026 10:37:16 GMT",e5e024df2189c2f05c8a7a66f60fff59a0c0bfd8,7d0ede37922742c3bbd505b46fc7937e1795b6ddf60c04ee5b4e7283464b3ecb,,200,6d2d0ab85681ed50,2026-09-28T03:40:23Z
S629,https://learn.microsoft.com/en-us/defender-endpoint/machines-view-overview,2026-09-26T00:00:00Z,,,,,,,"""rZzygISyIniL+r8r/2C6XDs5mlc=""","Mon, 24 Aug 2026 08:19:37 GMT",d9a6684b0b2cb04a666e7e57fa91f2f9cc550e3f,580179ca6d5509ca44b7ee82fa9ebdbab802fa3fcf79863ee02baf2c136e635c,,200,838b26ad4996231a,2026-09-28T03:40:24Z
S630,https://raw.githubusercontent.com/microsoftgraph/microsoft-graph-docs-contrib/4ad99fd37a9e2e8538275a0a9cdff7907052f3ec/api-reference/v1.0/resources/security-deviceevidence.md,2026-09-26T00:00:00Z,,,,,,,"""ff6e30c4b6052ae8a3c9f2f40e6e51b201fd578179e8779027b3e234eb3461b0""",,,51c008af63ea1be1a9e2e8a739e09dea9e1d7e2c27dfdb62f60199610f691fe8,,200,c68dc22e6155714b,2026-09-28T03:42:53Z
S631,https://learn.microsoft.com/en-us/answers/questions/5509797/defender-api-and-defender-portal,2026-09-26T00:00:00Z,,,,,,,,,,5f87eb1a9399eddd8e9676261bf6630888162ddbb1c676b6cd0a344422499870,,200,0ca0daf7a7cfca6b,2026-09-28T03:40:25Z
S632,https://raw.githubusercontent.com/MicrosoftDocs/entra-docs/8fcc223342e1c464806a024a5a7a85c8f762b2e9/docs/identity/devices/troubleshoot-hybrid-join-windows-current.md,2026-09-26T00:00:00Z,,,,,,,"""d729caed41c7a2e5661948ccd9229b5462b042a863f427cebf6a08d85f97f52e""",,,4ccf96c563aa7a640cd64934b82db00e0a57c8511e3a0cd94ec1693084dea226,,200,6127d23a4fabb791,2026-09-28T03:42:54Z
S633,https://raw.githubusercontent.com/MicrosoftDocs/SupportArticles-docs/c059e57ad347ac39ac748cc22c54285463e7172f/support/windows-server/group-policy/applying-group-policy-troubleshooting-guidance.md,2026-09-26T00:00:00Z,,,,,,,"""a6f6c4e11ce3dcef8d321e9e552aeb6c945fb9b4562b3e8d8e939fd88f342825""",,,f24636040ad4424255f452ac277f630bed870f85a9f13afacce1bf69344ee9a9,,200,81d60c7ab1c6df72,2026-09-28T03:42:55Z
S634,https://raw.githubusercontent.com/MicrosoftDocs/SupportArticles-docs/c059e57ad347ac39ac748cc22c54285463e7172f/support/windows-client/windows-security/enable-debug-logging-netlogon-service.md,2026-09-26T00:00:00Z,,,,,,,"""c9fedb108d624a2b9227cf123e89e7dec6ba0d4a2a72a5785e84d6bb6c5b98f0""",,,ff8f08ce8934e468f633860a4fa5830650b1f87b38653251bbfad217a3585841,,200,5334da91350ab65a,2026-09-28T03:42:56Z
S635,https://raw.githubusercontent.com/MicrosoftDocs/SupportArticles-docs/c059e57ad347ac39ac748cc22c54285463e7172f/support/windows-server/windows-security/kerberos-protocol-registry-kdc-configuration-keys.md,2026-09-26T00:00:00Z,,,,,,,"""5e67d236ede6e400e0f02eb4d911a768cf69207006d54c39b422354acdeefee8""",,,07a45f9fdb26f9f0fc41d085af7d8b0e51e0f748c6f4e2f4b9ef8464df9379db,,200,6bb03d4c534b4adc,2026-09-28T03:42:57Z
S636,https://raw.githubusercontent.com/MicrosoftDocs/SupportArticles-docs/c059e57ad347ac39ac748cc22c54285463e7172f/support/windows-client/setup-upgrade-and-drivers/windows-setup-log-file-locations.md,2026-09-26T00:00:00Z,,,,,,,"""b002bde60b4dd42689b8dae4d62afe81e6b24b5ee953d6e862c2b239518e51e6""",,,de00b547bd1cfc80f798240c80d9f67766d23144ce77c53a5db6b779b8ea8904,,200,e08f54faa2a808e0,2026-09-28T03:42:58Z
S637,https://raw.githubusercontent.com/MicrosoftDocs/SupportArticles-docs/c059e57ad347ac39ac748cc22c54285463e7172f/support/azure/virtual-machines/windows/troubleshoot-cbs-component-store-corruption-azure-vm.md,2026-09-26T00:00:00Z,,,,,,,"""fb9bc54ffcc8b937f4d44b042b2296af6f5761db171fa102cf86e7bfa8d3cf90""",,,c0cdee83d33498767361824fb79f903323f5d732eb908a918af6d84fec529ffa,,200,e7b6eb42b897453f,2026-09-28T03:43:00Z
S638,https://raw.githubusercontent.com/MicrosoftDocs/windows-powershell-docs/c3934e67de374f52fa6759f916c112c30a1240c7/docset/winserver2025-ps/WindowsUpdate/Get-WindowsUpdateLog.md,2026-09-26T00:00:00Z,,,,,,,"""aaf3860b31bec6b9d82eb81190e482739334beff0737440fcdeedb95b3d170f4""",,,0e7a7d7c001f27e0cc5d34f73fccd3a3d5285f9362d25462a5a7fa0962394252,,200,62ee2fbacf4747e4,2026-09-28T03:43:01Z
S639,https://raw.githubusercontent.com/open-telemetry/opentelemetry-specification/cac5b81ebcfdecb272bb4e2d31f885b7142207d9/specification/logs/data-model.md,2026-09-26T00:00:00Z,,,,,,,"""f64791182698ea8281e830212cf3d70fffcffb4f62d4546738b979d05d305ac3""",,,e66be44889b73d61738afe88236ad30371b941fcbc8ca5cb13c688478e4eff8e,,200,f4eae2dd8841c5f7,2026-09-28T03:43:02Z
S640,https://raw.githubusercontent.com/open-telemetry/semantic-conventions/838e414e11e30bc4f67d733b2b0baf2887d12d31/docs/registry/attributes/log.md,2026-09-26T00:00:00Z,,,,,,,"""33b2a29dea0f207263a12f2572c6778b4fbbadd5643999be46fc6a0d6136a368""",,,677f79f1a0119f6508433ad44b82522dca17398950d4ace06ac9910bbe6b0a6f,,200,cad27f3999c90500,2026-09-28T03:43:03Z
S641,https://raw.githubusercontent.com/open-telemetry/semantic-conventions/838e414e11e30bc4f67d733b2b0baf2887d12d31/docs/registry/attributes/code.md,2026-09-26T00:00:00Z,,,,,,,"""67162b0c5ad85a5da4644cfc11395e75254e8ff639f3bd4d8f3e97f6fea7c1bd""",,,7e4f382676a5cbba3bec904041c538fa2fa4b2d3ced00a288f9ea6fa96629596,,200,322907dc4ad3886e,2026-09-28T03:43:04Z
S642,https://raw.githubusercontent.com/open-telemetry/semantic-conventions/838e414e11e30bc4f67d733b2b0baf2887d12d31/model/log/registry.yaml,2026-09-26T00:00:00Z,,,,,,,"""f5492213e3b7715bb4f309a1c1179f08ffc91ac0b0472cadf161e4db4c8625d7""",,,bcb2ba860d38d12040b4572465023a4c52bec9199a94a5eee6b7d1e12b3ca431,,200,d0e66f18bda92094,2026-09-28T03:43:05Z
S643,https://raw.githubusercontent.com/open-telemetry/semantic-conventions/838e414e11e30bc4f67d733b2b0baf2887d12d31/model/code/registry.yaml,2026-09-26T00:00:00Z,,,,,,,"""5926cb01ef3bdf5fad39106a294760098fe9a4abd51ce9f4f72e5571ea293205""",,,97227168e64a222a9abc6bd5f58f8246718ba44208d1e8ff1be2fbe45f6f31dd,,200,3308079c1ad8aa7a,2026-09-28T03:43:06Z
S644,https://raw.githubusercontent.com/elastic/ecs/9868ff5b9cab65376fab3e3829382b3424a3ee69/schemas/log.yml,2026-09-26T00:00:00Z,,,,,,,"""466aa4a5365a48cee7af08dc01f2aafb6b454e84b1c73a4035dd728b3eb175d6""",,,e3b8eb2289e2f3fe3df6af1d64c30b57808f232cb92f1b77f10607a76c565c6e,,200,697b5ad15d90518a,2026-09-28T03:43:07Z
S645,https://raw.githubusercontent.com/elastic/ecs/9868ff5b9cab65376fab3e3829382b3424a3ee69/LICENSE.txt,2026-09-26T00:00:00Z,,,,,,,"""ea7695ebe191574f243f2d0da593df55f90669d28366f85d2d8070743095da31""",,,cfc7749b96f63bd31c3c42b5c471bf756814053e847c10f3eb003417bc523d30,,200,2c93ec1beef5425f,2026-09-28T03:43:08Z
S646,https://raw.githubusercontent.com/open-telemetry/semantic-conventions/838e414e11e30bc4f67d733b2b0baf2887d12d31/docs/exceptions/exceptions-logs.md,2026-09-26T00:00:00Z,,,,,,,"""3126aecd2ece2238e6b3d686617b5c701c6cd15b6657f0e5602629cbb66b67b0""",,,be4e6e2d6a711ba5089eae9f0ea11da0356150edd5483de241aec4ef3c13dde3,,200,fcd08412fdd58038,2026-09-28T03:43:09Z
S648,https://raw.githubusercontent.com/MicrosoftDocs/SupportArticles-docs/c059e57ad347ac39ac748cc22c54285463e7172f/support/windows-server/installing-updates-features-roles/troubleshoot-windows-update-error-0x80070070.md,2026-09-26T00:00:00Z,,,,,,,"""f0e119cfda0e549c42b72362a4d3fc9af18b7f05e0ba83187c767f5c85e7fe8f""",,,0d0e9e551c5cf68d9cc082f244b0240848996fee6292818ebf13a7c0153fcdbf,,200,7bd4453003f9ce0f,2026-09-28T03:43:11Z
S700,https://raw.githubusercontent.com/modelcontextprotocol/modelcontextprotocol/a99bdd15ea9ff96bf4d758aac907bbb27e9329dc/docs/specification/2026-07-28/index.mdx,2026-09-26T00:00:00Z,,,,,,,"""4c4808e6c873b5a8a87dbf313e7ac03335a86d9942a035ea17c2019f613ab7cf""",,,3ab5df3052ff1c801e303969da78b7c8a4025c819fb59e15d17ba1738a4f759c,,200,52fa2f7f0ad529ea,2026-09-28T03:43:12Z
S701,https://raw.githubusercontent.com/modelcontextprotocol/modelcontextprotocol/a99bdd15ea9ff96bf4d758aac907bbb27e9329dc/docs/specification/2026-07-28/changelog.mdx,2026-09-26T00:00:00Z,,,,,,,"""83ca3cbff705c97024d68bdbf4af60124de67040266269d624f3d7069aba08d0""",,,b7edddc8bace31980c195091b0135a97db38529a03d6edf9ac874e601a24d19c,,200,408d4936a18b4283,2026-09-28T03:43:13Z
S702,https://raw.githubusercontent.com/modelcontextprotocol/modelcontextprotocol/a99bdd15ea9ff96bf4d758aac907bbb27e9329dc/docs/specification/2026-07-28/deprecated.mdx,2026-09-26T00:00:00Z,,,,,,,"""11865f6ec187113f06a6ce4f1892b077f9bd51e3cd441a079ee0f44fc7c5340c""",,,9bd6b945a8232fd90dc9319c165f5545938a9c461043cc9b866a7799f2070ac1,,200,21c23e720b2be655,2026-09-28T03:43:14Z
S703,https://raw.githubusercontent.com/modelcontextprotocol/modelcontextprotocol/a99bdd15ea9ff96bf4d758aac907bbb27e9329dc/docs/specification/2026-07-28/basic/versioning.mdx,2026-09-26T00:00:00Z,,,,,,,"""310829771db8ea35566a173f95f0702be785d77d53e852c0415e74a5b1226137""",,,ed7c3fd5175f827d3fdf0440ce54aa99c6574c93281fd7ef9959a2124c9e05b7,,200,f15e9729d6e3e1c8,2026-09-28T03:43:15Z
S704,https://raw.githubusercontent.com/modelcontextprotocol/modelcontextprotocol/a99bdd15ea9ff96bf4d758aac907bbb27e9329dc/docs/specification/2026-07-28/basic/index.mdx,2026-09-26T00:00:00Z,,,,,,,"""0e013551b05cbd13ba79d9049aabd39b9209d04e13a1ab9479d7e8bed0a0f720""",,,012fe1314fc3080bff54fa724f674ada006129d99ed71962a2e0d6edb2fa32c8,,200,33173ae629d1de4d,2026-09-28T03:43:16Z
S705,https://raw.githubusercontent.com/modelcontextprotocol/modelcontextprotocol/a99bdd15ea9ff96bf4d758aac907bbb27e9329dc/docs/specification/2026-07-28/basic/transports/stdio.mdx,2026-09-26T00:00:00Z,,,,,,,"""fb2631e1b6015f8ccb10d745184b65988248a1e27a0eec3abfc27c9d55db8755""",,,7fd773ca39dac7609d90210962cea0e0a851d077190d98ba260bcde8bf29656f,,200,336c31c29aabf4c8,2026-09-28T03:43:17Z
S706,https://raw.githubusercontent.com/modelcontextprotocol/modelcontextprotocol/a99bdd15ea9ff96bf4d758aac907bbb27e9329dc/docs/specification/2026-07-28/basic/transports/index.mdx,2026-09-26T00:00:00Z,,,,,,,"""20f920a472db0db0e7e218bd94414003eaff3f85677e5ec6f0ab4fc265935cf6""",,,fa4dc17e07e05d143b7cfe39c24fe6ab38073657f0815de0d0c014592eac7e33,,200,e1e32667e44e0b09,2026-09-28T03:43:18Z
S707,https://raw.githubusercontent.com/modelcontextprotocol/modelcontextprotocol/a99bdd15ea9ff96bf4d758aac907bbb27e9329dc/docs/specification/2026-07-28/basic/authorization/index.mdx,2026-09-26T00:00:00Z,,,,,,,"""70a9e45c73afb64ae3801f8dc860147df8337b0b634e3b0ce048bc455994ea5d""",,,1317f8262240e88d07941a9d70b50ad66504893a6410ffcf81e6b7dcc913eec4,,200,4983273484e62439,2026-09-28T03:43:19Z
S708,https://raw.githubusercontent.com/modelcontextprotocol/modelcontextprotocol/a99bdd15ea9ff96bf4d758aac907bbb27e9329dc/docs/specification/2026-07-28/server/tools.mdx,2026-09-26T00:00:00Z,,,,,,,"""a11e0325e80143a01beabab50bde89fbc6d2ae6db988c89d8ed4c0a3466a5f0e""",,,81610788516c4e03ed5a1c7af50df968c9bde33aa4792f89a1fb71ff9d513788,,200,902d46296ca45d90,2026-09-28T03:43:20Z
S709,https://raw.githubusercontent.com/modelcontextprotocol/modelcontextprotocol/a99bdd15ea9ff96bf4d758aac907bbb27e9329dc/docs/specification/2026-07-28/client/elicitation.mdx,2026-09-26T00:00:00Z,,,,,,,"""c57ffc6074a8acd2971b0df8ddff41c492f019ef3c11ebb30f12690f53a11bea""",,,dcd32ed27111d6530d21ce4201aaf648e3e2e0c6f6e14090865a5e364109640b,,200,77d38facffeb4876,2026-09-28T03:43:22Z
S710,https://raw.githubusercontent.com/modelcontextprotocol/modelcontextprotocol/a99bdd15ea9ff96bf4d758aac907bbb27e9329dc/docs/specification/2026-07-28/basic/patterns/mrtr.mdx,2026-09-26T00:00:00Z,,,,,,,"""30ad7c5f21abd750bb6c92be143040a360842d0a02dff4343d08a6c28fd23de2""",,,3680744b1990208486bf7bbaa2f280f87764ce1e1edf0120881443aae57a3a5d,,200,4360281f3e88d304,2026-09-28T03:43:23Z
S711,https://raw.githubusercontent.com/modelcontextprotocol/modelcontextprotocol/a99bdd15ea9ff96bf4d758aac907bbb27e9329dc/schema/2026-07-28/schema.ts,2026-09-26T00:00:00Z,,,,,,,"""32ea4b21522fe3444693bfc1f5e0a0ce16b1d3a5b5d2542a8ce37ca562333a40""",,,742750af0bb8c716e7030c4977c992b55d1adc4407e9e66997db5846baedc2cd,,200,2b62fb14848b75a1,2026-09-28T03:43:24Z
S712,https://raw.githubusercontent.com/modelcontextprotocol/modelcontextprotocol/a99bdd15ea9ff96bf4d758aac907bbb27e9329dc/schema/2026-07-28/schema.json,2026-09-26T00:00:00Z,,,,,,,,,,,,,,
S713,https://raw.githubusercontent.com/modelcontextprotocol/modelcontextprotocol/a99bdd15ea9ff96bf4d758aac907bbb27e9329dc/docs/extensions/tasks/overview.mdx,2026-09-26T00:00:00Z,,,,,,,"""1071e77a761e230f36bf1b4e9a26c6f0a789ebd0136d151cb9474afc004d01dc""",,,eefba19cee8ea5fa55c8ff84a81355943c0cef44ed9f2065c50a7598652dd307,,200,23371053587c818e,2026-09-28T03:43:25Z
S714,https://raw.githubusercontent.com/modelcontextprotocol/modelcontextprotocol/a99bdd15ea9ff96bf4d758aac907bbb27e9329dc/docs/extensions/overview.mdx,2026-09-26T00:00:00Z,,,,,,,"""2b0a0faafc2e998c9db64869d444a593a6717f0b998e3086285f83b06b2f978d""",,,20115c16d14ee781e9b1a12f7b38e3a5d9834777d546610dfd5421168a2dd0e3,,200,cece75284d5c3647,2026-09-28T03:43:26Z
S715,https://raw.githubusercontent.com/modelcontextprotocol/modelcontextprotocol/a99bdd15ea9ff96bf4d758aac907bbb27e9329dc/docs/extensions/client-matrix.mdx,2026-09-26T00:00:00Z,,,,,,,"""46984a05a6f8f7e19168babc0813c1dcf6a1625a77e6cd6200d300a9b92a3702""",,,cfa70c8c219dbb4299d10a79c95e92f2924237ae9c0ce25dd95a9f463c2173b7,,200,9e40eb53a7ad0eaf,2026-09-28T03:43:27Z
S716,https://raw.githubusercontent.com/modelcontextprotocol/modelcontextprotocol/a99bdd15ea9ff96bf4d758aac907bbb27e9329dc/docs/docs/2026-07-28/tutorials/security/security_best_practices.mdx,2026-09-26T00:00:00Z,,,,,,,"""0920e50bdd21af6647109a7cc9f45f76e21558091c19f0968098b1d84fd5e2c6""",,,096cdf40d38b9d473450c0b72dcdde0661d211aa53b1fdc3ea2326d68aa6b873,,200,7d2f3606cf5204c0,2026-09-28T03:43:28Z
S717,https://raw.githubusercontent.com/modelcontextprotocol/modelcontextprotocol/a99bdd15ea9ff96bf4d758aac907bbb27e9329dc/LICENSE,2026-09-26T00:00:00Z,,,,,,,"""f246b3c12787b8bc74f54e8bdb809c849050cae1590c91a171608f8218f0dd8c""",,,0382b0057770ca05e9c350a50aa3b1c1fea84da0bc81d723bf00b9aa841be58a,,200,04c3dc1becf5e3ef,2026-09-28T03:43:29Z
S718,https://raw.githubusercontent.com/modelcontextprotocol/ext-tasks/9263312d11a682ac83f83fe84794d4627efd22f5/specification/2026-07-28/tasks.md,2026-09-26T00:00:00Z,,,,,,,"""e667b56873bceedc01d92c2800aa16fb1b0807d7ae6a33e9e3ac4d43ae70a913""",,,d446756d050079bab32d39586fb1cd867289d70f8bfc99c5fdfce59743c3a8b6,,200,73ef9f936b41e60b,2026-09-28T03:43:30Z
S719,https://raw.githubusercontent.com/modelcontextprotocol/modelcontextprotocol/a99bdd15ea9ff96bf4d758aac907bbb27e9329dc/docs/docs.json,2026-09-26T00:00:00Z,,,,,,,"""57000168ac9fe23f211286d85aa90da6be4343de6c012086574e794423e39cd5""",,,0c2ef5ecaf3e8663c8dea47d77036f3d1e28056ab4f8c50d6fe7f7c34ab07c4f,,200,d83409e382290913,2026-09-28T03:43:32Z
S720,https://raw.githubusercontent.com/modelcontextprotocol/python-sdk/9972c21aa42054fb1450c5fc614761ed11847ec6/docs/handlers/elicitation.md,2026-09-26T00:00:00Z,,,,,,,"""f39a71df6085a927ca20081d9b199bfe45fb1f36a78770035b4e6a301b8fb835""",,,be0de00ae9383edb42d99dc00ce0079349d10a5392d7c30a446277dcf4062618,,200,3b0b6d6070f5458b,2026-09-28T03:43:33Z
S721,https://raw.githubusercontent.com/modelcontextprotocol/python-sdk/9972c21aa42054fb1450c5fc614761ed11847ec6/docs/handlers/multi-round-trip.md,2026-09-26T00:00:00Z,,,,,,,"""ad6cb2a261d61a7679322075445639c79629341f3bee7474e32a51a5aeb2e572""",,,3a1eb38d51faee5eea6356f0080810bd3a21ea439b7d7aa224e1a141991783ed,,200,048caa2e8b20ee26,2026-09-28T03:43:34Z
S722,https://raw.githubusercontent.com/modelcontextprotocol/python-sdk/9972c21aa42054fb1450c5fc614761ed11847ec6/docs/protocol-versions.md,2026-09-26T00:00:00Z,,,,,,,"""2668a44809c82a3a767f8d07edf1513096e60da7a71c5e3a75f09c4a6527a705""",,,33e925959ba5e6a93f71c2aedbe7b142cb5348a708199994e92fcf2e4a1ed70b,,200,c3f2fa0cf9a89d0e,2026-09-28T03:43:35Z
S723,https://raw.githubusercontent.com/modelcontextprotocol/python-sdk/9972c21aa42054fb1450c5fc614761ed11847ec6/docs/run/legacy-clients.md,2026-09-26T00:00:00Z,,,,,,,"""974b2f14f52606090aaecf6e62f5c5516ee217201e0d41430b26c35b70881cd0""",,,93166f24fc344d8c3f51886a757a9f873d43150b8a24adad1ccea521eda786a6,,200,3efb62b44356c892,2026-09-28T03:43:36Z
S724,https://raw.githubusercontent.com/modelcontextprotocol/python-sdk/9972c21aa42054fb1450c5fc614761ed11847ec6/docs/run/index.md,2026-09-26T00:00:00Z,,,,,,,"""8728787ab01d53514e35eef08cb631a6970f147d55fbb3229c8755f8854e6e4b""",,,368b0b2d23938f48d625e507660aebce411b5ba92d3e1573c1e2696485880d68,,200,a5c4683852a4f73d,2026-09-28T03:43:37Z
S725,https://raw.githubusercontent.com/modelcontextprotocol/python-sdk/9972c21aa42054fb1450c5fc614761ed11847ec6/docs/servers/tools.md,2026-09-26T00:00:00Z,,,,,,,"""9eb2056a489bf5d31f228d15f3824a09613478b86c631f280375e65aacf3eb17""",,,73a17b5a71b145e7ad587c9d8ab1c012a01974674b023ad645561e19df6cfab2,,200,9a004764dbd7151c,2026-09-28T03:43:38Z
S726,https://raw.githubusercontent.com/modelcontextprotocol/python-sdk/9972c21aa42054fb1450c5fc614761ed11847ec6/docs/servers/structured-output.md,2026-09-26T00:00:00Z,,,,,,,"""b92f7056ea441945f04e8098367428a3dc8a7bd64b56c218ffa48034d556397f""",,,82e7d93f4d1b6b1cbb16728ac7efee80e3debc1d1c5d5b7787eb9de19d150aa8,,200,b3712267b4521817,2026-09-28T03:43:39Z
S727,https://raw.githubusercontent.com/modelcontextprotocol/python-sdk/9972c21aa42054fb1450c5fc614761ed11847ec6/docs/deprecated.md,2026-09-26T00:00:00Z,,,,,,,"""740fbde8283b94a38c3f7186328a59a1839479519fb06696855a113db81a8f69""",,,d344906ac0106f289b1a00f1c3e9d204f253b97041062c004efe292dd4aa1e73,,200,b1586f59368d13cc,2026-09-28T03:43:40Z
S728,https://raw.githubusercontent.com/modelcontextprotocol/python-sdk/9972c21aa42054fb1450c5fc614761ed11847ec6/docs/migration.md,2026-09-26T00:00:00Z,,,,,,,"""42645dbc27440659089bbd5286ac4e876038c9bdee199250de4800d3913206d3""",,,10a02b4674848538138bb98ad92ea5e23fce77104ff4df56f55d15a53a3341d4,,200,bb5d6e93073846e6,2026-09-28T03:43:41Z
S729,https://raw.githubusercontent.com/modelcontextprotocol/python-sdk/9972c21aa42054fb1450c5fc614761ed11847ec6/docs/whats-new.md,2026-09-26T00:00:00Z,,,,,,,"""4d7a831be99345c43b7592517aa735b5f0338185c2821c7696d1f85ec280ce39""",,,b0c4688f9d81e0613984271c0407dd7be03379bb180e8acecf4d8b36ed62fe97,,200,b6704f61604898e5,2026-09-28T03:43:43Z
S730,https://raw.githubusercontent.com/modelcontextprotocol/python-sdk/9972c21aa42054fb1450c5fc614761ed11847ec6/VERSIONING.md,2026-09-26T00:00:00Z,,,,,,,"""d19be693a72aeefc3c42afec855fbe9b5dde75c1bb8578d061127203ab371354""",,,44a54e30b288500068e283d08e9f63a204722554b5a95ca59d98e84bca2a0358,,200,06c54b0e9a466ced,2026-09-28T03:43:44Z
S731,https://api.github.com/repos/modelcontextprotocol/python-sdk/releases?per_page=15,2026-09-26T00:00:00Z,,,,,,,"W/""004796f57199bebf39e192d029d22032eea28cb525fb21c2a1d7cc4068d1cb91""",,,02e07e8dcc0df8d88dfedaa44ad31720ab7db51f2b202ada355a27e067b47665,,200,b1b0c2d7a5337627,2026-09-28T03:40:11Z
S732,https://raw.githubusercontent.com/modelcontextprotocol/python-sdk/9972c21aa42054fb1450c5fc614761ed11847ec6/src/mcp/server/fastmcp.py,2026-09-26T00:00:00Z,,,,,,,"""86b371b44cef9253392c198bcc3e5a420133b15f84f9b706832c924b72d41434""",,,22c06aed18fb2ae51bbe79c7310a45ab54742342d9b9f2c87735b0e355838b09,,200,946422cfd2a7d021,2026-09-28T03:43:45Z
S733,https://raw.githubusercontent.com/modelcontextprotocol/python-sdk/9972c21aa42054fb1450c5fc614761ed11847ec6/docs_src/elicitation/tutorial004.py,2026-09-26T00:00:00Z,,,,,,,"""b255a84469338a8e3c40692f53d4431d99e3e1a871334810d1a0abe8cb91e754""",,,bd6cbd4df1e34243b8a450a2ded354032740a32c5d7448ec8fb46d6dde840b68,,200,721867205028d154,2026-09-28T03:43:46Z
S734,https://raw.githubusercontent.com/modelcontextprotocol/python-sdk/9972c21aa42054fb1450c5fc614761ed11847ec6/LICENSE,2026-09-26T00:00:00Z,,,,,,,"""12c9bf5cf44ecc5f942cd282b67d67ba041a7905e812e7b61a10f2a8cfaaf664""",,,5e13dbbc1d120fc2a03cecde7c91424ae2d7de11b63d58ded2f4431e261ee50d,,200,1943556be8f5b5e1,2026-09-28T03:43:47Z
S735,https://raw.githubusercontent.com/modelcontextprotocol/python-sdk/9972c21aa42054fb1450c5fc614761ed11847ec6/src/mcp/server/lowlevel/server.py,2026-09-26T00:00:00Z,,,,,,,"""97236c127b80f913dd278fa1be095929ef331996b21d8d79e1665a11d7c7bb66""",,,56051fa2a7fe1bfb4330a6603763785b0ac976d0e623340582487da9aab92d86,,200,6a45509e87527ba4,2026-09-28T03:43:48Z
S736,https://raw.githubusercontent.com/modelcontextprotocol/python-sdk/9972c21aa42054fb1450c5fc614761ed11847ec6/docs_src/tools/tutorial005.py,2026-09-26T00:00:00Z,,,,,,,"""38f4b6c19cebefc029af3b7b2124a0424220d39a2cf94f669906b45d4cf7eca1""",,,cae484bf39f4cef40e04bffd8ba4fccde31b91424fd7eb249be65c9ee671e423,,200,3e02686459512811,2026-09-28T03:43:49Z
S740,https://code.claude.com/docs/en/mcp.md,2026-09-26T00:00:00Z,,,,,,,,"Mon, 28 Sep 2026 03:40:09 GMT",,d266f36508ec2096e2744d8a15df2aa405775f5b3a5af2012bb6d3beb5fa2be1,,200,9ce3d48c9a14f686,2026-09-28T03:40:09Z
S741,https://code.claude.com/docs/en/managed-mcp.md,2026-09-26T00:00:00Z,,,,,,,,"Mon, 28 Sep 2026 03:40:09 GMT",,47c4576ff79431ee1f2bee5278946b691df8221603dbb744a695090dfa85b719,,200,12266a33114607fc,2026-09-28T03:40:09Z
S742,https://code.claude.com/docs/en/permissions.md,2026-09-26T00:00:00Z,,,,,,,,"Mon, 28 Sep 2026 03:40:13 GMT",,dda4fae548fcaa4961298cf24e803c46000454c06d49b3b352005e41a0bb138a,,200,7127a40e94af8d10,2026-09-28T03:40:13Z
S743,https://code.claude.com/docs/en/hooks.md,2026-09-26T00:00:00Z,,,,,,,,"Thu, 08 Oct 2026 00:44:56 GMT",,7cdacdcf82590ddf29e3394125c33a1214a0673e16b5f823f31fdf526962100a,,200,ace5ad3db6fc3a5f,2026-10-08T00:44:56Z
S744,https://code.claude.com/docs/en/monitoring-usage.md,2026-09-26T00:00:00Z,,,,,,,,"Thu, 08 Oct 2026 00:44:57 GMT",,4e7bc806de6a14ad83655a113c7c8552412e7ab1ca9e1582185de871b72689e7,,200,ad3c1334824fd788,2026-10-08T00:44:57Z
S745,https://code.claude.com/docs/en/env-vars.md,2026-09-26T00:00:00Z,,,,,,,,"Thu, 08 Oct 2026 00:44:58 GMT",,7b5aa64f23a7b452d41f38168c23a178631fdce61e42b9e8b322f30bb6e30046,,200,8af5e9568c20e667,2026-10-08T00:44:58Z
S746,https://code.claude.com/docs/en/changelog.md,2026-09-26T00:00:00Z,,,,,,,,"Thu, 08 Oct 2026 00:44:59 GMT",,00e2fda0db55f1099a7d05898bbd28a86b6db7963b9e1a83cdc899f10fafdfd9,,200,10643823ef5b033d,2026-10-08T00:45:00Z
S747,https://code.claude.com/docs/en/data-usage.md,2026-09-26T00:00:00Z,,,,,,,,"Thu, 08 Oct 2026 00:45:01 GMT",,ba4e2b03bf1dc0955d6189d6648ffd6c7acbcd42c791c36fba0c46a1566739b5,,200,8e67c454d6188035,2026-10-08T00:45:01Z
S748,https://code.claude.com/docs/en/zero-data-retention.md,2026-09-26T00:00:00Z,,,,,,,,"Mon, 28 Sep 2026 03:40:22 GMT",,6e22e7cbe759da88e3a49c1d96cbdc7892eb5f2709b4f6010f045f4dcde2cef4,,200,adca142486dbe8c1,2026-09-28T03:40:22Z
S749,https://platform.claude.com/docs/en/manage-claude/api-and-data-retention.md,2026-09-26T00:00:00Z,,,,,,,,,,6210168a55f6da0ddc7ce9227df4b6386a31e3976d62bbf7dc14acc69f71028f,,200,542c4ce89783a647,2026-09-28T03:40:09Z
S760,https://raw.githubusercontent.com/OWASP/www-project-mcp-top-10/main/index.md,2026-09-26T00:00:00Z,,,,,,,,,,,,,,
S761,https://genai.owasp.org/resource/owasp-top-10-for-agentic-applications-for-2026/,2026-09-26T00:00:00Z,,,,,,,,"Sun, 27 Sep 2026 16:43:20 GMT",,b4f2200d3cd03eb9bfee83ebd8ec9fd695d41d587e3cfb8d4f5465540f05c4df,,200,e2e4e6199d66d707,2026-09-28T03:40:09Z
S762,https://genai.owasp.org/2025/12/09/owasp-top-10-for-agentic-applications-the-benchmark-for-agentic-security-in-the-age-of-autonomous-ai/,2026-09-26T00:00:00Z,,,,,,,,"Sun, 27 Sep 2026 23:03:13 GMT",,c1d9b79d13e768a37d7968c54c4176eed5612cd08a80ed3e9eb3a015413a95c8,,200,bc519e8edd674c92,2026-09-28T03:40:10Z
S763,https://genai.owasp.org/llm-top-10/,2026-09-26T00:00:00Z,,,,,,,,"Mon, 28 Sep 2026 03:29:00 GMT",,3dcf17966ff0d779da8a9bb1e094b6a0aabc2511e414cc96d91a4447a0245a92,,200,5e23707e7234b061,2026-09-28T03:40:11Z
S764,https://genai.owasp.org/resource/owasp-genai-llm-top-10-2026/,2026-09-26T00:00:00Z,,,,,,,,"Mon, 28 Sep 2026 01:23:49 GMT",,9e53aef6fea39a0238577f524b34461d1094479b5e344d4c2d819c894bec1d6f,,200,e666e6099924c42f,2026-09-28T03:40:12Z
S765,https://genai.owasp.org/2026/09/01/owasp-genai-security-project-unveils-2026-top-10-for-llm-applications-new-agent-control-standard-and-sponsors-as-community-tops-30000-members/,2026-09-26T00:00:00Z,,,,,,,,"Sun, 27 Sep 2026 15:57:31 GMT",,2defcebccdca50afb3967aaec64fab8369570461a9ee6aca0f0ba70dd7e37a4d,,200,bd12ffea9b070246,2026-09-28T03:40:14Z
S800,https://raw.githubusercontent.com/data-privacy-stack/presidio/e9895a51f5af6a00ed859a1ee38d627868355f8a/CHANGELOG.md,2026-09-26T00:00:00Z,,,,,,,"""986723723cf5630832a951e20ee2f216602e393bb9eefd6d91d51057038a3f40""",,,2264317f11aa251ecb5f14e398d109d35c5d61d9c779c787b526cb4531e5067a,,200,7f1779faae0e6e80,2026-09-28T03:43:50Z
S801,https://api.github.com/repos/data-privacy-stack/presidio/releases?per_page=10,2026-09-26T00:00:00Z,,,,,,,"W/""12f7708fefaff7a27904ff3729172c88ce43c2f4fcf9a3ca88888b6e02ca6e52""",,,3ccd7385f7aaf0208e903ddafc9dbd673939be7b5262a2447ea4c36a12e3ccf2,,200,2585fb2beda62ff5,2026-09-28T03:40:12Z
S802,https://pypi.org/pypi/presidio-analyzer/json,2026-09-26T00:00:00Z,,,,,,,"""GwgVRd/TtzIcydFCxS94tQ""",,,dacd60e48eb9890a77783323bc07bdaca077a5269a207c96dab77f64e28fceef,,200,346382e533fd7de9,2026-09-28T03:40:08Z
S803,https://pypi.org/pypi/presidio-anonymizer/json,2026-09-26T00:00:00Z,,,,,,,"""Uze+bhacinNnpVX7YlODwA""",,,81542e3b47e675d9ec19ff655585181457fa52d55db79635e2e72ab8479d1bc5,,200,c8d7317d0082b8cc,2026-09-28T03:40:09Z
S804,https://api.github.com/repos/data-privacy-stack/presidio/git/refs/tags/2.2.364,2026-09-26T00:00:00Z,,,,,,,"W/""8b383eed117ef1496c8c2ae334c4d8c46825dad8fbfaa9ce03baf432b2eac30b""","Mon, 28 Sep 2026 01:37:16 GMT",,a6c2ca0b5e3a0f9137dc6636746e392e8347c088ff0976af77d0d3517b96b287,,200,2ded80ef0b5ad979,2026-09-28T03:40:13Z
S805,https://api.github.com/repos/data-privacy-stack/presidio/contents/presidio-analyzer/presidio_analyzer/predefined_recognizers/generic?ref=2.2.364,2026-09-26T00:00:00Z,,,,,,,"""faa34e3cfd7b00ab1e99b570ac16333488b4f9a8""","Mon, 28 Sep 2026 01:37:16 GMT",,657820841a0a9211ccf355ffe8155216acd1995d4ded375e8731a5291555158c,,200,34a6b070fb1a215b,2026-09-28T03:40:15Z
S806,https://raw.githubusercontent.com/data-privacy-stack/presidio/779dbd286d5ef4d1fbe2514275fb1bce358f2417/presidio-analyzer/presidio_analyzer/conf/default_recognizers.yaml,2026-09-26T00:00:00Z,,,,,,,"""82de9b52d1e3b23e0ba824870f3078df351df56c3904b8f7ceca60806bd1c8b4""",,,764417c2f7d39ae236d07f7c2eb404597732c454ecc52e1c117e5377a9af4c78,,200,ff05f6bc4b7b6302,2026-09-28T03:43:51Z
S807,https://api.github.com/repos/data-privacy-stack/presidio/commits?path=presidio-analyzer/presidio_analyzer/predefined_recognizers/generic/uuid_recognizer.py&per_page=5,2026-09-26T00:00:00Z,,,,,,,"W/""8da0f01dacda47a8cde2f7e9eccf1561cb423887fb925104765841819394ae36""","Mon, 27 Jul 2026 14:49:26 GMT",,5a1607f62eef6f648f33457dbe810b95f636de925f4c2385d1571873d145689e,,200,33119d4c9eeeafe1,2026-09-28T03:40:15Z
S808,https://raw.githubusercontent.com/data-privacy-stack/presidio/e9895a51f5af6a00ed859a1ee38d627868355f8a/presidio-analyzer/presidio_analyzer/predefined_recognizers/generic/uuid_recognizer.py,2026-09-26T00:00:00Z,,,,,,,"""219712103f8c3a51ceade1d1d15eca957127281c1e6c773ed96b58ea3a2532c1""",,,a61dd777f510408a7a1de8c7a3aa7b98b4e94335ffe5dad120181d1e6b4c753b,,200,1a60f6bb0488f49d,2026-09-28T03:43:52Z
S809,https://raw.githubusercontent.com/data-privacy-stack/presidio/e9895a51f5af6a00ed859a1ee38d627868355f8a/presidio-analyzer/presidio_analyzer/conf/default_recognizers.yaml,2026-09-26T00:00:00Z,,,,,,,"""fb8f60e39e085c88f1673c5e0d7da8713cee5ce0a93a87a82ed0d30f4c6db6d4""",,,661c6a1054083ea3d97d2a08f9002eaabf762dbf19a33de6775fcfe4ec480f19,,200,fd17d6bc486be102,2026-09-28T03:43:54Z
S810,https://raw.githubusercontent.com/data-privacy-stack/presidio/e9895a51f5af6a00ed859a1ee38d627868355f8a/docs/supported_entities.md,2026-09-26T00:00:00Z,,,,,,,"""bba80ea1cca66895c817a2d5aa1830a135c99991f1db084ac0aff6404bfb2099""",,,7fed122a9d656d7f7f9fa9f8f60356113d356c1721b0dde57204007d887c5f30,,200,4eed314893b25f92,2026-09-28T03:43:55Z
S811,https://raw.githubusercontent.com/data-privacy-stack/presidio/2.2.355/presidio-analyzer/presidio_analyzer/predefined_recognizers/__init__.py,2026-09-26T00:00:00Z,,,,,,,"""165557a0170ca805dd6f63e0a8c3d50f9598a89b4511d3c5d6507a02c2f25c3d""",,,f88107da2d4f0fcde3cc51e1f5ac4d4ea0f7d42a4c41b56fedcedb66ea0af38b,,200,62a9d630a79310d4,2026-09-28T03:43:56Z
S812,https://raw.githubusercontent.com/data-privacy-stack/presidio/2.2.356/presidio-analyzer/presidio_analyzer/predefined_recognizers/__init__.py,2026-09-26T00:00:00Z,,,,,,,"""0773b8fdcae80b22d06105d2af0059c9ccb5f7e67be58154a9084194cbb19154""",,,2e88e97dc7994578f8fce92185d29e308148c4fdf75f94ddc6ed1745ef5935c6,,200,62a9d718af938254,2026-09-28T03:43:57Z
S813,https://raw.githubusercontent.com/data-privacy-stack/presidio/2.2.357/presidio-analyzer/presidio_analyzer/predefined_recognizers/__init__.py,2026-09-26T00:00:00Z,,,,,,,"""d65bab27c9390fb496688d366c6285a1aca0bd17fa9b560358919f09db313616""",,,7dd30e98d447ff93cdeea40ee776bde5e78bd7860c6123f25387007250ca9e5d,,200,62a9d718af938054,2026-09-28T03:43:58Z
S814,https://raw.githubusercontent.com/data-privacy-stack/presidio/2.2.358/presidio-analyzer/presidio_analyzer/predefined_recognizers/__init__.py,2026-09-26T00:00:00Z,,,,,,,"""d65bab27c9390fb496688d366c6285a1aca0bd17fa9b560358919f09db313616""",,,7dd30e98d447ff93cdeea40ee776bde5e78bd7860c6123f25387007250ca9e5d,,200,62a9d718af938054,2026-09-28T03:43:59Z
S815,https://raw.githubusercontent.com/data-privacy-stack/presidio/2.2.359/presidio-analyzer/presidio_analyzer/predefined_recognizers/__init__.py,2026-09-26T00:00:00Z,,,,,,,"""d65bab27c9390fb496688d366c6285a1aca0bd17fa9b560358919f09db313616""",,,7dd30e98d447ff93cdeea40ee776bde5e78bd7860c6123f25387007250ca9e5d,,200,62a9d718af938054,2026-09-28T03:44:00Z
S816,https://raw.githubusercontent.com/data-privacy-stack/presidio/2.2.360/presidio-analyzer/presidio_analyzer/predefined_recognizers/__init__.py,2026-09-26T00:00:00Z,,,,,,,"""845f664768a92887c79fb7b493c96e629501766ec16c5c19b2d53bcd5ca37b51""",,,d3541c0572351f3e1e8a2e36584422099eb9277e1f2066656d660fa1718f7ae8,,200,07b3c5050e885484,2026-09-28T03:44:01Z
S817,https://raw.githubusercontent.com/data-privacy-stack/presidio/2.2.361/presidio-analyzer/presidio_analyzer/predefined_recognizers/__init__.py,2026-09-26T00:00:00Z,,,,,,,"""c87d2fc826801aecbb3031ad3995d12cf1098497a75bf4d46c866f4bfa70279b""",,,fc65cf6a59da1228dff9cb12f76023c4c867dbd3378575ae985c10040d56c0cb,,200,0633c1040e985484,2026-09-28T03:44:02Z
S818,https://raw.githubusercontent.com/data-privacy-stack/presidio/2.2.362/presidio-analyzer/presidio_analyzer/predefined_recognizers/__init__.py,2026-09-26T00:00:00Z,,,,,,,"""f4a7988611f081b9f53a4c66dfbac201538296c297a77937ae315ba7a50f44ef""",,,2b871c760964a7c647ce975dfc72918105460de0b02199e3deeb44c411d1e1a5,,200,07d3c5040c90548c,2026-09-28T03:44:03Z
S819,https://raw.githubusercontent.com/data-privacy-stack/presidio/2.2.363/presidio-analyzer/presidio_analyzer/predefined_recognizers/__init__.py,2026-09-26T00:00:00Z,,,,,,,"""ea6dc7f6c0c2ecdb719eaea0e40d7d900be2f3868dcc936d66bf5213f43b75eb""",,,661eabbc515d72b493ce1b62bfaeed02b04f230b358ed00ac0796e7836128ac5,,200,83d1c50420101c24,2026-09-28T03:44:05Z
S820,https://raw.githubusercontent.com/data-privacy-stack/presidio/2.2.364/presidio-analyzer/presidio_analyzer/predefined_recognizers/__init__.py,2026-09-26T00:00:00Z,,,,,,,"""bf1e9b0419191d11db2ee42375cde409d87d426cb6ddf385825ee4586cb313fd""",,,0dde72a1c3b715e86a08d87d95011994647f02c94fc8569e8351376777d80305,,200,87f9c50421101c24,2026-09-28T03:44:06Z
S821,https://raw.githubusercontent.com/data-privacy-stack/presidio/e9895a51f5af6a00ed859a1ee38d627868355f8a/presidio-analyzer/presidio_analyzer/input_validation/yaml_recognizer_models.py,2026-09-26T00:00:00Z,,,,,,,"""b80962a96cfe38d45e74e036b2e0f14df7a74e8756606036fe2a6e63c532e9a6""",,,f23bff37d1225bd11a0bb2f037608ced389911bb04a6e32d77c5cd5bd137c4f8,,200,fcf5163145600d6e,2026-09-28T03:44:07Z
S822,https://raw.githubusercontent.com/data-privacy-stack/presidio/e9895a51f5af6a00ed859a1ee38d627868355f8a/presidio-analyzer/presidio_analyzer/conf/example_recognizers.yaml,2026-09-26T00:00:00Z,,,,,,,"""8d5342ef3d9f54e0088f7319c5ef22ce8bf4c759cddf8a5deedb0f2f35314169""",,,c9e9d74887fd2863d9f77dd9f2d28a95a55bdf96c3c716e098457d92a1752654,,200,fa56c131c6ba92dd,2026-09-28T03:44:08Z
S823,https://raw.githubusercontent.com/data-privacy-stack/presidio/e9895a51f5af6a00ed859a1ee38d627868355f8a/docs/analyzer/recognizer_registry_provider.md,2026-09-26T00:00:00Z,,,,,,,"""6b471c3e950eaf9a03cc02f603892c7f222e4b6880e6f74c1cd411008f9ec8a3""",,,5d76fa29bfbb042e541f687b251c81745b57529459fd4246ffe03de204bed800,,200,0e1f79292c0e8d7a,2026-09-28T03:44:09Z
S824,https://raw.githubusercontent.com/data-privacy-stack/presidio/e9895a51f5af6a00ed859a1ee38d627868355f8a/docs/analyzer/adding_recognizers.md,2026-09-26T00:00:00Z,,,,,,,"""da038cb1d508a0a4f5eda711a4b55bbe11436c44c3cec9e8c31f7eddd1c5e805""",,,d3722dafd1b674331a7ff391b83b74f7ff21dcfca2b04d7c351662f83e237832,,200,7f0b2775edf05850,2026-09-28T03:44:10Z
S825,https://raw.githubusercontent.com/data-privacy-stack/presidio/e9895a51f5af6a00ed859a1ee38d627868355f8a/presidio-analyzer/presidio_analyzer/pattern_recognizer.py,2026-09-26T00:00:00Z,,,,,,,"""16898db2b3c869418595230eebb9f3ff28caaf19794c958e913b506ece81d914""",,,38dbbb9b2a8fa9e9427cb556240fc3561cbdfa2e033e464d4360782c391c5ca2,,200,13ef5d0543153cb4,2026-09-28T03:44:11Z
S826,https://raw.githubusercontent.com/data-privacy-stack/presidio/e9895a51f5af6a00ed859a1ee38d627868355f8a/presidio-analyzer/presidio_analyzer/recognizer_registry/recognizer_registry.py,2026-09-26T00:00:00Z,,,,,,,"""27afbdbd60bee799b928daa4aa874dcc1a935e9d9a67583ebbd76e24cfbe50f2""",,,a8b14e5879b1076fae1719f5ec7168777709441601e4da88d28330af05cdc5b0,,200,dac707533a9b20ce,2026-09-28T03:44:12Z
S827,https://raw.githubusercontent.com/data-privacy-stack/presidio/e9895a51f5af6a00ed859a1ee38d627868355f8a/docs/anonymizer/index.md,2026-09-26T00:00:00Z,,,,,,,"""6579f13e6a653cea6636f403f1809558e4327682cff95bef36466399dbd87027""",,,71b95f226d8699dd18a3f5a44e90bed849d6072a764469a77562b5c7b7d26673,,200,8f73088d22e0bc0c,2026-09-28T03:44:14Z
S828,https://raw.githubusercontent.com/data-privacy-stack/presidio/e9895a51f5af6a00ed859a1ee38d627868355f8a/docs/anonymizer/adding_operators.md,2026-09-26T00:00:00Z,,,,,,,"""4c3b2b4113f49ab197a911778e981ef530f23d55f819fdbecd8f3c4beea1be67""",,,66cc7fa0cbd2f752e69d0342e66743801c9874162c04712e3f223797c8a0d291,,200,d580680292ed0a22,2026-09-28T03:44:15Z
S829,https://raw.githubusercontent.com/data-privacy-stack/presidio/e9895a51f5af6a00ed859a1ee38d627868355f8a/presidio-anonymizer/presidio_anonymizer/operators/custom.py,2026-09-26T00:00:00Z,,,,,,,"""178b40321f2010f1fe5dafb07c6014e2ec08adad4056822a8927651ce91a5a4e""",,,a8035bf4582c7c19bc4f94584f856cc4910c94af49024b53877d55067fd6f1cf,,200,14a4d4dd84cef8f5,2026-09-28T03:44:16Z
S830,https://raw.githubusercontent.com/data-privacy-stack/presidio/e9895a51f5af6a00ed859a1ee38d627868355f8a/presidio-anonymizer/app.py,2026-09-26T00:00:00Z,,,,,,,"""a652c0e4b2b36ba798161597368924e1865d55668978cc233c1cbe1d10893454""",,,3ba503daa59a91851ab39721087c7df1ece3a6237d10fc057e1314212106b759,,200,11cbc05329c17863,2026-09-28T03:44:17Z
S831,https://raw.githubusercontent.com/data-privacy-stack/presidio/e9895a51f5af6a00ed859a1ee38d627868355f8a/presidio-anonymizer/presidio_anonymizer/deanonymize_engine.py,2026-09-26T00:00:00Z,,,,,,,"""6d8f017084b02737bcde118a8d66b40b11f4bce5cd0d2b7322289201ea7e3847""",,,74264df8cef47e5c830edc43a970e62e46af75973f760df9789a26c83b3d710e,,200,660f5394ca5daa70,2026-09-28T03:44:18Z
S832,https://raw.githubusercontent.com/data-privacy-stack/presidio/e9895a51f5af6a00ed859a1ee38d627868355f8a/presidio-anonymizer/presidio_anonymizer/core/engine_base.py,2026-09-26T00:00:00Z,,,,,,,"""be200c99a15e9afa83ac4f4a43cce7e48e3e3ec2bd49a5791577afdf227668a6""",,,8fc399e9ed2ac0712372db58ba5094e2623198f4ab0ddd5b4eb32050367e5a45,,200,363e32a760d06533,2026-09-28T03:44:19Z
S833,https://raw.githubusercontent.com/data-privacy-stack/presidio/e9895a51f5af6a00ed859a1ee38d627868355f8a/docs/samples/python/pseudonymization.ipynb,2026-09-26T00:00:00Z,,,,,,,"""5b7ad2b3fba08b229ec27d7e21b26f88210f11dab4fd5229be281bd4428fe9e3""",,,077dbdd47a039cd598b1b9dbd8d0c15d6eb64a579707bb32e7f3c53d71c8c552,,200,505c996616626796,2026-09-28T03:44:20Z
S834,https://api.github.com/repos/data-privacy-stack/presidio/contents/presidio-anonymizer/presidio_anonymizer?ref=2.2.364,2026-09-26T00:00:00Z,,,,,,,"""faa34e3cfd7b00ab1e99b570ac16333488b4f9a8""","Mon, 28 Sep 2026 01:37:16 GMT",,8d3732b0ee7ff6686a2157048a4ad1705800a01a061718f854a5ce73ba769a6f,,200,ca013b0429ed535a,2026-09-28T03:40:16Z
S835,https://raw.githubusercontent.com/data-privacy-stack/presidio/e9895a51f5af6a00ed859a1ee38d627868355f8a/presidio-anonymizer/presidio_anonymizer/operators/aes_cipher.py,2026-09-26T00:00:00Z,,,,,,,"""72ad8278d0b554d7d2b799a213878eedd8e6573b94f9213bd473904ac3d70469""",,,7f80be478396099e0ac0fb76f6563fbe91173787a50c80d3ed56a0cf233eb0cc,,200,ae1f16156028303e,2026-09-28T03:44:21Z
S836,https://raw.githubusercontent.com/data-privacy-stack/presidio/e9895a51f5af6a00ed859a1ee38d627868355f8a/presidio-anonymizer/presidio_anonymizer/operators/encrypt.py,2026-09-26T00:00:00Z,,,,,,,"""d08de433f59b795256ff87647b7c93e2fa8f2de19b9fada6b11133feea33797b""",,,366189e52f3e309b917fa3e7288467ca908ba794e09ce9124f5a5b343f8b4324,,200,bb7f1496ec8e65be,2026-09-28T03:44:22Z
S837,https://raw.githubusercontent.com/data-privacy-stack/presidio/e9895a51f5af6a00ed859a1ee38d627868355f8a/docs/evaluation/index.md,2026-09-26T00:00:00Z,,,,,,,"""fd3ec34bf906d657fb02b281cf1bdb3f80afe88b2e82dd24b5d558abe5b0b30c""",,,31249660120c4348354dfd821c549477333b9018c8902f2e1ed6ea8b46cca83b,,200,789208df16553aae,2026-09-28T03:44:23Z
S838,https://api.github.com/repos/data-privacy-stack/presidio-research,2026-09-26T00:00:00Z,,,,,,,"W/""95ba839f54a328bf406d3d6bc9987280ca9c9c6d41e1687942b90c7fe98e8bf4""","Mon, 28 Sep 2026 00:34:58 GMT",,0c22e9383ba25ccb558a369cffccaabf20435832ad00c0ee5a910a9ca6910e91,,200,101d77744a736946,2026-09-28T03:40:18Z
S839,https://pypi.org/pypi/presidio-evaluator/json,2026-09-26T00:00:00Z,,,,,,,"""GGVykQZZKXQG8i8kjlEOXw""",,,fc67ff3b437225eaed8e10a9110d84d41c48e55bc87092cebd79fdb6ed1c4dd5,,200,a00bbe6fb9d72888,2026-09-28T03:40:11Z
S840,https://api.github.com/repos/data-privacy-stack/presidio-research/releases?per_page=3,2026-09-26T00:00:00Z,,,,,,,"W/""eb2a1a5cad4dc8f8bc096b1573d5c7b03c52c36c2dab6a4b8cea4bab81da26ac""",,,54cbb86bd26ae230d3cefa6b292279c4df010ccb2c20ac379c1baec50c15e06b,,200,28c6805b1e7dc73e,2026-09-28T03:40:19Z
S841,https://raw.githubusercontent.com/data-privacy-stack/presidio/e9895a51f5af6a00ed859a1ee38d627868355f8a/docs/faq.md,2026-09-26T00:00:00Z,,,,,,,"""b8e18c7e93186bc014566830979eee37372a63f1a46f34f61b282e9cb60bc841""",,,e9a0e374fec4417b8fcb9fc41e31a09d687c0982dbf7ea4943abb64069725a4e,,200,ff67656109a03b32,2026-09-28T03:44:24Z
S842,https://raw.githubusercontent.com/data-privacy-stack/presidio/e9895a51f5af6a00ed859a1ee38d627868355f8a/LICENSE,2026-09-26T00:00:00Z,,,,,,,"""2291752a22781a360ad5b489b0d5453c1fbc3b80d385cb12951a74d4b11f4549""",,,f3e86ee59a49bcfb0d9a9547484d55224ea7b2d04f95b1947b4d18d17f6de535,,200,1de3514b68f5a5e1,2026-09-28T03:44:26Z
S843,https://raw.githubusercontent.com/data-privacy-stack/presidio/e9895a51f5af6a00ed859a1ee38d627868355f8a/presidio-analyzer/presidio_analyzer/conf/default.yaml,2026-09-26T00:00:00Z,,,,,,,"""63c2adbd87428f52ca84fcd4c758d537fa8b1c7cd90dfdb6f1bbf8cef32d3511""",,,97c29e40dc85c2bac711f3375ffac10fcf56ad889ff1a05f0f8eca126be591e5,,200,7cb9d321a2ec0804,2026-09-28T03:44:27Z
S844,https://raw.githubusercontent.com/data-privacy-stack/presidio/e9895a51f5af6a00ed859a1ee38d627868355f8a/presidio-analyzer/presidio_analyzer/predefined_recognizers/nlp_engine_recognizers/spacy_recognizer.py,2026-09-26T00:00:00Z,,,,,,,"""38722142311caad2b7c0b184dfc16d943b7b4507f27467117a3675ffc7216b51""",,,f5fd4400927278350af7e8d3fcb3e4fa9924590ec00f4eb71ebd19fde83a0564,,200,e90ee771ae527fe0,2026-09-28T03:44:28Z
S845,https://raw.githubusercontent.com/data-privacy-stack/presidio/e9895a51f5af6a00ed859a1ee38d627868355f8a/presidio-anonymizer/presidio_anonymizer/batch_deanonymize_engine.py,2026-09-26T00:00:00Z,,,,,,,"""1d9b23d177a60ca797f3aceaf7b33d92d106b1551fc232a6dcbce77b49b9d2ba""",,,883b19cd89a79306fdf156b0a294d69a1de5f072b55a8bfbfbaac2829e95d96c,,200,5d411700060d8795,2026-09-28T03:44:29Z
S850,https://github.com/explosion/spacy-models/releases/tag/en_core_web_lg-3.8.0,2026-09-26T00:00:00Z,,,,,,,"W/""b8e0256e20a757a095034d5ee9608644""",,,bbf8454e6313ff49bacc055dd6cd071dc958b378f70f8dac292e5834f7cbe962,,200,c5c80032b978589a,2026-09-28T03:40:37Z
S851,https://huggingface.co/api/models/spacy/en_core_web_lg,2026-09-26T00:00:00Z,,,,,,,"W/""1063-AEOQerfmPcIZothD5NZ49N2fJNk""",,,a84641ee49f087d5f643ebc320fde6ab7d03b2012df68f8b9f98d3b2355b66aa,,200,bc77a07b4b8c70cc,2026-09-28T03:40:09Z
S852,https://spacy.io/models/en,2026-09-26T00:00:00Z,,,,,,,"""0376f7cd7fe327c1cf947789aa345591-ssl""",,,55b1de9b1c8dfdd035ee36163609a6fb57bf14d950c983e8991439b0bc1b9fae,,200,7ea2807526f59f2a,2026-09-28T03:40:09Z
S855,https://huggingface.co/api/models/urchade/gliner_multi_pii-v1,2026-09-26T00:00:00Z,,,,,,,"W/""6c0-STTq29YPvXVU7lFwN9EjByIApc8""",,,2c66c3c918bcbaed4ffd9f30ba977fdbec70d5e9ddff630ae4b240e490383fab,,200,95a06d1e1ed4228d,2026-09-28T03:40:09Z
S856,https://huggingface.co/urchade/gliner_multi_pii-v1/raw/1fcf13e85f4eef5394e1fcd406cf2ca9ea82351d/README.md,2026-09-26T00:00:00Z,,,,,,,"""167f44c6a24bc89ef4fb0492c2e612544df6d661""",,,7a39f993df79d3a39bcb47079326490caca725abfb9462261ffd29ef11b4ad04,,200,0d3b716d78d3a151,2026-09-28T03:40:11Z
S857,https://huggingface.co/api/models/knowledgator/gliner-pii-base-v1.0,2026-09-26T00:00:00Z,,,,,,,"W/""7a5-0QxdorEiB1wF965pbH0n1pv/ssM""",,,a123435f1e19a87f4fc9a3b73a94a5468312917ce23d9e25b5618ba01dcbc473,,200,b1a2c91f8fd93b0c,2026-09-28T03:40:11Z
S858,https://huggingface.co/knowledgator/gliner-pii-base-v1.0/raw/61726e0ad791dcab3e29339bbec3ad42ded65641/README.md,2026-09-26T00:00:00Z,,,,,,,"""9450e9926d6bca76a557a5c6cbd4e9724577ca35""",,,3726029a6cfde9d2d050359d01340c85d7c9b61c5546cf7e65d1a9aee0caea22,,200,9e7ebde2e15a33de,2026-09-28T03:40:12Z
S859,https://huggingface.co/api/models/nvidia/gliner-PII,2026-09-26T00:00:00Z,,,,,,,"W/""89e-2yJJAdwEiUdsZEILFv2FQ2H79O4""",,,507b69feb08856a9a75f279944a7e338b123318d53a9d967791f37fe8296dee8,,200,b746c40f5e39f30d,2026-09-28T03:40:14Z
S860,https://huggingface.co/nvidia/gliner-PII/raw/bd23e8ef4425fd04e34c5204ab49ffaa706eae79/README.md,2026-09-26T00:00:00Z,,,,,,,"""be1c55979c77d3c6d91831aff84d4170c7b2cc97""",,,dbe8fb746530886e496c3cd776ab8e751bf1b1118294826a1fc4a5a66d120471,,200,b623b5a9cb41b830,2026-09-28T03:40:15Z
S865,https://csrc.nist.gov/pubs/sp/800/38/g/final,2026-09-26T00:00:00Z,,,,,,,,,,3db0dffc06649170a2a436012d8acd84cbb8c6b9063bfb73735aa7c4f05761eb,,200,3996184bae3a67e6,2026-09-28T03:40:09Z
S866,https://csrc.nist.gov/pubs/sp/800/38/g/upd1/final,2026-09-26T00:00:00Z,,,,,,,,,,ef397c2a6980f006beb4a1b32dd91d355261fb073de7e6ee690ae42539317432,,200,89963a4b2a0267d7,2026-09-28T03:40:11Z
S867,https://csrc.nist.gov/pubs/sp/800/38/g/r1/ipd,2026-09-26T00:00:00Z,,,,,,,,,,b575216307a632acd44a21ea6be79f2899cea14ee0d71e6f5097b0442f5ca10e,,200,83872c296f007564,2026-09-28T03:40:12Z
S868,https://csrc.nist.gov/pubs/sp/800/38/g/r1/2pd,2026-09-26T00:00:00Z,,,,,,,,,,1dbf0cddf025c5114ee330a2c8f6b30770f6f9c1ef3aa23ef2b620405abe3e40,,200,83893ea62a300ebe,2026-09-28T03:40:13Z
S869,https://csrc.nist.gov/pubs/sp/800/38/g/r1/final,2026-09-26T00:00:00Z,,,,,,,,,,,,,,
S870,https://eur-lex.europa.eu/legal-content/EN/TXT/HTML/?uri=CELEX:32016R0679,2026-09-26T00:00:00Z,,,,,,,,,,,,,,
S871,https://eur-lex.europa.eu/content/legal-notice/legal-notice.html,2026-09-26T00:00:00Z,,,,,,,,,,,,,,
S872,https://www.edpb.europa.eu/our-work-tools/documents/public-consultations/2025/guidelines-012025-pseudonymisation_en,2026-09-26T00:00:00Z,,,,,,,"W/""1790561426-gzip""","Mon, 28 Sep 2026 02:10:26 GMT",,2d173a068658a31bb3eac912a3171da4dbbe3560840477624108d0eb1955d66e,https://www.edpb.europa.eu/public-consultations/guidelines-012025-on-pseudonymisation_en,200,660f0f41a8b57e98,2026-09-28T03:40:09Z
S873,https://www.edpb.europa.eu/news/news/2025/edpb-adopts-pseudonymisation-guidelines-and-paves-way-improve-cooperation_en,2026-09-26T00:00:00Z,,,,,,,"W/""1790566141-gzip""","Mon, 28 Sep 2026 03:29:01 GMT",,3bb88aa285850727866c282b582cfbf1f3480aacdcdc7be49cd9951f1a87cded,https://www.edpb.europa.eu/news/edpb-adopts-pseudonymisation-guidelines-and-paves-the-way-to-improve-cooperation-with_en,200,31977060b99cec93,2026-09-28T03:40:10Z
S874,https://www.edpb.europa.eu/topics/ai-and-technology/anonymisation-pseudonymisation_en,2026-09-26T00:00:00Z,,,,,,,,,,,,,,
S875,https://curia.europa.eu/site/upload/docs/application/pdf/2025-09/cp250107en.pdf,2026-09-26T00:00:00Z,,,,,,,,,,,,,,
S900,https://learn.microsoft.com/en-us/power-bi/connect-data/refresh-data,2026-09-26T00:00:00Z,,,,,,,"""+u0MCISHbFI8B0PqMKiajXHmD0U=""","Tue, 01 Sep 2026 17:40:57 GMT",cd9c0ae76796c36884c41bb9b0f2352092f53e6d,f747975cf971c943ef68f4b228b4f3a98979cf6bde08a97077a9e5ae58a950f9,,200,9b3e8f8dc398462e,2026-09-28T03:40:27Z
S901,https://learn.microsoft.com/en-us/power-bi/connect-data/refresh-scheduled-refresh,2026-09-26T00:00:00Z,,,,,,,"""/oEl1HmlymBGst0ve9rSRdi369M=""","Tue, 01 Sep 2026 17:59:43 GMT",2e83b1fa938e6e29d9d5c09beddbf86c58e07979,de278383573ab55fb3ccbd95062b1e0ae043194fd5060a4a99db1ddcd5e603e4,,200,9d08c7e3198b5cff,2026-09-28T03:40:28Z
S902,https://learn.microsoft.com/en-us/power-bi/connect-data/service-gateway-sql-tutorial,2026-09-26T00:00:00Z,,,,,,,"""0VviJv8lYkt29r057TBPwmDWWyA=""","Wed, 02 Sep 2026 11:18:15 GMT",26e44e2f0cdbe951252740c5db4c186bd114f170,25e58055142b4567978fc84e3401d34ec734b37a7fcbc4c6d90f55208173bc52,,200,05e4f38084c46343,2026-09-28T03:40:29Z
S903,https://learn.microsoft.com/en-us/power-bi/connect-data/service-gateway-onprem,2026-09-26T00:00:00Z,,,,,,,"""yS2GvvWnL77BrgZJVJrlXvRBqgg=""","Thu, 24 Sep 2026 23:25:15 GMT",28d6a27caf6624882e6bede71eab7e3bf4fd1169,d1ed44ddb500d88af1ebe545afa3d384da6f49271bbf4680ab144fd2ff8013cb,,200,3c0f165e16ae3967,2026-09-28T03:40:30Z
S904,https://learn.microsoft.com/en-us/data-integration/gateway/service-gateway-onprem,2026-09-26T00:00:00Z,,,,,,,"""dohOmkQHyB7WqS/5tzX0gAjoOqQ=""","Fri, 28 Aug 2026 16:21:23 GMT",85e355b6c69fcf8edd9800bb6afbf286725cdc1b,0dfff9d22217a844fe42d6d1e62b4e64250b7eedc995714ca54b034059f3fc43,,200,854eb15b26c9ef3b,2026-09-28T03:40:31Z
S905,https://learn.microsoft.com/en-us/data-integration/gateway/service-gateway-communication,2026-09-26T00:00:00Z,,,,,,,"""HoHDrI+sFJ8vb7ED4nkuASvHQfk=""","Fri, 28 Aug 2026 16:16:25 GMT",1fa33ea76d789d57caa7d6d869c4cdc888639eeb,6e063097c7f5005b6648052ebc9f39d3e32e79585a6093c5cfec1441a882d404,,200,f086cfb64d2225aa,2026-09-28T03:40:32Z
S906,https://learn.microsoft.com/en-us/data-integration/gateway/service-gateway-install,2026-09-26T00:00:00Z,,,,,,,"""7tE8Zchlti6gwarbsdF8e+Ti/Ww=""","Fri, 28 Aug 2026 17:45:22 GMT",9f71bf7e5f077528d919c539b92a260e25eee3c6,e7c1e351d16954b4c282f2eb25441e93497e8ba25bc96fae74e54d653fd46ee1,,200,17ae489da5bac562,2026-09-28T03:40:33Z
S907,https://learn.microsoft.com/en-us/power-bi/connect-data/service-gateway-enterprise-manage-sql,2026-09-26T00:00:00Z,,,,,,,"""AaM9sTfQcHZt8M7ptsQ0pKZwEB0=""","Fri, 25 Sep 2026 02:11:23 GMT",28d6a27caf6624882e6bede71eab7e3bf4fd1169,f67bd46d9989e4c4674d4a0ac7cbd09df9dbf4c3517c72b41acd629fe3ea5ef5,,200,98d05388044d02a6,2026-09-28T03:40:34Z
S908,https://learn.microsoft.com/en-us/power-bi/connect-data/service-gateway-sso-overview,2026-09-26T00:00:00Z,,,,,,,"""wzBc1gbtRU6W1kmCjvtP8gyLskQ=""","Tue, 01 Sep 2026 18:10:41 GMT",26e44e2f0cdbe951252740c5db4c186bd114f170,70e252a3299613d63d82794675c522e11c5a17322a93734515451190ac3309fc,,200,dea054233123fa25,2026-09-28T03:40:35Z
S909,https://learn.microsoft.com/en-us/data-integration/gateway/service-gateway-service-account,2026-09-26T00:00:00Z,,,,,,,"""RBYnRAk+EuVvYYXZBb4rRAjYbUM=""","Fri, 28 Aug 2026 17:45:50 GMT",b25569ac8c0d8a6aef7045c5de0ba4ce5481a19d,e1b133c243a39c829e7f7ce109cdb63ca60402f2fafaf67b7251c8981eb354d4,,200,451fc66592183e49,2026-09-28T03:40:36Z
S910,https://learn.microsoft.com/en-us/power-bi/enterprise/service-admin-rls,2026-09-26T00:00:00Z,,,,,,,"""SQwlJ3ElcxK0lryFWNRHDC+r3I0=""","Tue, 01 Sep 2026 00:38:07 GMT",3dd90c7fba7b42eafee314bb4fcd17a738322914,d7826e9b4a9b12b29d8f4aeacea9cbd764463956c01eac17b75e7eaace58fa55,https://learn.microsoft.com/en-us/fabric/security/service-admin-row-level-security?accept=text%2Fmarkdown,200,f225da95de95891a,2026-09-28T03:40:38Z
S911,https://raw.githubusercontent.com/MicrosoftDocs/fabric-docs/abbb614507568988fd0c22976a42f0455de81980/docs/enterprise/powerbi/service-premium-features.md,2026-09-26T00:00:00Z,,,,,,,"""903fc088c92fc654372ba59c38653956ce3e07997edb1b57983e340e45686619""",,,c16b525d384edf4c835864021d3dbf0806c38fa130bcffde49eb3ae2f29b90c5,,200,f3bbe76ce11009ab,2026-09-28T03:44:30Z
S920,https://raw.githubusercontent.com/MicrosoftDocs/windows-powershell-docs/c3934e67de374f52fa6759f916c112c30a1240c7/docset/winserver2025-ps/GroupPolicy/Get-GPOReport.md,2026-09-26T00:00:00Z,,,,,,,"""fb827c66e89800d8eed30ad41db6905366d08a20b42e0eb3fc67a0ff3a9b0bb8""",,,5cca337a9f41f803bb21ccb25861be9ab2305929859bfde89de6b2b86ee718a7,,200,daf85f24f4613295,2026-09-28T03:44:31Z
S921,https://raw.githubusercontent.com/MicrosoftDocs/windows-powershell-docs/c3934e67de374f52fa6759f916c112c30a1240c7/docset/winserver2025-ps/GroupPolicy/Backup-GPO.md,2026-09-26T00:00:00Z,,,,,,,"""19579b795faf08007e7666c50a583bc3503c9522ac9f60d537d1b712fa13b20a""",,,51d9f15e6b731e85a403e6a20fd86774718b9e87ad52bd63d24e752485441ba2,,200,0a715a7642f0724d,2026-09-28T03:44:32Z
S922,https://raw.githubusercontent.com/MicrosoftDocs/windows-powershell-docs/c3934e67de374f52fa6759f916c112c30a1240c7/docset/winserver2025-ps/GroupPolicy/GroupPolicy.md,2026-09-26T00:00:00Z,,,,,,,"""f6f9a4e2c2f43f05a8a10789ebbbefdcbe0fe6cc928cb690d88f48d2d7a89300""",,,99b679bdeeae6c2b933e081dff5120a1203b4e2b9c347fc87be0af857c2c1fa5,,200,70002af9135c1376,2026-09-28T03:44:33Z
S923,https://raw.githubusercontent.com/MicrosoftDocs/windows-powershell-docs/c3934e67de374f52fa6759f916c112c30a1240c7/docset/winserver2025-ps/GroupPolicy/Get-GPResultantSetOfPolicy.md,2026-09-26T00:00:00Z,,,,,,,"""c23788329022c6a93c301b611af3981a5dd4cb170201d443dc768e62117a2a24""",,,dd2eadbd1241c234f8f776d64d25f95cb385f99ee7d63623a2ab5c3269ea6621,,200,63d56f0258070a9e,2026-09-28T03:44:34Z
S924,https://raw.githubusercontent.com/PowerShell/DSC/30ced1f5a0f11ba6f3275da59fc90d2ed67c4b5e/adapters/group_policy_template/group_policy_template.dsc.resource.json,2026-09-26T00:00:00Z,,,,,,,"""ae34f64d21ca3c4d24ee5ed9b89d30fc754fc09e46194c552502f9cd4ce2b929""",,,86d62f4d3a8e2cebc1a8a21dea07d03cb7fa816e02c4b8d372ce7e7ee0a3c630,,200,c8417ea8913848c1,2026-09-28T03:44:35Z
S930,https://docs.ansible.com/ansible/latest/collections/ansible/windows/index.html,2026-09-26T00:00:00Z,,,,,,,"W/""247a819f1f433ca842aed2d7897177f9""","Mon, 21 Sep 2026 06:30:52 GMT",,588fd0aaa241db94093831761b277c4d472a9ebe8dc3a3aa4bbac01dd39b33c2,https://docs.ansible.com/projects/ansible/latest/collections/ansible/windows/index.html,200,ba37b82c59bd8702,2026-09-28T03:40:11Z
S931,https://docs.ansible.com/ansible/latest/collections/ansible/windows/dsc3_module.html,2026-09-26T00:00:00Z,,,,,,,"W/""b7ce0391956c4471d95182eea3c893be""","Mon, 21 Sep 2026 06:30:52 GMT",,09a14909f7fb4a6b9b6c8045e1635dbcd23efc4265590aa86ff00d81c2d79239,https://docs.ansible.com/projects/ansible/latest/collections/ansible/windows/dsc3_module.html,200,26ab2c0f6fcb0fb0,2026-09-28T03:40:11Z
S932,https://docs.ansible.com/ansible/latest/collections/ansible/windows/win_dsc_module.html,2026-09-26T00:00:00Z,,,,,,,"W/""6eee2fd5d435e94391214d430fe17ed8""","Mon, 21 Sep 2026 06:30:53 GMT",,b2f4d37161a88ea5365d0528dedf0f48b40cda32c6cf8b686852e226eae67f2f,https://docs.ansible.com/projects/ansible/latest/collections/ansible/windows/win_dsc_module.html,200,5ba032763a7bfd80,2026-09-28T03:40:13Z
S933,https://docs.ansible.com/ansible/latest/os_guide/windows_ssh.html,2026-09-26T00:00:00Z,,,,,,,"W/""4b864ae093b032fd1412ece9692a5b28""","Mon, 21 Sep 2026 06:30:39 GMT",,09220723049f020a10a4c2a682d80a91d41e66e2d4860d1c0538bdbf0afc6f28,https://docs.ansible.com/projects/ansible/latest/os_guide/windows_ssh.html,200,38ae9a2e0b07d88f,2026-09-28T03:40:14Z
S934,https://raw.githubusercontent.com/ansible-collections/ansible.windows/ff0ac96011ee196742901f34c0dd134acddbe89a/plugins/modules/dsc3.py,2026-09-26T00:00:00Z,,,,,,,"""bbc512d683f93b56f5f864eccd4a33fe42ff3710a166f48ca8aa5ebb4e55597e""",,,6c7c346032c34c14831c5f9e654a6d43f752da00fe4dd1d3796412e4721e7658,,200,e7eb6c497d480f31,2026-09-28T03:44:37Z
S935,https://raw.githubusercontent.com/ansible-collections/ansible.windows/ff0ac96011ee196742901f34c0dd134acddbe89a/plugins/modules/dsc3.ps1,2026-09-26T00:00:00Z,,,,,,,"""7f817104cfc36a629ccabb6f27c3c42a206a2fe2a5dd581d7c92c2af1af3d423""",,,62210a8f4e5910fd6532a83ba1fe3cd25c6acd1f9471e4eb74e13b861b29929f,,200,dc1eca0554ebffa3,2026-09-28T03:44:38Z
S940,https://raw.githubusercontent.com/microsoftgraph/microsoft-graph-docs-contrib/4ad99fd37a9e2e8538275a0a9cdff7907052f3ec/concepts/unified-tenant-configuration-management-concept-overview.md,2026-09-26T00:00:00Z,,,,,,,"""c98bc05d0ab9014a92e3b203f955152e8bbd7e129249cd8878448f4970d56625""",,,a09753e016c91618a87cdac4acd8f1fdc7b0523e2c38c112f657d2a3e0ddb5ca,,200,4e73b6cf5bdeae8f,2026-09-28T03:44:39Z
S941,https://raw.githubusercontent.com/microsoftgraph/microsoft-graph-docs-contrib/4ad99fd37a9e2e8538275a0a9cdff7907052f3ec/concepts/utcm-authentication-setup.md,2026-09-26T00:00:00Z,,,,,,,"""a21d7a3640f2af629702a23dded7a0506329c67e0943a6c3aa836cb84281c2cc""",,,028096c9176532d42a62c59afce901ed321565cd91fe0818fdc8be25d6af7f13,,200,fb8b18512c374d33,2026-09-28T03:44:40Z
S942,https://raw.githubusercontent.com/microsoftgraph/microsoft-graph-docs-contrib/4ad99fd37a9e2e8538275a0a9cdff7907052f3ec/api-reference/v1.0/resources/unified-tenant-configuration-management-api-overview.md,2026-09-26T00:00:00Z,,,,,,,"""7d9a98290485852fe2316747bd4b3aff07312e9d6321ca258e103a613a670d23""",,,a75675b2cb45a829fc9d877e1b9629a5a9dd72caaf90618af38a41f415ce5446,,200,78b70a72ceb6c568,2026-09-28T03:44:41Z
S943,https://raw.githubusercontent.com/microsoftgraph/microsoft-graph-docs-contrib/4ad99fd37a9e2e8538275a0a9cdff7907052f3ec/api-reference/beta/resources/unified-tenant-configuration-management-api-overview.md,2026-09-26T00:00:00Z,,,,,,,"""97397df8c464255603254f81693b95015e58e95621dda49008ee1350b288a876""",,,c6c0eb0c6faab4b5b98e8f05e761b23524b5742f54722ebee8a9020ca4a4b2c5,,200,f8b708728eb6c568,2026-09-28T03:44:42Z
S944,https://raw.githubusercontent.com/microsoftgraph/microsoft-graph-docs-contrib/4ad99fd37a9e2e8538275a0a9cdff7907052f3ec/api-reference/v1.0/resources/configurationmonitor.md,2026-09-26T00:00:00Z,,,,,,,"""a9f96077b8f9c1f7fe3b3b94c0c8d628ca2d19560348ecd2745d62b1ef6b177a""",,,ffe3e34282fbe2ef800d695e655d8a8cea929eaacec31fd8e7db1de8da04ec80,,200,f96d6660a75ee949,2026-09-28T03:44:43Z
S945,https://raw.githubusercontent.com/microsoftgraph/microsoft-graph-docs-contrib/4ad99fd37a9e2e8538275a0a9cdff7907052f3ec/api-reference/beta/resources/configurationmonitor.md,2026-09-26T00:00:00Z,,,,,,,"""cc77fdd0fc834fe76181ba99d7e46e40ab12d4e9eac1f335a6ff883a91345334""",,,0c3af7086f04c6f83f7603bdbe662241aca63a0103a246e45a3eb27c6860fcd3,,200,e9cd6620a55feb49,2026-09-28T03:44:44Z
S946,https://raw.githubusercontent.com/microsoftgraph/microsoft-graph-docs-contrib/4ad99fd37a9e2e8538275a0a9cdff7907052f3ec/api-reference/v1.0/resources/configurationsnapshotjob.md,2026-09-26T00:00:00Z,,,,,,,"""22ff47ae38afb17e4c81916fc8c64744f0991b434df8f4e11a36916400defde4""",,,4f6fe7d162805fb44e3573e6f1afa443b23b0d8a46f56c10010eb1518752c2d2,,200,5fe6f87adc78880d,2026-09-28T03:44:45Z
S947,https://raw.githubusercontent.com/microsoftgraph/microsoft-graph-docs-contrib/4ad99fd37a9e2e8538275a0a9cdff7907052f3ec/api-reference/v1.0/resources/configurationdrift.md,2026-09-26T00:00:00Z,,,,,,,"""654a92e11769388e652e8154b193f2ff0ef9a091240dcc4d86f638896647f84c""",,,83cf936eb521be397ca68e852ddcb0b6417719db0f8d0fdfbfbb7cc9e95f230e,,200,8fedb4c0cc4c881b,2026-09-28T03:44:46Z
S948,https://raw.githubusercontent.com/microsoftgraph/microsoft-graph-docs-contrib/4ad99fd37a9e2e8538275a0a9cdff7907052f3ec/api-reference/v1.0/resources/configurationmonitoringresult.md,2026-09-26T00:00:00Z,,,,,,,"""6af389200391b14175884c35afac535108bfecf48ca186b4c919c5eb49e6ef52""",,,9d7a275cd4c08cf6ba3f8db950681ced7e43fb1add0f3c475a7446984e2d2a67,,200,ebfc8464270c404e,2026-09-28T03:44:48Z
S949,https://raw.githubusercontent.com/microsoftgraph/microsoft-graph-docs-contrib/4ad99fd37a9e2e8538275a0a9cdff7907052f3ec/api-reference/v1.0/resources/configurationbaseline.md,2026-09-26T00:00:00Z,,,,,,,"""c8d3bf1899478794b1424951fdcacacb27f3ec821439e7e49e31f516fb766d43""",,,340292e776fc6f22502e4563cc6fef278474ea3fe8e9434192425906959c8f8a,,200,79e43c72aee1d980,2026-09-28T03:44:49Z
S950,https://raw.githubusercontent.com/microsoftgraph/microsoft-graph-docs-contrib/4ad99fd37a9e2e8538275a0a9cdff7907052f3ec/api-reference/v1.0/resources/driftedproperty.md,2026-09-26T00:00:00Z,,,,,,,"""73bcbeb3aa24c45378495409a0b374370af915c55e6f11ba71423a681f50f336""",,,8565b64066c698c83870f016e887ce0f956fc31a2f5f1b28c2896ffcc3be7c7e,,200,3a2486e5f9f4d809,2026-09-28T03:44:50Z
S951,https://raw.githubusercontent.com/microsoftgraph/microsoft-graph-docs-contrib/4ad99fd37a9e2e8538275a0a9cdff7907052f3ec/api-reference/v1.0/includes/permissions/configurationmanagement-list-configurationdrifts-permissions.md,2026-09-26T00:00:00Z,,,,,,,"""b2d7c3763d2e3616ba7dcbf5d05a607923452f05245e6387585708cc981eefbe""",,,ceadd231e29496f13c51b9e0d73576899ff82d87f27c9345722947140e4dd139,,200,b747d2f658daac2f,2026-09-28T03:44:51Z
S952,https://raw.githubusercontent.com/microsoftgraph/microsoft-graph-docs-contrib/4ad99fd37a9e2e8538275a0a9cdff7907052f3ec/api-reference/v1.0/includes/permissions/configurationbaseline-createsnapshot-permissions.md,2026-09-26T00:00:00Z,,,,,,,"""f5bf4c3dcdec6c49e2899bb0aab2602bcab70f6e3149f07346d21774a7350120""",,,206d6724cb7d27d8ae1a0420d54aee5741da035e6de41e60086750e6ad6f5378,,200,b7437036d89e0c28,2026-09-28T03:44:52Z
S953,https://raw.githubusercontent.com/microsoftgraph/microsoft-graph-docs-contrib/4ad99fd37a9e2e8538275a0a9cdff7907052f3ec/api-reference/v1.0/api/configurationbaseline-createsnapshot.md,2026-09-26T00:00:00Z,,,,,,,"""2583bc244843b649deadd4899fcfecb33df776d3eeabddd9cc83bf2e7cbcf7c8""",,,3dccc9987409660d44472c6eb9e336ed0f858b266910d7bc4d65d94497e619d6,,200,0ada420861997e20,2026-09-28T03:44:53Z
S954,https://raw.githubusercontent.com/microsoftgraph/microsoft-graph-docs-contrib/4ad99fd37a9e2e8538275a0a9cdff7907052f3ec/api-reference/v1.0/api/configurationmanagement-post-configurationmonitors.md,2026-09-26T00:00:00Z,,,,,,,"""b7950ca947f5d084a729b62ffa76e3965274db24cf22efb19c82fe559673241a""",,,b4c087e1c758cf95b230ed955143d732e76331dba0cd600dea87811e6b403c70,,200,f21243a208d2eb71,2026-09-28T03:44:54Z
S955,https://raw.githubusercontent.com/microsoftgraph/microsoft-graph-docs-contrib/4ad99fd37a9e2e8538275a0a9cdff7907052f3ec/concepts/utcm-intune-resources.md,2026-09-26T00:00:00Z,,,,,,,"""6538201af5f0aa9c204982acc4b03463e90246fbef67c3bbc08cf418ec3048dc""",,,22215cc8705a98fa845485ea1acd52f08dad23a84d486ab70c5e0a14326dce15,,200,b4cf6a39f7777d75,2026-09-28T03:44:55Z
S956,https://raw.githubusercontent.com/microsoftgraph/msgraph-metadata/b8cbef92f6959dca8150bf3edcc650863765e529/clean_v10_metadata/cleanMetadata.xml,2026-09-26T00:00:00Z,,,,,,,"""0d9dc9fd3ec1d723ff75bfe9703a313324d8578e70df48a9d09517ca134ad673""",,,32a4e8f6fa936cb1b46f5d9387f4e53c000895a612fbb4305dcbc08ba9c3032b,,200,af3a986f8467da20,2026-09-28T03:44:57Z
S957,https://raw.githubusercontent.com/microsoftgraph/msgraph-metadata/b8cbef92f6959dca8150bf3edcc650863765e529/clean_beta_metadata/cleanMetadata.xml,2026-09-26T00:00:00Z,,,,,,,"""d76d34eeb207a9d82421582471ae5713ee347beb8bc5778f6a5c83b4ba6d6e7c""",,,9b59d52827e434b15691d55846c7961d7f105b934ff9d03d37b396e8eb60b531,,200,a332080b8c67dc20,2026-09-28T03:44:59Z
S960,https://api.github.com/repos/open-telemetry/opentelemetry-collector-contrib/releases/latest,2026-09-26T00:00:00Z,,,,,,,"W/""26b3bbd8d409f69e27630cdf4547904082eff7e87cdeab9f94442d1c01067f9a""","Tue, 15 Sep 2026 20:46:55 GMT",,8e635a99ad42889f985a7c7ce4ed84480dfaaf2ebc9476e71fbd316d1ae253c0,,200,b884fe7f431427ba,2026-09-28T03:40:20Z
S961,https://raw.githubusercontent.com/open-telemetry/opentelemetry-collector-contrib/v0.161.0/receiver/filelogreceiver/README.md,2026-09-26T00:00:00Z,,,,,,,"""63abe8cc0dcec88b487ff6baf4248ee87435992e3a62b1bcf8e41343eb3019a1""",,,fc1c4906f94e12c9b1d639c3793899fbb6662b27b6fc045dcf3df215ab48fc20,,200,f98b56262b8941bf,2026-09-28T03:44:59Z
S962,https://raw.githubusercontent.com/open-telemetry/opentelemetry-collector-contrib/v0.161.0/receiver/filelogreceiver/metadata.yaml,2026-09-26T00:00:00Z,,,,,,,"""1d4811387b459b4fd6847a33c4d4b0b3b4c871945d633febcc55639ecc5e1f8a""",,,06e3313dde299571efccd90e16a79e298a00508e253abfcf2465b2b15a7266e8,,200,0733d3d7db2d5d52,2026-09-28T03:45:00Z
S963,https://raw.githubusercontent.com/open-telemetry/opentelemetry-collector-contrib/v0.161.0/receiver/windowseventlogreceiver/README.md,2026-09-26T00:00:00Z,,,,,,,"""da3aa2cbe0bd2b0f9f76a2482213724a3037d7933efa23dd32b0f73af79dbd58""",,,a0aebe278d57bcdd6a52f8f1bfd850aea2aa926fd4b3b92adba56fb3df6f80de,,200,79f35c052584afa1,2026-09-28T03:45:01Z
S964,https://raw.githubusercontent.com/open-telemetry/opentelemetry-collector-contrib/v0.161.0/receiver/windowseventlogreceiver/metadata.yaml,2026-09-26T00:00:00Z,,,,,,,"""91c5487e03bb5541b7da0e4d3aba12d737492f8cb8b18e17af5bd203f977be29""",,,38c1250a5e225b20e83da4e512001f09abcf914b3c707eed9d759f757bbc43ce,,200,64e1cb17d78d3964,2026-09-28T03:45:02Z
S1000,https://api.github.com/repos/getsops/sops,2026-09-26T00:00:00Z,,,,,,,"W/""c674c1b474f83444aff1d1c8e5867aec6eb02ed5b93e529c63996e4e37bebf15""","Mon, 28 Sep 2026 01:27:52 GMT",,c7682ebb8146acc6dcbd4f7147760bcff8f57e7096f5c0c235c18f1948c8458d,,200,05e6619cce00f858,2026-09-28T03:40:21Z
S1001,https://api.github.com/repos/FiloSottile/age,2026-09-26T00:00:00Z,,,,,,,"W/""404bc6389d2e178d06cb210a70947b8aee6b1a2f900b15e6c2ef8223ab6dd270""","Sun, 27 Sep 2026 21:50:40 GMT",,560ed7666506667d09b4284454f1acafe58dc9c433bba6f3aee08196c2ae6402,,200,8e93d2079073a79e,2026-09-28T03:40:22Z
S1002,https://api.github.com/repos/hashicorp/vault,2026-09-26T00:00:00Z,,,,,,,"W/""de7db3c5103a3ac475c87039a9946daf9ccc6fbdc621423a4bafd8d8542570a3""","Mon, 28 Sep 2026 02:33:41 GMT",,5afc9ab7e3cc1219ec2deec5734d3a30d2af73182eec25f107eee30924e89095,,200,91572e525077b141,2026-09-28T03:40:23Z
S1003,https://api.github.com/repos/pyca/cryptography,2026-09-26T00:00:00Z,,,,,,,"W/""59238e0b855c15fcf3e5b5142993be026871eea860bad960f7019418b92bf33c""","Sun, 27 Sep 2026 13:16:13 GMT",,1403f269dc6aaf92911a234d4995f8032b63e16e30033c5894254c4ada584643,,200,1f5e0317ca7ff1bc,2026-09-28T03:40:24Z
S1004,https://api.github.com/repos/AGWA/git-crypt,2026-09-26T00:00:00Z,,,,,,,"W/""145a0aa8dd8d214bf900282e8c9b3d434cd1e61594925f90690bd0a439a13abf""","Mon, 28 Sep 2026 01:48:49 GMT",,787a91572ba75079823efd44d71a914da7ac9e349b9afe0491d078ac8087e6dd,,200,e254dfac94793184,2026-09-28T03:40:25Z
S1005,https://api.github.com/repos/microsoft/presidio,2026-09-26T00:00:00Z,,,,,,,"W/""2f479e954c2e52aeb44ec1d2c0fca92e27ab58ddeab1472577b7e442851606cc""","Mon, 28 Sep 2026 01:37:16 GMT",,ac395e9964c3cad6f3e12da6c6b95cf24f1de3ef1876c534deea6501a777e936,https://api.github.com/repositories/132129752,200,1f15473096f73bcd,2026-09-28T03:40:27Z
S1006,https://api.github.com/repos/protectai/llm-guard,2026-09-26T00:00:00Z,,,,,,,"W/""333babe55ec1bffaac57a5b12a6e9e3025865b8131989fa0c6054a6b0d1a0272""","Fri, 25 Sep 2026 19:18:17 GMT",,74f4ee02501077171ca3c90ee3a83dcafcbf7ad715d16a66ba0f4ebce5b9a0e8,,200,5788430576657948,2026-09-28T03:40:28Z
S1007,https://api.github.com/repos/mysto/python-fpe,2026-09-26T00:00:00Z,,,,,,,"W/""2b013c218d2accd2d76b68f04f0bad4802a17a9bac8bc95858b620a9b6d13ee9""","Mon, 03 Aug 2026 08:31:38 GMT",,f1e695e81a5db433779c681a3b9b37145cc8c318fa542f5d665e274a59037693,,200,19517fefc05577da,2026-09-28T03:40:29Z
S1008,https://api.github.com/repos/puppetlabs/puppet,2026-09-26T00:00:00Z,,,,,,,"W/""1c84d9574411891fe8485770762d4c3cc1de4339646b141d900f83aa1fdd4d70""","Sun, 27 Sep 2026 02:14:26 GMT",,2b24e76df9a49cebe705dbc3ad7e07878b1323e28d4735a904b74d266b7e86dd,,200,3cd3e33e3ae3c5aa,2026-09-28T03:40:30Z
S1009,https://api.github.com/repos/inspec/inspec,2026-09-26T00:00:00Z,,,,,,,"W/""30cb891438d28d219e0496754906292d0ac380874d12bbff8c97e2f6063dfd68""","Fri, 25 Sep 2026 12:51:00 GMT",,5798e961235ab44ee1f0de69f512e4a6eecf2723767f1881921ef84e12507e79,,200,d6876fb81f58fcbc,2026-09-28T03:40:31Z
S1010,https://api.github.com/repos/microsoft/Microsoft365DSC,2026-09-26T00:00:00Z,,,,,,,"W/""8053674b40be57ed2ed285f6bd6321e073b3f32a945190cca8cc759c1832ce5b""","Sun, 27 Sep 2026 19:37:49 GMT",,33844658eeaf662b6449e3454fe4f068bbeb15b85e2e9364d40c8546e33f3c49,https://api.github.com/repositories/158580093,200,d1cdc352982dbb72,2026-09-28T03:40:32Z
S1011,https://api.github.com/repos/glpi-project/glpi,2026-09-26T00:00:00Z,,,,,,,"W/""66fbe7cfc0e4586f7ec00f6e2167fd65c82eceaf4e55e8605ca05cf35ed985ab""","Mon, 28 Sep 2026 00:42:03 GMT",,4297bb03a10d14d739fe167e8acd32acef9f2ad25bbc3d1599f133afa0ab8ad7,,200,d491edb36eed47a0,2026-09-28T03:40:33Z
S1012,https://api.github.com/repos/snipe/snipe-it,2026-09-26T00:00:00Z,,,,,,,"W/""c766eda801d0fe6150d36c1db35856f28ecaf96e81b2c3c7983f18bbafcbc0b4""","Mon, 28 Sep 2026 02:43:00 GMT",,e082e09fbfcb3e3d6cfd1ce0ecdeffcc45470bccebe8aa00dd310ab2985c6daf,https://api.github.com/repositories/14346979,200,95c623946bdbf4a3,2026-09-28T03:40:34Z
S1013,https://api.github.com/repos/netbox-community/netbox,2026-09-26T00:00:00Z,,,,,,,"W/""9821f2fc843981dff555c182c51f5a4e1141de10d407b04233554e13363d1528""","Mon, 28 Sep 2026 02:50:10 GMT",,78204f9f63c16f7de1f08722c1bc69bbc09197167072ce95b4050128cb30e07c,,200,92c083d21adbef14,2026-09-28T03:40:35Z
S1014,https://api.github.com/repos/fleetdm/fleet,2026-09-26T00:00:00Z,,,,,,,"W/""d4ad68e4e85542c1b0731d6248cb1f82a78cef4d3cfbfffba37fdeebe50ea297""","Sun, 27 Sep 2026 19:52:00 GMT",,e459b7ef5d3d6b90d021eeb51dded23b0f43a2456c09badb48f6ca06a884b5ad,,200,96d115645395bdab,2026-09-28T03:40:36Z
S1015,https://api.github.com/repos/rundeck/rundeck,2026-09-26T00:00:00Z,,,,,,,"W/""5bccd966c3deddeb39fe6e373be9861604d1f4cb230b3b105f81d0f15b08b3e8""","Mon, 28 Sep 2026 02:05:09 GMT",,51eaf7ec36616b66ce25a1b97e2033bc9ae8502c863e5d4c33cd6e099b9f5458,,200,11d10f104a41baaa,2026-09-28T03:40:37Z
S1016,https://api.github.com/repos/StackStorm/st2,2026-09-26T00:00:00Z,,,,,,,"W/""a4393671ab746fa2918d1187899a0655c45dd205accc69e7133c23467c3bebd5""","Mon, 28 Sep 2026 02:28:42 GMT",,eca99f660677a7148fbc89cdddafe566bd9e513b5be34c9aeb3a02c24114b578,,200,8a0ac3d48f975624,2026-09-28T03:40:39Z
S1017,https://api.github.com/repos/gravitational/teleport,2026-09-26T00:00:00Z,,,,,,,"W/""754dad3a4a3d4fddab5b67fbfbaaa0d17b96785a071b10c3f4781af56cdbda3c""","Sun, 27 Sep 2026 13:55:26 GMT",,139858a8116f32b718ec16260957a449389b8e377ebafcc4b8106583210c8194,,200,ccd067b6ca786d82,2026-09-28T03:40:40Z
S1018,https://api.github.com/repos/ansible/awx,2026-09-26T00:00:00Z,,,,,,,"W/""8b3f8bf554c69c4590b568e70f6727b4938551458f87af1f41e2aa8c79bbc519""","Sun, 27 Sep 2026 11:19:48 GMT",,0f313c6c08430c7a69c67918dfa55e8b6e3521485cd82c9bee5b8d16d3b6f36c,,200,1c5a75045bd935ec,2026-09-28T03:40:41Z
S1019,https://api.github.com/repos/microsoft/mcp,2026-09-26T00:00:00Z,,,,,,,"W/""bd78c5d9b74a6918c52159e6eb23b32171e46e7798935431113699f9caf21a26""","Mon, 28 Sep 2026 02:42:07 GMT",,5b46eb7d88d6906be151e8a0356599da19effbec00d5cafdc22ea75e8d3d7dfc,,200,b496d73bc3dda364,2026-09-28T03:40:42Z
S1020,https://api.github.com/repos/open-telemetry/opentelemetry-collector,2026-09-26T00:00:00Z,,,,,,,"W/""e3950ea465788ec49977b49eec989887aa60ce39f78913d9df04e11528dc0cd0""","Mon, 28 Sep 2026 02:14:40 GMT",,07fc1907c9c1f24c80d1892fee1eb53a8a3fc780f5fad8188a6bd1c63cbbace1,,200,1c6d51974f817398,2026-09-28T03:40:43Z
S1021,https://api.github.com/repos/fluent/fluent-bit,2026-09-26T00:00:00Z,,,,,,,"W/""a2da81f707661346ec9cd005fbbdc1365572f28c797158cb5e89723548b51135""","Sun, 27 Sep 2026 15:15:56 GMT",,33a6acf65d88113af1726a644d0b76f9e52602f4f574bd057c6434fc7abde9e7,,200,97f4f23d0257262c,2026-09-28T03:40:44Z
S1022,https://raw.githubusercontent.com/pydantic/pydantic-settings/f725ca187bee4212e9ef799eefa3cb25be788462/README.md,2026-09-26T00:00:00Z,,,,,,,"""c32948d72d195a4a0203e051de54b5612b869d7fd3e201ec555985b50f9d9f5d""",,,bc1a30d9b35d13a23b395b9162efe84b4b30d84146efe30ce410b59a326a8c62,,200,24b279ae47a8ba86,2026-09-28T03:45:04Z
S1023,https://raw.githubusercontent.com/dynaconf/dynaconf/3.3.5/README.md,2026-09-26T00:00:00Z,,,,,,,"""7fb2327c755c0a9cb9dde8c8b05ab8a6e81a4347a08b9949e53469b518cb8c8d""",,,40de8f5d9b3f4768030fbdad5698cf391507806531028c3cb8873bb5e2a08331,,200,f43de98df339cbd3,2026-09-28T03:45:05Z
S1102,https://raw.githubusercontent.com/hashicorp/vault/HEAD/LICENSE,2026-09-26T00:00:00Z,,,,,,,,,,,,,,
S1103,https://raw.githubusercontent.com/pyca/cryptography/HEAD/LICENSE,2026-09-26T00:00:00Z,,,,,,,,,,,,,,
S1104,https://raw.githubusercontent.com/inspec/inspec/HEAD/LICENSE,2026-09-26T00:00:00Z,,,,,,,,,,,,,,
S1105,https://raw.githubusercontent.com/fleetdm/fleet/HEAD/LICENSE,2026-09-26T00:00:00Z,,,,,,,,,,,,,,
S1106,https://raw.githubusercontent.com/ansible/awx/devel/LICENSE.md,2026-09-26T00:00:00Z,,,,,,,,,,,,,,
S1200,https://techcommunity.microsoft.com/blog/windows-itpro-blog/advancing-windows-security-disabling-ntlm-by-default/4489526,2026-09-26T00:00:00Z,,,,,,,,,,,,,,
S1201,https://learn.microsoft.com/en-us/windows-server/identity/ad-ds/ldap-signing,2026-09-26T00:00:00Z,,,,,,,"""8mOFgv+ktRIv1lN/+P+y4dq4iC0=""","Wed, 26 Aug 2026 00:01:02 GMT",7da56012cbf1a676b519ebd396af0876138dc044,dc5e9ca2fccb26fdcb9fd2eb0c9d724ef8478511832046db8ffa1d5cf0744124,,200,08b812761735b597,2026-09-28T03:40:38Z
S1202,https://learn.microsoft.com/en-us/windows-server/storage/file-server/smb-signing,2026-09-26T00:00:00Z,,,,,,,"""C+B3gg6w/mFl02dDk5lj+Gm1gdg=""","Tue, 25 Aug 2026 23:01:34 GMT",825a9b7a89b5e872e1542287bec3a6904fb08c83,c142c68916cc5cc1f3e44853db289a5a3a0ef96e48f44a53ad78d14b85056d07,,200,e5421bc425fb8a1f,2026-09-28T03:40:40Z
S1203,https://techcommunity.microsoft.com/blog/filecab/smb-security-hardening-in-windows-server-2025--windows-11/4226591,2026-09-26T00:00:00Z,,,,,,,,,,,,,,
S1204,https://learn.microsoft.com/en-us/windows-server/identity/ad-ds/manage/delegated-managed-service-accounts/delegated-managed-service-accounts-overview,2026-09-26T00:00:00Z,,,,,,,"""DTnbPDzVN/fm2ilIk/sceCueDaY=""","Wed, 26 Aug 2026 04:27:22 GMT",ef9afdb74d7e649d54aeaf104efe28dcd857ff2f,44e8415de5bfd9710205c503a902da355e6b83287b1300b1b8eb01f6322e810d,,200,256beff40eca0ff1,2026-09-28T03:40:41Z
S1205,https://learn.microsoft.com/en-us/windows-server/security/credentials-protection-and-management/protected-users-security-group,2026-09-26T00:00:00Z,,,,,,,"""C0KohsrjFRZiDtyurURNQ+eMvOA=""","Tue, 25 Aug 2026 22:49:25 GMT",a67a8c2abcdc729692a24f904778f0b5e8f67773,102d5ca809f64423ff372c04134e585e15c789f9ab7e9b534083d5a2c2c432cd,,200,8fe35376034d164a,2026-09-28T03:40:42Z
S1206,https://learn.microsoft.com/en-us/sql/sql-server/azure-arc/microsoft-entra-authentication-with-managed-identity?view=sql-server-ver17,2026-09-26T00:00:00Z,,,,,,,"""09bvAVSM9YRk2T2hOdeVZeubXEA=""","Tue, 25 Aug 2026 05:10:56 GMT",e1f04b23e13c80057f339c32b3e196d428eee0cc,3cb2cf06da86b99a2206a2e429934a81642d05b5fbc782e97a481012d85f8182,,200,d26baf741bfd6e58,2026-09-28T03:40:43Z
S1207,https://learn.microsoft.com/en-us/sql/relational-databases/security/authentication-access/azure-ad-authentication-sql-server-overview?view=sql-server-ver17,2026-09-26T00:00:00Z,,,,,,,"""5FqHLmsoNK9Sav3Ye9jusVJ2rWw=""","Mon, 24 Aug 2026 20:02:29 GMT",2b1560ace793f3b5b44b879c6d0b915584c1e5e2,74c9b2dec5448080fc1f9a4fe76d01f93c9971f59a71016c7c75badad085808d,,200,f51e8706f7500c66,2026-09-28T03:40:44Z
S1208,https://ldap3.readthedocs.io/en/latest/bind.html,2026-09-26T00:00:00Z,,,,,,,"W/""77c677327ac355b4eb856a41a9bab4e1""","Sat, 18 Apr 2026 15:31:44 GMT",,13a8ed3e59b554674caf9e2f993557284b849f1da4bdb9c5b7037952ca75292b,,200,f2eea2c40850bdbb,2026-09-28T03:40:11Z
S1209,https://github.com/cannatag/ldap3/issues/669,2026-09-26T00:00:00Z,,,,,,,,,,cd22889d71676b58625b5eef1218519c6108f7ec753541766397f2e51b7f43ce,,200,80767cfc73896a12,2026-09-28T03:40:38Z
S1210,https://learn.microsoft.com/en-us/security/privileged-access-workstations/privileged-access-access-model,2026-09-26T00:00:00Z,,,,,,,"""+3mGNKtIEWrGOpCwsims6Dbs3cY=""","Mon, 24 Aug 2026 18:29:12 GMT",c3fd0f3b325487eb89426af63bb57d0bb82bfdfd,f48e90a994e144e98efdf5d4d129359b7d9d5156f74e628f8ce0350eb2440306,,200,271ae53e567c43a5,2026-09-28T03:40:46Z
S1211,https://learn.microsoft.com/en-us/microsoft-identity-manager/pam/privileged-identity-management-for-active-directory-domain-services,2026-09-26T00:00:00Z,,,,,,,"""4Em4VNufbzFoRXkb3Qir7vOjtlc=""","Tue, 25 Aug 2026 23:17:12 GMT",be484855d327053103e34dbe1a505002a3db6eea,ed51bd5522a382c05000826b20a62532e3ec9e7cbcf32d59ff7619fd19af50c8,,200,f19f8538325cde41,2026-09-28T03:40:47Z
S1212,https://learn.microsoft.com/en-us/troubleshoot/mem/configmgr/setup-migrate-backup-recovery/enable-mfa-for-sms-provider-calls,2026-09-26T00:00:00Z,,,,,,,"""WwseajRNbwDXWoWNbxnGu8ipSfI=""","Thu, 10 Sep 2026 18:12:18 GMT",db5c845ae06d3b9c66f7a8df750945c54f70033b,2513e2320c6cecabbbeae24a8221becdf9deff53e62ff96e0379da259dc54b72,,200,9376f96096d8df32,2026-09-28T03:40:48Z
S1213,https://forums.prajwaldesai.com/threads/cm-2509-adminservice-now-rejects-ntlm-authentication.10235/,2026-09-26T00:00:00Z,,,,,,,,"Mon, 28 Sep 2026 03:40:11 GMT",,cff3270f53b384979ddc8a67187b6cae906a3a6afd4d655bd2696af4f985e2c9,,200,9e1914cd26b64b23,2026-09-28T03:40:12Z
S1214,https://learn.microsoft.com/en-us/windows-server/get-started/removed-deprecated-features-windows-server-2025,2026-09-26T00:00:00Z,,,,,,,"""u5y6kHqSgG2BfZSL72pDPyaKhJY=""","Tue, 25 Aug 2026 22:46:30 GMT",6b54529af3a0387872d767689f83822624bd12b3,4b7536016a1b3b81735f799aced7497bb8edafe52e58c6df90a8d53ce85daea9,https://learn.microsoft.com/en-us/windows-server/get-started/removed-deprecated-features-windows-server?accept=text%2Fmarkdown,200,eba52ffa18e5a498,2026-09-28T03:40:49Z
S1215,https://support.microsoft.com/en-us/servicing/os/windows/2025/11/how-to-manage-kerberos-kdc-usage-of-rc4-for-service-account-ticket-issuance-changes-related-to-cve-2,2026-09-26T00:00:00Z,,,,,,,,,,d5375e9f393e25eb579924b1ea26834616f6d4d5c57b36748362404668f28a24,,200,94cda0d7b1d9882b,2026-09-28T03:40:12Z
S1216,https://www.microsoft.com/en-us/windows-server/blog/2025/12/03/beyond-rc4-for-windows-authentication/,2026-09-26T00:00:00Z,,,,,,,,,,320c807b107a0395263e66f41755ec28f40c4f1fbd03085631152141aff5c07c,,200,35563654a31d344f,2026-09-28T03:40:28Z
S1217,https://techcommunity.microsoft.com/blog/askds/what-is-going-on-with-rc4-in-kerberos/4489365,2026-09-26T00:00:00Z,,,,,,,,,,,,,,
S1218,https://learn.microsoft.com/en-us/intune/configmgr/core/understand/fundamentals-of-role-based-administration,2026-09-26T00:00:00Z,,,,,,,"""0s0fX5QHuK0g51HGMHfbL7P9a4I=""","Tue, 01 Sep 2026 19:10:38 GMT",d3432a8c0e9a1b8706eff71005a6b7ca53c35f98,d925473fe6c0bcf45e13cc4a8851bbcffca8edbdb025854323862555364bf471,,200,f350032a0ac7cd58,2026-09-28T03:40:50Z
S1219,https://learn.microsoft.com/en-us/windows-server/identity/whats-new-active-directory-domain-services,2026-09-26T00:00:00Z,,,,,,,"""sas3o7LnTVpej5REcPwrPbXfWgQ=""","Tue, 25 Aug 2026 23:16:47 GMT",8c0fe67df110e05240e88984f3bba46ad94328b9,b1ce723e46738b8169b108fb75dfbb0bcc017ff7cee0233b807e0548bf34a176,https://learn.microsoft.com/en-us/windows-server/get-started/whats-new-in-windows-server-2016?accept=text%2Fmarkdown,200,63ff780fb3f17ef9,2026-09-28T03:40:52Z
S1220,https://www.python-ldap.org/en/python-ldap-3.3.0/reference/ldap-sasl.html,2026-09-26T00:00:00Z,,,,,,,"W/""388eff8c657aa7766f22d49f40fb7c90""","Fri, 29 Jan 2021 14:05:51 GMT",,caef7301a20fcd04de0f0723db2a7cc245d373b6360dfb7a276baff542b1edc8,,200,09f03c9a6e0174cf,2026-09-28T03:40:15Z
S1221,https://learn.microsoft.com/en-us/windows/win32/adsi/binding-with-encryption,2026-09-26T00:00:00Z,,,,,,,"""SUfvdpbaiP07bPAjzEVZO6LznwU=""","Thu, 27 Aug 2026 16:26:17 GMT",ab0b1d1de9ab00a01b5a865984530c1dc6de777b,8874346048e602adb3c189d992b6d80e22947d4c0f79b025057ddea221db3665,,200,b881c44a3ae1a242,2026-09-28T03:40:52Z
S1222,https://learn.microsoft.com/en-us/windows/win32/secauthn/tls-cipher-suites-in-windows-server-2025,2026-09-26T00:00:00Z,,,,,,,"""i+KfEBqw/RZxb/uXZtv0dDLzDbg=""","Thu, 27 Aug 2026 10:28:22 GMT",3630e3685e83afde698680384a45e0e8244d5c68,76212acd64bc021671eb5c377ebf42978ae618e10a64fac7c9234d51ff1ec8ef,,200,23dcebc13dbd1290,2026-09-28T03:40:54Z
S1223,https://learn.microsoft.com/en-us/entra/msal/dotnet/advanced/proof-of-possession-tokens,2026-09-26T00:00:00Z,,,,,,,"""CNJpMuNKrbRZry1TxKzZhtP/XUQ=""","Fri, 04 Sep 2026 23:06:33 GMT",12119e346c37e48c9de83a3adfa13b3ae7079291,25edcc71df6ddfe9b3897587da73e13e605de7b147b398df9e2e20d103c6d097,,200,94e3037384053752,2026-09-28T03:40:54Z
S1224,https://support.microsoft.com/en-us/topic/kb5014754-certificate-based-authentication-changes-on-windows-domain-controllers-ad2c23b0-15d8-4340-a468-4d4f3b188f16,2026-09-26T00:00:00Z,,,,,,,,,,918c32fb1c1d96d5166b9c6b036798ccd05ea6696bce02ed2635b169078019c7,https://support.microsoft.com/en-us/servicing/os/windows-server/2022/05/kb5014754-certificate-based-authentication-changes-on-windows-domain-controllers,200,7ffa4222c335a289,2026-09-28T03:40:14Z
S1225,https://learn.microsoft.com/en-us/security/privileged-access-workstations/privileged-access-devices,2026-09-26T00:00:00Z,,,,,,,"""8l+mgbwkRKpDPxFVcUfHhx0PlMc=""","Mon, 24 Aug 2026 18:43:41 GMT",54dc947cde988cf65f5189e174c3a227ac950d47,f868d2ac3cfcba6e6ebce75db6f810e9829a1d25500cb6afcb0dd741655d745c,,200,a5a41daceb3be084,2026-09-28T03:40:56Z
S1226,https://learn.microsoft.com/en-us/windows-server/identity/laps/laps-overview,2026-09-26T00:00:00Z,,,,,,,"""jI7Pqz/iRhJw42VIKkMR5TDAbZY=""","Wed, 16 Sep 2026 17:48:41 GMT",5c1eb6800e93f316e26c18b6c59a283dc71c0747,577afe6ea6cd92189f0d6237c5f66fa7228c23e1ecb7c0038c25adc14fe9bc2a,,200,e79153c1f8835441,2026-09-28T03:40:57Z
S1227,https://learn.microsoft.com/en-us/entra/identity/conditional-access/concept-token-protection,2026-09-26T00:00:00Z,,,,,,,"""/uFy3s+PZaM5uRCNBF+NQgr5dt0=""","Mon, 24 Aug 2026 12:45:55 GMT",c13a0417503d82113f700cdc2337751ea801dd83,90ce2a858a5e7dbf5fde56ea3757071d9057abc0a1476f8781777a22019e6806,,200,f7340973f5e71e75,2026-09-28T03:40:58Z
S1228,https://raw.githubusercontent.com/MicrosoftDocs/windowsserverdocs/16dafaddc757fb0b4ad7e5f8da33fbfc888fbcd4/WindowsServerDocs/storage/file-server/smb-security-hardening.md,2026-09-26T00:00:00Z,,,,,,,"""35a6d99fa3f9ecc500462019e8a697a4565132400bcca5ae02ec6d81a42edf40""",,,393f31743eba69e60f8dd0ae66c7f343c0336e0833aeb62569eaaccf785d7e1f,,200,e7fc8daae2a2dca8,2026-09-28T03:45:06Z
S1270,https://learn.microsoft.com/en-us/entra/msal/python/advanced/wam,2026-09-26T00:00:00Z,,,,,,,"""HPz6J6bhyMdaNQyzRyjHbSXndMk=""","Thu, 17 Sep 2026 10:08:15 GMT",a4640c1cd45ba0e5aa9f0162e289cc5032fba2cf,567681ab999c90be6f337ec5fa5d2096768a8445b28884e9539dc2e2be4114d1,,200,b2bae5fd08446e20,2026-09-28T03:40:59Z
S1271,https://learn.microsoft.com/en-us/entra/identity-platform/scenario-desktop-acquire-token-wam,2026-09-26T00:00:00Z,,,,,,,"""FEhY4bzFLxJUlBpvdHCcCEux9GE=""","Mon, 21 Sep 2026 08:59:51 GMT",a4be4ac419c4e857b1c4de7dee22c9f7e0c750f9,2af7f51478eed8d5414c5d561a64b4a65187582771e8a7f985cc58c07fefcc37,,200,b39a2bfcb333feea,2026-09-28T03:41:00Z
S1272,https://learn.microsoft.com/en-us/entra/identity/conditional-access/concept-authentication-flows,2026-09-26T00:00:00Z,,,,,,,"""YmCa+ssVhOheMbrEj2NMeUo3cTw=""","Mon, 24 Aug 2026 12:50:30 GMT",0593e51a3816f443f3da2d8208de8afcede44f53,85d2818cbc47c30c6b91f957b1109f1a6ae55b32d2de4280dc080653e3593d37,,200,87c5683aae47fa38,2026-09-28T03:41:01Z
S1273,https://learn.microsoft.com/en-us/entra/identity/conditional-access/policy-block-authentication-flows,2026-09-26T00:00:00Z,,,,,,,"""QE+PGp09ID9XokseyfkiH5SjFYY=""","Mon, 24 Aug 2026 12:49:39 GMT",9426bea8fa88250dcda61ed8c575976fd0948778,0906b90b97aef1ed93b822bdaf9002ddd26efb1233d52dd08cb477e93c8da73a,,200,8686f17c04e43c8e,2026-09-28T03:41:03Z
S1274,https://learn.microsoft.com/en-us/entra/identity/conditional-access/deployment-guide-token-protection-windows,2026-09-26T00:00:00Z,,,,,,,"""QUoq21l9i01ohVgp2aLAdTEDaXg=""","Thu, 24 Sep 2026 23:14:22 GMT",669e5943d6a56ee9049441be22f2d5dbaeb00515,2aedfe08e9d58c621de865539a4b536960047fec211ab33a97bb5e1bf8436f35,,200,726e12dbceb57e9b,2026-09-28T03:41:03Z
S1276,https://docs.gitlab.com/ci/cloud_services/,2026-09-26T00:00:00Z,,,,,,,"W/""d91fa9fa99c05d87bc6d0f26a444e98c2de44f2cffde57d502eda6a94d22e6ad-br""","Mon, 28 Sep 2026 02:13:08 GMT",,99dba86d4a631cf8b452cd7d774b97d060e6b6c51a760f4c208ce081e7f9ecbd,,200,60811eacb38f6fa6,2026-09-28T03:40:16Z
S1277,https://docs.gitlab.com/ci/secrets/id_token_authentication/,2026-09-26T00:00:00Z,,,,,,,"W/""d91fa9fa99c05d87bc6d0f26a444e98c2de44f2cffde57d502eda6a94d22e6ad-br""","Mon, 28 Sep 2026 02:13:09 GMT",,a8164a5ba0a995cbecd1f2ec9411e790329b63b6a0756150382282535a574468,,200,c9be7a76e3cac3a4,2026-09-28T03:40:16Z
S1278,https://learn.microsoft.com/en-us/entra/workload-id/workload-identities-federated-credential-mutable-subjects,2026-09-26T00:00:00Z,,,,,,,"""o3I1Q6Kzz+fWPa80chSSjZ9DnMM=""","Mon, 24 Aug 2026 17:11:27 GMT",f53d64f76a38dc6a47479d94658a9ad22f4409a0,fcd181f887e46760bdf3c9138b07b651746a2e645d31b77931b93195f77f8561,,200,457ca56ee2d05817,2026-09-28T03:41:04Z
S1279,https://learn.microsoft.com/en-us/entra/identity/hybrid/connect/how-to-connect-sync-feature-scheduler,2026-09-26T00:00:00Z,,,,,,,"""786XYFMHWo871FPlzSoeKCv33lQ=""","Fri, 18 Sep 2026 02:08:27 GMT",89033f49670b05030f05cd9a57e7372c33fbecb4,f97955e299f579d341af3daa4d48770fb942d7d7631ce316f288424396620973,,200,20aeefb25d105aa1,2026-09-28T03:41:06Z
S1280,https://learn.microsoft.com/en-us/entra/identity/hybrid/cloud-sync/reference-cloud-sync-faq,2026-09-26T00:00:00Z,,,,,,,"""W3N3I+pgLaPTk6c93giYVE0WOss=""","Mon, 24 Aug 2026 14:30:31 GMT",7e7f75a19b7980129c9e082f14d3885ef7d15f4a,abc13e680579146a7435f00981c43b98c0d46f9bfd3be465795962e4418f90c4,,200,5f96a894188b7597,2026-09-28T03:41:07Z
S1281,https://learn.microsoft.com/en-us/entra/identity/hybrid/group-writeback-cloud-sync,2026-09-26T00:00:00Z,,,,,,,"""9luRIuF0Z+yWSqtBZejedJw2VK0=""","Thu, 24 Sep 2026 17:58:11 GMT",e12ee33874afa8164c88fed97789e51592c56c32,4ae02b954d55b6e4221ec2f5c84756c5669209db5f6e2196d9fcd8ade4fed970,,200,b65bfd8c8c681a73,2026-09-28T03:41:08Z
S1282,https://learn.microsoft.com/en-us/entra/id-governance/privileged-identity-management/groups-activate-roles,2026-09-26T00:00:00Z,,,,,,,"""Fe19nY9UhJirYsICfvpsq0mlEOo=""","Mon, 24 Aug 2026 17:01:45 GMT",cc99fe426a172791c92ed78acff6143675b9aa95,050fe91b09d9a7563daf3d5008572121d1fd3e966783b61a1f91a13189315f9d,,200,9fd010b96eb8c635,2026-09-28T03:41:09Z
S1283,https://learn.microsoft.com/en-us/entra/id-governance/privileged-identity-management/groups-role-settings,2026-09-26T00:00:00Z,,,,,,,"""MsBeqCSl1HoKm9Cs5cFSG+XmHeM=""","Mon, 24 Aug 2026 15:36:37 GMT",58ec1e653b7abf452cba5664df909bfbc4be66dc,3891447d59b7911408509da57a8bec75ad031811f6a518070855a18de7055897,,200,0cd86faf4a01c696,2026-09-28T03:41:10Z
S1284,https://learn.microsoft.com/en-us/entra/identity/hybrid/connect/how-to-connect-fed-group-claims,2026-09-26T00:00:00Z,,,,,,,"""Nn1weABrsx8VrwphK2ujw3GrHO4=""","Thu, 17 Sep 2026 22:48:55 GMT",89033f49670b05030f05cd9a57e7372c33fbecb4,edb26124cef9077774f67e0667d80424892bb6e4f3b6ba5cf601c95c394c34e3,,200,3f6f25e0058717d1,2026-09-28T03:41:11Z
S1285,https://learn.microsoft.com/en-us/security/zero-trust/develop/configure-tokens-group-claims-app-roles,2026-09-26T00:00:00Z,,,,,,,"""tYJ2OqhQh1xUNCrr3qNkH9dI4qs=""","Mon, 24 Aug 2026 18:31:42 GMT",1021a9929dcde026370d95ad92f408493d24708d,5ca2012f99d973a84dd6cf5ef64d461d4090c961dc2fbbc234f30568829941c4,,200,d57a9c18758181dd,2026-09-28T03:41:12Z
S1286,https://learn.microsoft.com/en-us/graph/api/directoryobject-checkmembergroups?view=graph-rest-1.0,2026-09-26T00:00:00Z,,,,,,,"""EtsbM2Af7TQFA8DbcCYFheFIi5Y=""","Tue, 25 Aug 2026 00:51:07 GMT",2d078dfc691e4864401e32b951faeaef5922e812,a747429d87ca3b9c009e04e477800738eb981b03b1f8ee58fe38df747e68a3be,,200,1df732389b15b662,2026-09-28T03:41:13Z
S1287,https://learn.microsoft.com/en-us/graph/api/directoryobject-getmembergroups?view=graph-rest-1.0,2026-09-26T00:00:00Z,,,,,,,"""aMm3I8TDaMRk+y/Ckb3GSn9b7bw=""","Tue, 25 Aug 2026 01:51:08 GMT",9457d214a76a937894f10214bc7813882bbde483,0bf6963476bb373b0e6f1ee2995231df177d68c4112ba6007b02e902a349f6da,,200,cdbb07bd41373440,2026-09-28T03:41:14Z
S1289,https://learn.microsoft.com/en-us/azure/azure-arc/servers/cloud-native/identity-access,2026-09-26T00:00:00Z,,,,,,,"""bNt/dt4YmOnDhM3jwkpD6147vtQ=""","Tue, 25 Aug 2026 05:13:32 GMT",70abb0ac6c8fa2de8df1d7ef89234408a3912c02,09cc953a657f35e77a8bfa3d62649e6c72c6abad523674fb00813c24441e64c4,,200,f15922fff75f27ca,2026-09-28T03:41:15Z
S1290,https://learn.microsoft.com/en-us/azure/azure-arc/servers/managed-identity-authentication,2026-09-26T00:00:00Z,,,,,,,"""UOLcwqgslxfRgMFIyduGTwrYXmY=""","Mon, 24 Aug 2026 22:48:19 GMT",5f87ebc8ca1cc42b32a8e943b5f4079712922891,75f142eafcdf2b839f5ce16e22143d2b6b200d348c2f750d1abf30e71b1e77cf,,200,91e0400f46c231eb,2026-09-28T03:41:17Z
S1291,https://learn.microsoft.com/en-us/entra/architecture/resilience-with-continuous-access-evaluation,2026-09-26T00:00:00Z,,,,,,,"""vEg9xN/i1XOdm8+baL+KaJlhLw8=""","Wed, 26 Aug 2026 15:11:04 GMT",3e7bfc8000ef8389e948449892e4ab7044ab6efc,7b5683c1f0d0a138d4a12d93d430ff8792a582d52fb31c24519243209190192b,,200,058cb9c1075c655d,2026-09-28T03:41:18Z
S1292,https://learn.microsoft.com/en-us/entra/identity/conditional-access/concept-continuous-access-evaluation,2026-09-26T00:00:00Z,,,,,,,"""ZWnI229K/Krlh9HfKxaQvlW75W4=""","Tue, 22 Sep 2026 17:43:48 GMT",0ec2a02b41a25a00c5098b7c3084645782ce54fe,258752bc17daa440d6f31cccc38f05678fb30ffdd31e0e89055f68d9787da3c5,,200,3f2134b065ff0fc4,2026-09-28T03:41:19Z
S1293,https://learn.microsoft.com/en-us/entra/workload-id/workload-identity-federation-considerations,2026-09-26T00:00:00Z,,,,,,,"""i2UCiyW3/HvDKwkOQqGm+Eb0uEE=""","Mon, 24 Aug 2026 12:43:49 GMT",949ccfc1c8db4cd8e5c644e07b410a6f155a130d,18aaa0d2ff4635d6fae07d0ea12b1993c031f9e8150a86179a2dbfd3d0eaf716,,200,ce1bee0b246ad268,2026-09-28T03:41:20Z
S1294,https://learn.microsoft.com/en-us/entra/workload-id/workload-identities-flexible-federated-identity-credentials,2026-09-26T00:00:00Z,,,,,,,"""wHXjtIAVQic77zfYMUDT5XrwHVg=""","Wed, 23 Sep 2026 07:50:20 GMT",9f7043ca1f8865189bfeebccd8cd8459042fc06d,f2366c89b9ee9b7fb4ec738f09ce52a44e2880a733182da7712f7978de382b9d,,200,d77a1fe5b2ce6290,2026-09-28T03:41:21Z
S1296,https://learn.microsoft.com/en-us/entra/identity-platform/app-resilience-continuous-access-evaluation,2026-09-26T00:00:00Z,,,,,,,"""QPsf3pqyuP48gSBmaDgd8vyKJwA=""","Fri, 28 Aug 2026 09:36:48 GMT",a4be4ac419c4e857b1c4de7dee22c9f7e0c750f9,51bc2fe29fc1ffb305db6938b8b1346315d2b786e6f0efb6f2fc8db483f8de52,,200,2ff0e405604acc8a,2026-09-28T03:41:22Z
S1297,https://learn.microsoft.com/en-us/entra/identity-platform/v2-oauth2-on-behalf-of-flow,2026-09-26T00:00:00Z,,,,,,,"""aa0T/MMYQipnBhn6+mLi0CvQ2Wo=""","Fri, 28 Aug 2026 07:48:15 GMT",a4be4ac419c4e857b1c4de7dee22c9f7e0c750f9,c441e573947e2a69f8032d9cd58e2debdce0f8f914c2f7b686f79ae137e427f1,,200,890dad941909c3f2,2026-09-28T03:41:23Z
S1298,https://learn.microsoft.com/en-us/windows-server/security/kerberos/kerberos-constrained-delegation-overview,2026-09-26T00:00:00Z,,,,,,,"""yfOmbE33B4csTGM+tVseCazuDD4=""","Tue, 25 Aug 2026 23:17:51 GMT",7c897f6c2e2ed8b3db48900d125d3aa65f5bbb5f,a8f75593c8c91fa449aa28e7a53a7156eac1d735ae29757ff061aa6d4158d986,,200,5fe4f0fb2b191f06,2026-09-28T03:41:24Z
S1299,https://learn.microsoft.com/en-us/entra/identity/app-proxy/how-to-configure-sso-with-kcd,2026-09-26T00:00:00Z,,,,,,,"""EB3LKyQF1lzDGkGEX9TDsq+g2ig=""","Mon, 24 Aug 2026 13:38:13 GMT",2cd40d2f4ee582ffdbc18122e5b33dcbff7afd7b,f49b0d0b4bc7bde4c1b0844d1afff100e650979ef8c01428c3e7e77a1cd61f5b,,200,48f03a84128de1d6,2026-09-28T03:41:25Z
S1300,https://bex.co/blog/2026/07/09/mcp-enterprise-managed-authorization-id-jag,2026-09-26T00:00:00Z,,,,,,,,,,9d536c7477c17be9280bad7015e362ee22a0b25956c244b162c6025d4f94572a,,200,79da6bfcabd75b10,2026-09-28T03:40:17Z
S1301,https://learn.microsoft.com/en-us/microsoftteams/platform/bots/how-to/authentication/bot-sso-overview,2026-09-26T00:00:00Z,,,,,,,"""e9wMBzXbfhjJXAHsNKRnamzJCFo=""","Tue, 01 Sep 2026 15:08:49 GMT",b9b970c8f2f87c839a7ae132f3487470cce16d8d,15774756898d1df176b268eb72ad87d9a384d0e306a4504e505a843590faba96,,200,82641226d7d9a7fb,2026-09-28T03:41:26Z
S1302,https://raw.githubusercontent.com/MicrosoftDocs/entra-docs/d75a90ea1b07d0d2007cfab256c1ad02653d1e35/docs/workload-id/workload-identity-federation-create-trust.md,2026-09-26T00:00:00Z,,,,,,,"""3e0ea5ac98cf0ea174fe740126075bef63b8f33a475d06f10bb7ce49f578fed3""",,,6e4df91de82fcc3f7783232d9241b9ed2a0c3f72ce52a6698be49a417db146ad,,200,d82eeb1893b973c4,2026-09-28T03:45:07Z
S1303,https://msal-python.readthedocs.io/en/latest/,2026-09-26T00:00:00Z,,,,,,,"W/""a47b629ae455a91e0a96386793c79219""","Thu, 17 Sep 2026 15:45:36 GMT",,046f47bce61782305952e0da5cf474a4e6bab2482a21fc1725bbfb0a94686047,,200,ce9d944563a775a6,2026-09-28T03:40:18Z
S1304,https://learn.microsoft.com/en-us/entra/identity-platform/howto-configure-app-instance-property-locks,2026-09-26T00:00:00Z,,,,,,,"""7LSmip4+HQHcoSsJpkM+0N5PO9c=""","Fri, 28 Aug 2026 13:19:06 GMT",a4be4ac419c4e857b1c4de7dee22c9f7e0c750f9,483e15bbb750c23f1e2a23ecf60db2b3513c75a176c65a5a778bba1711c0fcdf,,200,877eb0e60e40e730,2026-09-28T03:41:27Z
S1305,https://learn.microsoft.com/en-us/entra/identity/conditional-access/workload-identity,2026-09-26T00:00:00Z,,,,,,,"""mKeuTovR+S0nvRoY5NOXugFpNGs=""","Mon, 24 Aug 2026 13:03:54 GMT",09b6a3eb78dc8f9066a4b6a8540ac73f43feda1c,e44a13293a67f672ee755be6e4887ab4bcf85cae99e57ba1afbc3d0be68f084b,,200,773b34b284c87433,2026-09-28T03:41:29Z
S1306,https://learn.microsoft.com/en-us/entra/identity/conditional-access/concept-continuous-access-evaluation-workload,2026-09-26T00:00:00Z,,,,,,,"""8oTz5Oxurs/ko4GvW2cyfcp4tI4=""","Mon, 24 Aug 2026 14:59:57 GMT",1c617b409ec4e34a4103e2b42b8aaab1fe278d69,60dcfe3c64d88776a95f36475f667b54056eb6beccd93497228e26ea720feb94,,200,042c9314ebdd571f,2026-09-28T03:41:30Z
S1307,https://learn.microsoft.com/en-us/azure/azure-arc/servers/cloud-native/licensing-cost-management,2026-09-26T00:00:00Z,,,,,,,,,,,,,,
S1308,https://learn.microsoft.com/en-us/entra/identity/managed-identities-azure-resources/assign-app-role-managed-identity-powershell,2026-09-26T00:00:00Z,,,,,,,"""K9nPh70iM+oNDGYscsQKVP+cSkE=""","Mon, 24 Aug 2026 19:05:04 GMT",6067a0fa95d2a300a8f73b8505c7581701b290f1,d4ccdb184f90a322c048939bedf41419fb947ac6a8458736aa2710d6d1548d27,,200,c7aa13fed5e65c67,2026-09-28T03:41:32Z
S1309,https://learn.microsoft.com/en-us/powershell/module/microsoft.graph.applications/new-mgserviceprincipalapproleassignment,2026-09-26T00:00:00Z,,,,,,,"""YqcenBNqzB3T9ELoGjI0WwbL4fc=""","Wed, 05 Aug 2026 15:22:26 GMT",dc8dccbe9f539943b5d2ee66ad1fcf530e2d8e1b,656df6af25fd58eca0170017a6b806e69ff3ab4a8d66f9de845a44da99e05a06,,200,7ac4f34bc9c8d753,2026-09-28T03:41:33Z
S1310,https://raw.githubusercontent.com/MicrosoftDocs/entra-docs/11fe090a889359779935d9f4354d8d8d40b39b63/docs/identity/enterprise-apps/assign-user-or-group-access-portal.md,2026-09-26T00:00:00Z,,,,,,,"""9991dacba81db0eace7473807692027a31c111f0b94553ae3343ae12fe02f71c""",,,45a4d6c59ce8843bac1f86969f1d2003d7715ed5be31b74611eef25b6089ec54,,200,69775e991dfb4e5a,2026-09-28T03:45:08Z
S1340,https://raw.githubusercontent.com/MicrosoftDocs/sql-docs/5445f5876ca0652a6e9c143bfb4311a6fd4b3af6/docs/connect/odbc/using-always-encrypted-with-the-odbc-driver.md,2026-09-26T00:00:00Z,,,,,,,"""75c68e547b0eeb70773613fe32aa87ed2409ff6cb24fc55ee98bd3dc72b23c23""",,,537790e56a88cc991edc5c6b4cfb41a682a96f7dd78d014a6f68b2ccbd0352f1,,200,0a071a42045de561,2026-09-28T03:45:09Z
S1341,https://raw.githubusercontent.com/MicrosoftDocs/sql-docs/2b1560ace793f3b5b44b879c6d0b915584c1e5e2/docs/relational-databases/security/encryption/create-and-store-column-master-keys-always-encrypted.md,2026-09-26T00:00:00Z,,,,,,,"""19c12aa9412cec4d61dec2dc3bc5dbec5afff4c314dbb7ee6d53e4cd0ec302db""",,,e4228d760d946fcaabfc8a335b2a5d05ff28eb93afe15c650213932b9c31e725,,200,1327a9ef4ae3e1f0,2026-09-28T03:45:10Z
S1342,https://raw.githubusercontent.com/MicrosoftDocs/win32/4db9e6236568a99b005b2436d510b7a78941712d/desktop-src/SecCNG/protection-descriptors.md,2026-09-26T00:00:00Z,,,,,,,"""72c96d551c5588f68b9d56392403fb6cb0d9589165c24b2588233c830800f2d1""",,,3a6190f80a20eee9964d0f9215ae029c0c168cc0e207a9982364a05ef3286c66,,200,5f2c97ead14dbba5,2026-09-28T03:45:11Z
S1343,https://raw.githubusercontent.com/MicrosoftDocs/win32/2fd25eb0d185d553258bfc624fc10babe7bdf1ce/desktop-src/SecCNG/cng-dpapi-constants.md,2026-09-26T00:00:00Z,,,,,,,"""d87da6718e3d60cd31b5ec42d7d8719bf4c6654c4b8c164257f06be30a0bc5b1""",,,cb1b44d5a0144864c244f80cce4eb250c1890cbb36de3e8f9f0ba29aabcaee81,,200,aeec1d9ae7739dda,2026-09-28T03:45:12Z
S1344,https://learn.microsoft.com/en-us/windows/security/threat-protection/security-policy-settings/maximum-lifetime-for-user-ticket,2026-09-26T00:00:00Z,,,,,,,"""jiALBCM+2698I5AvXqD58LRz3uo=""","Sat, 19 Sep 2026 18:42:06 GMT",3781a3939e77300af0299d25b3e16928184faa07,a79bff9e0a1327af9aae8250455878daa561baebc8bfb5ad6bc214ac5f47495a,https://learn.microsoft.com/en-us/previous-versions/windows/it-pro/windows-10/security/threat-protection/security-policy-settings/maximum-lifetime-for-user-ticket?accept=text%2Fmarkdown,200,d73af8a4d46f77de,2026-09-28T03:41:34Z
S1345,https://raw.githubusercontent.com/MicrosoftDocs/entra-docs/1465c228c0a527667cfe05a966584c3d51a5e588/docs/identity/users/users-revoke-access.md,2026-09-26T00:00:00Z,,,,,,,"""805c5b60188d180940d60944e48ab398b982dbb0b36c9231b6ea6935c409d2b5""",,,9282990e3aaf3fdd75569dbb8e1a183508fc7b3717fd5f73bbd86d1d8bd7b4fe,,200,2943f68afe8b774f,2026-09-28T03:45:13Z
S1346,https://raw.githubusercontent.com/MicrosoftDocs/entra-docs/89033f49670b05030f05cd9a57e7372c33fbecb4/docs/identity/hybrid/connect/how-to-connect-sync-feature-scheduler.md,2026-09-26T00:00:00Z,,,,,,,"""6594089dc1d135bc7510d3d2dbb3cd57156c948f84f16fc5348e1fb23046ca7c""",,,059fed1cbb8d90cdf28f06cac66d5e74a4b81dbe8f8c285609d9f607cd632cf1,,200,24aeeab65f125a21,2026-09-28T03:45:15Z
S1347,https://raw.githubusercontent.com/MicrosoftDocs/entra-docs/0ec2a02b41a25a00c5098b7c3084645782ce54fe/docs/identity/conditional-access/concept-continuous-access-evaluation.md,2026-09-26T00:00:00Z,,,,,,,"""650e74a0105dbabde1b690d247d5aef3a45515951be34d1f684f6744e41dc74f""",,,4dc2ceeb38bd72a23ad08a1c19b3670e9b24890318ed27c897ce10a4c0469a5f,,200,3fa1b4b865ff0ec4,2026-09-28T03:45:16Z
S1348,https://learn.microsoft.com/en-us/graph/api/user-revokesigninsessions?view=graph-rest-1.0,2026-09-26T00:00:00Z,,,,,,,"""4kPd9yoi2dP3IbyeDYpE5a5WtVg=""","Tue, 25 Aug 2026 01:05:33 GMT",82d0912dd8dd5a5f9a5e51d471f9c7f248f8e118,ad6f302c53947987c1f205162494d86e81e53dc1046f467f344474227a4f2343,,200,2e7250b9e58d79c8,2026-09-28T03:41:35Z
S1349,https://github.com/jborean93/dpapi-ng,2026-09-26T00:00:00Z,,,,,,,"W/""d1149e4d2d674193e4d51d6ee0e019e1""",,,3e2ebc744bf9ec0f20dbe155f5488c9dce7813097eece33a30c3b292b05f5b73,,200,bfef6a3a5b47fec6,2026-09-28T03:40:39Z
S1350,https://raw.githubusercontent.com/microsoft/mssql-python/d89598b31a153cf3a6adee778cdb9c9267e54520/ROADMAP.md,2026-09-26T00:00:00Z,,,,,,,"""2f31f56fb19668c3b549345e98fde2ba9ef8a3233e19664fae8f931495888eca""",,,3ed0522c5822aa1b0694bf6a53202fc6745dacccc4ce662d22fb74e7337c03b2,,200,6b37713676f45e84,2026-09-28T03:45:17Z
S1351,https://learn.microsoft.com/en-us/sql/connect/python/mssql-python/python-sql-driver-mssql-python?view=sql-server-ver17,2026-09-26T00:00:00Z,,,,,,,"""YVrILXsAMB5QCodYObMcrkQIkd4=""","Thu, 24 Sep 2026 02:07:50 GMT",0861f8a0f8ff2e6389e8e6b63c9721c6b641f7b1,59c5184daa89747f05ada2eea51280a9681361c94f766fd4f787af06559548b1,,200,ad15c50f309648ee,2026-09-28T03:41:36Z
S1352,https://support.microsoft.com/en-us/topic/overview-of-ntlm-auditing-enhancements-in-windows-11-version-24h2-and-windows-server-2025-b7ead732-6fc5-46a3-a943-27a4571d9e7b,2026-09-26T00:00:00Z,,,,,,,,,,806ebdb80ad740b6d2827aa9967dd96b3b9aa55a6943524a48885b74f3e9b22a,https://support.microsoft.com/en-us/servicing/os/windows/2025/07/overview-of-ntlm-auditing-enhancements-in-windows-11-version-24h2-and-windows-server-2025,200,8277c5ea4f71b11c,2026-09-28T03:40:15Z
S1353,https://www.microsoft.com/en-us/msrc/blog/2024/12/mitigating-ntlm-relay-attacks-by-default,2026-09-26T00:00:00Z,,,,,,,,,,d3913e15d470939d6bf3d9fb17c13e0fbbf60e9653d012bf71ec476f1218bccb,,200,a883913ef3a40c2b,2026-09-28T03:40:29Z
S1354,https://raw.githubusercontent.com/MicrosoftDocs/entra-docs/a4be4ac419c4e857b1c4de7dee22c9f7e0c750f9/docs/identity-platform/app-resilience-continuous-access-evaluation.md,2026-09-26T00:00:00Z,,,,,,,"""638f9b07421ce6947e2509fc095cb6096f3ef10b491e59ca0c0c5e8f65130843""",,,7a2ff32f1ab81926aa9e9988cbf625f25e426b38450a25013c3cf4533e4aa0e9,,200,2fc0c405700acc8a,2026-09-28T03:45:18Z
S1355,https://raw.githubusercontent.com/MicrosoftDocs/entra-docs/a4be4ac419c4e857b1c4de7dee22c9f7e0c750f9/docs/identity-platform/claims-challenge.md,2026-09-26T00:00:00Z,,,,,,,"""74043e5031fe48e38f33a05f9cb01eb120bbe7fbb46c91fc449a645f25d273a4""",,,789dda6c8919ad002b72c76b10cf02e0004f643217bce4c461869ad71cdd07ac,,200,237690afaa09fd04,2026-09-28T03:45:19Z
S1357,https://raw.githubusercontent.com/MicrosoftDocs/sql-docs/58c9ba7063458281263c05cba4e0e8dc7da7358a/docs/relational-databases/security/auditing/sql-server-audit-action-groups-and-actions.md,2026-09-26T00:00:00Z,,,,,,,"""2c626590ef624472a949a39b087e91e6b0201f9aaf22bb2c93da845adb3fff5e""",,,2136955674e385bbff5ef05b781ed61fc386553552ff7b27a15c2598a1a94abf,,200,f2a248ee0fc5b64e,2026-09-28T03:45:20Z
S1358,https://raw.githubusercontent.com/MicrosoftDocs/entra-docs/726271012aa2be83158eeab5e8343dd80dfcbf7a/docs/identity/monitoring-health/concept-sign-in-log-activity-details.md,2026-09-26T00:00:00Z,,,,,,,"""22f768339460ab551bf73f65aa812105cc6ccadf47e84599a4c538790ad714aa""",,,fd5e3dd9756109f97236066556db8929f6c4e348c3887bf1e20c6341f336d4b0,,200,71fc14b26320ec7c,2026-09-28T03:45:21Z
S1359,https://raw.githubusercontent.com/MicrosoftDocs/entra-docs/ad2392b54e54af312a83c1095d1532609ac46a05/docs/identity/monitoring-health/reference-audit-activities.md,2026-09-26T00:00:00Z,,,,,,,"""c96d947113e10698c7e7384b6283cac72142b778f918634b8c1c14d914e642fb""",,,206dfc43761ad23aa37bce94ea0985b32c55ee06f0884eab191132cb6faa3d19,,200,ffa62b0d9411c836,2026-09-28T03:45:22Z
S1360,https://raw.githubusercontent.com/MicrosoftDocs/entra-docs/b394c8d643c3f25d8b8deb23505c25acc09dddf5/docs/identity/monitoring-health/concept-service-principal-sign-ins.md,2026-09-26T00:00:00Z,,,,,,,"""8e593ee58007c85c839847ecd476aaa4dcbb78d4a6f37bd9da1b7769da3fafaa""",,,c05f5b5d86ef1dab3a0680bdc5dc38421fcbc91416e4433d0d966e68a0f0ffca,,200,ebaed946ac7ac3d0,2026-09-28T03:45:23Z
S1361,https://raw.githubusercontent.com/MicrosoftDocs/entra-docs/b394c8d643c3f25d8b8deb23505c25acc09dddf5/docs/identity/monitoring-health/concept-noninteractive-sign-ins.md,2026-09-26T00:00:00Z,,,,,,,"""8d0d4c6f61d5874c41ee647a0fdfa084cedeb837e7469fe6239dece3ad2c7443""",,,1a5b47ee305076d7b6984c879f715c2a286a6ab8732fb9845c251f8ea019ba80,,200,fa9be8d22c7093b0,2026-09-28T03:45:25Z
S1362,https://raw.githubusercontent.com/MicrosoftDocs/entra-docs/b394c8d643c3f25d8b8deb23505c25acc09dddf5/docs/identity/monitoring-health/concept-interactive-sign-ins.md,2026-09-26T00:00:00Z,,,,,,,"""a2384ccdbd1f331ea19c50699bff8f0bb014b65b3a0a03ccd79958101d88c2ac""",,,b26ec9a8a5f9540fa825555ae9efb69a23df24ab6ac1098674a5d68c69d1deaa,,200,1a755852a4fdd724,2026-09-28T03:45:26Z
S1363,https://learn.microsoft.com/en-us/previous-versions/windows/it-pro/windows-10/security/threat-protection/auditing/audit-security-group-management,2026-09-26T00:00:00Z,,,,,,,"""Sl5EUIDuGDKmQnpFtxRUsK6BKp0=""","Sun, 20 Sep 2026 12:32:22 GMT",3781a3939e77300af0299d25b3e16928184faa07,330157951f44e7ddbe17d59f15a8618c1486534999bbbd7dfbbb93a55c1cac59,,200,63103333a6fdd9cd,2026-09-28T03:41:37Z
S1364,https://learn.microsoft.com/en-us/previous-versions/windows/it-pro/windows-10/security/threat-protection/auditing/audit-user-account-management,2026-09-26T00:00:00Z,,,,,,,"""HJagmNo+E1uWWZ0cr4/3qUiIsmc=""","Sun, 20 Sep 2026 15:46:48 GMT",3781a3939e77300af0299d25b3e16928184faa07,cf78d4c702e52c5c00f7cd6564102c77a6ed35a44dd187324cdb54894314e39e,,200,5fae76b017d445e6,2026-09-28T03:41:38Z
S1365,https://learn.microsoft.com/en-us/previous-versions/windows/it-pro/windows-10/security/threat-protection/auditing/audit-kerberos-authentication-service,2026-09-26T00:00:00Z,,,,,,,"""D+OQeXE+QF6fSG3QbPN/yIaxC/4=""","Mon, 21 Sep 2026 14:46:43 GMT",3781a3939e77300af0299d25b3e16928184faa07,2aebf4ce5c1f27f7ca6525e4077e10d0d6651bbe7e74fb6dfe84dab6e17e493a,,200,e40391955e025827,2026-09-28T03:41:39Z
S1366,https://learn.microsoft.com/en-us/previous-versions/windows/it-pro/windows-10/security/threat-protection/auditing/audit-kerberos-service-ticket-operations,2026-09-26T00:00:00Z,,,,,,,"""l9qsDgC8J3K+SZPdy8AFUf6n224=""","Sun, 20 Sep 2026 11:30:55 GMT",3781a3939e77300af0299d25b3e16928184faa07,042d4b199e5936ade7d7c4bf25e432acd76bd1b99bf8a2b5b729571faec928d5,,200,c347d12cce3a6e9f,2026-09-28T03:41:40Z
S1367,https://learn.microsoft.com/en-us/previous-versions/windows/it-pro/windows-10/security/threat-protection/auditing/audit-logon,2026-09-26T00:00:00Z,,,,,,,"""FtOt3hJqPW1NjkG429aXEgmrg0c=""","Sat, 19 Sep 2026 12:41:06 GMT",3781a3939e77300af0299d25b3e16928184faa07,bcc09cbe55e34f4fda3c4fe93a4b708d582110fa6b11b40bf376c50804fe820b,,200,b6f5f5f9029b74a4,2026-09-28T03:41:41Z
S1368,https://learn.microsoft.com/en-us/previous-versions/windows/it-pro/windows-10/security/threat-protection/auditing/audit-other-account-logon-events,2026-09-26T00:00:00Z,,,,,,,"""zSqXig3UC8VU+RQ597w3WhnD9gE=""","Tue, 22 Sep 2026 17:36:15 GMT",3781a3939e77300af0299d25b3e16928184faa07,13cc8f114f75b83115b31f4ad33c70e7dc9cc6824df89e99c5415b36e92bd552,,200,e70312c9576b67af,2026-09-28T03:41:42Z
S1369,https://learn.microsoft.com/en-us/previous-versions/windows/it-pro/windows-10/security/threat-protection/auditing/audit-directory-service-access,2026-09-26T00:00:00Z,,,,,,,"""dmNssoRGtYtG3nL6ZRrVdjgsifw=""","Sun, 20 Sep 2026 06:36:51 GMT",3781a3939e77300af0299d25b3e16928184faa07,9f5bc350e5634428b577055edbfce4cf6e365cecd906f489f5eafd0f98ff44bf,,200,e7e3c26897a86095,2026-09-28T03:41:44Z
S1370,https://learn.microsoft.com/en-us/previous-versions/windows/it-pro/windows-10/security/threat-protection/auditing/audit-directory-service-changes,2026-09-26T00:00:00Z,,,,,,,"""NXLFz+VebZOAULWdADexroetFeo=""","Sun, 20 Sep 2026 07:13:13 GMT",3781a3939e77300af0299d25b3e16928184faa07,5f6d32424a90c09bbeecdd5b2230d9c80118f31a84b4460f87274fa61344a80c,,200,edc3e052552ef084,2026-09-28T03:41:44Z
S1371,https://techcommunity.microsoft.com/blog/coreinfrastructureandsecurityblog/active-directory-hardening-series---part-8-%e2%80%93-disabling-ntlm/4485782,2026-09-26T00:00:00Z,,,,,,,,,,,,,,
S1372,https://learn.microsoft.com/en-us/intune/configmgr/develop/core/servers/manage/how-to-read-user-defined-status-messages,2026-09-26T00:00:00Z,,,,,,,"""3asvzbi2r7TJ40Xn2rAC7IuAfZ4=""","Thu, 24 Sep 2026 01:24:11 GMT",2f58a01e679fc91dc8c8440846c254e1119681fd,1bd8929cf4826efece656163d0df16045fb5c15ff36333aaf570b2cf4235cdc7,,200,5ff37a65eea9929b,2026-09-28T03:41:46Z
S1373,https://techcommunity.microsoft.com/blog/coreinfrastructureandsecurityblog/enhanced-audit-status-message-queries/884897,2026-09-26T00:00:00Z,,,,,,,,,,,,,,
S1374,https://docs.gitlab.com/user/compliance/audit_events/,2026-09-26T00:00:00Z,,,,,,,"W/""d91fa9fa99c05d87bc6d0f26a444e98c2de44f2cffde57d502eda6a94d22e6ad-br""","Mon, 28 Sep 2026 02:13:26 GMT",,695163bce29e6c33c7056ff34badbe224d7cc7ef13597a2b225192324bc1e265,,200,760d1e0d720df702,2026-09-28T03:40:18Z
S1375,https://raw.githubusercontent.com/MicrosoftDocs/sql-docs/db743f6a5077998a3712e28f4dfb0a354be7c602/docs/t-sql/statements/alter-login-transact-sql.md,2026-09-26T00:00:00Z,,,,,,,"""61dd7385458f2291acbf6b7e11799bf78cac247798a91aca9c4dfb5a6a109684""",,,58fe8eab1f28ba3e9a52813731f01855d1d7609ea28eeacf09c221be40801f97,,200,16e6e181d5b66158,2026-09-28T03:45:27Z
S1376,https://learn.microsoft.com/en-us/previous-versions/windows/it-pro/windows-10/security/threat-protection/security-policy-settings/maximum-lifetime-for-service-ticket,2026-09-26T00:00:00Z,,,,,,,"""VJVYxluzKJbUmRjZq+uRLXExVt8=""","Sat, 19 Sep 2026 10:24:39 GMT",3781a3939e77300af0299d25b3e16928184faa07,28a13ba5ddb919b0d33a05ee6c4b176a08b8ab0857427e0e45c49b8180238788,,200,5dbeba1bc42bf55e,2026-09-28T03:41:48Z
S1377,https://gitlab.com/gitlab-org/gitlab/-/raw/a363152d16c24d001a8f608abd7ff974e1c2964f/doc/user/profile/personal_access_tokens.md,2026-09-26T00:00:00Z,,,,,,,"""0bf7020136168f3fe9fc77648e8c8acf""",,,70f8588c43d736f829e792ccb9aae06607071a67e68041be098895ebfb43dad5,,200,0410be26ff417eb5,2026-09-28T03:41:06Z
S1378,https://learn.microsoft.com/en-us/openspecs/windows_protocols/ms-kile/519392b1-625a-420d-be90-d588c852dda3,2026-09-26T00:00:00Z,,,,,,,"""CrnAMZNSk4V6x0FsVX1aTfxoK00=""","Sat, 08 Aug 2026 21:50:28 GMT",1a26d38e66d1f0bacd50c134f42ad2c04da4f4b4,bd98b5be4a2d167f25f3585faa7178f62ac87a58f78eea1c5b65d5298bd10275,,200,838e9a9e2469e955,2026-09-28T03:41:48Z
S1379,https://learn.microsoft.com/en-us/openspecs/windows_protocols/ms-kile/1163bb03-7035-433e-b5a4-802247262d18,2026-09-26T00:00:00Z,,,,,,,,,,,,,,
S1380,https://learn.microsoft.com/en-us/openspecs/windows_protocols/ms-kile/e19be8b8-9130-40a4-9cd1-92d0cbd46a51,2026-09-26T00:00:00Z,,,,,,,"""f19GfeKHZxefsp3Zd7R003waFNM=""","Mon, 24 Aug 2026 22:10:20 GMT",c3605e5ee61c7fcc348c3d6d006168775106f0e4,95f1691ed95987491175b5ea18bddd79fb58c50e74d51105cc936097589cbfb2,,200,0ba33ccb547bf301,2026-09-28T03:41:49Z
S1400,https://www.microsoft.com/en-us/download/details.aspx?id=55319,2026-09-26T00:00:00Z,,,,,,,,,,034edce97a61d13040a1a3320aeb74835e5c84912d9c46f780587b69920e4361,,200,36704ede4ff35d54,2026-09-28T03:40:31Z
S1401,https://techcommunity.microsoft.com/blog/microsoft-security-baselines/windows-11-version-24h2-security-baseline/4252801,2026-09-26T00:00:00Z,,,,,,,,,,,,,,
S1402,https://techcommunity.microsoft.com/blog/microsoft-security-baselines/windows-11-version-25h2-security-baseline/4456231,2026-09-26T00:00:00Z,,,,,,,,,,,,,,
S1403,https://learn.microsoft.com/en-us/windows/security/operating-system-security/device-management/windows-security-configuration-framework/security-compliance-toolkit-10,2026-09-26T00:00:00Z,,,,,,,"""+AVRRsOUAeUIaYLNoKo6v35tSzM=""","Mon, 24 Aug 2026 03:04:38 GMT",88a2de288ae38d082d8d9dcb8b14b4d0a3ddb318,867236167cf92ba99bbed27bf1ac25875d43d482124d1bc3bb2346cb716752ac,,200,a3194e3066e8055d,2026-09-28T03:41:50Z
S1404,https://learn.microsoft.com/en-us/windows/security/operating-system-security/device-management/windows-security-configuration-framework/windows-security-baselines,2026-09-26T00:00:00Z,,,,,,,"""NdsflQq0FAI+r8SKJryp0d4VGhQ=""","Mon, 24 Aug 2026 03:03:20 GMT",88a2de288ae38d082d8d9dcb8b14b4d0a3ddb318,beee3450b3b2c0aa47a440182cc60d6c7a7bea7dc5863fd7df8f821890a0d32d,,200,84edf63dd4444861,2026-09-28T03:41:51Z
S1405,https://ncp.nist.gov/checklist/1184,2026-09-26T00:00:00Z,,,,,,,,"Wed, 16 Sep 2026 14:24:54 GMT",,01ba4719c80b6fe911b091a7c05124b64eeece964e09c058ef8f9805daca546b,,200,0000000000000000,2026-09-28T03:40:19Z
S1406,https://www.cisecurity.org/benchmark/microsoft_windows_desktop,2026-09-26T00:00:00Z,,,,,,,,,,0f58094e76a285c98b77f8bdfab0fe9d8c3f7d94b916a1eb2f7f1bd6a3451809,,200,59628bc1bfd59494,2026-09-28T03:40:23Z
S1407,https://www.cisecurity.org/insights/blog/cis-benchmarks-march-2026-update,2026-09-26T00:00:00Z,,,,,,,,,,a7cc25b8b0706725d63926c7a589c523244da870a0ac276fa6e83890a7f859e0,,200,503c950b22561430,2026-09-28T03:40:24Z
S1408,https://www.cisecurity.org/insights/blog/cis-benchmarks-april-2026-update,2026-09-26T00:00:00Z,,,,,,,,,,a6778b88edd427d37123947de5d26f02c191d7f53d465466696ad863794afde8,,200,50b5e9420d3c1097,2026-09-28T03:40:25Z
S1410,https://ncp.nist.gov/checklist/revision/6626,2026-09-26T00:00:00Z,,,,,,,,,,,,,,
S1412,https://learn.microsoft.com/en-us/windows/client-management/mdm/policy-csp-controlpolicyconflict,2026-09-26T00:00:00Z,,,,,,,"""Ty0gUUaavZUpdgOlSJrfPeNvfTk=""","Mon, 24 Aug 2026 06:26:42 GMT",aeb8f2bbd5d93e85c6f2a46e2705928aa1df9c9e,23f0bd274e62aa0cb2ad5f47fb875990db4de001a2f8ee8a0c7cbfc45260988b,,200,ef33e7b5e8dcfee5,2026-09-28T03:41:52Z
S1413,https://github.com/dsccommunity/SecurityPolicyDsc,2026-09-26T00:00:00Z,,,,,,,"W/""1096ba87dab96ea4c40048bc979c0956""",,,54471ec2a5dbc56cc89181db353623de61d34e86567debae6c5b4063e38ef398,,200,cca81d3fa8c3a304,2026-09-28T03:40:40Z
S1414,https://www.powershellgallery.com/packages/SecurityPolicyDsc/3.0.0-preview0006,2026-09-26T00:00:00Z,,,,,,,,,,80113eaa207d44d489ef127232624ac74020c903c2f43dbe27d40ea7d64a3fc6,,200,47f876c89831e3b1,2026-09-28T03:40:22Z
S1415,https://www.powershellgallery.com/packages/AuditPolicyDsc/1.4.0.0,2026-09-26T00:00:00Z,,,,,,,,,,b554aa5741206ff8d9f88c64142ff3f9fc179a71ce6b95d8b6d77e7e58ef0c19,,200,62c87fbad8b9ffcb,2026-09-28T03:40:23Z
S1416,https://github.com/dsccommunity/AuditPolicyDsc,2026-09-26T00:00:00Z,,,,,,,"W/""1ea6cc4fc76c1465875b38f9b84bb726""",,,9b4b11a12b0d769c3a0ec70b0af64f88dc33ccbae32c34559acef4c0e8ce5e57,,200,4ef731cfc4505b04,2026-09-28T03:40:41Z
S1417,https://learn.microsoft.com/en-us/windows/security/book/identity-protection-advanced-credential-protection,2026-09-26T00:00:00Z,,,,,,,,,,,,,,
S1418,https://techcommunity.microsoft.com/blog/microsoft-security-baselines/security-baseline-for-windows-server-2025-version-2506/4426431,2026-09-26T00:00:00Z,,,,,,,,,,,,,,
S1419,https://techcommunity.microsoft.com/blog/microsoft-security-baselines/security-baseline-for-windows-server-2025-version-2602/4496468,2026-09-26T00:00:00Z,,,,,,,,,,,,,,
S1420,https://ncp.nist.gov/checklist/1028,2026-09-26T00:00:00Z,,,,,,,,,,,,,,
S1421,https://learn.microsoft.com/en-us/intune/device-security/security-baselines/overview,2026-09-26T00:00:00Z,,,,,,,"""j3WrsvNiTliCbHjATGWj/ljWXwY=""","Thu, 27 Aug 2026 08:34:25 GMT",b4212eeb74b94ddfc7d32c725f1b2810b4fe9774,e203d086b2de23cfcd56cdcd665fadea1e048b687d15232b1119b8e179fe02c1,,200,b08d52487484f5c5,2026-09-28T03:41:54Z
S1422,https://learn.microsoft.com/en-us/intune/device-security/security-baselines/ref-defender-settings,2026-09-26T00:00:00Z,,,,,,,"""QluRqcJ6P1Az1UhgphzQC9DTuoI=""","Tue, 25 Aug 2026 01:11:00 GMT",a60f43f6f562ded6195ddd8d888335f2d8e11e73,e15ba292086c182ce732f2de94742872e5dda603e5e9babd4e05a412c438120a,,200,7a2cbedcce730539,2026-09-28T03:41:55Z
S1423,https://learn.microsoft.com/en-us/intune/device-security/security-baselines/ref-edge-settings,2026-09-26T00:00:00Z,,,,,,,"""zzdYUAR0bWSW1NXbw/k6NUwzDfo=""","Thu, 27 Aug 2026 20:13:25 GMT",a60f43f6f562ded6195ddd8d888335f2d8e11e73,59008590caee4127c2c37721e8b50d4ddfeed14abf8944a57ab421da304a4909,,200,7bc45c8d8fe5b729,2026-09-28T03:41:56Z
S1424,https://learn.microsoft.com/en-us/windows-server/security/osconfig/osconfig-how-to-configure-security-baselines,2026-09-26T00:00:00Z,,,,,,,"""QFRc2KYURxovUh6THoYgy6rxny0=""","Wed, 26 Aug 2026 04:35:13 GMT",1e8437711e0e3c9f04726aac90afcfab23d417cf,68bc25128bf789ae460b6f5e71746517caf1eac85b0e96c124bf5dc07985bae8,,200,86d8d36eff820f5f,2026-09-28T03:41:57Z
S1425,https://www.cyber.gov.au/business-government/asds-cyber-security-frameworks/essential-eight/essential-eight-maturity-model,2026-09-26T00:00:00Z,,,,,,,,,,,,,,
S1470,https://dl.dod.cyber.mil/wp-content/uploads/stigs/zip/U_MS_Windows_11_V2R9_STIG.zip,2026-09-26T00:00:00Z,,,,,,,,,,,,,,
S1471,https://dl.dod.cyber.mil/wp-content/uploads/stigs/zip/U_MS_Windows_Server_2025_V1R3_STIG.zip,2026-09-26T00:00:00Z,,,,,,,,,,,,,,
S1472,https://download.microsoft.com/download/8/5/C/85C25433-A1B0-4FFA-9429-7E023E7DA8D8/Windows%2011%20v24H2%20Security%20Baseline.zip,2026-09-26T00:00:00Z,,,,,,,,,,,,,,
S1473,https://learn.microsoft.com/en-us/powershell/dsc/reference/resources/microsoft/windows/windowspowershell/?view=dsc-3.0,2026-09-26T00:00:00Z,,,,,,,"""nMAD+YY7Kchb8sNlv9TS1aM5KLQ=""","Fri, 11 Sep 2026 01:10:16 GMT",1f071501e36452d1bf8bca3144b647537f9f0fd7,3c4f4f23d5049898bdd3117e3c56dddbd92064edbe6a01db94a77b936c2ec2cd,,200,8f76d33ef83beba4,2026-09-28T03:41:58Z
S1474,https://learn.microsoft.com/en-us/powershell/dsc/reference/resources/microsoft/dsc/powershell/?view=dsc-3.0,2026-09-26T00:00:00Z,,,,,,,"""rdfd2OldhbNmAgBCAcAllvQyqB8=""","Thu, 10 Sep 2026 15:22:30 GMT",1f071501e36452d1bf8bca3144b647537f9f0fd7,28c70ed8a2f0b52d5280de25b79f7240f2bdd1f2dc0f08a576d9394fd5d2890b,,200,a676e5674cffe8a0,2026-09-28T03:41:59Z
S1477,https://learn.microsoft.com/en-us/windows-server/security/credentials-protection-and-management/configuring-additional-lsa-protection,2026-09-26T00:00:00Z,,,,,,,"""CZUNDH0KnYYgQLPUbE5+DNTci30=""","Tue, 25 Aug 2026 22:55:48 GMT",a67a8c2abcdc729692a24f904778f0b5e8f67773,2796a0ee3f0ada41798a7c8dc41e0f93789e8825d5c8cfe3b8c4eed32f485cf6,,200,ba1aabfddb9625e1,2026-09-28T03:42:00Z
S1478,https://learn.microsoft.com/en-us/windows/security/identity-protection/credential-guard/,2026-09-26T00:00:00Z,,,,,,,"""upavRJ3+qfbOdyT9wGPs1l7T3l0=""","Mon, 24 Aug 2026 03:15:51 GMT",9c0379bf69ccc324b6265648cf25b6968cebe538,9a38e7d228085ca5e957fde21b686b5fe43bcf4b7689d54f3bb89e30219c2527,,200,19dfd304d941e0ab,2026-09-28T03:42:01Z
S1479,https://support.microsoft.com/en-us/topic/powershell-2-0-removal-from-windows-fe6d1edc-2ed2-4c33-b297-afe82a64200a,2026-09-26T00:00:00Z,,,,,,,,,,0a0be6d8d24ab948cc018b9544c1fb1aa53b72f994f67eb552c7ca12604ad26c,https://support.microsoft.com/en-us/servicing/os/windows/docs/2025/08/powershell-2-0-removal-from-windows,200,95b86bfa981b0137,2026-09-28T03:40:16Z
S1480,https://learn.microsoft.com/en-us/intune/configmgr/core/plan-design/hierarchy/security-and-privacy-for-site-administration,2026-09-26T00:00:00Z,,,,,,,"""+FUgiE+Z4ULSkI96M0KHygMFuZI=""","Sat, 05 Sep 2026 22:06:50 GMT",d3432a8c0e9a1b8706eff71005a6b7ca53c35f98,83f9094970a9d9e44529cc24df67c674e64fd15437c413e77ab1347f2eafbe13,,200,fb3dda43d2b727de,2026-09-28T03:42:03Z
S1481,https://learn.microsoft.com/en-us/intune/configmgr/core/plan-design/security/plan-for-security,2026-09-26T00:00:00Z,,,,,,,"""0WlqelnAdf/osmZDlefme6FKvGc=""","Tue, 01 Sep 2026 06:32:30 GMT",d3432a8c0e9a1b8706eff71005a6b7ca53c35f98,8d5c4ab5c550f73a0c32197a92e0d1e117a47616ab24b05d408771a36fd4154e,,200,4ff1c075c4652458,2026-09-28T03:42:04Z
S1482,https://learn.microsoft.com/en-us/troubleshoot/mem/configmgr/setup-migrate-backup-recovery/enable-mfa-for-sms-provider-calls,2026-09-26T00:00:00Z,,,,,,,"""WwseajRNbwDXWoWNbxnGu8ipSfI=""","Thu, 10 Sep 2026 18:12:18 GMT",db5c845ae06d3b9c66f7a8df750945c54f70033b,2513e2320c6cecabbbeae24a8221becdf9deff53e62ff96e0379da259dc54b72,,200,9376f96096d8df32,2026-09-28T03:42:04Z
S1483,https://learn.microsoft.com/en-us/intune/configmgr/core/clients/deploy/plan/security-and-privacy-for-clients,2026-09-26T00:00:00Z,,,,,,,"""n2j7OJm+P9crV10FWeDlx5JPIhE=""","Thu, 03 Sep 2026 13:35:40 GMT",d3432a8c0e9a1b8706eff71005a6b7ca53c35f98,743d89de3a071325ddbf4a678f42734db8f7087f51ae8568a3c39040fae7ed5b,,200,bf5c9b44ec24b7a0,2026-09-28T03:42:06Z
S1484,https://learn.microsoft.com/en-us/intune/configmgr/hotfix/2207/15498768,2026-09-26T00:00:00Z,,,,,,,"""kvjJGK0iduVJT6Gfxfuk8FO4BCY=""","Wed, 02 Sep 2026 07:38:25 GMT",d3432a8c0e9a1b8706eff71005a6b7ca53c35f98,6e44f5c2d1518ba073976f612d04e4066614238ba516d064e01af24296a98952,,200,f92c4e9df846bceb,2026-09-28T03:42:07Z
S1485,https://www.cisecurity.org/cis-benchmarks,2026-09-26T00:00:00Z,,,,,,,,,,abcc69edc524aa5e47c44bdab02998337cc05dec4fb2409e44b9d6ae7f3eba4e,,200,c0a8d62709315467,2026-09-28T03:40:26Z
S1486,https://www.cisecurity.org/benchmark/microsoft_sql_server,2026-09-26T00:00:00Z,,,,,,,,,,eed3cf89523d3202c80e1ebe635c992f7dbbbb2a83bd4c2a76a003116c5c3fe6,,200,01a69fe53f52c498,2026-09-28T03:40:28Z
S1487,https://about.gitlab.com/blog/gitlab-introduces-new-cis-benchmark-for-improved-security/,2026-09-26T00:00:00Z,,,,,,,"""d44ac1073ad8e0c52cd8c71b67110d7e""",,,3596a018efb3ab3da65b41e350ce0b76fb39549d1c535a6ee2f3bcaa918ef6ab,,200,3fc7b782e56a8b2a,2026-09-28T03:40:24Z
S1488,https://learn.microsoft.com/en-us/sql/relational-databases/security/sql-server-security-best-practices?view=sql-server-ver17,2026-09-26T00:00:00Z,,,,,,,"""73y3TT1XsCT+r7DYeU35zFVjYRE=""","Mon, 21 Sep 2026 22:31:07 GMT",90b16521d788a741c64e45f4a6cc764cefef49c9,3b8fc04d47c1dfdbf3c77449926bd71c296817e66eebcd6ef08e6e2be53665ac,,200,1a29d0aafb5bc559,2026-09-28T03:42:08Z
S1489,https://gitlab.com/gitlab-security-oss/cis/gitlabcis,2026-09-26T00:00:00Z,,,,,,,"W/""e2b5e04f28329ac2d1c2f45414c6f6ba""",,,b470716bcbef21737f1ddb446e9b587a5d72bc41db39cc184db48f2bea162d0d,,200,ca58190148be303a,2026-09-28T03:41:07Z
S1490,https://gitlab.com/gitlab-org/gitlab-runner/-/raw/49138a48b894f517d2ebe77dda89929d1f7f9550/docs/install/windows.md,2026-09-26T00:00:00Z,,,,,,,"""4b08a1dff13906d0af56f6bab73355c6""",,,a1627562b09e6485ec54e9f783a1d3c07fd9f3f0b55a9802baf81d36e685ef8e,,200,b3fac7e5977b9740,2026-09-28T03:41:07Z
S1491,https://learn.microsoft.com/en-us/security/benchmark/azure/mcsb-privileged-access,2026-09-26T00:00:00Z,,,,,,,"""2O0QsVJT23LaiNSB8UGCPd5UTzI=""","Wed, 26 Aug 2026 07:24:08 GMT",dc8d056f2487bbfeb72088cc6c320dc82f5e3198,7c5ff8bb211d62b76934907e67c3ce0e48e5294622eb4be050d9d582f68bf853,,200,471e4cb037357a9d,2026-09-28T03:42:09Z
S1492,https://cas.docs.cisecurity.org/en/latest/source/Controls8/,2026-09-26T00:00:00Z,,,,,,,"W/""df35c04af9a2b7bc31dbb8c14c2fd201""","Mon, 27 Oct 2025 12:54:58 GMT",,37332412f025a3422b01f0dc195bff04847d100abe753ad1fb0883cb53f25c1b,,200,1966913bfa7ebe31,2026-09-28T03:40:28Z
S1493,https://csrc.nist.gov/pubs/sp/800/92/r1/ipd,2026-09-26T00:00:00Z,,,,,,,,,,8e4fe3d45e7647f75446b9b67f09e40ab8cbf6f5e7320f76978b7f6f0ace278d,,200,f9137c69a3af8f36,2026-09-28T03:40:15Z
S1494,https://csrc.nist.gov/pubs/sp/800/92/final,2026-09-26T00:00:00Z,,,,,,,,,,5666691cf94db0e01383ae199e1edc8202595852f694847ec9dd4ac2bdb210c9,,200,893e58622b820157,2026-09-28T03:40:16Z
S1495,https://www.isms.online/iso-27001/annex-a-2022/8-15-logging-2022/,2026-09-26T00:00:00Z,,,,,,,"""48883-1790330603;;;""",,,156cd784c21ca9c0892b82cb2b00a81f87e8ea88939b78e95f0330653b101eec,,200,d3de1a9683751e70,2026-09-28T03:40:27Z
S1496,https://www.isms.online/iso-27001/annex-a-2022/8-16-monitoring-activities-2022/,2026-09-26T00:00:00Z,,,,,,,"""48295-1790328675;;;""",,,7631bdf35210d22e222900d8d13e67711b2e13ff4cc975e6db994d9d3ed22df7,,200,d9dc1bf3efa50e62,2026-09-28T03:40:29Z
S1497,https://genai.owasp.org/llm-top-10/,2026-09-26T00:00:00Z,,,,,,,,"Mon, 28 Sep 2026 03:39:43 GMT",,3dcf17966ff0d779da8a9bb1e094b6a0aabc2511e414cc96d91a4447a0245a92,,200,5e23707e7234b061,2026-09-28T03:40:15Z
S1498,https://docs.claude.com/en/docs/claude-code/monitoring-usage,2026-09-26T00:00:00Z,,,,,,,"W/""1c3fwvf0uap7o2""",,,cdd4d95bbcb72d7e82b00af7531889da2bcd5a5da7d506e512bf0084f404f8be,https://code.claude.com/docs/en/monitoring-usage,200,a53c1234824cd721,2026-09-28T03:40:28Z
S1499,https://docs.claude.com/en/docs/claude-code/security,2026-09-26T00:00:00Z,,,,,,,"W/""hsuq3r6i5n9m7j""",,,9c83b5e77f524fb6666b888881371f4cf2ad7a6f8395e722013c15b2998e952e,https://code.claude.com/docs/en/security,200,d4e89e6e12f1a492,2026-09-28T03:40:30Z
S1501,https://csrc.nist.gov/projects/ssdf,2026-09-26T00:00:00Z,,,,,,,,,,59256da86bc3091310395bd40044ee7f0d8f6b44eab684c4310aececb9f41f87,,200,699d9c8073a80c31,2026-09-28T03:40:18Z
S1502,https://csrc.nist.gov/pubs/sp/800/218/a/final,2026-09-26T00:00:00Z,,,,,,,,,,bca63a27a8561f086e53a26d94f24b170877b827b8fb5fd1ac4f0fe0640ff476,,200,c81e7c0ae28bb73c,2026-09-28T03:40:19Z
S1504,https://github.com/ossf/scorecard,2026-09-26T00:00:00Z,,,,,,,"W/""56fcaa794d56c76cc59c50da836e71d3""",,,a15377196101813af519cae239b8810087a0762563796cc8136f056b5387f4d4,,200,a07e8bdf1501cf84,2026-09-28T03:40:42Z
S1505,https://spdx.dev/,2026-09-26T00:00:00Z,,,,,,,,,,f7a9860e2d67e4a0bf3e98361c20400cf850a1d1560eb697505d10c6fc6a746b,,200,9800280614581b44,2026-09-28T03:40:30Z
S1506,https://cyclonedx.org/,2026-09-26T00:00:00Z,,,,,,,,,,9e150ce46c28437abf8b933a7e74b14f4c43fc704cbd733d3b5912b5ad190f1f,,200,228c658450956517,2026-09-28T03:40:29Z
S1507,https://pip.pypa.io/en/stable/topics/secure-installs/,2026-09-26T00:00:00Z,,,,,,,"W/""0ae2c8fe4b5a06438f6fe9a90a32b49e""","Tue, 04 Aug 2026 22:50:12 GMT",,63e245e5fad05465285aff38d4cb54453203d5db6c967b9fd8b0c4e2b202f8a9,,200,beba3d303c378e92,2026-09-28T03:40:31Z
S1508,https://docs.pypi.org/trusted-publishers/,2026-09-26T00:00:00Z,,,,,,,"W/""87d911116d5ce7f41400872b5c07a656""","Fri, 04 Sep 2026 12:51:29 GMT",,2976e4c7a0aed90406091ace945181478ee9a1cc05da94fef5c589d6dfa9f2f4,,200,fa183e4749356e27,2026-09-28T03:40:30Z
S1509,https://blog.pypi.org/posts/2024-04-17-expanding-trusted-publisher-support/,2026-09-26T00:00:00Z,,,,,,,"W/""a0908f2751763047b9d226c8285ff311""","Fri, 04 Sep 2026 12:51:42 GMT",,b8103e83f2fa5af44ed4399bc55d2263dad877dcb9dd67060d7b1f303ffd8f01,,200,fcb22550492c0825,2026-09-28T03:40:31Z
S1510,https://socket.dev/blog/pypi-expands-trusted-publishing-to-gitlab-self-managed,2026-09-26T00:00:00Z,,,,,,,,,,,,,,
S1511,https://docs.gitlab.com/user/application_security/dependency_scanning/dependency_scanning_sbom/,2026-09-26T00:00:00Z,,,,,,,"W/""d91fa9fa99c05d87bc6d0f26a444e98c2de44f2cffde57d502eda6a94d22e6ad-br""","Mon, 28 Sep 2026 02:13:25 GMT",,718cc4c754c90535607b572f9d216dfd8110e0804aa00ca318a7a1909048e5ec,,200,1a3e302696ea39f2,2026-09-28T03:40:19Z
S1512,https://docs.gitlab.com/ci/yaml/,2026-09-26T00:00:00Z,,,,,,,"W/""d91fa9fa99c05d87bc6d0f26a444e98c2de44f2cffde57d502eda6a94d22e6ad-br""","Mon, 28 Sep 2026 02:13:10 GMT",,dddc0841619dbe52f86f0342cb3f5379a7c7838aad3581aa44b6300544592a66,,200,1e97eba737ca64a2,2026-09-28T03:40:20Z
S1513,https://learn.microsoft.com/en-us/powershell/scripting/security/security-features?view=powershell-7.2,2026-09-26T00:00:00Z,,,,,,,"""FUngOyjv9pdQyy1J+C4l7ZzuHTw=""","Thu, 24 Sep 2026 23:14:46 GMT",77b22dfe57dc159b6398474e5bade6c3f4d8498f,e6a2883474badf812a25293e6617e52c29fdf17862fbece054a02fa94096db40,,200,c58af8e3dca730a6,2026-09-28T03:42:10Z
S1514,https://learn.microsoft.com/en-us/answers/questions/647121/procedures-to-enforce-windows-powershell-to-run-in,2026-09-26T00:00:00Z,,,,,,,,,,5c4dc920e2dd43c79650c9c764850ae238e09bbe569ee019a32be94b08b6f2d2,,200,c470f4d7f73d8066,2026-09-28T03:42:11Z
S1515,https://learn.microsoft.com/en-us/powershell/module/microsoft.powershell.security/set-authenticodesignature?view=powershell-7.5,2026-09-26T00:00:00Z,,,,,,,"""aqFu7lQPLNRuCi4h2vKIdLQ0DPs=""","Sun, 27 Sep 2026 13:27:10 GMT",a0cf2c63d0b82a2167fd8963c89e5d2d5f6a9f26,97fec3ca9e8765e550cd0e049744b7f640459dfc373839cfd2a3821b8490f0b1,,200,5d41fda2dce618ab,2026-09-28T03:42:12Z
S1517,https://github.com/MicrosoftDocs/PowerShell-Docs-DSC/blob/main/dsc/docs-conceptual/dsc-3.0/reference/schemas/resource/manifest/root.md,2026-09-26T00:00:00Z,,,,,,,"W/""41800a43fece2330e13bab489a7f4469""",,,906d35290b1ddb9bcf6cdec5b9cfa0dab218be01dd8fdeb262c4c7013f3b164e,,200,4f67690bbb6bae04,2026-09-28T03:40:43Z
S1518,https://devblogs.microsoft.com/powershell/announcing-dsc-v3/,2026-09-26T00:00:00Z,,,,,,,,,,8ad2469f4a5f15a9f3bf13717fec00073d2ee1f38a65c7974da9ce0bf0f5fe77,,200,f3aeb3a45b55f9ba,2026-09-28T03:40:31Z
S1519,https://github.com/HotCakeX/Harden-Windows-Security/wiki/Script-Enforcement-and-PowerShell-Constrained-Language-Mode-in-WDAC-App-Control-Policies,2026-09-26T00:00:00Z,,,,,,,"W/""a48a64a0e1570e9f6e277586a56e5509""",,,b2da7ebf533499d71562ef3f81111c19a245377e9105a5c24de3f5883fca47d3,,200,767f31f4bea21ac1,2026-09-28T03:40:45Z
S1520,https://learn.microsoft.com/en-us/intune/configmgr/apps/deploy-use/create-deploy-scripts,2026-09-26T00:00:00Z,,,,,,,"""Hnav25R2oWW5tUylCX3ZpKKq+64=""","Mon, 31 Aug 2026 17:51:30 GMT",d3432a8c0e9a1b8706eff71005a6b7ca53c35f98,0e1675c443488f3bb4ec7dd5c170d3fc34a3e2c582e0b613de0e996cb0805022,,200,0da60f1ce7732c85,2026-09-28T03:42:14Z
S1522,https://docs.astral.sh/uv/pip/compile/,2026-09-26T00:00:00Z,,,,,,,,,,2e1380d6cc87716ec789395792064761e4642323b751ad8075e70d39b642382c,,200,3af09d2aed76d2a2,2026-09-28T03:40:31Z
S1523,https://docs.gitlab.com/ci/pipeline_security/slsa/level_3/,2026-09-26T00:00:00Z,,,,,,,"W/""d91fa9fa99c05d87bc6d0f26a444e98c2de44f2cffde57d502eda6a94d22e6ad-br""","Mon, 28 Sep 2026 02:13:09 GMT",,19de61b684a8a6965e48adf9856333a66bf03ea0c79bfd7b7fe3c1e20311abaa,,200,9490aeaf2dbe9b0d,2026-09-28T03:40:21Z
S1524,https://about.gitlab.com/blog/achieve-slsa-level-2-compliance-with-gitlab/,2026-09-26T00:00:00Z,,,,,,,"""ce7df8596f314dacf9fb7cabded30a1f""",,,d209c9448187c8c883a9881f597d016bb4ec8be1fd440bf072ed3198d7c2cc79,,200,67c3977bacba4b72,2026-09-28T03:40:25Z
S1525,https://docs.pypi.org/trusted-publishers/using-a-publisher/,2026-09-26T00:00:00Z,,,,,,,"W/""567c4e0a7466c3f85315a8382cca2ab4""","Fri, 04 Sep 2026 12:51:30 GMT",,c36a5448f8d449f40394e24ef926732d7e4c46b3963f82f977ba3028dd5033af,,200,37919e32d215da9b,2026-09-28T03:40:31Z
S1526,https://genai.owasp.org/resource/owasp-top-10-for-agentic-applications-for-2026/,2026-09-26T00:00:00Z,,,,,,,,"Mon, 28 Sep 2026 03:37:09 GMT",,b4f2200d3cd03eb9bfee83ebd8ec9fd695d41d587e3cfb8d4f5465540f05c4df,,200,e2e4e6199d66d707,2026-09-28T03:40:16Z
S1527,https://nvlpubs.nist.gov/nistpubs/ai/nist.ai.600-1.pdf,2026-09-26T00:00:00Z,,,,,,,,,,,,,,
S1528,https://learn.microsoft.com/en-us/windows-server/identity/ad-ds/plan/security-best-practices/audit-policy-recommendations,2026-09-26T00:00:00Z,,,,,,,"""0KhLwJF/MVy9YDdZbNV63Y4WkaQ=""","Tue, 25 Aug 2026 23:02:51 GMT",b81f4cc63976d2a5834df5b805eae0fb0f7114c0,53924a396f268e96a081b032ebc51020ed3ad22d2f34c25804416c94440615db,,200,409a982caad83933,2026-09-28T03:42:15Z
S1529,https://learn.microsoft.com/en-us/windows-server/security/osconfig/osconfig-how-to-configure-security-baselines,2026-09-26T00:00:00Z,,,,,,,"""QFRc2KYURxovUh6THoYgy6rxny0=""","Wed, 26 Aug 2026 04:35:13 GMT",1e8437711e0e3c9f04726aac90afcfab23d417cf,68bc25128bf789ae460b6f5e71746517caf1eac85b0e96c124bf5dc07985bae8,,200,86d8d36eff820f5f,2026-09-28T03:42:15Z
S1540,https://owasp.org/www-project-mcp-top-10/,2026-09-26T00:00:00Z,,,,,,,,,,ec270d17d1786fe29662efb752590530366611573e1aa23c4f2a904b4ec6ef86,https://owasp.org/projects/mcp-top-10,200,f1131200119cdb7a,2026-09-28T03:40:32Z
S1541,https://www.nist.gov/itl/ai-risk-management-framework,2026-09-26T00:00:00Z,,,,,,,,"Mon, 28 Sep 2026 03:02:23 GMT",,152aa8d8b0ae2cc507f1ec560edbcb31adb9cefdb765cf233c2d47a21bb04fd4,,200,be4f8c744dd94c55,2026-09-28T03:40:32Z
S1542,https://nvlpubs.nist.gov/nistpubs/ai/NIST.AI.600-1.pdf,2026-09-26T00:00:00Z,,,,,,,,,,,,,,
S1547,https://docs.claude.com/en/docs/claude-code/security,2026-09-26T00:00:00Z,,,,,,,"W/""hsuq3r6i5n9m7j""",,,9c83b5e77f524fb6666b888881371f4cf2ad7a6f8395e722013c15b2998e952e,https://code.claude.com/docs/en/security,200,d4e89e6e12f1a492,2026-09-28T03:40:31Z
S1548,https://www.anthropic.com/news/model-context-protocol,2026-09-26T00:00:00Z,,,,,,,,,,0453f9d67e6fac51a33f95dd0e5c08c5a037353390e85a02eb32bee0fcb972e7,,200,1467db7ed2113691,2026-09-28T03:40:33Z
S1550,https://uodo.gov.pl/en,2026-09-26T00:00:00Z,,,,,,,,,,0acf78663868af5103896dd7cd8f9e40da2dec7d94d72a586b5c6607fd36dc66,,200,f7d198cbc1a98cba,2026-09-28T03:40:34Z
S1552,https://eur-lex.europa.eu/legal-content/EN/TXT/?uri=CELEX:32022L2555,2026-09-26T00:00:00Z,,,,,,,,,,,,,,
S1553,https://dziennikustaw.gov.pl/D2026000025201.pdf,2026-09-26T00:00:00Z,,,,,,,,,,,,,,
S1554,https://nisd2.eu/en/wiki/timelines-and-status/nis2-status-poland,2026-09-26T00:00:00Z,,,,,,,,,,,,,,
S1555,https://eur-lex.europa.eu/legal-content/EN/TXT/?uri=CELEX:32022R2554,2026-09-26T00:00:00Z,,,,,,,,,,,,,,
S1556,https://eur-lex.europa.eu/legal-content/EN/TXT/?uri=CELEX:32024R1689,2026-09-26T00:00:00Z,,,,,,,,,,,,,,
S1557,https://digital-strategy.ec.europa.eu/en/policies/regulatory-framework-ai,2026-09-26T00:00:00Z,,,,,,,"W/""1790564529-gzip""","Mon, 28 Sep 2026 03:02:09 GMT",,9aa1d744293e8a259d3597fc2ce34230f564bca74dac9c4a86f203131924e839,,200,6ca318778f053fc3,2026-09-28T03:40:35Z
S1558,https://www.gibsondunn.com/eu-ai-act-omnibus-agreement-postponed-high-risk-deadlines-and-other-key-changes/,2026-09-26T00:00:00Z,,,,,,,,,,d3c35e35e0c6cfd8225cf8a2df506c687b5aa4180f5bdfc5f7a9eda1129249bb,,200,6b65aca72f2b5752,2026-09-28T03:40:35Z
S1559,https://labs.cloudsecurityalliance.org/research/csa-research-note-eu-ai-act-high-risk-deadline-omnibus-20260/,2026-09-26T00:00:00Z,,,,,,,,"Mon, 28 Sep 2026 01:39:35 GMT",,d92bba581d7319b3113d7314ac1f4e2658e4e029a0a5893eccfd3c980f29fc6e,,200,bbc2e7f9c86137a5,2026-09-28T03:40:35Z
S1562,https://www.nist.gov/cyberframework,2026-09-26T00:00:00Z,,,,,,,,"Mon, 28 Sep 2026 03:02:07 GMT",,bf4eebc98f6a49878182d12110a112e14dea6f4a782193764bbdaf63db889150,,200,0d6e1f123f015114,2026-09-28T03:40:33Z
S1563,https://www.cisecurity.org/controls/v8-1,2026-09-26T00:00:00Z,,,,,,,,,,ed703a30d639da098a43ad019e34e9b51508d8a2b4b84bdb6c845429bfe402c2,,200,58a695c44bc63d37,2026-09-28T03:40:29Z
S1564,https://attack.mitre.org/resources/updates/,2026-09-26T00:00:00Z,,,,,,,"""6ab18435-7a29""","Mon, 21 Sep 2026 19:23:33 GMT",,4c9e8fb07c76c4a901eda1066952e94c8ea0fecbdda50f4ac31920476144ac1d,,200,306bee250444e785,2026-09-28T03:40:36Z
S1565,https://attack.mitre.org/techniques/T1072/,2026-09-26T00:00:00Z,,,,,,,"""6ab18435-102d6""","Mon, 21 Sep 2026 19:23:33 GMT",,c9a17cb10dd733376ab0985ae3d38b833ec47b69d8dc198894901aa609fc5bd1,,200,36d8e0210586ed76,2026-09-28T03:40:37Z
S1566,https://attack.mitre.org/techniques/T1484/,2026-09-26T00:00:00Z,,,,,,,"""6ab18435-c061""","Mon, 21 Sep 2026 19:23:33 GMT",,18196c8afa931fafaa5f66804387d27e69ccd79a9646ce8936c2bd7a24524614,,200,abce65ae444b539f,2026-09-28T03:40:38Z
S1567,https://attack.mitre.org/techniques/T1098/,2026-09-26T00:00:00Z,,,,,,,"""6ab18435-1121c""","Mon, 21 Sep 2026 19:23:33 GMT",,7eec567513ef674ead7611b29c3c61697165df3345dec3837f09137eaba14d55,,200,aad6c5202f8e2c21,2026-09-28T03:40:39Z
S1568,https://attack.mitre.org/techniques/T1558/,2026-09-26T00:00:00Z,,,,,,,"""6ab18435-d252""","Mon, 21 Sep 2026 19:23:33 GMT",,ab3115d224219791034596f5d0111a4762fef6c2a1f2f1014ec880c320a95428,,200,3a48222a271c3593,2026-09-28T03:40:40Z
S1569,https://attack.mitre.org/techniques/T1078/,2026-09-26T00:00:00Z,,,,,,,"""6ab18436-2df18""","Mon, 21 Sep 2026 19:23:34 GMT",,82fa72cec423ac335bcd5c8b94f77a0eb634a589416f233296a9dca582e5284e,,200,c7d27028a21aec3a,2026-09-28T03:40:41Z
S1570,https://attack.mitre.org/techniques/T1219/,2026-09-26T00:00:00Z,,,,,,,"""6ab18436-17f09""","Mon, 21 Sep 2026 19:23:34 GMT",,6662183e5962b4a61c1a346ff1c9fa9bad8d16b3fe222ae16f4f005c6ad973a3,,200,0719ab17e942c4ff,2026-09-28T03:40:42Z
S1571,https://attack.mitre.org/techniques/T1562/,2026-09-26T00:00:00Z,,,,,,,"""6ab18436-3f""","Mon, 21 Sep 2026 19:23:34 GMT",,01ba4719c80b6fe911b091a7c05124b64eeece964e09c058ef8f9805daca546b,,200,0000000000000000,2026-09-28T03:40:43Z
S1572,https://owasp.org/www-community/Threat_Modeling_Process,2026-09-26T00:00:00Z,,,,,,,,"Sun, 27 Sep 2026 12:14:11 GMT",,ec60fdb75c247002c730f4fe3b7aee0746e373dd26629cf0b4eca597abb6b1b2,https://community.owasp.org/Threat_Modeling_Process,200,bab0902a8d414f18,2026-09-28T03:40:33Z
S1573,https://www.linddun.org/,2026-09-26T00:00:00Z,,,,,,,,,,aaa6dd7f6c71f311f90f848ce2235e793d10e0b6666fede0ea68ccfb2a366f4d,https://linddun.org/,200,6cca9ce824bd4097,2026-09-28T03:40:40Z
S1574,https://learn.microsoft.com/en-us/azure/security/develop/threat-modeling-tool,2026-09-26T00:00:00Z,,,,,,,"""njt337l2LE6c22bAD2RKwr3gZBM=""","Sun, 23 Aug 2026 22:57:31 GMT",33360c0d29e1fb18fd656f7696e2f402daa0e3c9,6052eeffc284c420e9bbd9e16769a7961fff0dd93814d1e5a51e5bedf1748d6f,,200,8b89dcb98d8c1936,2026-09-28T03:42:17Z
S1576,https://raw.githubusercontent.com/mitre-attack/attack-stix-data/v19.2/enterprise-attack/enterprise-attack.json,2026-09-26T00:00:00Z,,,,,,,"""1762489b825d8f0464063fd45213b3463e01bf71311ac4cf0665218cdb11e1b1""",,,8519578e5980d93c9f2701de5c06179055e4985ea74edb8f4229d13e5eccbf48,,200,3c3390d5b32424e1,2026-09-28T03:45:33Z
S1590,https://learn.microsoft.com/en-us/windows-server/storage/file-server/troubleshoot/detect-enable-and-disable-smbv1-v2-v3,2026-09-26T00:00:00Z,,,,,,,"""EdxfssdYEaNBkGP/uuwkgPEJGrI=""","Tue, 08 Sep 2026 19:30:22 GMT",785b5b133dd4b208cd9076f590898d75dd77b58c,42a3173b875c46def474f9794dc95eeed2693c66e4d2257abab8a5ce9f9563ad,,200,70688082095a09e9,2026-09-28T03:42:18Z
S1591,https://learn.microsoft.com/en-us/windows/win32/fileio/maximum-file-path-limitation,2026-09-26T00:00:00Z,,,,,,,"""K2zm2gEETa6Z5HjZl1rW24GGHjo=""","Wed, 26 Aug 2026 22:39:07 GMT",8318cb63ec1c9a6d504c8bf55ba4a9c091640a93,3de714224f8d08c7363cddb5dcdd224c2e2a666ce08137f5ec5472fb37674128,,200,1b76c53cc93eddfd,2026-09-28T03:42:19Z
S1592,https://learn.microsoft.com/en-us/windows-server/identity/ad-ds/manage/group-policy/group-policy-processing,2026-09-26T00:00:00Z,,,,,,,"""N/M7LqI1oEIMu2LRiW/wBIx4ul0=""","Wed, 26 Aug 2026 02:16:38 GMT",1123e4a346117c00540652d9ccb9b4b73fe6944c,621c7f6ce8ece29cf731790724998c902295bb15fe08489b96e8e9b785c2054c,,200,6f0b3a5a2d344d83,2026-09-28T03:42:20Z
S1593,https://learn.microsoft.com/en-us/intune/configmgr/comanage/workloads,2026-09-26T00:00:00Z,,,,,,,"""6LkOkSvPEXmok5LJ9ueP/3ZQEl0=""","Tue, 01 Sep 2026 07:24:42 GMT",641505a487b0febbc4d3a97ca377b3334a3a1790,71078a9bcf3ba35565b02e2302760756777d361fa048fa4fd47eacc358a750c4,,200,dcfa8cde5080647e,2026-09-28T03:42:22Z
S1594,https://www.powershellgallery.com/api/v2/FindPackagesById()?id='SecurityPolicyDsc',2026-09-26T00:00:00Z,,,,,,,"""480e2837-e3a7-4817-9a49-b9afc9a01be6""",,,f3ad5db1a4f6258b05208abc2678bf1eba110c03713c41078dd52111cf17b518,,200,ff592edaca67df74,2026-09-28T03:40:25Z
S1595,https://www.powershellgallery.com/api/v2/FindPackagesById()?id='AuditPolicyDsc',2026-09-26T00:00:00Z,,,,,,,"""ace6e49c-4a34-4a06-a1c6-19eb9b6cdd09""",,,aab0b6e875b246d2eb1a4775ef5a7230b1c7c9edd99c106efc1cad73b9795e06,,200,59b0933195f0b288,2026-09-28T03:40:25Z
S1596,https://api.github.com/repos/dsccommunity/SecurityPolicyDsc/contents/source/DSCResources,2026-09-26T00:00:00Z,,,,,,,"""bc5f1ae43b31a51cb40296f2f5deb00a6753795f""","Mon, 01 Jun 2026 23:32:38 GMT",,9534832b48ea2b8bb755341ebdbeb5fc38d01602ce5285485566a473fbc1975d,,200,e9004ab445b0e177,2026-09-28T03:40:46Z
S1597,https://docs.pypi.org/trusted-publishers/adding-a-publisher/,2026-09-26T00:00:00Z,,,,,,,"W/""b517c257e1ecfa14d4162ee83e0d8eb1""","Fri, 04 Sep 2026 12:51:29 GMT",,fb201cfffb5d49acfbbe7961427bece77d8f2471876cc71cc53c3cdc623fc523,,200,c922459fc5aa5e58,2026-09-28T03:40:32Z
S1598,https://raw.githubusercontent.com/microsoft/osconfig/82a54b9e9c85b6bb48cbb0bd34345ec03480e5d7/security/SecurityBaseline_WindowsServer_2025-2606.csv,2026-09-26T00:00:00Z,,,,,,,"""0261016667bf2695f85d5a6a59f07fc4364b8cdb7993aa1560717c4ca93b77cf""",,,6f9c28c94b4ec91587f185db04a284c8877eaca78ad69e639b2cec5125234aba,,200,7807982ec1bf04e4,2026-09-28T03:45:34Z
S1599,https://raw.githubusercontent.com/microsoft/osconfig/82a54b9e9c85b6bb48cbb0bd34345ec03480e5d7/docs/resources/README.md,2026-09-26T00:00:00Z,,,,,,,"""62e7ac3bd1664a9f7c5490495dd3aae56040009d2cd42cb21b3f8876d85ce20a""",,,51036393169695cc34e90f65194826611f4d1f6c1098c1907d80b763c63adbc2,,200,09e341c16b9874b2,2026-09-28T03:45:34Z
S1600,https://kubernetes.io/docs/tasks/configure-pod-container/configure-gmsa/,2026-09-26T00:00:00Z,,,,,,,"""a9b9a7eb09d97c7b2f1a6c5c92792262-ssl""",,,1b78d97c75c01443656ce54b2e4db0bf776d7223323f6abc970595fde439421c,,200,f0b021b76557dc6a,2026-09-28T03:40:36Z
S1601,https://learn.microsoft.com/en-us/virtualization/windowscontainers/manage-containers/gmsa-troubleshooting,2026-09-26T00:00:00Z,,,,,,,"""FPowVBJZkwjCTkWLa7OmMz9Neqc=""","Mon, 31 Aug 2026 20:37:00 GMT",b9fb379fea57b27ed94f43f4999510a851600a85,b139554cc0d12c7c976a6046c11c3ba0cb57f7812fb31411b6c908bb07875cdc,,200,d417f23894e7ef4c,2026-09-28T03:42:23Z
S1602,https://learn.microsoft.com/en-us/azure/aks/use-group-managed-service-accounts,2026-09-26T00:00:00Z,,,,,,,"""cgS2iizwSt/GnU2FE17xxmaz+Z0=""","Mon, 24 Aug 2026 12:35:11 GMT",0c7f1041c254bc7b1432389c28092394be86930f,d9fee914e95cdbaff0a8613cbc2d1dcdc68c6b53b70ed4000858d5afb1e17719,,200,b6e70f4c2f8a25b4,2026-09-28T03:42:24Z
S1603,https://github.com/microsoft/Windows-Containers-AKS-gMSA,2026-09-26T00:00:00Z,,,,,,,"W/""6195d1991badafb80cb5cd403a22880a""",,,8f249aec9c1e6cc1dfd62c4af07691924605c0b44e724d355c5f6f43a85c26a0,,200,0d069d205ae07684,2026-09-28T03:40:47Z
S1604,https://github.com/pythongssapi/requests-gssapi,2026-09-26T00:00:00Z,,,,,,,"W/""fa3b79c4adb0d472fbcb1128bdb9e0be""",,,757b12e73b4236294ae66b6568cccd207e9a67f0e30f3813826c5b47605c753d,,200,9a06bb7d30276a10,2026-09-28T03:40:48Z
S1605,https://learn.microsoft.com/en-us/sql/connect/odbc/linux-mac/using-integrated-authentication?view=sql-server-ver17,2026-09-26T00:00:00Z,,,,,,,"""ran1BlWYvY8UJwwJbpuUIboSoIc=""","Fri, 11 Sep 2026 02:39:20 GMT",4492a063e75579470073929c094b28734d667dd8,cf1233e315b5f2a40cf0756560586a02ff7bdc6b477ed440061817c18f559e7c,,200,fe4854fe1164f173,2026-09-28T03:42:25Z
S1606,https://learn.microsoft.com/en-us/sql/linux/security/authentication/adutil-introduction?view=sql-server-ver16,2026-09-26T00:00:00Z,,,,,,,"""4y5HPOJcKzprxBybUIejIKtPmXE=""","Thu, 27 Aug 2026 13:34:07 GMT",79d68a0d604f7034b9ae44fb8d0e51705997c395,735a41b2ff0cc238690eacdead67868ebe970a75951b2500aff8127012fd57e3,,200,d3b570f515867f9f,2026-09-28T03:42:26Z
S1607,https://aws.amazon.com/blogs/opensource/aws-now-supports-credentials-fetcher-for-gmsa-on-amazon-linux-2023/,2026-09-26T00:00:00Z,,,,,,,,"Wed, 26 Aug 2026 17:35:56 GMT",,c73c5bdf6075fb24cd3dc3766e7527b020a2da33dbba97a7622c5c0e87de68e0,,200,34ae14a33947f6a2,2026-09-28T03:40:37Z
S1608,https://github.com/aws/credentials-fetcher,2026-09-26T00:00:00Z,,,,,,,"W/""bafec4c32a896bd82aa6762911475f3a""",,,2aea30cf20f30e8c5a84e38a61abbbaf0c0ca1899ccfb7fa98563e0f9f1a617b,,200,359f2aa959ba6b42,2026-09-28T03:40:49Z
S1609,https://learn.microsoft.com/en-us/azure/azure-arc/kubernetes/conceptual-workload-identity,2026-09-26T00:00:00Z,,,,,,,"""7u5FwAF7YXb95FEZgp5Hu4nrC/w=""","Mon, 24 Aug 2026 22:25:43 GMT",1f145987fcb874e267a900c65a352f7fbeccbbb5,5c7cc631fa93f8cd6ddbe8382004e80b4c631d26a9106c317acf4bc7b223abba,,200,e3e424ae31e40751,2026-09-28T03:42:27Z
S1610,https://learn.microsoft.com/en-us/sql/connect/odbc/using-azure-active-directory?view=sql-server-ver16,2026-09-26T00:00:00Z,,,,,,,"""PuM62B0jwPTJ/Ngqzk9urhkppgg=""","Mon, 24 Aug 2026 18:06:32 GMT",311e135c3e0ab37f5adc6bca0407d059142327a2,fca4e8ae0985d321a1091598f21241f32ea2e3e4e0c346740c5c5f84df4ca03e,,200,99d0a60eeff97f31,2026-09-28T03:42:28Z
S1700,https://docs.gitlab.com/ci/components/,2026-09-26T00:00:00Z,,,,,,,"W/""d91fa9fa99c05d87bc6d0f26a444e98c2de44f2cffde57d502eda6a94d22e6ad-br""","Mon, 28 Sep 2026 02:13:08 GMT",,4062478f7768e2402df9ca74b4c96421a3901843f049a32d126c50d6d2325796,,200,c2a37ccffbcd48be,2026-09-28T03:40:22Z
S1701,https://gitlab.com/gitlab-org/gitlab/-/issues/427286,2026-09-26T00:00:00Z,,,,,,,"W/""138fbbfeb416dfc593e2dd8d9096d596""",,,1c911099163d43cb5db0e3b3785ae25cea25da31e9f143c414554388a94e7e58,,200,f3b999ce1dacda60,2026-09-28T03:41:09Z
S1702,https://about.gitlab.com/blog/ci-cd-catalog-goes-ga-no-more-building-pipelines-from-scratch/,2026-09-26T00:00:00Z,,,,,,,"""2a11960dfb3c3db8a6dbd17b62988c21""",,,40756717c3eb8a344c584ee1f11f1c21cd1fcf52db19b59dab8dd96c6177ba89,,200,96ced70ab8a3ab2a,2026-09-28T03:40:25Z
S1704,https://forum.gitlab.com/t/private-ci-cd-component-cannot-be-included-from-the-catalog-if-the-user-has-the-guest-role/124256,2026-09-26T00:00:00Z,,,,,,,,"Fri, 11 Apr 2025 08:10:25 GMT",,bdeb3356033b38b1bd4de3adc021e11fd3e29dfc3f7fdf50f13bee63dbc8485d,,200,f6c0dcb0c7008445,2026-09-28T03:40:37Z
S1705,https://packaging.python.org/en/latest/specifications/dependency-specifiers/,2026-09-26T00:00:00Z,,,,,,,"W/""5f730bacb85bd16901acf0d461a8e438""","Tue, 22 Sep 2026 14:21:32 GMT",,28fcd00f24779ea4f2c7dec02bb7d28519f32fab4caed55e1f337773cc01e706,,200,3e5de249a99ad143,2026-09-28T03:40:37Z
S1706,https://docs.astral.sh/uv/concepts/projects/dependencies/,2026-09-26T00:00:00Z,,,,,,,,,,681ecec04e285c48ed26386457962130d91c34bac050eebcca96ce7690860234,,200,a24a4a90ebcc78c1,2026-09-28T03:40:33Z
S1707,https://peps.python.org/pep-0735/,2026-09-26T00:00:00Z,,,,,,,"""6ab9195d-23f5e""","Sun, 27 Sep 2026 13:25:49 GMT",,3cc38ea2e2554bd3234a32e374d39e9b22c0b957ad632a4a7fd14bdd98ea265f,,200,1ced9deaf51a7437,2026-09-28T03:40:38Z
S1708,https://peps.python.org/pep-0621/,2026-09-26T00:00:00Z,,,,,,,"""6ab9195d-14ce2""","Sun, 27 Sep 2026 13:25:49 GMT",,89f7651aed8dd416e98e66074db230c362fd75d8205e5e91f751d99dbd406046,,200,7790817b073a75f0,2026-09-28T03:40:38Z
S1709,https://pypi.org/project/fluent.runtime/,2026-09-26T00:00:00Z,,,,,,,,,,294487957d669cd29f78b0e66a7481df0e53fb8ebe2c6e9f894768df47c12152,,200,bdb99a002fbe1807,2026-09-28T03:40:11Z
S1710,https://projectfluent.org/python-fluent/fluent.runtime/stable/usage.html,2026-09-26T00:00:00Z,,,,,,,"""6957bbb3-7d3c""","Fri, 02 Jan 2026 12:36:03 GMT",,55fe977d7fe95da1e57e478b0573fbc03ca84d2a7a925e10ef48f7ebcae00f01,,200,8461f03549b639e7,2026-09-28T03:40:38Z
S1711,https://projectfluent.org/fluent/guide/,2026-09-26T00:00:00Z,,,,,,,"""65df7fdf-3005""","Wed, 28 Feb 2024 18:47:59 GMT",,4db8491041b9ab1d0d4fa1fde57c28e7ebfee816181466514e5455dd53cdd0dd,,200,a4acd06f60132e2b,2026-09-28T03:40:39Z
S1712,https://learn.microsoft.com/en-us/powershell/module/microsoft.powershell.core/about/about_script_internationalization?view=powershell-7.4,2026-09-26T00:00:00Z,,,,,,,"""Mv7ILgpX5smRuk/vDdCndPzMcEU=""","Sat, 26 Sep 2026 22:05:41 GMT",f09ce0b678c2da1ae0fa70f0b4789a607183cc63,b1edfa11231db2fe0f5e929e7f0219d31f707104d89fa6a495003bf21126997d,,200,11e63bdcac0cf5ac,2026-09-28T03:42:29Z
S1713,https://learn.microsoft.com/en-us/powershell/module/microsoft.powershell.utility/import-localizeddata?view=powershell-5.1,2026-09-26T00:00:00Z,,,,,,,"""JNtqvkBkiyQ1nIfcm9n8wkDSJtU=""","Mon, 28 Sep 2026 03:42:33 GMT",3bcc275f46fd8537780ee1549c0862bb0266e06c,297fcc17cdca86e29296061c5f3c16687ec79d37fc8009101c568d04010a4d45,,200,403e26f1f910402a,2026-09-28T03:42:34Z
S1714,https://learn.microsoft.com/en-us/analysis-services/tabular-models/translations-in-tabular-models-analysis-services?view=sql-analysis-services-2025,2026-09-26T00:00:00Z,,,,,,,"""c78g5gaO4OCNuM8kK5I+kZazc0s=""","Wed, 02 Sep 2026 14:50:40 GMT",a3fe3e8faac586df1c22cc62a6198b016f2de8d5,c958f2bd7274f7f84b8a5d7c7983241f96d0118c0ba77dbb0975e488bd017a4e,,200,2438cee6422587a0,2026-09-28T03:42:34Z
S1715,https://learn.microsoft.com/en-us/power-bi/transform-model/desktop-tmdl-view,2026-09-26T00:00:00Z,,,,,,,"""BxBl5po0109oaEPYn19VrR6C2WM=""","Tue, 01 Sep 2026 17:35:03 GMT",54dd180576a7deba8c04e0c675b8f05f7723cc3d,f74af420e56c889151e9650d25fdc0805fc5d60bf3d32c160674ae58e254ad06,,200,88bef5f7802a65e6,2026-09-28T03:42:35Z
S1716,https://www.gnu.org/software/gettext/manual/gettext.html,2026-09-26T00:00:00Z,,,,,,,,,,5abc42f655064c24d3a22e0ef89a9bdb18ed637c53a3536af182dcf48547ef61,,200,6b49a50107b5be31,2026-09-28T03:40:40Z
S1717,https://docs.python.org/3/library/gettext.html,2026-09-26T00:00:00Z,,,,,,,"""6ab9bbe1-169d5""","Mon, 28 Sep 2026 00:59:13 GMT",,ab5f510d9f75271360ceba3969aca6f9dccd0fb51e8e6f5739e1319f63fc1800,,200,5dbaacb865074d63,2026-09-28T03:40:39Z
S1718,https://12factor.net/config,2026-09-26T00:00:00Z,,,,,,,,,,7d7372351a312cb413a4979d3d4e118163c17d24077d3a0058b3683a1758c24d,,200,490fc4ada56b3209,2026-09-28T03:40:39Z
S1719,https://12factor.net/backing-services,2026-09-26T00:00:00Z,,,,,,,,,,1242ab1cf9d396d7524e24c008cb1f005d3fad6aac51820f56ce603f1e8b0e24,,200,69cce1a565ee7d48,2026-09-28T03:40:41Z
S1720,https://12factor.net/logs,2026-09-26T00:00:00Z,,,,,,,,,,346462ea7f8ee24af4585bd1482bd1e9ccc34f58dad2e63013a4cdf2e0fa6a78,,200,adea40fa3a590e1b,2026-09-28T03:40:42Z
S1721,https://12factor.net/disposability,2026-09-26T00:00:00Z,,,,,,,,,,6b850761320a6a6260d0304c4d4f71f0ff44113b4dac3570bf819392698b718a,,200,cf5dc8b007c13833,2026-09-28T03:40:42Z
S1722,https://12factor.net/processes,2026-09-26T00:00:00Z,,,,,,,,,,8aeef0e050426849d6a21c7d7815024f9753b6d9f7ee56e398580ef59917d3d0,,200,396b1650394175fa,2026-09-28T03:40:44Z
S1723,https://12factor.net/dev-prod-parity,2026-09-26T00:00:00Z,,,,,,,,,,6400de55b2621ec9e5388f3353122b1dd94e13d21b206cb1e4792ecec489a25e,,200,527d8fbb79a28348,2026-09-28T03:40:46Z
S1724,https://12factor.net/admin-processes,2026-09-26T00:00:00Z,,,,,,,,,,f1f0cb60327f06f857f2ab44793d8542c73be50b1de9ecc3dad7c02c4acc5aaf,,200,1bc908aa056b708a,2026-09-28T03:40:46Z
S1725,https://kubernetes.io/docs/concepts/security/secrets-good-practices/,2026-09-26T00:00:00Z,,,,,,,"""909a90952a803fd7e585c49a9361a8b1-ssl""",,,f473d9db4de9d440b954db8ed13f4a7cc95a343984a5ee5acaf8fcac173263d1,,200,194e733aa518adcf,2026-09-28T03:40:37Z
S1726,https://kubernetes.io/docs/concepts/workloads/controllers/cron-jobs/,2026-09-26T00:00:00Z,,,,,,,"""f42e7df9a9d7499b5c604e61710ce381-ssl""",,,3d9bfb3159db8fcdfc72e09c828571f62bc3c907dbf8c8b76a31ba1037b0343e,,200,a0e0b7aeb1a8c147,2026-09-28T03:40:38Z
S1727,https://kubernetes.io/docs/concepts/workloads/controllers/job/,2026-09-26T00:00:00Z,,,,,,,"""f1742ca94240805d4581908955a40e61-ssl""",,,234755f6369f804e05b4fb387a5b52567dc61649879d39239ac6b65f08807381,,200,400922467598e2f2,2026-09-28T03:40:40Z
S1728,https://docs.python.org/3/library/zoneinfo.html,2026-09-26T00:00:00Z,,,,,,,"""6ab9bbe1-fab3""","Mon, 28 Sep 2026 00:59:13 GMT",,2db6fb3d690295bcbcc32ec829392e96b3b10474e35d1f56197a4cb9d3b87248,,200,aba98c7216da4993,2026-09-28T03:40:40Z
S1729,https://kubernetes.io/docs/concepts/configuration/secret/,2026-09-26T00:00:00Z,,,,,,,"""deca7b9f505ff50ef83eb74605c2c2b9-ssl""",,,9f2a26719628145496abe8007aff8612392a3e34c592d56e30d9b6bf7b3d1c5d,,200,1f8d7adf3bfdcd08,2026-09-28T03:40:41Z
S1730,https://docs.gitlab.com/administration/pages/,2026-09-26T00:00:00Z,,,,,,,"W/""d91fa9fa99c05d87bc6d0f26a444e98c2de44f2cffde57d502eda6a94d22e6ad-br""","Mon, 28 Sep 2026 02:12:55 GMT",,feb0efd7278d4cc339234e7259fa28eb671372291b59860b47aacdd1e59c9673,,200,90ed3e4f796ed080,2026-09-28T03:40:23Z
S1731,https://docs.gitlab.com/user/project/pages/pages_access_control/,2026-09-26T00:00:00Z,,,,,,,"W/""d91fa9fa99c05d87bc6d0f26a444e98c2de44f2cffde57d502eda6a94d22e6ad-br""","Mon, 28 Sep 2026 02:13:29 GMT",,00fb0f42c5084ba58418a703e3fb50d8a5efb97df44d573c26f257e58ea65019,,200,1ff49097e7b9db82,2026-09-28T03:40:25Z
S1732,https://www.mkdocs.org/user-guide/cli/,2026-09-26T00:00:00Z,,,,,,,"""66d1bc3a-5e24""","Fri, 30 Aug 2024 12:34:02 GMT",,093599a590cc1628c05b6ce8e098233f1b09ceb9ffe8ed2400fdc207e90b341f,,200,4f61a9e01d65e489,2026-09-28T03:40:39Z
S1733,https://docs.gitlab.com/user/project/pages/getting_started/pages_from_scratch/,2026-09-26T00:00:00Z,,,,,,,"W/""d91fa9fa99c05d87bc6d0f26a444e98c2de44f2cffde57d502eda6a94d22e6ad-br""","Mon, 28 Sep 2026 02:13:29 GMT",,3abb07a8f0149da394e7781157cf19ff48291125b0c077e6bae45068c286c2a8,,200,309420772ec4838e,2026-09-28T03:40:26Z
S1800,https://code.claude.com/docs/en/headless,2026-09-26T00:00:00Z,,,,,,,,"Thu, 08 Oct 2026 19:47:11 GMT",,0d99f441ba6750404360f6e1308dca95f3ff154f3efa0c93475bffdc5cfe5a77,,200,ec6de780ea1d7879,2026-10-08T19:47:11Z
S1801,https://code.claude.com/docs/en/github-actions,2026-09-26T00:00:00Z,,,,,,,,"Thu, 08 Oct 2026 19:47:12 GMT",,2c2f9922318841e1403a22c06d0ee0fcd13508615589159d1794e5691fc2f910,,200,286f39224764285d,2026-10-08T19:47:12Z
S1802,https://code.claude.com/docs/en/gitlab-ci-cd,2026-09-26T00:00:00Z,,,,,,,,"Thu, 08 Oct 2026 19:47:13 GMT",,fb3c97881b8a258509f5f5b030ab8f2395f6779d5c8428ee13cc6096cd3816e0,,200,ea0d49092bd6a491,2026-10-08T19:47:13Z
S1803,https://code.claude.com/docs/en/routines,2026-09-26T00:00:00Z,,,,,,,,"Mon, 28 Sep 2026 03:40:34 GMT",,1f4e7550087fe79598b24d4b0e279f1e0cdd9962484460ae3b126bf384e02f33,,200,ca98ea1ca2865849,2026-09-28T03:40:34Z
S1804,https://docs.github.com/en/copilot/responsible-use/copilot-cloud-agent,2026-09-26T00:00:00Z,,,,,,,,,,10e840736aa769752198ea49ff43f1beba1ed61365e852dcc796745fc3a13af5,https://docs.github.com/en/copilot/responsible-use/agents,200,f21078a55bb5d0a3,2026-09-28T03:40:40Z
S1805,https://docs.github.com/en/copilot/how-tos/agents/copilot-coding-agent/customizing-or-disabling-the-firewall-for-copilot-coding-agent,2026-09-26T00:00:00Z,,,,,,,,,,b734d4bf0915a4d477bd69b09b79028399e29c7aaf82b2287db9ed4477419af2,https://docs.github.com/en/copilot/how-tos/copilot-on-github/customize-copilot/customize-the-firewall,200,2ffa1c62f29eedb9,2026-09-28T03:40:41Z
S1806,https://docs.gitlab.com/user/duo_agent_platform/agents/external/,2026-09-26T00:00:00Z,,,,,,,"W/""d91fa9fa99c05d87bc6d0f26a444e98c2de44f2cffde57d502eda6a94d22e6ad-br""","Mon, 28 Sep 2026 02:13:26 GMT",,987135494f21b06ef35d3ab49ca5395a0a808ea3f082c7fdf8777b18c24438b6,,200,9d4e30cc759ae115,2026-09-28T03:40:27Z
S1807,https://about.gitlab.com/press/releases/2026-01-15-gitlab-announces-duo-agent-platform-general-availability/,2026-09-26T00:00:00Z,,,,,,,"""0205e215033f7a51f69289edb9f45214""",,,116ad654c9933ab9c5591a1aef13161065d0527af8c999b3a4c4b2432e19a39e,,200,32b1b70ae4761937,2026-09-28T03:40:27Z
S1808,https://cognition.com/blog/deepwiki,2026-09-26T00:00:00Z,,,,,,,"""3ae9966d2dee0fd44d7f723bff5b7c7d""",,,c8647a30c94e29cadda77a99b84caca3b15fd3685fd1425b20665706952674e3,,200,6e96b252c37ffaac,2026-09-28T03:40:40Z
S1809,https://docs.devin.ai/work-with-devin/deepwiki,2026-09-26T00:00:00Z,,,,,,,"W/""95iktcdwsdozms""",,,cb91973eea35232339b11fa2cb767e7aed0fd8da69282bb2ab4038bb7e944054,,200,f81abc7d3709290a,2026-09-28T03:40:41Z
S1810,https://github.com/CognitionAI/deepwiki,2026-09-26T00:00:00Z,,,,,,,"W/""fb74a17626f92978afa1a3080e9908cf""",,,432d167b8ed433f7fde779ded1f791ec2a7a4b6cabb05eed0906c1de0cb97937,,200,228761bfc0c97e24,2026-09-28T03:40:50Z
S1811,https://www.mintlify.com/docs/ai/llmstxt,2026-09-26T00:00:00Z,,,,,,,"W/""bxbduovvt4afxp""",,,90dd4c71d8a63b0ecec8df3f5e88ec29ac4a6f7ca1ed94d3a22ab8fe9985062b,,200,8d2aec9860dfbe1b,2026-09-28T03:40:41Z
S1812,https://www.mintlify.com/blog/how-to-generate-llmstxt-file-automatically,2026-09-26T00:00:00Z,,,,,,,"W/""s75mvmm3ny3n1p""",,,346a00a936f866c7f1de651237ce89a7d3afc6bb72a1e26e5f9fe20ee5a5b23d,,200,7ad0176ed3b5b1b8,2026-09-28T03:40:42Z
S1813,https://llmstxt.org/,2026-09-26T00:00:00Z,,,,,,,,"Thu, 24 Sep 2026 18:21:40 GMT",,e196da33c714c8efeafa6fc5f81756095c8af80056700ca468d4bece31368743,,200,d0b53a17af2fc163,2026-09-28T03:40:41Z
S1814,https://swimm.io/blog/sync-dont-sink-why-we-built-swimm-for-dev-teams,2026-09-26T00:00:00Z,,,,,,,,"Mon, 28 Sep 2026 03:40:42 GMT",,fc07105bcff72dd27c256ab1df810d5a9461fc44734d1b72ad00059d8a319599,,200,ddec9383d1df1a5c,2026-09-28T03:40:43Z
S1815,https://swimm.io/learn/code-documentation/reasons-continuous-integration-documentation-is-a-must,2026-09-26T00:00:00Z,,,,,,,,"Mon, 28 Sep 2026 03:40:44 GMT",,343d72d634f75aeae6a3cdf00aff0e471611f79f7dff1142cecd36ae34d26505,,200,4c6157b4b2704df6,2026-09-28T03:40:44Z
S1816,https://docs.github.com/en/copilot/concepts/context/spaces,2026-09-26T00:00:00Z,,,,,,,,,,f481591fdf513509716beb627f72b45dc16da404c77635589222b86973635882,,200,a795c5c21185ddd3,2026-09-28T03:40:42Z
S1817,https://github.blog/changelog/2025-09-24-copilot-spaces-is-now-generally-available/,2026-09-26T00:00:00Z,,,,,,,,,,709fc62e493496cc110704f2a5dc8acc22ba0abb9da57d4bb4f19cb2b356fa46,,200,c6bbd6a737b5514d,2026-09-28T03:40:42Z
S1818,https://github.github.io/gh-aw/,2026-09-26T00:00:00Z,,,,,,,"""6ab8b745-19e58""","Sun, 27 Sep 2026 06:27:17 GMT",,5fcd73310a4a1d1c4dc74d9acffd964d20f5405845d03e05639bfbb650d03cd7,,200,bb3afa2f01aaa0fa,2026-09-28T03:40:43Z
S1820,https://agents.md/,2026-09-26T00:00:00Z,,,,,,,"""e5zkds2z6d1r0m""",,,e7660a13aec373ac2aa0508a7017e1c77edbd9841379e2eefb0feb27869c9fa9,,200,63bc619e19980e1d,2026-09-28T03:40:43Z
S1821,https://docs.github.com/en/copilot/how-tos/agents/copilot-coding-agent/best-practices-for-using-copilot-to-work-on-tasks,2026-09-26T00:00:00Z,,,,,,,,,,96439e9a194ac9452dd4031ddf33a0f4836ea5e5a5892737d7309997371fc16d,https://docs.github.com/en/copilot/tutorials/cloud-agent/get-the-best-results,200,aaea9936e6d34510,2026-09-28T03:40:44Z
S1822,https://vale.sh/,2026-09-26T00:00:00Z,,,,,,,"""0e460e66f3fdada1d43bec0bac84e18a-ssl""",,,116dd1fcad8f6c37611b7739e8dcebb41c753d0a47e88032994c48ee36b9c8ec,,200,9844da4338a4065c,2026-09-28T03:40:44Z
S1823,https://github.com/DavidAnson/markdownlint,2026-09-26T00:00:00Z,,,,,,,"W/""ec97c1668a136f1c1d77e338704c4bd3""",,,91237fd95434b38e1bdfedc30fe07d7da8958dc08bdf3a66c004b87d3056a1f8,,200,e8a3cab210b73b52,2026-09-28T03:40:52Z
S1824,https://code.claude.com/docs/en/cli-reference,2026-09-26T00:00:00Z,,,,,,,,"Thu, 08 Oct 2026 19:47:14 GMT",,0ba7fd623f68e72fe572432afe88b3ea6d9b23e4c6b1197bcfa981d8401d9811,,200,4a378d0c36288a95,2026-10-08T19:47:14Z
S1825,https://developers.googleblog.com/en/introducing-code-wiki-accelerating-your-code-understanding/,2026-09-26T00:00:00Z,,,,,,,,,,cc78f1f493e430e41c7002221eccda182b4bd06d9d65069f4b4eee09648974f7,,200,d30d6320f38e5fc6,2026-09-28T03:40:44Z
S1840,https://learn.microsoft.com/en-us/microsoft-365/copilot/extensibility/declarative-agent-manifest-1.4,2026-09-26T00:00:00Z,,,,,,,"""h6OgE/khK4IWIQ97wxNftVJD6ZA=""","Mon, 31 Aug 2026 20:27:15 GMT",3fdb7962b1c36080f62a904d32326036656ee532,c65659e191f4b170f4d66c77f3a9935ed749c9ac783f46977114fbf41a2eceb2,,200,648f5aaa1b030831,2026-09-28T03:42:37Z
S1841,https://techcommunity.microsoft.com/discussions/microsoft365copilot/ai-agent-instructions-character-limit-in-studio-license/4468072,2026-09-26T00:00:00Z,,,,,,,,,,,,,,
S1842,https://learn.microsoft.com/en-us/troubleshoot/power-platform/copilot-studio/authoring/error-codes,2026-09-26T00:00:00Z,,,,,,,"""EFiVt6QQxbX540gc6PSjUPThMcU=""","Mon, 24 Aug 2026 19:27:10 GMT",6d8a39cf3260f9d4965ed7d71db13cad73ee8b0f,cf193117e6042e04f23263c4770b0a802c43e54217e0addf42a4350e06700066,,200,59d6c3c8a8bdd1d2,2026-09-28T03:42:38Z
S1843,https://zenchong.substack.com/p/your-copilot-studio-agents-instructions,2026-09-26T00:00:00Z,,,,,,,,,,63a90586c006a43a9b44f61b318929be95766cc543f2b4269ced26ff1831d1d6,,200,98087dd49ccd9013,2026-09-28T03:40:44Z
S1844,https://community.openai.com/t/why-is-the-my-gpt-instructions-limited-by-8000-characters/1006936,2026-09-26T00:00:00Z,,,,,,,,"Wed, 06 Nov 2024 21:46:50 GMT",,4001189ed4bd50ed1c8de95345990fd8d8c80804299b1f289939f49e0ff55439,,200,f6e0bc83d5fac492,2026-09-28T03:40:44Z
S1845,https://community.openai.com/t/token-character-restrictions-for-assistants-api/511174,2026-09-26T00:00:00Z,,,,,,,,"Thu, 25 Jan 2024 15:27:51 GMT",,afe7b3a0add217e1e2a1598289aa9d522483fb0ae4b09db147feac2b97bd2fc7,,200,d4f12b9f3db637a7,2026-09-28T03:40:46Z
S1846,https://discuss.ai.google.dev/t/400-request-contains-an-invalid-argument-when-systeminstruction-exceeds-85-90k-tokens-3-7-3-8-flash-3-1-pro/183049,2026-09-26T00:00:00Z,,,,,,,,"Thu, 17 Sep 2026 13:38:32 GMT",,a448f996cf68c58e3d3e955bcfe1f478c9ac445982cf9b9dc89d2c713592e421,,200,a23dddec9a9d5f8f,2026-09-28T03:40:45Z
S1847,https://platform.claude.com/docs/en/api/errors,2026-09-26T00:00:00Z,,,,,,,,,,740d1ff1aee77ed48180a4636c21ff98e41ab79b2a71cd349c8e004f922d9389,,200,2ca9f32c9ab655ef,2026-09-28T03:40:11Z
S1848,https://github.com/anthropics/claude-code/issues/40121,2026-09-26T00:00:00Z,,,,,,,,,,e38f38bceaee1399f797a4cf10b437f650acb8750643dd9b449701a41893e7e0,,200,b0179c10424aa913,2026-09-28T03:40:53Z
S1849,https://github.com/anthropics/claude-code/issues/47627,2026-09-26T00:00:00Z,,,,,,,,,,5c7e0b9e00a202b16e067aeeb0ab17972dc247fbb35ed1469f1f729f313c0e3c,,200,1433bc412683fb12,2026-09-28T03:40:54Z
S1850,https://github.com/anthropics/skills/issues/1613,2026-09-26T00:00:00Z,,,,,,,,,,144dffed0323d78ad1399c527b5917ec8f62018c3e9b6a444ebd97ed0536c9e6,,200,886b04eb39abfb12,2026-09-28T03:40:55Z
S1851,https://docs.github.com/en/copilot/tutorials/customize-code-review,2026-09-26T00:00:00Z,,,,,,,,,,3f46ed8848799028f161919e4c31267345a56d5e5dfb5abee98465583e4d372c,,200,c92b1fa261507c28,2026-09-28T03:40:45Z
S1852,https://github.blog/changelog/2026-06-12-copilot-code-review-new-configurations-and-controls/,2026-09-26T00:00:00Z,,,,,,,,,,cacbcf89577248341c1dbb5b519f9ab31a5f090026ae0ab2dd6fd36a8d3b73e4,,200,5f1288d3d6e4020a,2026-09-28T03:40:42Z
S1853,https://github.com/orgs/community/discussions/151848,2026-09-26T00:00:00Z,,,,,,,,,,cdbcc7b0013e570e67832f83f02643bf0fb8465221968ffae21653265a0bc895,,200,441a5f2e9f191b72,2026-09-28T03:40:56Z
S1854,https://arxiv.org/pdf/2507.11538,2026-09-26T00:00:00Z,,,,,,,,,,,,,,
S1855,https://www.anthropic.com/engineering/effective-context-engineering-for-ai-agents,2026-09-26T00:00:00Z,,,,,,,,,,e35d62ae0ae27e39215c35061432ef403305b54c15700ebf88783b4325f9ea87,,200,e3eb66db70a3d8c3,2026-09-28T03:40:33Z
S1856,https://github.com/anthropics/claude-code/issues/45188,2026-09-26T00:00:00Z,,,,,,,,,,7460551c17d52b14a0801dc0ad41faf08fd863793bec08ec6ebef5ff84871e97,,200,44a608f9c89c4c0a,2026-09-28T03:40:59Z
S1857,https://github.com/anthropics/claude-code/issues/96152,2026-09-26T00:00:00Z,,,,,,,,,,f81db5dab3b23c19389429e2649f13afb93fa7a2ad659737521fd5a5a9f8563b,,200,09338c7a33b96aa2,2026-09-28T03:41:00Z
S1858,https://github.com/anthropics/claude-code/issues/11026,2026-09-26T00:00:00Z,,,,,,,,,,35ea676ee977ddf67372d747776080a54b63e60503fe438e0d6f666388728e3d,,200,08b4a56ce889ee93,2026-09-28T03:41:01Z
S1859,https://support.claude.com/en/articles/9519177-how-can-i-create-and-manage-projects,2026-09-26T00:00:00Z,,,,,,,,,,5e9d15d2e03a0cbe888a22ae5b7ae6791fb44931f692a0d9f654eddcff083d3d,,200,116fa442e7b00a8f,2026-09-28T03:40:46Z
S1860,https://code.claude.com/docs/en/skills,2026-09-26T00:00:00Z,,,,,,,,"Mon, 28 Sep 2026 03:40:36 GMT",,296c7dced88456080254a9cbff435b18b40e10216cee9397a117e0f688b38601,,200,de6eaf6d1d121fd2,2026-09-28T03:40:36Z
S1861,https://modelcontextprotocol.io/specification/2026-07-28/basic/transports/stdio,2026-09-26T00:00:00Z,,,,,,,,"Mon, 28 Sep 2026 03:40:46 GMT",,8c31be60879455bced5f239f84b11cf7cc4ec532d253161b92eb6dbbb9bf6f1d,,200,336c31ca1aaaf448,2026-09-28T03:40:46Z
S1862,https://code.claude.com/docs/en/mcp,2026-09-26T00:00:00Z,,,,,,,,"Mon, 28 Sep 2026 03:40:37 GMT",,d266f36508ec2096e2744d8a15df2aa405775f5b3a5af2012bb6d3beb5fa2be1,,200,9ce3d48c9a14f686,2026-09-28T03:40:37Z
S1863,https://code.claude.com/docs/en/memory,2026-09-26T00:00:00Z,,,,,,,,"Mon, 28 Sep 2026 03:40:38 GMT",,0fbb5210320661f6eb00143735baff9bd776cf656995e4300e262f6236b76688,,200,040426c9ca615a1d,2026-09-28T03:40:38Z
S1864,https://raw.githubusercontent.com/anthropics/claude-code/main/CHANGELOG.md,2026-09-26T00:00:00Z,,,,,,,"""0dbdf31c96c0569845b1f0b2b9b06105915c602029d5e31718b1aed2c7bac52b""",,,8111a36609c037441f698f8807740813a744f035c4a82900b25f769beadf38e0,,200,1075282bfb7a4338,2026-10-08T19:47:11Z
S1865,https://developers.openai.com/api/docs/guides/function-calling,2026-09-26T00:00:00Z,,,,,,,"""dd49252d81d7c3b00168a7e1e78957ce""","Mon, 28 Sep 2026 01:25:30 GMT",,2e1c2873188536e3ce4fd0bbcdebff537aea5e224661480dc9fdcb3f30514190,,200,794504d054d18805,2026-09-28T03:40:47Z
S1866,https://ai.google.dev/gemini-api/docs/function-calling,2026-09-26T00:00:00Z,,,,,,,,"Wed, 23 Sep 2026 17:59:42 GMT",,052935fbecfbcb7186bd7da3b7a6d292a4e79a25b143c384228a41558a0b09f3,,200,ceb4a162632707ea,2026-09-28T03:40:47Z
S1867,https://developers.openai.com/api/docs/guides/structured-outputs,2026-09-26T00:00:00Z,,,,,,,"""4b31d99b0827e3aa08b98e8ed3c50ed1""","Mon, 28 Sep 2026 01:22:44 GMT",,2ef56f604a753ae9093659962db596e4f3466fc637d7ce091bd41a3aff730938,,200,69ba4452cd17718b,2026-09-28T03:40:49Z
S1869,https://platform.claude.com/docs/en/agents-and-tools/tool-use/strict-tool-use,2026-09-26T00:00:00Z,,,,,,,,,,5cc3f2a6d00875f364c1d9993361ba7af7dc7fe8b0abb9cd0f34c81e5ab04399,,200,816ec7cfdf8d299b,2026-09-28T03:40:12Z
S1870,https://www.trychroma.com/research/context-rot,2026-09-26T00:00:00Z,,,,,,,"""4810b7314f99400fb0420490d2855289""",,,4ef490207b20b5a16bbf81182693b1f2a741b9bac93ea8561dedbabdfac5f52a,,200,32469cb18b6f0a5d,2026-09-28T03:40:46Z
S1880,https://modelcontextprotocol.io/docs/tools/inspector,2026-09-26T00:00:00Z,,,,,,,,"Mon, 28 Sep 2026 03:40:48 GMT",,48cedb31e16c47d98fb39833042dfdc04db2cbbd64598ba9b88279b0a6afdaa9,https://modelcontextprotocol.io/docs/2026-07-28/tools/inspector.md,200,8fa699b0e23b6ad8,2026-09-28T03:40:48Z
S1881,https://github.com/modelcontextprotocol/inspector,2026-09-26T00:00:00Z,,,,,,,"W/""ea7ea8595442fdcff0c99a39aef4fff6""",,,26bd473567f931718dc61519e71cc3a327d07335425ada9fbdda41dc5167e4fd,,200,1d0d6f0f7288652c,2026-09-28T03:41:02Z
S1883,https://www.promptfoo.dev/docs/providers/mcp/,2026-09-26T00:00:00Z,,,,,,,,,,75060b87eeeab9076f11b4b2ce9db647a445d5298a398415fddbb1a01674f0ea,,200,aec7ecbe42ab79b1,2026-09-28T03:40:47Z
S1884,https://www.promptfoo.dev/docs/red-team/mcp-security-testing/,2026-09-26T00:00:00Z,,,,,,,,,,6ad34ffe014421c7536ec3d0e15b8d070d486f8c6ec5d4d0a697e32a3deb9205,,200,acb312f869b54ba6,2026-09-28T03:40:48Z
S1885,https://github.com/promptfoo/promptfoo,2026-09-26T00:00:00Z,,,,,,,"W/""d184bae3d0f7c61633c8d23d9b58f4e9""",,,7bb050dbf041bedf24a6efbd59f2362ff3fe9fb28b67b674f9ca945dbfd99a54,,200,8f9a900763e17314,2026-09-28T03:41:03Z
S1886,https://github.com/UKGovernmentBEIS/inspect_ai,2026-09-26T00:00:00Z,,,,,,,"W/""7b0aeb4368dec2f883f75dd815b2b5b2""",,,ff69a3deddf88ae94bb7e778b349eb529bb384d04f98768f57a2e8c36c6138d0,,200,ccd93efb260765dc,2026-09-28T03:41:04Z
S1887,https://inspect.aisi.org.uk/,2026-09-26T00:00:00Z,,,,,,,"""6ab8439b-146a8""","Sat, 26 Sep 2026 22:13:47 GMT",,b49372f2286a06a7075b627fd776e747ce72e3f5809ee355dda86e9121a87887,,200,2b08c3e82cbc5239,2026-09-28T03:40:47Z
S1888,https://deepeval.com/docs/evaluation-mcp,2026-09-26T00:00:00Z,,,,,,,"""deacf5ed621d6b451d78ae99f559cd7d""",,,ce93675a097ec1a1457dd9b98286499021c91815f708b8d9fa0fc00c1f961411,,200,b462256bc08f4d7e,2026-09-28T03:40:49Z
S1889,https://github.com/confident-ai/deepeval,2026-09-26T00:00:00Z,,,,,,,"W/""ad24c5de7965129dbb27a76e40be8404""",,,86d7d24f3cc07ecb9d564e77559940bfc937f36d539705b209c0efa83198a77d,,200,4471af5287a191b6,2026-09-28T03:41:06Z
S1890,https://github.com/NVIDIA/garak,2026-09-26T00:00:00Z,,,,,,,"W/""ab43f58bd5f50f50cf150f7927c50950""",,,cd55cd5e4e3549299c020107d7dcef8f2c59097f515e4633f7da23e16cfe11af,,200,88e026f1401577a3,2026-09-28T03:41:06Z
S1891,https://github.com/NVIDIA/garak/blob/main/LICENSE,2026-09-26T00:00:00Z,,,,,,,"W/""aa3acf3aee4c4fbe929be9d2e9800078""",,,78ffccdc6d220064af9f1ea7ff6307d3c050228bb251605fe0754f6590b9c351,,200,2e83ec1bcdf5c35f,2026-09-28T03:41:07Z
S1892,https://github.com/microsoft/PyRIT,2026-09-26T00:00:00Z,,,,,,,"W/""9eedad38a14a1fced25f9301ba1daba7""",,,1e08bff8795a91a72e8f4f4c992a14369ae61e7cc070c14eb099061b620de988,,200,0ececb9411b4ff40,2026-09-28T03:41:09Z
S1893,https://github.com/openai/evals,2026-09-26T00:00:00Z,,,,,,,"W/""7145c6dcb760556be45760f53ee16a67""",,,2a1c87aecf439fb527f460928bcee0a17f292980ab7c4639b9e8d5da123f7361,,200,579ac2af2353ec40,2026-09-28T03:41:10Z
S1894,https://developers.openai.com/api/docs/guides/evaluation-best-practices,2026-09-26T00:00:00Z,,,,,,,"""c40c85a51dcda731cbef467e1b87fd75""","Mon, 28 Sep 2026 02:01:36 GMT",,a6ad38114d90d6892c34faa6ad9a500aabfd1f780c6649b4cfb4e33572bd2252,,200,585b29ee92a893c2,2026-09-28T03:40:49Z
S1895,https://developers.openai.com/cookbook/examples/evaluation/use-cases/mcp_eval_notebook,2026-09-26T00:00:00Z,,,,,,,"""64c7973d8a1af839ed5880f99821f11f""","Mon, 28 Sep 2026 03:40:50 GMT",,1b2318501b0747ef1558c7e1ed33545bfc5d0d4bdaf74f2e53333bd323eb9eda,,200,3606cc900ef4faf2,2026-09-28T03:40:51Z
S1896,https://www.anthropic.com/engineering/demystifying-evals-for-ai-agents,2026-09-26T00:00:00Z,,,,,,,,,,cd4bb0d86dad81f2a46caaddaa0218f1a1a597b71d992cb3a1eb9abc0d861033,,200,85b536c2db588b00,2026-09-28T03:40:35Z
S1898,https://platform.claude.com/docs/en/test-and-evaluate/develop-tests,2026-09-26T00:00:00Z,,,,,,,,,,051c8a8ce3cc883ac6fa3549a566868b04ba2f332c37537326017e642f7886f3,,200,ee5a04c549e3ad87,2026-09-28T03:40:14Z
S1899,https://arxiv.org/abs/2406.12045,2026-09-26T00:00:00Z,,,,,,,,"Mon, 24 Aug 2026 20:41:53 GMT",,39538165e2643192c88dae7734933d420a856ab5652ffd3e690aa40b868ff959,,200,1fedb0a57d1890dd,2026-09-28T03:40:46Z
S1900,https://github.com/sierra-research/tau2-bench,2026-09-26T00:00:00Z,,,,,,,"W/""cd1165277de9f105936f0684d372f575""",,,de2f2cb48c7e3168500ed8caa4cffb10c556f690c9e30c9c1dd20ec6ddc97415,,200,0c0eaa3401d84a48,2026-09-28T03:41:11Z
S1901,https://github.com/vishalhabib99/mcp-fuzz,2026-09-26T00:00:00Z,,,,,,,"W/""def9fd8827c570bfbf92ba2618431594""",,,a2d281678173a1ddad598243d7584513fe0853a1181a4dbeb902be7a31dbe516,,200,c1b662f495962130,2026-09-28T03:41:13Z
S1902,https://github.com/Agent-Hellboy/mcp-server-fuzzer,2026-09-26T00:00:00Z,,,,,,,"W/""5691c402751caec304e348425a20719d""",,,b4d3f1fe58a52e071b7ef1f52ecea4df190da85d78726599f56f2df85645a77d,https://github.com/mcp-runtime/mcp-server-fuzzer,200,52411bb1a997d595,2026-09-28T03:41:15Z
S1903,https://github.com/NVIDIA/garak/issues/1639,2026-09-26T00:00:00Z,,,,,,,,,,dfcb67979b17f2919e0e614bfd22b9c36563436657256eb837e63c490fdd23e2,,200,0c67f858510c5816,2026-09-28T03:41:17Z
S1904,https://github.com/ShovalBenjer/mcp-guard,2026-09-26T00:00:00Z,,,,,,,"W/""dda8638062b3f34ab61ed085c0c19cee""",,,66f03a34e91c9fd946b6d2d2735076ba3bba3562d6ea3d327f14f063087f9d03,,200,608f99c4d875160d,2026-09-28T03:41:18Z
S1905,https://github.com/manthanghasadiya/mcpsec,2026-09-26T00:00:00Z,,,,,,,"W/""84bbfb4e42da862e0d400ca2571f71e8""",,,9c9577997f61f18635a1b17e348a93dac331bab4a1bcc69dee5716c9a9e4442b,,200,76d5748ab0b95ec4,2026-09-28T03:41:19Z
S1920,https://www.anthropic.com/engineering/building-effective-agents,2026-09-26T00:00:00Z,,,,,,,,,,3ab6ed16bb121bad197d0b20cda17b9feff5ae9ea2daa505ba165c824338e866,,200,4906b50f3b248e4c,2026-09-28T03:40:36Z
S1921,https://www.anthropic.com/engineering/multi-agent-research-system,2026-09-26T00:00:00Z,,,,,,,,,,bd3f6b42ac1970032d7b0bf6d9848590cd4501e1cc967a4d021f97bd70c59528,,200,1e6570341de399db,2026-09-28T03:40:37Z
S1922,https://www.anthropic.com/engineering/code-execution-with-mcp,2026-09-26T00:00:00Z,,,,,,,,,,92e558c5102aad96633fc10256e0aee65a41c5f734f874141b673e83ddba45ed,,200,7bc8b81d568e5e49,2026-09-28T03:40:38Z
S1923,https://code.claude.com/docs/en/sub-agents,2026-09-26T00:00:00Z,,,,,,,,"Mon, 28 Sep 2026 03:40:39 GMT",,c77c84a912d812b2b7daf6ee4491482cd5619c297e023ccc5bc48e18ab33db78,,200,08c67ff30bdc94ca,2026-09-28T03:40:39Z
S1924,https://cdn.openai.com/business-guides-and-resources/a-practical-guide-to-building-agents.pdf,2026-09-26T00:00:00Z,,,,,,,,,,,,,,
S1925,https://learn.microsoft.com/en-us/azure/architecture/ai-ml/guide/ai-agent-design-patterns,2026-09-26T00:00:00Z,,,,,,,"""pXjioqQnntCVlK/PsFz/zQuBbzQ=""","Mon, 21 Sep 2026 17:43:14 GMT",ff159411f67c1d56b63246b27d7a4d11eac205e8,7ccef13e9751e72c18fb1ebddb4ed6b92c6230d7f8831c8ffea39a46830a2da4,,200,4817ba27871d6102,2026-09-28T03:42:39Z
S1926,https://cognition.com/blog/dont-build-multi-agents,2026-09-26T00:00:00Z,,,,,,,"""e5ad6c541231088aa23fcd7128d3ebf6""",,,bcd2081a51e47d9ffdbaf42ba33eb696d884233a976f9fe3be1c2f3664305e69,,200,a9fd3110bc0b1a07,2026-09-28T03:40:41Z
S1927,https://cognition.com/blog/multi-agents-working,2026-09-26T00:00:00Z,,,,,,,"""d7e944f22154ec3be93d5d2a345215c3""",,,c92198457cb2835e7e0960346449b92b28e72fdee169fa2f77262639a5c2294d,,200,50f102d73b1bd65e,2026-09-28T03:40:42Z
S1928,https://modelcontextprotocol.io/specification/2025-06-18/server/tools,2026-09-26T00:00:00Z,,,,,,,,"Mon, 28 Sep 2026 03:40:48 GMT",,71d8836ab333c49bfc5829d5e00ce1231b08fa409f769355aae5bc638929e6dd,,200,103f75a8f46d5dc0,2026-09-28T03:40:48Z
S1930,https://www.augmentcode.com/guides/multi-agent-cost-compounding,2026-09-26T00:00:00Z,,,,,,,,,,5f70e9056ba3978f6ab458b8167f513147071cadca9c3b1338fcf61925169b66,,200,7dfbbff3e87f3b5e,2026-09-28T03:40:51Z
S1931,https://aimultiple.com/code-execution-with-mcp,2026-09-26T00:00:00Z,,,,,,,,,,b7f8307764ab698f364a01c20c3f85e687588d4d48ab82832ac862b532c3b30f,,200,720ea64d210bea94,2026-09-28T03:40:55Z
S1932,https://particula.tech/blog/code-execution-mcp-token-reduction-pattern,2026-09-26T00:00:00Z,,,,,,,"""cc222b76028f2e64ac785c07b9202a29""",,,0d6553df2e4ad6097c1404b1fcac0bda40d8c30312a249516099bb01e84eedee,,200,34b15cb1975cf9a1,2026-09-28T03:40:53Z
S1934,https://theaiengineer.substack.com/p/how-anthropic-built-multi-agent-deep,2026-09-26T00:00:00Z,,,,,,,,,,31497cd1392fba1d8c8a6bd29fdaf2868ac5227a855b26a7c77a1293c2e5a60b,,200,bbea32dd533e13ac,2026-09-28T03:40:54Z
S1935,https://www.anthropic.com/engineering/writing-tools-for-agents,2026-09-26T00:00:00Z,,,,,,,,,,05598397a205da21dff4baf01e17da045cb7eb75c1d46fdad32193ec55d1c3aa,,200,86a30f91ada2e063,2026-09-28T03:40:39Z
S1936,https://www.anthropic.com/engineering/equipping-agents-for-the-real-world-with-agent-skills,2026-09-26T00:00:00Z,,,,,,,,,,529ab8d00cf00382e3c74f54988c656fe082bcb8a2e6aa4cf98921c8da10babd,,200,d98b67fce626535a,2026-09-28T03:40:40Z
S1937,https://platform.claude.com/docs/en/agents-and-tools/agent-skills/best-practices,2026-09-26T00:00:00Z,,,,,,,,,,da38b130c519915599202454254bb3ac045a564e1ac2bcb39a8fdf2ebe8fac0d,,200,fcfeade26ad2be17,2026-09-28T03:40:15Z
S1938,https://learn.microsoft.com/en-us/agent-framework/overview/,2026-09-26T00:00:00Z,,,,,,,"""pEmSvIWVD+AEZL756T4oWIxjUno=""","Tue, 25 Aug 2026 21:08:36 GMT",b5673b22a7085c1c87e268c431c3fc31d27019a8,f02dc0ac4314617c242d6de5cc7ce683eeda4f3ebea146dcc07bad53da95c534,,200,d500fb8c99e50a6d,2026-09-28T03:42:40Z
S1939,https://github.com/microsoft/agent-framework,2026-09-26T00:00:00Z,,,,,,,"W/""e661f934f17ab3baeca2054a138bc7b9""",,,7bb54d6d3c5a6b7a5278065435c32377747c8da98b86c7d463502b5cda3ecb30,,200,0f674ae370b6d02c,2026-09-28T03:41:20Z
S1940,https://techcommunity.microsoft.com/blog/azuredevcommunityblog/the-future-of-agentic-ai-inside-microsoft-agent-framework-1-0/4510698,2026-09-26T00:00:00Z,,,,,,,,,,,,,,
S1941,https://cdn.openai.com/business-guides-and-resources/a-practical-guide-to-building-agents.pdf,2026-09-26T00:00:00Z,,,,,,,,,,,,,,
S1942,https://www.promptfoo.dev/docs/guides/evaluate-coding-agents/,2026-09-26T00:00:00Z,,,,,,,,,,9d28bb21ad8d9105bed62d4e1d509207370aa12d6fa42aa4d9a8cbc1f27fc733,,200,ccbef072ccdc0bc8,2026-09-28T03:40:49Z
S1943,https://dev.to/trknhr/trying-out-agentinspect-53c,2026-09-26T00:00:00Z,,,,,,,"W/""8ed6b19057f9ebcaf131c038ff6c0c5f""",,,9e7feef824cb24d90d104202d80f1645deb94de6155c0d96791b60ff37dd8b91,,200,a2aa6a5d7a2f71ee,2026-09-28T03:40:55Z
S1944,https://arxiv.org/pdf/2508.02721,2026-09-26T00:00:00Z,,,,,,,,,,,,,,
S1945,https://data443.com/blog/deterministic-policy-vs-llm-filters/,2026-09-26T00:00:00Z,,,,,,,,"Tue, 12 May 2026 16:33:40 GMT",,5500fece1a4e221564ff2409c15d44052e4dcc51043516a95445fb514e8e0183,,200,3f43d689d5878f29,2026-09-28T03:40:54Z
S1960,https://learn.microsoft.com/en-us/microsoft-copilot-studio/requirements-quotas,2026-09-26T00:00:00Z,,,,,,,"""5VnFAHarwJflUDVQB90IkT9QS/I=""","Thu, 27 Aug 2026 19:09:32 GMT",19116fd6cbe0d75dba31c081efe4b26e91e8a653,e84d74aae2c96df913549a9871678033745b289f68493a0a2392e9c3a17e1284,,200,ac6b9473f9e521ba,2026-09-28T03:42:42Z
S1961,https://learn.microsoft.com/en-us/microsoft-copilot-studio/billing-licensing,2026-09-26T00:00:00Z,,,,,,,"""ZXUjBwGaEINmWOsZJOYm2WiZRpg=""","Thu, 27 Aug 2026 19:15:43 GMT",d3dd478d56933bdfd2dc0d5e562fd9546ab9823e,a030b0987c26a2c4ecd615b8c6103b43a6434a6d84dd09e2f803c2b35853696a,,200,974f9308310579e9,2026-09-28T03:42:42Z
S1962,https://learn.microsoft.com/en-us/microsoft-copilot-studio/fundamentals-what-is-copilot-studio,2026-09-26T00:00:00Z,,,,,,,"""H/ZIDaBDYDia5mNDFWTvHLgSqvA=""","Fri, 25 Sep 2026 11:16:10 GMT",777ce9d168f2a6eb4118b4a4d6b8d9e2c76efd23,c90300c201184807fe77606fc1a6e54bc13df1e695b8e3d2f4844cff4714d5b1,,200,fa4238198d545647,2026-09-28T03:42:44Z
S1963,https://learn.microsoft.com/en-us/microsoft-copilot-studio/guidance/topics-code-editor,2026-09-26T00:00:00Z,,,,,,,"""AABHg8oHMBQxzz6vLpZGE04EpZQ=""","Mon, 24 Aug 2026 21:30:09 GMT",dddf595b0e6291cbe0644739b5d566e7efdcf09c,a8d4bee6bc88e327cf372c46ad91f70dfeb7e92a6bf41b8467547fc2041f208f,,200,edd195a6add799c7,2026-09-28T03:42:45Z
S1964,https://learn.microsoft.com/en-us/microsoft-copilot-studio/mcp-add-existing-server-to-agent,2026-09-26T00:00:00Z,,,,,,,"""yRHjKna4W3k3ING/56pXpmbguTU=""","Thu, 27 Aug 2026 19:06:27 GMT",dddf595b0e6291cbe0644739b5d566e7efdcf09c,5194acc2104e0e85778348ebd68f105d4ff8d44cf771f8ac90947bfbabba102a,,200,721a0e962aafe2b8,2026-09-28T03:42:46Z
S1965,https://learn.microsoft.com/en-us/microsoft-copilot-studio/mcp-create-new-server,2026-09-26T00:00:00Z,,,,,,,"""ethsx197cr5kDRVGz7lNiWdOphE=""","Thu, 27 Aug 2026 20:03:28 GMT",de8f70b4783a68a64e097398ac21d8c4933ea463,6776850dd65ad39507a635e1030d501684543a0673d62a4c7a03083754415bff,,200,d77d0833044d6c02,2026-09-28T03:42:47Z
S1966,https://learn.microsoft.com/en-us/microsoft-copilot-studio/configure-sso,2026-09-26T00:00:00Z,,,,,,,"""ZNBAhtKvsViSBsCK4iAo/35XHAk=""","Mon, 24 Aug 2026 19:40:02 GMT",948c4fee408a1b1b37131a84472643c59d3cbe59,7244b7b0430d47ca47c18ea0faf1762d3205c7652790d158e0a15d3a3c94431f,,200,fbb68e5958e6e11a,2026-09-28T03:42:48Z
S1967,https://learn.microsoft.com/en-us/power-platform/release-plan/2024wave2/microsoft-copilot-studio/solution-management-copilot-studio,2026-09-26T00:00:00Z,,,,,,,"""rj8gkbffSs6WL7pWaCEdh439l9s=""","Mon, 07 Sep 2026 06:30:37 GMT",ec45dca3fb9c5474abf5ada4b35ebdbb4f3ae7e3,c5c2b66f01d4f5bc85d6f016775d04198310ab660c168e5b19f5aba518c65c26,,200,95c35889dc1dd99a,2026-09-28T03:42:49Z
S1968,https://learn.microsoft.com/en-us/microsoft-365/agents-sdk/,2026-09-26T00:00:00Z,,,,,,,"""O1X+KGS/hmos1Zt1F7ExMdHQiik=""","Fri, 21 Aug 2026 19:17:35 GMT",53c5542fd4d092d34925ef6bfc20a8d4c419ef5e,d5f0a4a053df879b24d4e72349eb0fa63e65f3a428ff18520ae953858c36c8f6,,200,7d4ceaf37eb7a3ae,2026-09-28T03:42:50Z
S1969,https://github.com/microsoft/Agents-for-python,2026-09-26T00:00:00Z,,,,,,,"W/""bb6942aa928ea97c042e31e2d4834c71""",,,e2f2d03be166f104fe9b332bfe025940a75c4b5ce933d0d562a049a06bfe358d,,200,5edf93c94355707c,2026-09-28T03:41:21Z
S1970,https://learn.microsoft.com/en-us/azure/foundry/agents/overview,2026-09-26T00:00:00Z,,,,,,,"""njojOmemMnfGpHRfhh2rozHaCjU=""","Fri, 25 Sep 2026 06:09:04 GMT",a1f0895fe634a11aed71ce5e029c2162ca93e433,05e376f1f594c828851ba1622cf544840ead02586a9780a999f6209fb1b23247,,200,ef4cbe059481c71c,2026-09-28T03:42:51Z
S1971,https://learn.microsoft.com/en-us/microsoft-365/agents-sdk/agents-sdk-overview,2026-09-26T00:00:00Z,,,,,,,"""zmkrIq7CRazMpWpEvglNc3Lwi1w=""","Mon, 24 Aug 2026 19:17:32 GMT",dddf595b0e6291cbe0644739b5d566e7efdcf09c,39c0221bcdaf42b3fbcda67aee61a567254e92d8e711c99a41981a11528cb8e0,,200,a22173b39ae21d67,2026-09-28T03:42:52Z
S1972,https://learn.microsoft.com/en-us/microsoft-copilot-studio/advanced-hand-off,2026-09-26T00:00:00Z,,,,,,,"""EF9sisxXejDi5COBk75BemCdLzE=""","Thu, 27 Aug 2026 21:51:04 GMT",dddf595b0e6291cbe0644739b5d566e7efdcf09c,3b25445d89fe3a5b88c1bec470e9f7e6744473c7b23ab73c52a0baaaf894abad,,200,b47bd3c0652cd0a2,2026-09-28T03:42:53Z
S1973,https://learn.microsoft.com/en-us/microsoft-copilot-studio/analytics-overview,2026-09-26T00:00:00Z,,,,,,,"""XfjN/Ei76zKLD5RRr+0Pd73x+Fk=""","Thu, 27 Aug 2026 19:09:28 GMT",cd1c78740e1b9bcf6701218a61a6a5328afb5318,514757426c72c55803cbdab3cf963ad29bf1eb58c01122632af515115334f48b,,200,27225269e2c5529e,2026-09-28T03:42:55Z
S1974,https://learn.microsoft.com/en-us/power-platform/admin/wp-data-loss-prevention,2026-09-26T00:00:00Z,,,,,,,"""/iohDBUG4Hf9/df/OTrjPvq6Lv0=""","Mon, 24 Aug 2026 19:13:58 GMT",904b8f779f3a21b6ce63faed1a339c0c33e591c3,c6e29b91086887df1f0a7a1b4a2548e8f9008044b6d5fe8a2fad31650afc4394,,200,6c9532888a8151e0,2026-09-28T03:42:57Z
S1975,https://learn.microsoft.com/en-us/microsoft-copilot-studio/microsoft-365-copilot-extend-with-agents,2026-09-26T00:00:00Z,,,,,,,"""BNPgwTPv9KyhBULdCFzy0I9JXhY=""","Thu, 17 Sep 2026 19:27:26 GMT",b32743267a46a1d23ea0e05299cca124a550d107,ffbeaa1b93c0f19e5ac39e653f5007af10ab5de9dfb2dd70ab0925d1b44b6547,,200,262f308810c7a673,2026-09-28T03:42:57Z
S1976,https://github.com/microsoft/botframework-sdk,2026-09-26T00:00:00Z,,,,,,,"W/""2fba42c0d4791452f3a3dec1deceecbf""",,,19e80bb0e4b99c7a8c969a3c081c7baeedd29995d7063f7c8e716698f24d4615,,200,037af9db50f07d02,2026-09-28T03:41:22Z
S1977,https://learn.microsoft.com/en-us/microsoft-copilot-studio/publication-fundamentals-publish-channels,2026-09-26T00:00:00Z,,,,,,,"""yZHocFrt2/d1MnNMNYx/7EdbZIo=""","Thu, 24 Sep 2026 19:24:45 GMT",cd0c88dca941cb77e856646da6375f888f159db0,39796c3977c735c752b0e149ac3c1ecd7b86408c267a1d598ad18e637f6885c5,,200,860774830966d221,2026-09-28T03:42:58Z
S1978,https://learn.microsoft.com/en-us/microsoft-copilot-studio/authoring-variables,2026-09-26T00:00:00Z,,,,,,,"""YY3WLNunUeOuqJWYH9/lJ+rcy/Q=""","Thu, 27 Aug 2026 19:55:23 GMT",dddf595b0e6291cbe0644739b5d566e7efdcf09c,fda480f9b1c4ce3861e4b737c56cb2dc63563d6755107de6779857af6019956a,,200,1667a27914896971,2026-09-28T03:42:59Z
S1979,https://learn.microsoft.com/en-us/microsoft-copilot-studio/flows-overview,2026-09-26T00:00:00Z,,,,,,,"""sGlU7xZULmjjFtl+QaF0emfsbFo=""","Thu, 27 Aug 2026 19:17:39 GMT",d3dd478d56933bdfd2dc0d5e562fd9546ab9823e,a77591313438d5f0a65c75826d77281c1866bd24b8652b5fcb9b258608643916,,200,28d3fe5c933f018c,2026-09-28T03:43:00Z
S1980,https://learn.microsoft.com/en-us/microsoft-copilot-studio/faq-billing-licensing,2026-09-26T00:00:00Z,,,,,,,"""3H1kUzeOnmJy+t6R0ot4O3DZ2f8=""","Thu, 27 Aug 2026 19:39:45 GMT",d3dd478d56933bdfd2dc0d5e562fd9546ab9823e,539502d5c95346e140ff619fe028ec16650f197b41f393351cada2a444aab06b,,200,03a1daec70869589,2026-09-28T03:43:02Z
S1981,https://learn.microsoft.com/en-us/microsoft-copilot-studio/mcp-server-certification,2026-09-26T00:00:00Z,,,,,,,"""SZ4ZYZC7GHBm2jzMXGxVA9r9vW0=""","Tue, 25 Aug 2026 06:38:40 GMT",d3dd478d56933bdfd2dc0d5e562fd9546ab9823e,c74c656161b0d46dfad565a6340519fcec8da67cc13accd9338095404156cf85,,200,45e1217e1bdf52cb,2026-09-28T03:43:03Z
S1982,https://learn.microsoft.com/en-us/microsoft-copilot-studio/authoring-create-edit-topics,2026-09-26T00:00:00Z,,,,,,,"""URD+5P+USYtzIkqN1huaYaYrnr8=""","Thu, 27 Aug 2026 19:16:58 GMT",d3dd478d56933bdfd2dc0d5e562fd9546ab9823e,e77bd901532bfdb531ec95d38b86dccf9a15600970d06c143230db0bf43078bc,,200,118f0322f26b4de8,2026-09-28T03:43:04Z
S1983,https://learn.microsoft.com/en-us/microsoft-copilot-studio/advanced-generative-actions,2026-09-26T00:00:00Z,,,,,,,"""DW0/KfBhoKLJI6WyG54wY3TzHHQ=""","Fri, 28 Aug 2026 01:25:04 GMT",3b8dac1ffcc7408d45ae97706e6b110787378554,645a9491b2125565e0c40fb02aeeee3ce74393847ab4c6ddfd5f7a32a8585167,,200,d3604d293d59dcd2,2026-09-28T03:43:05Z
S1984,https://learn.microsoft.com/en-us/microsoft-copilot-studio/guidance/custom-knowledge-sources,2026-09-26T00:00:00Z,,,,,,,"""jp2ODMtbD5nwDvgUaRocz6IIp5E=""","Sat, 12 Sep 2026 03:15:58 GMT",3cc9c09813e2e9fc81f0734ddddd07f5ce585b96,305d170a811db97781177e1b33041e91fb0d4c28f39bba9f74d38c81fe891b3a,,200,a2d23b6ede241f20,2026-09-28T03:43:06Z
S1985,https://github.com/microsoft/Agents,2026-09-26T00:00:00Z,,,,,,,"W/""1dd587dc5166c7932a14ad44176ebad1""",,,43b9c0d81a30b32cedfa1b6933fa6f1d187c521c55c4b6627ccc07740700f55e,,200,fedfb3420d926cc9,2026-09-28T03:41:23Z
S2000,https://opentelemetry.io/docs/specs/semconv/gen-ai/,2026-09-26T00:00:00Z,,,,,,,"""02504e316b990f837b08739036783e1f-ssl""",,,40e7a9711aaa8deb869a1a84270deaf1f57389f742ae297d6018af9b3596435e,,200,e52a7d0d603ffca4,2026-09-28T03:40:55Z
S2001,https://github.com/open-telemetry/semantic-conventions-genai,2026-09-26T00:00:00Z,,,,,,,"W/""8b96de4998c2d0ff0f2d98e31c1b5ff3""",,,605836cf101be50bc1b84b9c4716031173240ee4675225a8b60df38ab691a242,,200,5dda0f0d81c44620,2026-09-28T03:41:25Z
S2002,https://raw.githubusercontent.com/open-telemetry/semantic-conventions-genai/e57c543b4889619eb2a05702471937db5119165d/docs/gen-ai/gen-ai-agent-spans.md,2026-09-26T00:00:00Z,,,,,,,"""6597f18f2154e0707f786763c0c9f54112a4829d563d9bd15f9b1bf7d9ad650c""",,,3065448cd00b0ad2874f2bb3d003c0d249eefcefdf15600ac07fa81cbb1d6736,,200,efd67233f09ddbec,2026-09-28T03:45:37Z
S2003,https://raw.githubusercontent.com/open-telemetry/semantic-conventions-genai/e57c543b4889619eb2a05702471937db5119165d/docs/gen-ai/mcp.md,2026-09-26T00:00:00Z,,,,,,,"""bf48c5906eab42e2b1c3c79d77e0426e94063050fa82faa96172413c72495821""",,,235970ecba310e7696c74a274d1d6ed5e04860111a80e3bbe29d378255344603,,200,eb4247f262918256,2026-09-28T03:45:38Z
S2004,https://raw.githubusercontent.com/open-telemetry/semantic-conventions-genai/e57c543b4889619eb2a05702471937db5119165d/docs/gen-ai/gen-ai-spans.md,2026-09-26T00:00:00Z,,,,,,,"""5ab597528424051aae186d6885081086b99c0faa3e4822bb3632e2e45f815a9e""",,,cfd3def39f91eb9bbf4d71f720a91c554ef032b398c53d12ef5dde0d38a863c2,,200,fec46503f59dcb45,2026-09-28T03:45:39Z
S2005,https://arxiv.org/abs/2506.08837,2026-09-26T00:00:00Z,,,,,,,,"Mon, 24 Aug 2026 20:39:08 GMT",,575f211ae85c845896b369bad6eb2ee49326f91174bdb796b6672462a8eafb53,,200,0ec992a6387a82d9,2026-09-28T03:40:49Z
S2006,https://arxiv.org/abs/2503.18813,2026-09-26T00:00:00Z,,,,,,,,"Mon, 24 Aug 2026 19:00:31 GMT",,f4bde7cd05a3103a8ebe7a19c1a9eaf93ddaab39aa0d7bfd12d6985befc770a7,,200,1fed92876c50c2cd,2026-09-28T03:40:50Z
S2007,https://simonwillison.net/2023/Apr/25/dual-llm-pattern/,2026-09-26T00:00:00Z,,,,,,,,"Mon, 28 Sep 2026 03:40:55 GMT",,6b45405965b8d9d266080680bdff9603fa3324181629807d04526eea568f2230,,200,2230c71919b67d8f,2026-09-28T03:40:55Z
S2008,https://learn.microsoft.com/en-us/azure/ai-services/content-safety/concepts/jailbreak-detection,2026-09-26T00:00:00Z,,,,,,,"""AUd+zo3NiOMU6Gt8ljbbEWhRVFE=""","Fri, 18 Sep 2026 22:38:15 GMT",215dd53ffbd9bd69b62e358605c95006802af884,f8a95f6f16ce8c26e447ae9497097190057806f5c49c060cf4b910c85b25ca21,,200,b548838124f9b4cc,2026-09-28T03:43:07Z
S2009,https://www.anthropic.com/research/prompt-injection-defenses,2026-09-26T00:00:00Z,,,,,,,,,,5ebace681f933d9f86666197dbf794022d6f2e17620b6173182e9e6dfa21d635,,200,80253adc045d9f07,2026-09-28T03:40:41Z
S2010,https://code.claude.com/docs/en/security,2026-09-26T00:00:00Z,,,,,,,,"Mon, 28 Sep 2026 03:40:40 GMT",,6bd9a870ce39360133690b53da94e0f43975c52f22e0a4a0290dc06910f947b8,,200,54d88c6e12f0a492,2026-09-28T03:40:40Z
S2012,https://github.com/modelcontextprotocol/registry,2026-09-26T00:00:00Z,,,,,,,"W/""eb5825152570e23f6ed551d5d4b224b9""",,,c02b9f1fe1c278a0e4e48755340261a2b119863e97b75b22db583d08e5784a03,,200,889bbd980c435849,2026-09-28T03:41:26Z
S2013,https://platform.claude.com/docs/en/manage-claude/usage-cost-api,2026-09-26T00:00:00Z,,,,,,,,,,1d9393369de9dc7cf9019fada3ff6663b5711583ade8cd3fe43e4feab9d94232,,200,53635008926fb397,2026-09-28T03:40:16Z
S2040,https://learn.microsoft.com/en-us/entra/agent-id/agent-identities,2026-09-28T04:47:04Z,,,,,,,"""PufvjO4SzIeUAY4Qoa2nhalTm5Q=""","Mon, 24 Aug 2026 13:15:26 GMT",fcc5c73aed5dc4dec675d62ce9a4f6ba99b6311d,eb2dc2af053fd7c3a32c176618959cda2131cef94a800b4ff9b83c7d24b5d0ab,,304,9eadb5278b2432fa,2026-09-28T04:47:04Z
S2041,https://code.claude.com/docs/en/iam,2026-09-26T00:00:00Z,,,,,,,,"Mon, 28 Sep 2026 03:40:41 GMT",,1d26d6a0f98c211caf963e1f6d1e897cc6d2504f028491d629c33fd467874939,,200,ac8c2b3afcb396b4,2026-09-28T03:40:41Z
S2042,https://code.claude.com/docs/en/managed-settings,2026-09-26T00:00:00Z,,,,,,,,"Mon, 28 Sep 2026 03:40:42 GMT",,59b0bc5dbe2c2f911e0a2f9a34f162f333787bfdbc85b966234e4a359fb00717,,200,70b716ab0374077d,2026-09-28T03:40:42Z
S2043,https://pypi.org/project/keyring/,2026-09-26T00:00:00Z,,,,,,,,,,294487957d669cd29f78b0e66a7481df0e53fb8ebe2c6e9f894768df47c12152,,200,bdb99a002fbe1807,2026-09-28T03:40:12Z
S2044,https://github.com/AzureAD/microsoft-authentication-extensions-for-python,2026-09-26T00:00:00Z,,,,,,,"W/""5dd62ff39f12ca9103ac76d9906f34c9""",,,f7361cb74ff8194c90948ff3bc8bc33e6bc4f8119ff1015202af96a6131fab7e,,200,cd3e6d0020d9ed7b,2026-09-28T03:41:27Z
S2045,https://modelcontextprotocol.io/specification/draft/basic/authorization,2026-09-26T00:00:00Z,,,,,,,,"Mon, 28 Sep 2026 03:40:49 GMT",,227293b07afc6b366f37fd71f6cb5f60658b9fd5a477cc19d495642a8317aa2e,,200,dd83274c84ef263d,2026-09-28T03:40:49Z
S2046,https://docs.gitlab.com/user/profile/personal_access_tokens/,2026-09-26T00:00:00Z,,,,,,,"W/""d91fa9fa99c05d87bc6d0f26a444e98c2de44f2cffde57d502eda6a94d22e6ad-br""","Mon, 28 Sep 2026 02:13:28 GMT",,34a0715ae463cc5db446273077fb57789585e71ad6d748ec82d6b58eb65a2b5d,,200,0432ac26f75556b7,2026-09-28T03:40:28Z
S2047,https://learn.microsoft.com/en-us/azure/key-vault/general/overview,2026-09-26T00:00:00Z,,,,,,,"""cdS4xJsJ+EylQl2sdK28f8SMHVs=""","Fri, 25 Sep 2026 22:48:27 GMT",03f066722dd28f1515388191ff0ec0c374894b02,b822594ada2887f92daab5c895e0cc493d463b831eaf912a399b29a8a72668bd,,200,72dc25fd4410e31a,2026-09-28T03:43:09Z
S2048,https://developer.hashicorp.com/vault/docs/what-is-vault,2026-09-26T00:00:00Z,,,,,,,"""lbsvqrsc9a5i4s""",,,3ffbf85ecfddb0aa428f4444a17cea8014bebcebf2abb7b6ce1f4a4a02edc871,https://developer.hashicorp.com/vault/docs/about-vault/what-is-vault,200,9f4cfde46738275f,2026-09-28T03:40:55Z
S2049,https://developer.hashicorp.com/vault/docs/auth/approle,2026-09-26T00:00:00Z,,,,,,,"""mie4je4a1k9kpx""",,,0b4aefa7549016df56868b6b71c0b9780b3498dcac746626089b166771539cea,,200,c3ebc3530cdb5cb0,2026-09-28T03:40:57Z
S2050,https://learn.microsoft.com/en-us/entra/identity/role-based-access-control/groups-create-eligible,2026-09-26T00:00:00Z,,,,,,,"""xauxjqPPgcO/1/EiPIBBP9128H4=""","Mon, 24 Aug 2026 16:52:08 GMT",ad2392b54e54af312a83c1095d1532609ac46a05,119b2a5367686783717f97f4f7bdc309392c13306e7b334cb4d313cc89ad2006,,200,c81b14a91af0d216,2026-09-28T03:43:10Z
S2051,https://techcommunity.microsoft.com/blog/microsoft-entra-blog/announcing-microsoft-entra-agent-id-secure-and-manage-your-ai-agents/3827392,2026-09-26T00:00:00Z,,,,,,,,,,,,,,
S2052,https://learn.microsoft.com/en-us/entra/id-governance/privileged-identity-management/concept-pim-for-groups,2026-09-26T00:00:00Z,,,,,,,"""aE103AQYhzerpQSRqY85W4LwcQg=""","Wed, 23 Sep 2026 17:53:25 GMT",840b1eb7b6c0ea02a65f15bf0d86116cd978cf8f,3b6cc8afefa61f272985f90edcad18c866d863a016aaee3d0a01ea8c7dd48435,,200,f507fd7c0329dc29,2026-09-28T03:43:11Z
S2053,https://learn.microsoft.com/en-us/entra/identity-platform/howto-add-app-roles-in-apps,2026-09-26T00:00:00Z,,,,,,,"""llul/8T7u/PPvrQ/d46m9QPOva0=""","Fri, 25 Sep 2026 12:45:30 GMT",4f4d839572dacc86143e06967decb1b8076f680c,459f1fe5f3af3862733f47cc2a51cb9cb3ee2f093e729178cf8a62bb22d87aef,,200,71363e7243d89ff1,2026-09-28T03:43:12Z
S2054,https://developer.hashicorp.com/vault/docs/secrets/databases,2026-09-26T00:00:00Z,,,,,,,"""4qso8aleth8p0c""",,,18e5434886dc4ee18c7b8ed758452672987914a443cd42cd64567da8f37b2fa7,,200,54bbd0982e8b51a3,2026-09-28T03:40:58Z
S2055,https://docs.gitlab.com/ci/secrets/,2026-09-26T00:00:00Z,,,,,,,"W/""d91fa9fa99c05d87bc6d0f26a444e98c2de44f2cffde57d502eda6a94d22e6ad-br""","Mon, 28 Sep 2026 02:13:09 GMT",,8dd4b8622f7b3dbd42c51993d203421507bda55ed0599dddcd4fbe2e1866c6b0,,200,b096a727992bd294,2026-09-28T03:40:29Z
S2056,https://developer.hashicorp.com/vault/docs/auth/jwt,2026-09-26T00:00:00Z,,,,,,,"""j81dgeaalt7wr3""",,,147a655a3322f6d1a06db474c2d29d96321951bff848edfd1d654e4353a9b459,,200,c407d912cfbaf4d0,2026-09-28T03:41:00Z
S2057,https://code.claude.com/docs/en/settings,2026-09-26T00:00:00Z,,,,,,,,"Mon, 28 Sep 2026 03:40:43 GMT",,75fba7d5516a776b93947e6027cab476984584dbdb4c82c69013f7d30df07fe5,,200,f2263a91c63a7e78,2026-09-28T03:40:43Z
S2058,https://owasp.org/www-project-non-human-identities-top-10/,2026-09-26T00:00:00Z,,,,,,,,,,01284daa77e75cef96b4d8316d3785b5e4d05fee41184b90608af22e1a48cdbe,https://owasp.org/projects/non-human-identities-top-10,200,1064a683c2a8a479,2026-09-28T03:40:35Z
S2080,https://learn.microsoft.com/en-us/microsoft-copilot-studio/agents-experience/authoring-add-other-agents,2026-09-26T00:00:00Z,,,,,,,"""sP61Fxqakr1Bc5q6B+05uwBPess=""","Thu, 27 Aug 2026 21:39:49 GMT",ba6775634a94cfbe170babdd44358f0030f5d2c7,58c0d1fb87ee505a3d78eb98a6a28e510e828d346e89da10507e19bd55185391,,200,eb22c50ab2e8da85,2026-09-28T03:43:14Z
S2081,https://learn.microsoft.com/en-us/microsoft-copilot-studio/guidance/multi-agent-patterns,2026-09-26T00:00:00Z,,,,,,,"""FcHXOPzjRWjaaMNQcMP9cMMQDw0=""","Sat, 12 Sep 2026 01:50:55 GMT",3cc9c09813e2e9fc81f0734ddddd07f5ce585b96,8d904484ec2615e41bf6feb220cafc76a37f5c2bcd120521963f41441ba08763,,200,97d32e6bb14112d1,2026-09-28T03:43:15Z
S2082,https://devblogs.microsoft.com/agent-framework/microsoft-agent-framework-at-build-2026-announce/,2026-09-26T00:00:00Z,,,,,,,,,,6651ac688d98c01b99a32f82ae22bb8e4282a2d38945572450b326a982bc373c,,200,d5543bf09fa35334,2026-09-28T03:40:32Z
S2083,https://code.claude.com/docs/en/sub-agents,2026-09-26T00:00:00Z,,,,,,,,"Mon, 28 Sep 2026 03:40:44 GMT",,c77c84a912d812b2b7daf6ee4491482cd5619c297e023ccc5bc48e18ab33db78,,200,08c67ff30bdc94ca,2026-09-28T03:40:45Z
S2084,https://blog.modelcontextprotocol.io/posts/2026-07-28/,2026-09-26T00:00:00Z,,,,,,,"""6a8ab83a-20a2f""","Sun, 23 Aug 2026 09:07:06 GMT",,78947ab976f52c222735951165ed5e282b508b16f4ed05eb3b228811b4371b25,,200,dd432bdc2a70c655,2026-09-28T03:40:55Z
S2086,https://github.com/data-privacy-stack/presidio/blob/main/docs/samples/docker/index.md,2026-09-26T00:00:00Z,,,,,,,"W/""cf7a2ad91427c8c32ac5baae5e781604""",,,2b988593a352254aa5fc06e30243fea4f1b3f262b65a214192ef5b285f181e6c,,200,64a81748e38bc119,2026-09-28T03:41:28Z
S2087,https://hub.docker.com/r/microsoft/presidio-analyzer,2026-09-26T00:00:00Z,,,,,,,,,,3cbaaf01ebfc5d88ddfe65ad0e860b01c063f2ab0c2291a0d5965fa623ac8158,,200,cd207b5483f809ff,2026-09-28T03:40:56Z
S2088,https://github.com/microsoft/presidio/blob/main/docs/samples/deployments/app-service/index.md,2026-09-26T00:00:00Z,,,,,,,"W/""3798905c8c6e21559514357f8930e8cb""",,,c3fcc6ef8df500fe89232ef932199a43712a8d88368bc43ca52ef4a20dcf8f1d,https://github.com/data-privacy-stack/presidio/blob/main/docs/samples/deployments/app-service/index.md,200,d433941c49860c83,2026-09-28T03:41:29Z
S2090,https://github.com/data-privacy-stack/presidio/blob/main/docs/samples/deployments/data-factory/presidio-data-factory.md,2026-09-26T00:00:00Z,,,,,,,"W/""7563963bdf919b57304dcb53e4b09cbf""",,,619c5268a6b6673fda76c89b98987fe3823c0a0fe8daa1d8b8180d1928fb420f,,200,17760c3a20b9f4e2,2026-09-28T03:41:30Z
S2091,https://learn.microsoft.com/en-us/azure/ai-services/language-service/personally-identifiable-information/how-to/use-containers,2026-09-26T00:00:00Z,,,,,,,"""rR9KwGMMdSJmUMqwjenDvwhPGcw=""","Mon, 24 Aug 2026 05:38:11 GMT",dabf33904fdcee727cc700cbd16baf25ba821c26,ccee80f6ff99f13ae4a8544204cf6bd7fee72eb2429d1b69fd90a74d49ae95ad,,200,fcee341a49d64c00,2026-09-28T03:43:16Z
S2092,https://learn.microsoft.com/en-us/azure/ai-services/language-service/personally-identifiable-information/overview,2026-09-26T00:00:00Z,,,,,,,"""NFCXtmX6mnixFRdv+ObclnIJLgs=""","Mon, 24 Aug 2026 03:29:57 GMT",6885735d9f71912f269f17d49626d307fb15cfee,aeda824b29c228b0fac48ac33b5115f2a92c2f646bd851c60ea42428206e10e0,,200,85bd1b2a35e0380d,2026-09-28T03:43:17Z
S2093,https://learn.microsoft.com/en-us/azure/ai-services/language-service/concepts/data-limits,2026-09-26T00:00:00Z,,,,,,,"""Cux3yk1dMxbpmbWqe6pEkgaazJY=""","Mon, 24 Aug 2026 09:00:30 GMT",96b4bc3cffd3349cfb0239d99bd1dc5c76a1f95c,6c458e68d17fdc5d5820c94c76d785f033bec4a79aa0d9a5b3dd9ff638cb0307,,200,bdbf653a300c8fb3,2026-09-28T03:43:18Z
S2094,https://learn.microsoft.com/en-us/azure/ai-services/containers/disconnected-containers,2026-09-26T00:00:00Z,,,,,,,"""SkfVxwpOWEy4k2Gl+w6h3ExGL6g=""","Mon, 24 Aug 2026 07:33:08 GMT",78bd743c826931ad1501e417ff0bf3dd98a4545d,471256d5057ee6a6b4206f328d4b45534a2afbe758e34a6b8243e80726364a06,,200,f433edef105856af,2026-09-28T03:43:19Z
S2095,https://azure.microsoft.com/en-us/pricing/details/language/,2026-09-26T00:00:00Z,,,,,,,,,,4224a400ae8e0005d62d1ae8e40c23cca0a39d569a8b33641131dbefed6360fe,,200,d83a14a000287ae3,2026-09-28T03:40:57Z
S2096,https://learn.microsoft.com/en-us/azure/ai-services/language-service/personally-identifiable-information/concepts/entity-categories,2026-09-26T00:00:00Z,,,,,,,"""2mrwLXbkD8rVXbSxYJWa4oMIaWs=""","Mon, 24 Aug 2026 05:39:07 GMT",96b4bc3cffd3349cfb0239d99bd1dc5c76a1f95c,2ee43f9689bbd4560b18b86ddb90251711dc360c38ff88c757acd795f2e59148,,200,23f0288026bd4cd0,2026-09-28T03:43:20Z
S2097,https://docs.aws.amazon.com/comprehend/latest/dg/how-pii.html,2026-09-26T00:00:00Z,,,,,,,"""nKIOT4KFHFse5jFWV0SMgjm5j9A=""","Sat, 26 Sep 2026 02:59:35 GMT",,9174cd686ac05703e2574b65deb60241d753241684f000e5a3946d43c730c665,,200,d662290307a2f6b8,2026-09-28T03:40:56Z
S2098,https://docs.aws.amazon.com/comprehend/latest/dg/realtime-pii-api.html,2026-09-26T00:00:00Z,,,,,,,"""27b1sagUnBwuWOwJ8pkBjI1ClAk=""","Sat, 26 Sep 2026 02:59:42 GMT",,95d78f626c923ffe8e847291a4cfc4f910dd33d77869bae1e17d2a0dbeabcab9,,200,d67d2e82974006fd,2026-09-28T03:40:57Z
S2099,https://aws.amazon.com/comprehend/pricing,2026-09-26T00:00:00Z,,,,,,,,"Fri, 25 Sep 2026 21:30:26 GMT",,9c3542e71a302bfafd6e97d4d6b31be5a40ad85e94d21a055b124294b915e43b,https://aws.amazon.com/comprehend/pricing/,200,a664d4161585d73f,2026-09-28T03:40:38Z
S2100,https://docs.cloud.google.com/sensitive-data-protection/docs/infotypes-reference,2026-09-26T00:00:00Z,,,,,,,,"Thu, 24 Sep 2026 21:06:12 GMT",,cb5f2da21ca6787564069bbe3e92325bb6b785859e272b3bd69c0dee3045e91c,,200,8489ba72539fcd31,2026-09-28T03:40:57Z
S2101,https://cloud.google.com/sensitive-data-protection/pricing,2026-09-26T00:00:00Z,,,,,,,,,,c291c96be7e46b87e2552da9a130cc54dccde20ece981e10a69afccff3c9c232,,200,c91b38a4383fb309,2026-09-28T03:41:00Z
S2102,https://huggingface.co/onnx-community/gliner_multi-v2.1,2026-09-26T00:00:00Z,,,,,,,"W/""1af6f-5igBnpUcbxzW/NJLW366vTVdnHo""",,,c99a07c5789bd06918add4feee14e119a325e12c143044b31fb7918d50e6a9a4,,200,9d3885f060d62c03,2026-09-28T03:40:16Z
S2105,https://github.com/data-privacy-stack/presidio-research/blob/main/README.md,2026-09-26T00:00:00Z,,,,,,,"W/""38fdd5e83d389a113bc6afbe828dc650""",,,61fe96826c27fe6a59be451d475e7670907c68b0d22554d813b5adcc9b71f3fa,,200,484a3660b1974388,2026-09-28T03:41:32Z
S2106,https://learn.microsoft.com/en-us/azure/ai-foundry/responsible-ai/language-service/data-privacy,2026-09-26T00:00:00Z,,,,,,,"""lZ0etyYUu4MeH+ksnDnTbgTp5uo=""","Mon, 24 Aug 2026 09:01:52 GMT",48139f9fef954723a5dc6f92af0318f6d47029cb,eec7dd0b59c3ad742a2b4f67d22cd239830035fbbe2e781109f29664dba4ebc1,https://learn.microsoft.com/en-us/azure/foundry/responsible-ai/language-service/data-privacy?accept=text%2Fmarkdown,200,075678f11830c89d,2026-09-28T03:43:22Z
S2107,https://aws.amazon.com/about-aws/whats-new/2022/05/amazon-comprehend-detects-redacts-pll-entity-types-across-us-uk-canada-india,2026-09-26T00:00:00Z,,,,,,,,"Fri, 25 Sep 2026 21:44:47 GMT",,d7d487930d3db13be6bbe9b72f9cb76c09b332adfa618c4caccda5badd878bd3,https://aws.amazon.com/about-aws/whats-new/2022/05/amazon-comprehend-detects-redacts-pll-entity-types-across-us-uk-canada-india/,200,a6a2186101900889,2026-09-28T03:40:39Z
S2108,https://docs.cloud.google.com/sensitive-data-protection/docs,2026-09-26T00:00:00Z,,,,,,,,"Thu, 24 Sep 2026 21:06:12 GMT",,9b2d1d33e9773a3eb076af5dfe7f3fd27af957407f30e39589fd5dd1b3faefbd,,200,10c90f06d7abf017,2026-09-28T03:40:59Z
S2109,https://learn.microsoft.com/en-us/microsoft-copilot-studio/admin-share-bots,2026-09-26T00:00:00Z,,,,,,,"""sXIcwzPmoD5au0KsTGjeTCUkRLQ=""","Thu, 27 Aug 2026 19:48:42 GMT",d3dd478d56933bdfd2dc0d5e562fd9546ab9823e,27d128356aa2552f33f6ac5b881f2f87d647d337e2fbba3b31221ea0be8e2e2d,,200,50280761d5445006,2026-09-28T03:43:23Z
S2110,https://blog.modelcontextprotocol.io/posts/mcp-roadmap/,2026-09-26T00:00:00Z,,,,,,,"""6a8ab83a-8bfc""","Sun, 23 Aug 2026 09:07:06 GMT",,6d96b3946475a2a88000ec2f5603cd16b9f389a3d8ff8c9720558afc1a9a242b,,200,8c2520b1af21be47,2026-09-28T03:40:56Z
S2111,https://pypi.org/project/presidio-evaluator/,2026-09-26T00:00:00Z,,,,,,,,,,294487957d669cd29f78b0e66a7481df0e53fb8ebe2c6e9f894768df47c12152,,200,bdb99a002fbe1807,2026-09-28T03:40:13Z
S2112,https://learn.microsoft.com/en-us/azure/ai-services/language-service/personally-identifiable-information/how-to/redact-text-pii,2026-09-26T00:00:00Z,,,,,,,"""64OtjMJg4kaI/nhfT/mi/tqqAvw=""","Mon, 24 Aug 2026 09:08:46 GMT",96b4bc3cffd3349cfb0239d99bd1dc5c76a1f95c,57f813330185b660aa50402e8b61ff8c6af23ad39faed7fa2d6f06745e796e6d,,200,0d93d5924d882291,2026-09-28T03:43:24Z
S2120,https://a2a-protocol.org/latest/specification/,2026-09-26T00:00:00Z,,,,,,,"""6ab67afd-96afe""","Fri, 25 Sep 2026 13:45:33 GMT",,ec36c0a5ad04efe6973d1f2b5fe9091b6aefd7433cee2e52c4ff74bc7ab9c3ed,,200,7325f89a27b85eb4,2026-09-28T03:40:58Z
S2121,https://github.com/a2aproject/A2A,2026-09-26T00:00:00Z,,,,,,,"W/""f627c085c770be40047cc089a58cd78a""",,,29bbcef1828c7bd2d8365014dc3bdd88f3bc68bc4bd4cdec099b2737df5f2190,,200,2da1cfbb1851ba3e,2026-09-28T03:41:32Z
S2122,https://raw.githubusercontent.com/a2aproject/A2A/43e0c874d3baba68ed84b98678d7f2268438e69f/specification/a2a.proto,2026-09-26T00:00:00Z,,,,,,,"""ca59406778b84b26697038cf4614ea048df8b45409b3adbecbe6031bd798fa5e""",,,945df6e34001b2bfd0fd62d9484b63094dfad9d78705e41e2873441c419ae2d1,,200,1bee3c820ff4888e,2026-09-28T03:45:40Z
S2123,https://www.linuxfoundation.org/press/linux-foundation-launches-the-agent2agent-protocol-project-to-enable-secure-intelligent-communication-between-ai-agents,2026-09-26T00:00:00Z,,,,,,,,"Wed, 23 Sep 2026 13:22:44 GMT",,fc1eed1764a8890c5794d244e546163fc7323d0be4161c9bc8e60859577468ec,,200,499133420fc548dd,2026-09-28T03:40:58Z
S2124,https://www.linuxfoundation.org/press/a2a-protocol-surpasses-150-organizations-lands-in-major-cloud-platforms-and-sees-enterprise-production-use-in-first-year,2026-09-26T00:00:00Z,,,,,,,,"Wed, 23 Sep 2026 13:22:12 GMT",,567bc5a1b970e65f78d4d7fa458d376952bfd4daf6fd72ac688fc87b3b6c463b,,200,1538a6c95e5014df,2026-09-28T03:40:59Z
S2125,https://github.com/a2aproject/a2a-python,2026-09-26T00:00:00Z,,,,,,,"W/""5a58844d588f456cadb9464578564c3f""",,,67b460054a80a01dec6f16000801c7878f0a6e3167ffcb06c06180a1dc2e2920,,200,a6cd838983b5564b,2026-09-28T03:41:33Z
S2126,https://learn.microsoft.com/en-us/microsoft-copilot-studio/add-agent-agent-to-agent,2026-09-26T00:00:00Z,,,,,,,"""uJYmeNV/sDdFvYhfshzd2JZ4sHQ=""","Thu, 27 Aug 2026 19:04:19 GMT",8f9331473eb5eed360f5279f8e319e61d406a0c2,1f4df4907e836a2f6c2f57e4040e04386f6ea20ad366d9ccde4d0d4dfea92f1c,,200,190802b6012f9308,2026-09-28T03:43:25Z
S2127,https://www.microsoft.com/en-us/microsoft-cloud/blog/2025/05/07/empowering-multi-agent-apps-with-the-open-agent2agent-a2a-protocol/,2026-09-26T00:00:00Z,,,,,,,,,,52951e2f5adda3e69e3fe40a7b93a2fbc25c96da97f9511b54d94f9b927e7deb,,200,f9b1875ca1e862ab,2026-09-28T03:40:33Z
S2128,https://developers.googleblog.com/en/a2a-a-new-era-of-agent-interoperability/,2026-09-26T00:00:00Z,,,,,,,,,,7179547912574ddc7469b79bbfea8d17efd69ee56db59146bedc4c89d5dc3dfc,,200,01991ac663620a76,2026-09-28T03:40:45Z
S2129,https://www.anthropic.com/webinars/deploying-multi-agent-systems-using-mcp-and-a2a-with-claude-on-vertex-ai,2026-09-26T00:00:00Z,,,,,,,,"Mon, 28 Sep 2026 03:40:42 GMT",,39bc4e67e2bf9059cf6d3a5e273bd182d5878142780d40df2bba891ed9516ee3,,200,8836f68767efe058,2026-09-28T03:40:42Z
S2130,https://platform.claude.com/docs/en/build-with-claude/prompt-caching,2026-09-26T00:00:00Z,,,,,,,,,,047cf712889fb957b79725db785788e1257df1055439c066bdedc1159faa55ec,,200,3ab817679b3b088b,2026-10-08T19:47:11Z
S2131,https://platform.claude.com/docs/en/about-claude/pricing,2026-09-26T00:00:00Z,,,,,,,,,,1d9b06110ad037aced072732af0f612f838de0c9a30fb14ad5a57a43e7dad2d9,,200,393f7e3b8fd7c63c,2026-10-08T19:47:12Z
S2132,https://code.claude.com/docs/en/costs,2026-09-26T00:00:00Z,,,,,,,,"Mon, 28 Sep 2026 03:40:46 GMT",,ac3a316a716567bce218a4758396eb3a0b2ff1cbb35eac7e24e6829622504b5c,,200,fa2093dbca7ad482,2026-09-28T03:40:46Z
S2133,https://developers.openai.com/api/docs/guides/prompt-caching,2026-09-26T00:00:00Z,,,,,,,"""6f872735fa5604344e1492a3c0d2643d""","Mon, 28 Sep 2026 02:03:00 GMT",,81a77b6410e7856311d5e65056cfc857c5faa568fb93518a0687679ea39b886b,,200,e43755576c0f503b,2026-09-28T03:40:53Z
S2134,https://learn.microsoft.com/en-us/azure/ai-foundry/openai/how-to/prompt-caching,2026-09-26T00:00:00Z,,,,,,,"""eiRrAxmWFxMXtDjh+cQBeBR0fOY=""","Mon, 24 Aug 2026 02:48:29 GMT",669a8a54792018b1b0cb9063bf002d5e64457e9f,f269489e5e5f4a6c9ea7a75ae812e96335a13b63e10192ac72d2884f4f6f774f,https://learn.microsoft.com/en-us/azure/foundry/openai/how-to/prompt-caching?accept=text%2Fmarkdown,200,ada22a4d2b59994b,2026-09-28T03:43:26Z
S2135,https://modelcontextprotocol.io/specification/2026-07-28/server/tools,2026-09-26T00:00:00Z,,,,,,,,"Mon, 28 Sep 2026 03:40:50 GMT",,b30992eae828e3d52126743dd375f1f88408be56575e7f8ea48c69b3cc22946d,,200,91ad662de4a44c94,2026-09-28T03:40:50Z
S2136,https://modelcontextprotocol.io/specification/2026-07-28/server/utilities/caching,2026-09-26T00:00:00Z,,,,,,,,"Mon, 28 Sep 2026 03:40:52 GMT",,25256ac341df6c67576520509bbc2ad4a19050c0bec1abae1282c1262d610571,,200,7a119beb0a8db151,2026-09-28T03:40:52Z
S2137,https://www.anthropic.com/engineering,2026-09-26T00:00:00Z,,,,,,,,,,7c31926df0b55e4c7a5a50e305f84faf9a1775fb5ce08464c47d3fff6bcbeaa4,,200,15acab067ebad16a,2026-09-28T03:40:43Z
S2138,https://www.anthropic.com/engineering/building-effective-agents,2026-09-26T00:00:00Z,,,,,,,,,,3ab6ed16bb121bad197d0b20cda17b9feff5ae9ea2daa505ba165c824338e866,,200,4906b50f3b248e4c,2026-09-28T03:40:45Z
S2139,https://www.anthropic.com/engineering/multi-agent-research-system,2026-09-26T00:00:00Z,,,,,,,,,,bd3f6b42ac1970032d7b0bf6d9848590cd4501e1cc967a4d021f97bd70c59528,,200,1e6570341de399db,2026-09-28T03:40:46Z
S2140,https://www.anthropic.com/engineering/claude-code-best-practices,2026-09-26T00:00:00Z,,,,,,,"W/""rr3rgjj7ziftg3""",,,14f72f2eee1245874203085743807161daeae7ba9bca5059b0e62a3c7e04179c,https://code.claude.com/docs/en/best-practices,200,b5a6b98f4c8bec16,2026-09-28T03:40:47Z
S2141,https://www.anthropic.com/engineering/writing-tools-for-agents,2026-09-26T00:00:00Z,,,,,,,,,,05598397a205da21dff4baf01e17da045cb7eb75c1d46fdad32193ec55d1c3aa,,200,86a30f91ada2e063,2026-09-28T03:40:48Z
S2142,https://www.anthropic.com/engineering/effective-context-engineering-for-ai-agents,2026-09-26T00:00:00Z,,,,,,,,,,e35d62ae0ae27e39215c35061432ef403305b54c15700ebf88783b4325f9ea87,,200,e3eb66db70a3d8c3,2026-09-28T03:40:49Z
S2143,https://www.anthropic.com/engineering/equipping-agents-for-the-real-world-with-agent-skills,2026-09-26T00:00:00Z,,,,,,,,,,529ab8d00cf00382e3c74f54988c656fe082bcb8a2e6aa4cf98921c8da10babd,,200,d98b67fce626535a,2026-09-28T03:40:50Z
S2144,https://www.anthropic.com/engineering/code-execution-with-mcp,2026-09-26T00:00:00Z,,,,,,,,,,92e558c5102aad96633fc10256e0aee65a41c5f734f874141b673e83ddba45ed,,200,7bc8b81d568e5e49,2026-09-28T03:40:51Z
S2145,https://www.anthropic.com/engineering/demystifying-evals-for-ai-agents,2026-09-26T00:00:00Z,,,,,,,,,,cd4bb0d86dad81f2a46caaddaa0218f1a1a597b71d992cb3a1eb9abc0d861033,,200,85b536c2db588b00,2026-09-28T03:40:53Z
S2146,https://www.anthropic.com/engineering/contextual-retrieval,2026-09-26T00:00:00Z,,,,,,,,,,375eef9b3240da1974fbfc8cf565afed222d5b56c26a5c08f04cf0f769ab24bb,,200,3b0aa43da094c6e5,2026-09-28T03:40:54Z
S2147,https://www.anthropic.com/engineering/claude-think-tool,2026-09-26T00:00:00Z,,,,,,,,,,1fccfea70145b325c25af8801b3ff287b0e20edeefb894604e7f12a152db32e4,,200,40722c63ba5082e0,2026-09-28T03:40:55Z
S2148,https://www.anthropic.com/engineering/desktop-extensions,2026-09-26T00:00:00Z,,,,,,,,,,a1b5c8f00a252af2ea15b2d1eff62efa8bd63a65b2940566034f5453d5371e5a,,200,59e7aa65ec0fa5a8,2026-09-28T03:40:56Z
S2149,https://www.anthropic.com/engineering/advanced-tool-use,2026-09-26T00:00:00Z,,,,,,,,,,7e50882c9c97b4d4f80676471f2279b4ad44054d1a14d5d128376a3160984d0f,,200,8a95274010172bd0,2026-09-28T03:40:57Z
S2150,https://www.anthropic.com/engineering/effective-harnesses-for-long-running-agents,2026-09-26T00:00:00Z,,,,,,,,,,240c0558c8b4cf49137e363007e8d50b75fc851b6659e722b5ca8bb677b446eb,,200,31b109c70aae5436,2026-09-28T03:40:59Z
S2151,https://www.anthropic.com/engineering/claude-code-sandboxing,2026-09-26T00:00:00Z,,,,,,,,,,1e9d1c6d3750c63c45b7ccdf8519b25eaac1945de17fd8f238a43d041ea5a783,,200,3e4144cf9d7ef9e8,2026-09-28T03:40:59Z
S2152,https://www.anthropic.com/engineering/managed-agents,2026-09-26T00:00:00Z,,,,,,,,,,487026dc1ab9173b7ddbeee5e427be2cb1e7ca0e06b6d566676d8a6a3afe783c,,200,0174fd8fc2d2c813,2026-09-28T03:41:00Z
S2153,https://www.anthropic.com/engineering/harness-design-long-running-apps,2026-09-26T00:00:00Z,,,,,,,,,,95ca14efe14e4cf2a8e0044f28f41eec909b6ca83616366f9b0dbfb99b48bef6,,200,d0db199547a7062e,2026-09-28T03:41:02Z
S2154,https://www.anthropic.com/engineering/claude-code-auto-mode,2026-09-26T00:00:00Z,,,,,,,,,,c66c6f24eb0b807482b3c45fa710ef9e36b18a1faefece6b503cdb60a6e02549,,200,6d36b8580b32d449,2026-09-28T03:41:03Z
S2156,https://github.com/anthropics/courses,2026-09-26T00:00:00Z,,,,,,,"W/""db2e10e4bd065376a521fb751a876fe3""",,,165c4437dc3961c9da4fa44584e40f6d43e54515a88a5f3840ae4a29800f57c8,,200,167d98b328086548,2026-09-28T03:41:34Z
S2157,https://code.claude.com/docs/en/sub-agents,2026-09-26T00:00:00Z,,,,,,,,"Thu, 08 Oct 2026 00:45:04 GMT",,b02afe9483356dcd776c7f1ee5eeb6e17c8593c265221874cd7c539c88cf4628,,200,0ac67ff30bd414ca,2026-10-08T00:45:04Z
S2158,https://code.claude.com/docs/en/skills,2026-09-26T00:00:00Z,,,,,,,,"Mon, 28 Sep 2026 03:40:48 GMT",,296c7dced88456080254a9cbff435b18b40e10216cee9397a117e0f688b38601,,200,de6eaf6d1d121fd2,2026-09-28T03:40:48Z
S2159,https://code.claude.com/docs/en/prompt-caching,2026-09-26T00:00:00Z,,,,,,,,"Mon, 28 Sep 2026 03:40:49 GMT",,7bb194ce96694c2cf3fb994f0fbd73f5771a140ec09ef6e6bd14922099b907ad,,200,955f3eb341f20e05,2026-09-28T03:40:49Z
S2160,https://docs.cloud.google.com/architecture/choose-agentic-ai-architecture-components,2026-09-26T00:00:00Z,,,,,,,,"Tue, 21 Apr 2026 07:00:00 GMT",,1a97223b3e9fe3345e099d8b30936ca65375f6218ea2cedc071cb12cbce18505,,200,7fc319fe05c3ed68,2026-09-28T03:41:00Z
S2162,https://techcommunity.microsoft.com/blog/azure-ai-foundry-blog/three-tiers-of-agentic-ai---and-when-to-use-none-of-them/4510377,2026-09-26T00:00:00Z,,,,,,,,,,,,,,
S2163,https://techcommunity.microsoft.com/blog/azure-ai-foundry-blog/stop-letting-agents-run-the-workflow/4550068,2026-09-26T00:00:00Z,,,,,,,,,,,,,,
S2164,https://www.thoughtworks.com/content/dam/thoughtworks/documents/radar/2026/04/tr_technology_radar_vol_34_en.pdf,2026-09-26T00:00:00Z,,,,,,,,,,,,,,
S2165,https://www.thoughtworks.com/en-ec/radar/techniques/agent-skills,2026-09-26T00:00:00Z,,,,,,,,"Sat, 26 Sep 2026 20:07:44 GMT",,8c4a4c20052b15d01f8221ad157c3a5f2de21518b556f6e717095f4ffe67fb76,,200,59686b5cb6ebad26,2026-09-28T03:41:00Z
S2166,https://jqlang.org/manual/,2026-09-26T00:00:00Z,,,,,,,"""6aacf1ad-79257""","Fri, 18 Sep 2026 08:09:17 GMT",,d90c7fce0944cc8af9a1a1c7b7ed1794ae5d61963fc2f13188dfb455e77b52ef,,200,fab8e0ef42d63017,2026-09-28T03:41:00Z
S2167,https://docs.renovatebot.com/,2026-09-26T00:00:00Z,,,,,,,"""6ab9d4de-900d""","Mon, 28 Sep 2026 02:45:50 GMT",,d250c5bb621adee64281624936e7e34719be0913948acce8633086ddd107f9d6,,200,fee65cd9f90c6733,2026-09-28T03:40:59Z
S2168,https://docs.github.com/en/code-security/dependabot/dependabot-version-updates/about-dependabot-version-updates,2026-09-26T00:00:00Z,,,,,,,,,,27bfb17a55f82701d20fcf26faee3114bc5551aa44cc6dd6b09273a2ad067ed1,https://docs.github.com/en/code-security/concepts/supply-chain-security/dependabot-version-updates,200,63b9b6f4a89a86cc,2026-09-28T03:40:46Z
S2169,https://www.conventionalcommits.org/en/v1.0.0/,2026-09-26T00:00:00Z,,,,,,,"""f326a57425ef449ef38ed2ecb76581d0-ssl""",,,bca546fbe801070626bdc3050dedc063183654dbd91c6c971ade6883c75821e8,,200,5009f995c0fba4e7,2026-09-28T03:41:00Z
S2170,https://semantic-release.gitbook.io/semantic-release,2026-09-26T00:00:00Z,,,,,,,"""7263bf4ceec62fbcf367511cba627dac""",,,6f552c675f4e1c893f1593beecaea6c50924cddfdd0d1078754cd3bd90d6e9a8,,200,02e83b142a2aa732,2026-09-28T03:41:01Z
S2171,https://microsoft.github.io/language-server-protocol/,2026-09-26T00:00:00Z,,,,,,,"""6ab6b193-aaea""","Fri, 25 Sep 2026 17:38:27 GMT",,a9e885da8360cdec2c319a5fe000fdcd3b3bc6fe463748954606d9698ae180a9,,200,266adf31e16f28c5,2026-09-28T03:41:00Z
S2172,https://arxiv.org/pdf/2603.02601,2026-09-26T00:00:00Z,,,,,,,,,,,,,,
S2173,https://online.stevens.edu/blog/hidden-economics-ai-agents-token-costs-latency/,2026-09-26T00:00:00Z,,,,,,,,"Sun, 27 Sep 2026 06:14:58 GMT",,abd5b919de487c53b2ec74475b933fc0d163a8e14f861f1161f475eae6de6c1b,,200,1032c61360597366,2026-09-28T03:41:00Z
S2174,https://dev.to/akaranjkar08/agent-orchestration-decision-matrix-2026-when-to-script-vs-model-drive-4l1,2026-09-26T00:00:00Z,,,,,,,"W/""e8f9d3a3abb49894e862a7fb0e909d47""",,,85cdbe1c6d70c7e5077d95d733fc8a67d00cd1b6c9cac8b9e73894d365ad274a,,200,ac52b21370aeb815,2026-09-28T03:40:55Z
S2175,https://teriradichel.substack.com/p/when-to-use-an-ai-agent,2026-09-26T00:00:00Z,,,,,,,,,,,,,,
S2176,https://learn.microsoft.com/en-us/training/support/mcp-release-notes,2026-09-26T00:00:00Z,,,,,,,"""isp7/V6Dwgr3qBuPV2SIxedujVg=""","Thu, 27 Aug 2026 15:33:28 GMT",f920f40f1eca8672af60a08d26eabcf6780e098e,fc9d8ea1e232d3002b4397dc006a07446f46ef9b533e3d42905a254364662076,,200,431eb31a59540593,2026-09-28T03:39:19Z
S2177,https://learn.microsoft.com/api/mcp,2026-09-26T00:00:00Z,,,,,,,,,,,,,,
S2178,https://www.npmjs.com/package/@microsoft/learn-cli,2026-09-26T00:00:00Z,,,,,,,,,,,,,,
S2179,https://code.claude.com/docs/en/mcp-quickstart,2026-09-26T00:00:00Z,,,,,,,,"Mon, 28 Sep 2026 03:40:50 GMT",,ed5b474559c496eab9a308260248b4d3c4428a627ade5971213ad4d10e1d36b1,,200,5ea8fe21d003fcc9,2026-09-28T03:40:50Z
S2180,https://code.claude.com/docs/mcp,2026-09-26T00:00:00Z,,,,,,,,,,,,,,
S2181,https://modelcontextprotocol.io/mcp,2026-09-26T00:00:00Z,,,,,,,,,,,,,,
S2182,https://www.mintlify.com/docs/ai/model-context-protocol,2026-09-26T00:00:00Z,,,,,,,"W/""16z0782tq2bidu8""",,,8e225157bca319c3b7a6ca01c66896597c0f9e7b2bcdd2141a4ea9a850d5498d,,200,17b63843fe95c023,2026-09-28T03:40:43Z
S2183,https://platform.claude.com/docs/en/about-claude/additional-resources,2026-09-26T00:00:00Z,,,,,,,,,,582fdd89f0ba28e53198bc9e8b11ea74afca379b1adc6b09a1331425397bcc69,,200,22a4ff040b48d318,2026-09-28T03:40:19Z
S2184,https://platform.claude.com/llms.txt,2026-09-26T00:00:00Z,,,,,,,,"Mon, 28 Sep 2026 03:40:20 GMT",,c5114f5d460291c411adfefd525f245631488f3c5824d8f25864a79b807f4458,,200,0d3ae0581455549f,2026-09-28T03:40:20Z
S2185,https://github.blog/changelog/2025-09-04-remote-github-mcp-server-is-now-generally-available/,2026-09-26T00:00:00Z,,,,,,,,,,ad7147c51528da1a3fd0509c63c7729bac3b3c6c97ef1b2b8faf3814f551037a,,200,f4ea99ce877e7758,2026-09-28T03:40:43Z
S2186,https://docs.github.com/en/copilot/how-tos/provide-context/use-mcp-in-your-ide/set-up-the-github-mcp-server,2026-09-26T00:00:00Z,,,,,,,,,,f1e645ab907b3606cdb6e926efd57a91f039a00b356d097f2c93f1bcc6c0e030,,200,a7a798f6131268bc,2026-09-28T03:40:47Z
S2187,https://github.com/github/github-mcp-server/blob/main/docs/remote-server.md,2026-09-26T00:00:00Z,,,,,,,"W/""12b05468777a2025187da36ea934f751""",,,6fb94bc03cd1e6b6119240ab685a2f6d28ee43ce64f8f6e40eecbdb54dbfe3a1,,200,060b5557487febfb,2026-09-28T03:41:36Z
S2188,https://docs.github.com/en/rest/using-the-rest-api/rate-limits-for-the-rest-api,2026-09-26T00:00:00Z,,,,,,,,,,59b713c48623a1cda0f74cfb5fcba3328477404f49f449c4f61b1e51e08fe0c8,,200,74a7e1ac3983db02,2026-09-28T03:40:48Z
S2189,https://docs.gitlab.com/user/model_context_protocol/mcp_server/,2026-09-26T00:00:00Z,,,,,,,"W/""d91fa9fa99c05d87bc6d0f26a444e98c2de44f2cffde57d502eda6a94d22e6ad-br""","Mon, 28 Sep 2026 02:13:28 GMT",,a09868dba7d563500cd373f956718bf975bafbcbae74d61d6a355359236efda3,,200,b3a66ec3c983881c,2026-09-28T03:40:30Z
S2190,https://learn.microsoft.com/en-us/graph/mcp-server/overview,2026-09-26T00:00:00Z,,,,,,,"""Dh8FbS2jwvqKr5mE4Ygktoez3+Y=""","Tue, 25 Aug 2026 00:50:14 GMT",315abdcef4ad417ffe6767e45d4dd4cd5281f41d,17bbccc482595aed069355b93a6c9beec0b20fd54460082a6ff1222b53e2ab3f,,200,c97cb692c0aa7ec3,2026-09-28T03:43:27Z
S2191,https://graph.microsoft.com/v1.0/$metadata,2026-09-26T00:00:00Z,,,,,,,,,,c57d6a7ead26136e393e3bdb363655c0afffd82c17ff6c08e5793f7993b715c2,,200,af3ed82ba487d21c,2026-09-28T03:41:01Z
S2192,https://docs.pypi.org/api/json/,2026-09-26T00:00:00Z,,,,,,,"W/""16538583a52f3268ed5a28336194050c""","Fri, 04 Sep 2026 12:51:29 GMT",,a54c2586df0445ebbdbf6b712650c5f5f0c5b5d7df9c0f55a793909904548795,,200,664398d6edb213fc,2026-09-28T03:40:33Z
S2193,https://docs.devin.ai/work-with-devin/deepwiki-mcp,2026-09-26T00:00:00Z,,,,,,,"W/""17pqs3xclb9m8n0""",,,2c5a589867ab1da1ed623829012cdc9ff0807331876e89e92020bb2b2f8112fc,,200,51053786c8c2feb5,2026-09-28T03:40:42Z
S2194,https://github.com/upstash/context7,2026-09-26T00:00:00Z,,,,,,,"W/""3cab16c35a392c72879c0d6a050f242f""",,,75d34bf9395ec170a02d5269d79df87a793a1eb62d952516859a7da10c22a05d,,200,be1d50443380fb40,2026-09-28T03:41:37Z
S2195,https://learn.microsoft.com/en-us/legal/termsofuse,2026-09-26T00:00:00Z,,,,,,,"""hFsJ1CQZuef/do1vfKMWQS49WV4=""","Sat, 19 Sep 2026 01:04:05 GMT",9fd90ed833034800434458aef187ba08d8dc9d5b,43a424b6c1743526be4cc44c18a08afe78f0c700636df93c0dbf7a6c76a87e78,,200,73e853ef0576bd20,2026-09-28T03:43:28Z
S2196,https://api.github.com/repos/MicrosoftDocs/memdocs,2026-09-26T00:00:00Z,,,,,,,"W/""7e050a0654bdb84e2b4181b4e56d550e15b8acce516c9cd27916a8148503368a""","Sat, 26 Sep 2026 03:43:01 GMT",,fee10162cb8e9b7fc5178cca295300088353bc7cd7dd2246a0c28fc04f9f5755,,200,e429b72601f3bcd8,2026-09-28T03:39:19Z
S2197,https://api.github.com/repos/microsoft/presidio,2026-09-26T00:00:00Z,,,,,,,"W/""2f479e954c2e52aeb44ec1d2c0fca92e27ab58ddeab1472577b7e442851606cc""","Mon, 28 Sep 2026 01:37:16 GMT",,ac395e9964c3cad6f3e12da6c6b95cf24f1de3ef1876c534deea6501a777e936,https://api.github.com/repositories/132129752,200,1f15473096f73bcd,2026-09-28T03:40:46Z
S2198,https://learn.microsoft.com/en-us/windows/apps/develop/smart-app-control/overview,2026-09-26T00:00:00Z,,,,,,,"""bluEIpu+T33mUDcFx96Eio23SUU=""","Mon, 24 Aug 2026 14:39:40 GMT",177e7d5386a5e0739431cbb14e0411227f9b6372,58a68646f761c97459c1617225c2003543cfb3c5264f7a3e1660d683fec6f096,,200,c1898e58363f4e4e,2026-09-28T03:43:29Z
S2199,https://learn.microsoft.com/en-us/windows/apps/develop/smart-app-control/test-your-app-with-smart-app-control,2026-09-26T00:00:00Z,,,,,,,"""pfyIWFjy8yFWR7bHIvf53v4h0Ys=""","Tue, 22 Sep 2026 01:14:00 GMT",e777dc278b1b4ba82ae0910aacd6f17d69f2a1ac,c5462725b33bcb06d41d57f491375d1df91301f1cead44d1ae34351770588b9b,,200,17c837da8b1cc000,2026-09-28T03:43:30Z
S2200,https://learn.microsoft.com/en-us/windows/security/application-security/application-control/app-control-for-business/appcontrol,2026-09-26T00:00:00Z,,,,,,,"""x5ccxB33kqU1hD0Zu+Mu3m9n4Gw=""","Mon, 24 Aug 2026 03:15:41 GMT",8cf8365eb06fae564d0170addd900b484f3b53b9,09c6b1ca99409ae0699ad4f9217f4ef80d56e58e17166c124ba523ae2168750f,,200,9cc6e65f4ae78aa3,2026-09-28T03:43:31Z
S2201,https://learn.microsoft.com/en-us/intune/device-configuration/endpoint-security/manage-app-control,2026-09-26T00:00:00Z,,,,,,,"""B8voVElRhUr9zIXR3+Jb+6LW2QI=""","Tue, 25 Aug 2026 02:12:07 GMT",a60f43f6f562ded6195ddd8d888335f2d8e11e73,36298cd3f97a656872af491e8f68dbdf5fcc1bda70adde43e90d320620993da5,,200,9bc3234aaa0c6d99,2026-09-28T03:43:32Z
S2202,https://learn.microsoft.com/en-us/windows/security/application-security/application-control/app-control-for-business/deployment/deploy-appcontrol-policies-using-intune,2026-09-26T00:00:00Z,,,,,,,"""fF2VLyLvFJKC78dncNMwjT750hM=""","Mon, 24 Aug 2026 03:15:56 GMT",f9d16c6b2ab04977aa72359624f5c7d957367a31,c24014f9a58eb7f2096658c876ef389f4c2a77e8748f5ba4c8a72f2e9973c482,,200,858dc636e25e8469,2026-09-28T03:43:33Z
S2203,https://learn.microsoft.com/en-us/windows/security/application-security/application-control/app-control-for-business/design/create-appcontrol-policy-for-lightly-managed-devices,2026-09-26T00:00:00Z,,,,,,,"""sgDUwJa+FnOviYHufr/hNjNV2U4=""","Mon, 24 Aug 2026 07:37:48 GMT",d3d7e6582b97452db98d1ce844c6bbcc96c816c3,b24dae56a085e6843f0f1ef0705c976e03cd34d2079698b6865bb3111d75d43f,,200,99136c6a21e4e3f7,2026-09-28T03:43:34Z
S2204,https://learn.microsoft.com/en-us/windows/security/application-security/application-control/app-control-for-business/deployment/appcontrol-deployment-guide,2026-09-26T00:00:00Z,,,,,,,"""XTmNRC9G25W6iIXUje1ArPYVwPo=""","Mon, 24 Aug 2026 17:16:12 GMT",7637e62e5a8cdd2339dcea2f31109a070457364f,65cca06b5380dafc7bf02a2cc41d393d4d06ec7afc99241dd9678cce1a2dc619,,200,96ac01cdb1b63025,2026-09-28T03:43:36Z
S-22dvomdp,https://learn.microsoft.com/windows/ai/mcp/odr-tool,2026-09-26T00:00:00Z,,,,,,,"""47j1wFqiJSUXI386eBYchVrTdV8=""","Thu, 27 Aug 2026 14:03:14 GMT",2ea7dcb5c3b9cdb839fecf4642119551623997a3,e5861f11ba9b2e0acee0e078f53c5c6c94dc183f3f1a3d929ae068b8b76edba5,https://learn.microsoft.com/en-us/windows/ai/mcp/odr-tool?accept=text/markdown,200,6becd320c8c45bd4,2026-09-28T03:43:38Z
S-22nastju,https://code.claude.com/docs/en/agent-sdk/overview,2026-09-26T00:00:00Z,,,,,,,,"Mon, 28 Sep 2026 03:40:52 GMT",,9ef2197aacb56edb0d751e6b7ef7c11a3ca8403ea161242e49d97466de5619c5,,200,0b8a764caef8963f,2026-09-28T03:40:52Z
S-22qwtmf7,https://code.claude.com/docs/en/server-managed-settings,2026-09-26T00:00:00Z,,,,,,,,"Mon, 28 Sep 2026 03:40:53 GMT",,ebe06fec374fea16181e0816d2543c4eef70126ad9228b34a8f7c42566377d22,,200,bcb5b05ec605c6e9,2026-09-28T03:40:53Z
S-23bcmfv4,https://learn.microsoft.com/azure/foundry/agents/how-to/use-your-own-resources,2026-09-26T00:00:00Z,,,,,,,"""3vMZ/hIVN5xgRVCihRZqLMODOIw=""","Sat, 26 Sep 2026 00:06:16 GMT",33d8adb8102054cb84b9678020f4edc0e8e12f04,b74d5d6302c99ae7f004517896d92c3f9878910edfc932416198b83024014217,https://learn.microsoft.com/en-us/azure/foundry/agents/how-to/use-your-own-resources?accept=text/markdown,200,133908f44dbf1b28,2026-09-28T03:43:39Z
S-23euutj5,https://learn.microsoft.com/intune/app-management/deployment/add-dmg-macos,2026-09-26T00:00:00Z,,,,,,,"""YO+NK4XBOvkVJ2DaW8rByvySoz8=""","Tue, 25 Aug 2026 09:54:56 GMT",7328cf31fc7051783f9fdb12250a44d8d227fa1a,c459a8851a2de2de82151d3b624e9780e97b46e9718ebf864f9c74291f51fd82,https://learn.microsoft.com/en-us/intune/app-management/deployment/add-dmg-macos?accept=text/markdown,200,0d76431dba02fe80,2026-09-28T03:43:41Z
S-27c7i7uy,https://learn.microsoft.com/microsoft-365/fasttrack/microsoft-intune,2026-09-26T00:00:00Z,,,,,,,"""NVWBbc1caBJ7GGdIY7zkhepoCj4=""","Wed, 02 Sep 2026 18:55:23 GMT",46822babad81331e14a46f16b0896e0c5de39184,c5c4ab148d8a894385246fa4be93739038b7b18ff12fee8f9445dd1d46adbc1a,https://learn.microsoft.com/en-us/microsoft-365/fasttrack/microsoft-intune?accept=text/markdown,200,3a43482614a67ad3,2026-09-28T03:43:41Z
S-27fiskhq,https://learn.microsoft.com/graph/api/resources/intune-mam-targetedmanagedappprotection?view=graph-rest-1.0,2026-09-26T00:00:00Z,,,,,,,"""ENCA8CVf5G9pOrZCstUt3LV+DrQ=""","Tue, 25 Aug 2026 02:59:59 GMT",e8eace7fa9bfa9e7afacfe9f5dec1ba42ffd493f,fc3c055adf1fcb676bc2e540931811f21ba028dbc5c6b1f4a82138032895088d,https://learn.microsoft.com/en-us/graph/api/resources/intune-mam-targetedmanagedappprotection?view=graph-rest-1.0&accept=text/markdown,200,f13e707c59c388d2,2026-09-28T03:43:43Z
S-27puhgbj,https://learn.microsoft.com/intune/copilot/agents/policy-configuration-agent,2026-09-26T00:00:00Z,,,,,,,"""6kpX2bjEX4rekmXuzGqWw6rhQ6o=""","Thu, 27 Aug 2026 08:08:30 GMT",549e53d79a3f9c42a6db111ed910cc0ac817704c,073a36b37ed376346e1e1c9d40fac7e15cba77764de7e2c62f64df490921d6a5,https://learn.microsoft.com/en-us/intune/copilot/agents/policy-configuration-agent?accept=text/markdown,200,e5c662d84918c9b0,2026-09-28T03:43:45Z
S-27rerlcs,https://learn.microsoft.com/intune/device-updates/apple/,2026-09-26T00:00:00Z,,,,,,,"""HABEsQ0I+ZoB5no3SMjjy0vmXlg=""","Tue, 25 Aug 2026 00:10:46 GMT",9d18ac733df97556e413b13a2a650d7a88e4afcf,7f9423f44675681a3a303af0bc726d13a7e98edb2b53a8f9b0757cad0d3ffede,https://learn.microsoft.com/en-us/intune/device-updates/apple/?accept=text/markdown,200,370eebb00259c025,2026-09-28T03:43:45Z
S-2akwz2fk,https://learn.microsoft.com/azure/azure-arc/servers/security-onboarding,,,,,,,,"""3r3fa+FnKP308Q1YZ83A5hLyzOg=""","Wed, 26 Aug 2026 18:19:49 GMT",8b29f970a0f244e934b4f83121e6b31c13ddbfac,538fdd8b5d9c54575be836ea0f80dfa154bb73defc0dac4d2bc2a4a70b60dd61,https://learn.microsoft.com/en-us/azure/azure-arc/servers/security-onboarding?accept=text/markdown,200,b431783b0caa76f7,2026-09-28T03:43:47Z
S-2cojjewu,https://learn.microsoft.com/windows/security/operating-system-security/data-protection/bitlocker/configure,2026-09-26T00:00:00Z,,,,,,,"""0xCbiPk2B+jExY3ZdTDvlUgZr84=""","Mon, 24 Aug 2026 04:38:32 GMT",ac3cb8a71d88e88cbac7b6de8411277e6f0da907,b10f0b7d0559e4c861bf9110535668d40c219c227a5205ac4c69fefdde71d84f,https://learn.microsoft.com/en-us/windows/security/operating-system-security/data-protection/bitlocker/configure?accept=text/markdown,200,f0ffe9a0987859b6,2026-09-28T03:43:48Z
S-2d2dlaeq,https://gitlab.com/gitlab-org/gitlab/-/raw/9f1632e2d74cf3c87fce2513c999c6cf84a97ab4/doc/topics/git/commit.md,,,,,,,,"""336e4169cbd6e11ae0c2e23e3641a88a""",,,814c15904eabc7466bb058086e494aa47d442e798d08455248492da6eede4da3,,200,cf89801444eac1ad,2026-09-28T05:19:03Z
S-2dckbgu5,https://www.rfc-editor.org/rfc/rfc7089.txt,,,,,,,,"W/""9dbf88dce47755a3aba27c41c2f9cb57""",,,c3c7b7f2c495dce0fad758dac34dcc1eef3623d13c9ef346e19b30dbbbe801dc,,200,44e8bd9463537040,2026-09-28T03:39:19Z
S-2dqskpmr,https://learn.microsoft.com/autopilot/device-preparation/tutorial/user-driven/entra-join-device-group,2026-09-26T00:00:00Z,,,,,,,"""PZu8rg9ng34xMMtpIfgsL92Whuc=""","Fri, 28 Aug 2026 00:09:49 GMT",6b57bab338907b32036b1a875715eaea395ad1cd,38726932abe9f83413fa18070d1f2e64fcf6cf42cef66daeee1b0c8db8735868,https://learn.microsoft.com/en-us/autopilot/device-preparation/tutorial/user-driven/entra-join-device-group?accept=text/markdown,200,710f56ce67dce0ba,2026-09-28T03:43:49Z
S-2fob2ctx,https://learn.microsoft.com/en-us/intune/configmgr/develop/adminservice/release-notes,,,,,,,,"""q+2nUYlC+ZhWSg2ekyJi9wu8DfQ=""","Wed, 02 Sep 2026 14:11:47 GMT",2f58a01e679fc91dc8c8440846c254e1119681fd,fd3db1e6532c9eabfb96783f40fa584a6330b9da3fff50d44cb45b79198d878b,,200,a366e3a099c8f747,2026-09-28T03:43:50Z
S-2fvvbt5t,https://microsoft365dsc.com/user-guide/get-started/monitoring-drifts/,2026-09-26T00:00:00Z,,,,,,,"""6ab9715e-40294""","Sun, 27 Sep 2026 19:41:18 GMT",,16ac77350154cd11d2d3b08307b52d452dcbbc1cee9da250a50bfedce8b3a46e,,200,3d092801e507002a,2026-09-28T03:41:01Z
S-2gcjipq5,https://learn.microsoft.com/entra/identity/conditional-access/concept-condition-filters-for-devices,2026-09-28T04:47:04Z,,,,,,,"""I8f6CVVNkJaG9NpBLTDmCUfBRhA=""","Mon, 24 Aug 2026 13:03:27 GMT",0593e51a3816f443f3da2d8208de8afcede44f53,5ea98cbb1483dd7e061345fafaa00130180cf0837b55c9709630a65a1ac0467f,https://learn.microsoft.com/en-us/entra/identity/conditional-access/concept-condition-filters-for-devices?accept=text/markdown,304,e16c2fda061f31f2,2026-09-28T04:47:04Z
S-2gxpfnjz,https://learn.microsoft.com/intune/configmgr/develop/reference/core/servers/manage/sms_statusmessage-server-wmi-class,,,,,,,,"""1aDyKlJF5hREw6lGQqZSmmDr7jo=""","Fri, 04 Sep 2026 12:58:33 GMT",2f58a01e679fc91dc8c8440846c254e1119681fd,177cbc52ee1eeae1e1a46a0f27f00bf5c3eee6e1950a977f266d719f4d0c16f7,https://learn.microsoft.com/en-us/intune/configmgr/develop/reference/core/servers/manage/sms_statusmessage-server-wmi-class?accept=text/markdown,200,0b895e5e2a09b9a8,2026-09-28T03:43:52Z
S-2hhj3k5f,https://learn.microsoft.com/en-us/graph/api/resources/intune-deviceconfig-windows10compliancepolicy?view=graph-rest-beta,2026-09-26T00:00:00Z,,,,,,,"""6+Fgzyq1YwM42Rt9B+S2rnuecAc=""","Tue, 25 Aug 2026 12:29:16 GMT",0b52ae19972cd7e12cd0217dfb7ea043fad86019,543f0d631c68495f4812af0a8ee9175a36a05752c320be79d0bc346820145153,,200,d123b4b76c90e931,2026-09-28T03:43:53Z
S-2hsm4de7,https://modelcontextprotocol.io/extensions/skills/overview,2026-09-26T00:00:00Z,,,,,,,,"Mon, 28 Sep 2026 03:40:54 GMT",,a522baee64e19b42c77ee0008382a33c1b41b4e2bcd2c6bfc3a10aa77cced352,,200,ea66541f56cffa68,2026-09-28T03:40:54Z
S-2ht6rnrq,https://learn.microsoft.com/intune/epm/frequently-asked-questions,2026-09-26T00:00:00Z,,,,,,,"""VhCbZUeb8MQdSWtYlQl3bOXUU78=""","Wed, 26 Aug 2026 10:20:24 GMT",a60f43f6f562ded6195ddd8d888335f2d8e11e73,43029b47c01ec2369a0c9fe7034c7aa00cbe583a4bb1340bf14c2a5042c4d41c,https://learn.microsoft.com/en-us/intune/epm/frequently-asked-questions?accept=text/markdown,200,22ecb4d6298c8500,2026-09-28T03:43:54Z
S-2ip5zngf,https://code.claude.com/docs/en/tools-reference,,,,,,,,,"Thu, 08 Oct 2026 00:45:05 GMT",,54fb565b4721e68b3c63ddddac7f014b9e2751979eedb36c0b21babafa24b055,,200,9b679719c9bac4e3,2026-10-08T00:45:05Z
S-2jevtssc,https://a2a-protocol.org/latest/blog/2026/08/27/a-new-chapter-for-a2a-joining-the-agentic-ai-foundation/,,,,,,,,"""6ab67afc-10ffa""","Fri, 25 Sep 2026 13:45:32 GMT",,82b10fdb8d144d90da1a1a2f5c9ef2a2f2dc9cb5fe30a4df29fa6c9fdb02ff9b,,200,265a9ad9c840b8f2,2026-09-28T03:40:58Z
S-2jxyk3ra,https://learn.microsoft.com/graph/api/resources/intune-mam-windowsinformationprotectionpolicy?view=graph-rest-1.0,2026-09-26T00:00:00Z,,,,,,,"""1hs1jDetdL4pochydkvlnbeYJvA=""","Tue, 25 Aug 2026 18:08:45 GMT",e8eace7fa9bfa9e7afacfe9f5dec1ba42ffd493f,c723033099bb3203f9ccfb3f884d49af85562cb379c479c790f023d7ebb54fd6,https://learn.microsoft.com/en-us/graph/api/resources/intune-mam-windowsinformationprotectionpolicy?view=graph-rest-1.0&accept=text/markdown,200,b8386fc208cd72da,2026-09-28T03:43:56Z
S-2kbcc36i,https://learn.microsoft.com/en-us/intune/fundamentals/tenant-attach,,,,,,,,"""A/L0CMtqCgBpinj54Fyr3vQKLjY=""","Wed, 26 Aug 2026 02:34:06 GMT",a60f43f6f562ded6195ddd8d888335f2d8e11e73,394a6ecbc393b0e79772debb31dc829040dfc1ae528068ff4b2e816240a76c06,,200,4ca3bfb7dab52841,2026-09-28T03:43:56Z
S-2kizbajy,https://learn.microsoft.com/azure/event-grid/delivery-and-retry,,,,,,,,"""qjs1mpY4Qcil8h88Gkp+pHS6zfE=""","Sun, 23 Aug 2026 23:07:52 GMT",aac686abc1d2461d4cb919ab6d4a7c62c23f0efd,3c920baa3b09a48fcea9a792bc1678cb8bb1e22e8b840d3f0a3147db2dd39c7c,https://learn.microsoft.com/en-us/azure/event-grid/delivery-and-retry?accept=text/markdown,200,9fee34b219fcd889,2026-09-28T03:43:58Z
S-2l76try5,https://learn.microsoft.com/azure/foundry/openai/reference,,,,,,,,"""OP1bfjoBoCUDdhO8ECP7rVU6sNA=""","Mon, 24 Aug 2026 03:00:01 GMT",4bf7fd09d1f07de2f941412e0154c99cc263ccc1,1498ac9f31690734de2bbd94ede6b01a74082fcd33e35788c31d401b1a47c189,https://learn.microsoft.com/en-us/azure/foundry/openai/reference?accept=text/markdown,200,9ab9ddf1113d3c74,2026-09-28T03:44:00Z
S-2laa2ngs,https://learn.microsoft.com/en-us/intune/governance/configure-cleanup-rules,2026-09-26T00:00:00Z,,,,,,,"""68xX6cI9yz1JDeo7QzseEcbMvzA=""","Mon, 24 Aug 2026 22:57:51 GMT",a60f43f6f562ded6195ddd8d888335f2d8e11e73,a82b439dfd5a3640897dbc32f47dc61be53f4b15501a454e95e7f574946cd223,,200,f56c25fc8004fa43,2026-09-28T03:44:00Z
S-2lf5j2iv,https://learn.microsoft.com/deployedge/configure-microsoft-edge,2026-09-26T00:00:00Z,,,,,,,"""NzNnucncZ/rXrWr/qLaVovEUbHY=""","Mon, 24 Aug 2026 17:02:56 GMT",61af90debbc9ef6b316377428a7e50fa49d89e99,3dac82f3ca6ddfe21b6bd1babd521c06c16dbdc1aa4d2fc9a5e383abcb5b6173,https://learn.microsoft.com/en-us/deployedge/configure-microsoft-edge?accept=text/markdown,200,2fd61ecfb8f043b6,2026-09-28T03:44:01Z
S-2lkr2v7m,https://learn.microsoft.com/en-us/previous-versions/windows/it-pro/windows-10/security/threat-protection/auditing/event-4662,,,,,,,,"""2AyHqiKDJGZwRFzujt5ePBW6oFU=""","Sun, 20 Sep 2026 01:57:38 GMT",3781a3939e77300af0299d25b3e16928184faa07,7a0a4f14b3c51b016d5492b47e1371c8b5e7bd06b5ce84eceeda68e5ead3137f,,200,70a28e36f91d946b,2026-09-28T03:44:02Z
S-2mbquiz2,https://learn.microsoft.com/en-us/intune/configmgr/core/plan-design/hierarchy/ports,,,,,,,,"""DRMcdt/BIlsMC/NZXVvMYlBDN+0=""","Mon, 31 Aug 2026 20:25:27 GMT",d3432a8c0e9a1b8706eff71005a6b7ca53c35f98,895546bdb45a7f814e02a33c9760ef282a404c4b92b5e8fbc6b33cc6e08d627b,,200,ef8b5a9ac03021af,2026-09-28T03:44:03Z
S-2ne6yzmx,https://learn.microsoft.com/intune/device-configuration/templates/configure-wired-networks,2026-09-26T00:00:00Z,,,,,,,"""+d4ACL6D8wgZ9StY0Cwx3xbYsrE=""","Wed, 26 Aug 2026 23:19:03 GMT",a60f43f6f562ded6195ddd8d888335f2d8e11e73,107a9f1eb20b5fd657248af6a3abb2e56095c30bc08fea8170638c6ea5dfcac5,https://learn.microsoft.com/en-us/intune/device-configuration/templates/configure-wired-networks?accept=text/markdown,200,4d73181ce43d9ec0,2026-09-28T03:44:06Z
S-2ooklp7p,https://learn.microsoft.com/entra/id-governance/entitlement-management-access-reviews-create,2026-09-28T04:47:06Z,,,,,,,"""o97F/sPuupRHjLwY/soAffOI+74=""","Tue, 25 Aug 2026 05:48:27 GMT",78d8946411d12e39cd3a2ed92b15c65ca0812298,6be26591160b8d072d51b06524d1211df4d0c3ed03e6d3ed101ff7b2812d9a71,https://learn.microsoft.com/en-us/entra/id-governance/entitlement-management-access-reviews-create?accept=text/markdown,304,0086afe85cbbdea0,2026-09-28T04:47:06Z
S-2q2hcluk,https://learn.chatgpt.com/codex/extend/mcp,2026-09-26T00:00:00Z,,,,,,,"""21d325ea1f8399fdc5c49c2914df8561""","Mon, 28 Sep 2026 01:10:58 GMT",,260fb476d88e7b680800711b0353787b5a7169fe9bcae26154b9d7dbe57a727f,https://learn.chatgpt.com/docs/extend/mcp,200,8d26be1130a3f73f,2026-09-28T03:41:02Z
S-2rginmyk,https://raw.githubusercontent.com/microsoft/teams-ai/13f93bcd013baa3ef0f0a4f602451fbcea215243/README.md,,,,,,,,"""3d4e6cdb546fd67c70ddd9126fa63bc5b73e102d589483b27a06bb37f2feace9""",,,1bba6cfe1d43fc38dd520e3ec5bf08b7e73c85ee7aa8c2b4c28bac9d0db8d888,,200,588815e5f9ce7598,2026-09-28T03:45:41Z
S-2spmezqp,https://developer.hashicorp.com/vault/docs/secrets/databases/mssql,,,,,,,,"""17z6pktw26w6yka""",,,4534f7b96a921493234da509d9d25967c63a40a2fd2c479d91114c1457af7fa9,,200,1703283bcea1c780,2026-09-28T03:41:01Z
S-2tlwkw6u,https://raw.githubusercontent.com/AzureAD/microsoft-authentication-library-for-python/1.39.0/msal/broker.py,,,,,,,,"""9c1ca7682a7a0dca5e17b9d7278ee4a3403b7c35c2ae33aa82f297051ba92f36""",,,6d45735e762f406bc1e9e8839756a1e09583728bd64d83da2b8bfd9d2da3e129,,200,b9e66d5f2a587455,2026-09-28T03:45:42Z
S-2ue7gffd,https://raw.githubusercontent.com/python/devguide/d9adc4f23cfad7e9e366f4fec408bdea18f99cc2/versions.rst,,,,,,,,"""1da3d8f12f9128204c0ad4af6e859a3a844ae9e782981027c5580e06d689870e""",,,f2fb384bd78bc6667372bc0792ca201ea5c81253c13b50264233c502a937757c,,200,541071dc9162f62a,2026-09-28T03:45:43Z
S-2vmabspl,https://learn.microsoft.com/en-us/sql/relational-databases/security/authentication-access/determining-effective-database-engine-permissions?view=sql-server-ver17,,,,,,,,"""Y2sdycVmSSIs3+JV1AdtJgRUnKo=""","Tue, 22 Sep 2026 06:48:13 GMT",cf9e6fbc58f7b72c5f278a42796b74394ad059e4,78b5390cb1bb2c5d518862fcb0a49a6c8ad097f3b0ed6d56ba36f16d9ca3ef2e,,200,59786305c45254b8,2026-09-28T03:44:09Z
S-2vza23mx,https://learn.microsoft.com/entra/identity/hybrid/cloud-sync/what-is-cloud-sync,2026-09-28T04:47:07Z,,,,,,,"""vKBxsYxGrCVUcOf3z/5RNnddOlI=""","Mon, 24 Aug 2026 12:46:55 GMT",3c6ddf768b8cdcfee81a801a162b1c03dc877f0c,1af8258457eebdb7b3974df81c1a3500b624a1fea6ebd3139fe0ce4af47b8144,https://learn.microsoft.com/en-us/entra/identity/hybrid/cloud-sync/what-is-cloud-sync?accept=text/markdown,304,64c3cd1a7a64f0b6,2026-09-28T04:47:07Z
S-2w3gpaiz,https://learn.microsoft.com/intune/configmgr/sum/plan-design/plan-for-software-updates,2026-09-26T00:00:00Z,,,,,,,"""JDLJwrCks37Hn8yWcyjJ4dVOmzE=""","Wed, 02 Sep 2026 18:16:30 GMT",76a1c96014b1ca932b3608245b20044b1adbb0ef,c45a0ecfbe913404483aca5c7fcffa8b52ed7080450516ddd96df2dca8db63de,https://learn.microsoft.com/en-us/intune/configmgr/sum/plan-design/plan-for-software-updates?accept=text/markdown,200,79afa8c8c811d698,2026-09-28T03:44:11Z
S-2wwcyoa4,https://scrumguides.org/scrum-guide.html,,,,,,,,"""6797bedc-887f""","Mon, 27 Jan 2025 17:14:04 GMT",,c93d8642a83d35d823ae6edb65a91e0ae015f3a6201fa8b27450646694cb06be,,200,8bb6890b2e8a54b9,2026-09-28T05:19:06Z
S-2xp7a2zn,https://learn.microsoft.com/office/office-365-management-api/office-365-management-activity-api-reference,2026-09-26T00:00:00Z,,,,,,,"""U0F21tdTodfLRM+zyx2nAwYhcEs=""","Wed, 26 Aug 2026 23:35:40 GMT",553e86c22229a29d4482603300830a90299e60c0,439f33fbeb46136d1304d16d8e904a7f24d9d0035eb762b0cb1b962ee689be40,https://learn.microsoft.com/en-us/office/office-365-management-api/office-365-management-activity-api-reference?accept=text/markdown,200,2afa7c831da6c8aa,2026-09-28T03:44:12Z
S-2ym4fr2c,https://support.claude.com/en/articles/9267276-roles-and-permissions,2026-09-26T00:00:00Z,,,,,,,,,,c7577345f159f6c9f6e65734fd1432fa34d4365e3789427f16ebd8dba244facc,,200,00e20885bcb81a13,2026-09-28T03:40:47Z
S-2ypn2ron,https://learn.microsoft.com/windows/client-management/mdm/policy-csp-windowsai,2026-09-26T00:00:00Z,,,,,,,"""Bv6J3PtOfxTBR9IiMtqzc4FpjFc=""","Wed, 23 Sep 2026 17:44:11 GMT",65e6c8ea9044ee218340ea399c918edaef788782,8af02978e690f913c37283a9e8a8b0681e7bc0573e9f2e60d791f6e4d3c53ac4,https://learn.microsoft.com/en-us/windows/client-management/mdm/policy-csp-windowsai?accept=text/markdown,200,cea22a418aef4113,2026-09-28T03:44:13Z
S-2z2zfj3l,https://learn.microsoft.com/en-us/intune/configmgr/core/servers/manage/cmpivot,,,,,,,,"""hbljVVheLc1oZR2BCj47UsJtInA=""","Tue, 01 Sep 2026 14:43:26 GMT",d3432a8c0e9a1b8706eff71005a6b7ca53c35f98,9fa837dde2117b41a003538082b71a4ed7d01a015c93b5a6a0dba0e41370c5b0,,200,130734fa02326db0,2026-09-28T03:44:14Z
S-2z6lunfo,https://learn.microsoft.com/windows/client-management/mdm/policy-csp-update,2026-09-26T00:00:00Z,,,,,,,"""pT5RfwaGkETsBrOSOOBsC5yGi08=""","Wed, 23 Sep 2026 17:36:07 GMT",65e6c8ea9044ee218340ea399c918edaef788782,2487d7dba98c299af3dc232c4db8dc7e73de8611ac9f77560154886c589c8d8d,https://learn.microsoft.com/en-us/windows/client-management/mdm/policy-csp-update?accept=text/markdown,200,a29f3d4c467462da,2026-09-28T03:44:15Z
S-32ilsmsf,https://code.claude.com/docs/en/github-actions-cloud-providers,2026-09-26T00:00:00Z,,,,,,,,"Thu, 08 Oct 2026 19:47:15 GMT",,9f6f58b1fbc881cfd102ab0b37272a4cc8e2f87f439c50edd96daed753da4dc7,,200,2c7a3b88ea572e1e,2026-10-08T19:47:15Z
S-334n7pqs,https://learn.microsoft.com/defender-endpoint/android-configure-mam,,,,,,,,"""OoULQYKCoJUQfVyKsZYLvEuPMNE=""","Tue, 22 Sep 2026 19:00:17 GMT",0509959827002d2bcd212896fe9f5385ee82fe62,5524865872fc8c9003567c7a5d1bda0b228dd5e79e014a42faa3cba545af7584,https://learn.microsoft.com/en-us/defender-endpoint/android-configure-mam?accept=text/markdown,200,3d99fb9a4f60c450,2026-09-28T03:44:16Z
S-334svlym,https://learn.microsoft.com/en-us/intune/configmgr/core/servers/manage/current-branch-versions-supported,,,,,,,,"""T1+QFBTo6Kopbo2zmiKSF+2F2gM=""","Tue, 01 Sep 2026 08:05:27 GMT",d3432a8c0e9a1b8706eff71005a6b7ca53c35f98,d04021e7a29c2845bbcad46ca7d769a9d8ac3b3381f364ed6bc610e2d5d07e20,,200,f5d5996422a317c0,2026-09-28T03:44:17Z
S-34u26yld,https://learn.microsoft.com/windows/deployment/update/waas-manage-updates-wsus,2026-09-26T00:00:00Z,,,,,,,"""epgdA8Ry4xmZ1iWS0lD6fa5wHEQ=""","Mon, 24 Aug 2026 03:56:54 GMT",8c73a53d222e95ab480d2e88bd8124ac3e3dba97,b67df7ffe1c4a7c8408dfa11937129fa834e906c87c0f2de0c6bd0dae28781c1,https://learn.microsoft.com/en-us/windows/deployment/update/waas-manage-updates-wsus?accept=text/markdown,200,cd990ef903b474a8,2026-09-28T03:44:20Z
S-34uiuy35,https://learn.microsoft.com/azure/sentinel/datalake/sentinel-lake-connectors,2026-09-26T00:00:00Z,,,,,,,"""ytySVjdowIQO+5QXNbpahB+TavE=""","Mon, 24 Aug 2026 08:15:54 GMT",0188dc7ee544bc5ffcd1d3fa153a794373179c47,e91ba573d3dba16d7afa6e1f761766879c026933d8ee2b450ee8b49f3259a67b,https://learn.microsoft.com/en-us/azure/sentinel/datalake/sentinel-lake-connectors?accept=text/markdown,200,3f88fbcc9c82ff8e,2026-09-28T03:44:20Z
S-35rheh4q,https://learn.microsoft.com/graph/api/resources/intune-reporting-devicemanagementexportjob?view=graph-rest-1.0,2026-09-26T00:00:00Z,,,,,,,"""CJyfw31s8FJWWa4z4guwCOzhhKg=""","Wed, 26 Aug 2026 09:22:31 GMT",e8eace7fa9bfa9e7afacfe9f5dec1ba42ffd493f,c5dfd4c986b7199b1449e2e4ae0cc507135d1292e373f4b4c0688f54ade8dd6b,https://learn.microsoft.com/en-us/graph/api/resources/intune-reporting-devicemanagementexportjob?view=graph-rest-1.0&accept=text/markdown,200,9a152ed04de512c8,2026-09-28T03:44:21Z
S-36mghzxu,https://learn.microsoft.com/azure/active-directory/conditional-access/how-to-app-protection-policy-windows,2026-09-26T00:00:00Z,,,,,,,"""kLu2cupo94h4EkBo+tawHhSVYjA=""","Mon, 24 Aug 2026 13:15:39 GMT",f22ef258c38dd0b0ac96eb7bdb467cd3b54da018,0db8fb178926781899b0f17ff4bd89d0381c258b6fe00b03e218fef2f5da4aaa,https://learn.microsoft.com/en-us/entra/identity/conditional-access/policy-all-users-windows-app-protection?accept=text%2Fmarkdown,200,c374320c29c01d06,2026-09-28T03:44:23Z
S-37hjm3ml,https://learn.microsoft.com/windows-server/identity/ad-ds/manage/group-policy/group-policy-preferences,,,,,,,,"""OgUXya5Wf036EIr67wYyge7KeUI=""","Tue, 25 Aug 2026 23:30:12 GMT",16dafaddc757fb0b4ad7e5f8da33fbfc888fbcd4,c61ee6ff5054c08343201122199249d2928a9abda6ef3636c3afc5e800734229,https://learn.microsoft.com/en-us/windows-server/identity/ad-ds/manage/group-policy/group-policy-preferences?accept=text/markdown,200,03f3136943ac4b43,2026-09-28T03:44:24Z
S-37nh7xwg,https://learn.microsoft.com/intune/device-security/compliance/custom-settings,2026-09-26T00:00:00Z,,,,,,,"""0VV4ztEJYpM2s2o2sVV2e52JHkk=""","Thu, 17 Sep 2026 20:16:01 GMT",266ea82527d401a1fe324a90b75fdab55dc02dd8,312a7cf13e6e74e0ebe2749c88eade296c491dc2fc96c163e210d676a4fc2eec,https://learn.microsoft.com/en-us/intune/device-security/compliance/custom-settings?accept=text/markdown,200,14aaca8b2e65a8f0,2026-09-28T03:44:25Z
S-3acopzkn,https://learn.microsoft.com/en-us/sql/t-sql/statements/open-symmetric-key-transact-sql?view=sql-server-ver17,,,,,,,,"""/+dA6K6BiO+E7sh18KnXxGSnWo0=""","Tue, 25 Aug 2026 18:53:04 GMT",3788e363569c9a5af042c9b4f688384852d2d144,9e733576ea84ebaec073eea1afb730f13d5be5715b73dbcf828becf06752a47f,,200,caf600cbbe1565bf,2026-09-28T03:44:26Z
S-3ajkoikd,https://learn.microsoft.com/en-us/azure/azure-arc/servers/azcmagent-disconnect,2026-09-26T00:00:00Z,,,,,,,"""03vjyh4B4D9WnmHVEqB+9+A4cH4=""","Mon, 24 Aug 2026 23:51:40 GMT",b703da5a675d9ad13cc30e4d5317650792ee9ead,09040ad1481206e4efaf0be13356b185a82b1dc8c6ab3268f43f88395db02db7,,200,64cb1dc4deff7fca,2026-09-28T03:44:27Z
S-3aphi7n2,https://raw.githubusercontent.com/microsoft/Microsoft365DSC/294f4fdc2bfa3ee7194916c48fe2f0ecb0c2075d/Modules/Microsoft365DSC/DscResources/MSFT_AADUser/MSFT_AADUser.psm1,,,,,,,,"""0ce6bd74a2c52033153724a48af551f6aa22820040fa6c19d09c4ef98d4e1433""",,,42dd0263107b12e6a62135586839784caf2f121a938ea19c9edcd4dffcf05151,,200,b74939eb6ceee033,2026-09-28T03:45:44Z
S-3avzf7db,https://learn.microsoft.com/entra/id-governance/agent-sponsor-tasks,2026-09-28T04:47:08Z,,,,,,,"""vdpHkEmcpYlsPbBWzrBMibZ/7qw=""","Mon, 24 Aug 2026 15:12:27 GMT",30d603ebcadb7a0df72f6bc601ab11e54944eed1,850f5304ef273892c3cc93786e1155229bf2dc4a10feefbc6e78591211f4abb4,https://learn.microsoft.com/en-us/entra/id-governance/agent-sponsor-tasks?accept=text/markdown,304,f3ad1314c8004e01,2026-09-28T04:47:08Z
S-3axje6py,https://learn.microsoft.com/azure/foundry/agents/how-to/tools/toolbox,2026-09-26T00:00:00Z,,,,,,,"""DgIJTqzuthr60h0pl18AkXEpCec=""","Sat, 19 Sep 2026 06:26:23 GMT",acbe716b27c5b44422a707e8c83b4be09498d9fb,a0de4ef354456a2c2c421e25a16a5249cd1df581419d447b6136a6d4d13c822d,https://learn.microsoft.com/en-us/azure/foundry/agents/how-to/tools/toolbox?accept=text/markdown,200,3d0fa7cc8893c660,2026-09-28T03:44:30Z
S-3bypktfc,https://www.nist.gov/news-events/news/2024/02/nist-releases-version-20-landmark-cybersecurity-framework,,,,,,,,,"Mon, 28 Sep 2026 03:02:18 GMT",,96f1a6c9a52da60b8d89275ee358381768cd4e0186b11f200a7d2249f96c91b6,,200,8d1b1298e0901646,2026-09-28T03:40:34Z
S-3dcvyq2z,https://learn.microsoft.com/azure/sentinel/connect-services-windows-based,2026-09-26T00:00:00Z,,,,,,,"""+Sp9OZMsxBQE7lwBFI/cYxOdOfo=""","Tue, 25 Aug 2026 02:02:45 GMT",b898a2950f4fb31b82d01ee705f19396e5243369,41e1895b3edde16ac3fc996802dad49b2e7695a544592360d7ece8f44b3fd2af,https://learn.microsoft.com/en-us/azure/sentinel/connect-services-windows-based?accept=text/markdown,200,25fa07b35bc03995,2026-09-28T03:44:31Z
S-3dmxye5u,https://learn.microsoft.com/windows/client-management/mdm/policy-csp-deliveryoptimization,2026-09-26T00:00:00Z,,,,,,,"""0AbRjOdmOg31AWDAKe9Wg52G4f8=""","Mon, 24 Aug 2026 09:59:45 GMT",632a82a7626deb40e96d1ba6d423d14dcf064e90,7e1a54ac57feebbf6e3cc157eab1751d8396fde3bd18aa2a318762fc014f253e,https://learn.microsoft.com/en-us/windows/client-management/mdm/policy-csp-deliveryoptimization?accept=text/markdown,200,e8b19f463a6857b1,2026-09-28T03:44:32Z
S-3ed4q5kx,https://learn.microsoft.com/en-us/powershell/module/defender/set-mppreference,2026-09-26T00:00:00Z,,,,,,,"""dpvTh61vlL8qD/A1JHpxgS+AGmo=""","Wed, 05 Aug 2026 11:55:48 GMT",4a7aa7a27f92a5df33b61c78efc584abf2aad4a9,76f7865aba2df9f7a15ea482bb3087c0c9ac5fa567ab2e60bd55ad26e7da8b23,,200,768f06a054119d4c,2026-09-28T03:44:33Z
S-3ed5gfct,https://learn.microsoft.com/en-us/intune/configmgr/osd/get-started/prepare-windows-pe-peer-cache-to-reduce-wan-traffic,,,,,,,,"""+pJIYOKS09zakCn64SSWPANrbjk=""","Wed, 09 Sep 2026 17:47:58 GMT",cfc4e1a6bb2a1f0d6f069bcc6b3d8b4d5ff0793a,9dcba80b3f3a58c4e2af376cc538418bedec0a7c4964da28a97f0c4f7a0368b7,,200,93f01e5e39b01527,2026-09-28T03:44:34Z
S-3eg2zeqb,https://getsops.io/docs/reference/,,,,,,,,"""f949bfd0e12da92a36ab78561e914a73-ssl""",,,388e619bcf157b36512118e5ad4d0355c4f031f4f2a1593917aa878e13fa1df3,,200,52aad2f620f9627c,2026-09-28T03:41:02Z
S-3itm74ex,https://learn.microsoft.com/en-us/defender-xdr/advanced-hunting-devicetvmsecureconfigurationassessment-table,2026-09-26T00:00:00Z,,,,,,,"""basGj/5aT+TofmMor08d07Td1qM=""","Tue, 25 Aug 2026 06:39:30 GMT",3b42e1ffb4580e499776312b6bd7d452c16bea72,82c96f46c1036f52c1c1b9edf672cc42ed5b7ba3f62da29cc2bb6fd9d11d35cc,,200,e7037e494e006b09,2026-09-28T03:44:35Z
S-3itrgwhj,https://learn.microsoft.com/en-us/intune/advanced-analytics/faq,,,,,,,,"""couUAG8nZpN/2lPL7Yw9kvHBjMo=""","Tue, 25 Aug 2026 00:52:53 GMT",90811459108ff3bae3e9103e74b9b1be3a5cc04d,caf289b0548d6863a966a0eca507ccf557ded331d8ef6fa95f70a7b207db893d,,200,6634d6a13456a180,2026-09-28T03:44:36Z
S-3j6fi7yk,https://modelcontextprotocol.io/registry/quickstart,2026-09-26T00:00:00Z,,,,,,,,"Mon, 28 Sep 2026 03:40:55 GMT",,13fd3b7f9fd262fe28b5b116e5055eb256dcecc68b46c51a9cd6a2be4cf4d934,,200,f58f836222ac5f55,2026-09-28T03:40:55Z
S-3jpzrkqj,https://learn.microsoft.com/azure/azure-arc/servers/deployment-options,,,,,,,,"""9PXehbL60k+jVI+Kipj4MCO42vg=""","Tue, 25 Aug 2026 02:45:23 GMT",198b50f74bb4c9df1461c867c27a741c40098703,59b22cc9d184835d89448fdc2ab5473049f1841e8bf7b2ef335ea81517af5d1c,https://learn.microsoft.com/en-us/azure/azure-arc/servers/deployment-options?accept=text/markdown,200,cd24b70dd75dfc3a,2026-09-28T03:44:37Z
S-3l57sxrb,https://learn.microsoft.com/en-us/microsoft-365/admin/adoption/adoption-score?view=o365-worldwide,,,,,,,,"""3X2SoyaPsp/E7w024vjptebxK9M=""","Thu, 24 Sep 2026 04:22:14 GMT",c4ccc4332013f9fe57cf11805dc0ebbce26cc579,a8cac360feb6b28821dcff85b818d852a7a86c3199fc6dc1981c950a53dff5f2,,200,b8f3ed781953e853,2026-09-28T03:44:38Z
S-3odg3w3u,https://learn.microsoft.com/en-us/defender-endpoint/edr-block-mode-faqs,2026-09-26T00:00:00Z,,,,,,,"""9E247ILJJ4UbHcyZCYKJ2iwGACk=""","Mon, 24 Aug 2026 11:10:25 GMT",533bc0b99c0c54dde75b72e4d0fc952467530e4e,3f13d23d4c8249e098b293ad4abbfd1e0f96c8981bbce455df683062e20f2b23,,200,fe6b7f66f9ce5157,2026-09-28T03:44:39Z
S-3peuisvr,https://code.claude.com/docs/en/plugins/create,2026-09-26T00:00:00Z,,,,,,,,"Mon, 28 Sep 2026 03:40:56 GMT",,07414562a00b8fb5e6ae33f449d6d3b679491054ae9aa5a5c42d926fdf1d5b3c,,200,e0c8c42883faf295,2026-09-28T03:40:56Z
S-3pftmimx,https://platform.claude.com/docs/en/build-with-claude/batch-processing,2026-09-26T00:00:00Z,,,,,,,,,,187a540433c3f01ef4c58c0b3cc3656f1d0e8c0d4e57c21c4fcd2d698cc2e8d9,,200,207d3afd4a6b4463,2026-09-28T03:40:22Z
S-3puxctla,https://learn.microsoft.com/entra/identity/conditional-access/concept-conditional-access-policy-common,2026-09-28T04:47:09Z,,,,,,,"""/xn5nf9znDP4dC18Z1chaNyE3KA=""","Mon, 24 Aug 2026 13:14:11 GMT",713171432cb0d3b3bd8125619d30ba5ad15fabba,f40501f39fb2fac9fbd4b1bb7a8f26c15a9edccb52b006822e1fad1c60c6f910,https://learn.microsoft.com/en-us/entra/identity/conditional-access/concept-conditional-access-policy-common?accept=text/markdown,304,e782fb9c8ab64d86,2026-09-28T04:47:09Z
S-3pxztrbk,https://raw.githubusercontent.com/Azure/azure-policy/7b0fa25ac055d8c3001d5205cd009cd119a289a5/built-in-policies/policyDefinitions/Guest%20Configuration/CertificateExpiration_AINE.json,,,,,,,,"""d402af287297c01ec96a04a623d1d2d35721b0d8f43d5f5f906b6a4b378313d5""",,,7563123f4efe6e38fcd1ad14142cf336d8837cf5c415e23e61f5aca26c18033b,,200,3e7fee7acffba122,2026-09-28T03:45:45Z
S-3r3y76di,https://learn.microsoft.com/microsoft-365/copilot/extensibility/declarative-agent-manifest-1.2,2026-09-26T00:00:00Z,,,,,,,"""6n/YuSzIE/VQWpqE0r4DxhHVXu0=""","Mon, 31 Aug 2026 20:23:45 GMT",3fdb7962b1c36080f62a904d32326036656ee532,2193dc326cd8561e9d881222feda6d2e279ed7407d4db72b5270769ed423ad64,https://learn.microsoft.com/en-us/microsoft-365/copilot/extensibility/declarative-agent-manifest-1.2?accept=text/markdown,200,e7a75aae09c71ef0,2026-09-28T03:44:45Z
S-3s4pyls4,https://learn.microsoft.com/en-us/autopilot/tutorial/reset/remote-autopilot-reset,2026-09-26T00:00:00Z,,,,,,,"""J/0yN3BzINou88QALajLAS3iQpc=""","Mon, 24 Aug 2026 23:39:46 GMT",7328cf31fc7051783f9fdb12250a44d8d227fa1a,b52ae0be4d9e9d9ee35fa5fd03f66c5dc46b7376e9dc5bd0ff582a36ce625577,,200,3bcf16bc84d40c63,2026-09-28T03:44:45Z
S-3s4qysez,https://modelcontextprotocol.io/specification/2026-07-28/server/utilities/logging,2026-09-26T00:00:00Z,,,,,,,,"Mon, 28 Sep 2026 03:40:56 GMT",,6535a8baef03f95f83c473f48799edc29b15559c90a65bbec75e32e217191963,,200,7c03d8a5e6d8560b,2026-09-28T03:40:56Z
S-3srrd54u,https://learn.microsoft.com/intune/configmgr/sum/deploy-use/automatically-deploy-software-updates,2026-09-26T00:00:00Z,,,,,,,"""W4UaP1U32nZ2cNg5zHOPpVQ+8xk=""","Mon, 24 Aug 2026 22:47:37 GMT",8bb72fb3f06a7d357ccd5f6d2e483e50d10150f6,71b91c22ae95a30601be2e7b2be086bf1c74cef68d7286eefd5822544318e603,https://learn.microsoft.com/en-us/intune/configmgr/sum/deploy-use/automatically-deploy-software-updates?accept=text/markdown,200,f3d330bfb99308f9,2026-09-28T03:44:47Z
S-3svp3sap,https://learn.microsoft.com/azure/ai-services/content-safety/quickstart-groundedness,,,,,,,,"""bqmRgNB+vjqvlYTE3Q2cu7biDuE=""","Mon, 24 Aug 2026 06:20:37 GMT",777f84fbedeb0995f4fdea6c65bee2f2a4af1657,6453ea40b818d9a527034c67bb5cc5c14805e2229e9d2d9176ed9a959eda4841,https://learn.microsoft.com/en-us/azure/ai-services/content-safety/quickstart-groundedness?accept=text/markdown,200,ab95c38496b61800,2026-09-28T03:44:48Z
S-3t6iud2k,https://learn.microsoft.com/intune/device-configuration/settings-catalog/configure-platform-sso-macos,2026-09-26T00:00:00Z,,,,,,,"""RabLCD9meYlyYIt97wh6vkrKeNY=""","Thu, 17 Sep 2026 18:25:26 GMT",e4304e6cb364be61e29d6c56d29f01ea5b83e53a,01b7c3f0e766c333dbf13dee64f10f47b17a8c5464b742a1a84edc47617083c3,https://learn.microsoft.com/en-us/intune/device-configuration/settings-catalog/configure-platform-sso-macos?accept=text/markdown,200,6a34f47bd02d1cd2,2026-09-28T03:44:49Z
S-3tt3ywvk,https://learn.microsoft.com/en-us/entra/agent-id/how-to-plan-agent-identity-architecture,2026-09-28T04:47:10Z,,,,,,,"""ks5V5mvk0PIk6ylq5569/rp+fUU=""","Mon, 24 Aug 2026 13:29:17 GMT",fd28754a3b08bcdbf7fe2f36e74054f3d556c596,7a57c244ac589b30334aa78a82316f8e8318b47e9c3a40d4291c63b98521d987,,304,9e7be66000788e2e,2026-09-28T04:47:10Z
S-3ul4mkos,https://learn.microsoft.com/windows/deployment/do/delivery-optimization-troubleshoot,2026-09-26T00:00:00Z,,,,,,,"""Um9aR6/TVaEcqMeXU+XMiCDmP4Q=""","Mon, 24 Aug 2026 04:35:52 GMT",208740ff10a9e0d204c938d2faccda9b1509b10e,5f80708768c7444e319413e961312276dc289f59803126702000e3879e917fba,https://learn.microsoft.com/en-us/windows/deployment/do/delivery-optimization-troubleshoot?accept=text/markdown,200,145044fc4fd985aa,2026-09-28T03:44:51Z
S-3v22wodo,https://learn.microsoft.com/intune/device-enrollment/android/guide,2026-09-26T00:00:00Z,,,,,,,"""cjjPNGvCPN1eKGNYGktMTQGeG4c=""","Tue, 25 Aug 2026 15:13:05 GMT",a60f43f6f562ded6195ddd8d888335f2d8e11e73,d75087fcf18190ac4c24e33b128a42d84b5928b70c32fece3e7f8d8199981481,https://learn.microsoft.com/en-us/intune/device-enrollment/android/guide?accept=text/markdown,200,b6fe2cd49ea31021,2026-09-28T03:44:52Z
S-3vcy7oqc,https://learn.microsoft.com/windows-365/overview,2026-09-26T00:00:00Z,,,,,,,"""ArsN7l39P7BzzKlp2bPLcM1adlA=""","Tue, 25 Aug 2026 03:00:30 GMT",683ba5952e63172705ab241d0368e8b27af38f1d,2b55c4b508378bff2f59e5a7f23dd3f1f56236eb58f7dd28970517ddcc0dbc14,https://learn.microsoft.com/en-us/windows-365/overview?accept=text/markdown,200,d9c9262d86c81e98,2026-09-28T03:44:53Z
S-3vkajr2c,https://www.cisecurity.org/benchmark/intune,2026-09-26T00:00:00Z,,,,,,,,,,dfbe2fd3de94de089696fc6dee15d304c44318e3d98a016c4ef71a2c7d180abb,,200,11c693c33fc7c490,2026-09-28T03:40:30Z
S-3w5igyu3,https://learn.microsoft.com/autopilot/device-preparation/known-issues,2026-09-26T00:00:00Z,,,,,,,"""Wq4qAbYMKI8QQQz9BHyBxbimPcg=""","Mon, 14 Sep 2026 17:55:06 GMT",5cc991ff9c463be66e4c971d0ff30fd9b04eb4d1,f46d69748454bfcb4330ca5ddee03448aba49f42d8727b754ff47b8ceec164f4,https://learn.microsoft.com/en-us/autopilot/device-preparation/known-issues?accept=text/markdown,200,76d49f61268231c2,2026-09-28T03:44:54Z
S-3wd7aoot,https://learn.microsoft.com/defender-endpoint/configure-endpoints-sccm,2026-09-26T00:00:00Z,,,,,,,"""nT5iy8AuCuIfHibVqxpQf2vw+S4=""","Tue, 22 Sep 2026 12:04:31 GMT",0509959827002d2bcd212896fe9f5385ee82fe62,77ae90c8286e4860ae318c5bda0661538b2b787f2ddfce0d099fe6e9bac673ac,https://learn.microsoft.com/en-us/defender-endpoint/configure-endpoints-sccm?accept=text/markdown,200,4562c108577ed342,2026-09-28T03:44:55Z
S-3wkz47cw,https://learn.microsoft.com/intune/epm/create-elevation-rules,2026-09-26T00:00:00Z,,,,,,,"""/U25DnNQHDyJpNKnLYsAhXLDPbE=""","Tue, 25 Aug 2026 00:03:47 GMT",a60f43f6f562ded6195ddd8d888335f2d8e11e73,fc174a25c8b235d71b3d57a2c3404da4d254027708b25212fab19e091f9f4e42,https://learn.microsoft.com/en-us/intune/epm/create-elevation-rules?accept=text/markdown,200,5f2cfdde171d3405,2026-09-28T03:44:57Z
S-3wxcangs,https://learn.microsoft.com/microsoft-365/copilot/extensibility/faq,2026-09-26T00:00:00Z,,,,,,,"""eouP7Tx1mxQeVGwKLOc0v6RSo+U=""","Mon, 31 Aug 2026 22:13:26 GMT",c4fd12be8cc34054fd88823f0b6d06b312295544,cb71c234fc08855c8826edb711062ea2b35f7e00674071449b4f1d90ff9eedce,https://learn.microsoft.com/en-us/microsoft-365/copilot/extensibility/faq?accept=text/markdown,200,d44bef0743efcabb,2026-09-28T03:44:58Z
S-3xdtjgi4,https://learn.microsoft.com/intune/device-security/microsoft-tunnel/overview,2026-09-26T00:00:00Z,,,,,,,"""aXpZALt/iWZvVNOfE+jAjHTrb9M=""","Wed, 26 Aug 2026 01:12:33 GMT",a60f43f6f562ded6195ddd8d888335f2d8e11e73,80f01d79a4a6c0e759a0a128872bfd1005835ac9e39e356a76f0fe4fe3bd80c8,https://learn.microsoft.com/en-us/intune/device-security/microsoft-tunnel/overview?accept=text/markdown,200,ae1876ba83df1322,2026-09-28T03:44:59Z
S-3xyywfcr,https://code.claude.com/docs/en/plugins/manifest-reference,2026-09-26T00:00:00Z,,,,,,,,"Mon, 28 Sep 2026 03:40:57 GMT",,f824f49fb697bafca64e21a248d2e66b4aebd088078e283513461013bd4dee5b,,200,93fda0068e2e18a0,2026-09-28T03:40:57Z
S-3ykamo74,https://learn.microsoft.com/en-us/windows/client-management/mdm-collect-logs,,,,,,,,"""EIPjFma/dUJykbbvHp/gqWyk4bM=""","Mon, 24 Aug 2026 03:48:04 GMT",1493a5a72db82d6a7915960d885588b7a47ac3b2,615b2174f8ab9f8d0d30ef01d1cb958fe103e9868d20658935892426efce47b2,,200,4fed4af6b5f66bd2,2026-09-28T03:45:00Z
S-3yod3u7q,https://code.claude.com/docs/en/tools-reference.md,,,,,,,,,"Thu, 08 Oct 2026 00:45:06 GMT",,54fb565b4721e68b3c63ddddac7f014b9e2751979eedb36c0b21babafa24b055,,200,9b679719c9bac4e3,2026-10-08T00:45:06Z
S-3yuoi2qa,https://raw.githubusercontent.com/PowerShell/DSC/4b492407ef4a9875c78986bbb08e1db277581ec9/adapters/group_policy_template/group_policy_template.dsc.resource.json,,,,,,,,"""ae34f64d21ca3c4d24ee5ed9b89d30fc754fc09e46194c552502f9cd4ce2b929""",,,86d62f4d3a8e2cebc1a8a21dea07d03cb7fa816e02c4b8d372ce7e7ee0a3c630,,200,c8417ea8913848c1,2026-09-28T03:45:47Z
S-3yywfx4r,https://learn.microsoft.com/troubleshoot/windows-server/remote/client-disconnected-group-policy-updates,,,,,,,,"""QrmcC6wqDhZfYX4gvIUyHptL5Cc=""","Fri, 28 Aug 2026 09:55:43 GMT",3c51e70bbb9a2a5e4fd792cd46ffd8547b773c83,9b54573e7112ef017b2fa8492c12c769146104875a10d6ee5bd0b3a13de541f6,https://learn.microsoft.com/en-us/troubleshoot/windows-server/remote/client-disconnected-group-policy-updates?accept=text/markdown,200,180bac1cfc28d3b8,2026-09-28T03:45:01Z
S-3zepbhux,https://opensource.microsoft.com/blog/2026/05/14/conductor-deterministic-orchestration-for-multi-agent-ai-workflows/,,,,,,,,,,,b1720463a2b789bc83529bbdcca592b3468cad2a369632964ee88275f0aa4c53,,200,a5c81f97a83680a3,2026-09-28T03:41:03Z
S-3zrbebvf,https://modelcontextprotocol.io/extensions/auth/enterprise-managed-authorization,2026-09-26T00:00:00Z,,,,,,,,"Mon, 28 Sep 2026 03:40:57 GMT",,d043939d2234938f89d3b418f3ef2cc53c1fbebb1210e73099883303899e42fc,,200,9ff92ddc0aa3e6d2,2026-09-28T03:40:57Z
S-43ldqczf,https://learn.microsoft.com/azure/governance/machine-configuration/concepts/assignments,,,,,,,,"""EFpDPEBugvD/TbmjBxD7flLE10I=""","Mon, 24 Aug 2026 09:07:50 GMT",e2507938b2a97d1c5db073fc57046b84254900a0,dcab37e0bf26c9b535b7b3695163cef6f7858c203e78d3ab13e3ef13177d903a,https://learn.microsoft.com/en-us/azure/governance/machine-configuration/concepts/assignments?accept=text/markdown,200,f917e954a53a42e2,2026-09-28T03:45:03Z
S-43sy3dqq,https://learn.microsoft.com/en-us/intune/configmgr/core/clients/manage/manage-clients,,,,,,,,"""1PMFiYDiuFOrzcCF7NdP8I1U6y0=""","Mon, 31 Aug 2026 20:25:13 GMT",d3432a8c0e9a1b8706eff71005a6b7ca53c35f98,17d5bc90c6d53fb3e4aeb899ec22eafa120bc31e40fc19323a10902bff8f5191,,200,50e4f4a46e0f0cfc,2026-09-28T03:45:04Z
S-43xr27dp,https://www.langchain.com/langgraph-platform,2026-09-26T00:00:00Z,,,,,,,,"Fri, 25 Sep 2026 09:41:33 GMT",,16562aa3c111ea97b0670e24612357d7198576a9ca2ceaaa13ceebd262d09754,https://www.langchain.com/langsmith/deployment,200,2bd5f339500657b6,2026-09-28T03:41:02Z
S-44mrima5,https://microsoft365dsc.com/user-guide/get-started/authentication-and-permissions/,2026-09-26T00:00:00Z,,,,,,,"""6ab9715d-5032a""","Sun, 27 Sep 2026 19:41:17 GMT",,91e6ffe8826b6c03750ae085af57f0803f113c75ef1416e929744d2c675347b3,,200,ddb1a5fd8d344791,2026-09-28T03:41:02Z
S-46ndqgay,https://learn.microsoft.com/microsoft-365/copilot/extensibility/declarative-agent-manifest-1.0,2026-09-26T00:00:00Z,,,,,,,"""ALEN3K8XNmrooTo6u2/rtI//y90=""","Tue, 01 Sep 2026 05:44:57 GMT",3fdb7962b1c36080f62a904d32326036656ee532,9a55caa4dca53e4771a89f4e3a5641791103850e129a79558299537042880964,https://learn.microsoft.com/en-us/microsoft-365/copilot/extensibility/declarative-agent-manifest-1.0?accept=text/markdown,200,d3a7da8e1bc71ff5,2026-09-28T03:45:05Z
S-47nwz53u,https://learn.microsoft.com/azure/ai-services/content-safety/region-availability,,,,,,,,"""rmZXvh7Iu3WpD1LPoHIJ3RFKH24=""","Sat, 19 Sep 2026 05:24:30 GMT",215dd53ffbd9bd69b62e358605c95006802af884,8a783bcf94b9f6cff6c7b0a96e702a98afd3372372c0319dc64b5c746f0aad1d,https://learn.microsoft.com/en-us/azure/ai-services/content-safety/region-availability?accept=text/markdown,200,e66c23f4c9121dd8,2026-09-28T03:45:06Z
S-47yzu2ea,https://raw.githubusercontent.com/astral-sh/uv/0.12.19/docs/concepts/projects/layout.md,,,,,,,,"""a8c8a85f9134d29fe21b550343791cd836fd05058a130511564d8dae5fb4a303""",,,78ae2b49a6f49fc88479cbbba71ffd592354552569d1254a3077cb4a88992df7,,200,e0b75ec59dc9cc03,2026-09-28T03:45:48Z
S-4adqmykc,https://learn.microsoft.com/en-us/defender-endpoint/attack-surface-reduction-windows-events,2026-09-26T00:00:00Z,,,,,,,"""uUVJGuTTB1BguycyZLoD6SPqw9Y=""","Mon, 24 Aug 2026 16:07:10 GMT",932d0c5a9fa0e8907ed7a14b8f9129b59e422330,6b064c7378d536c025e796be5e461ae8d3f7d5b6406e00a0ff0436bd57e2bcf5,,200,3623433126dd6284,2026-09-28T03:45:07Z
S-4as52t5e,https://learn.microsoft.com/windows-server/identity/laps/laps-scenarios-migration,2026-09-26T00:00:00Z,,,,,,,"""J5Ig3KQvv+SXcH2uwCZDBBBr1ko=""","Wed, 26 Aug 2026 13:30:25 GMT",ef9afdb74d7e649d54aeaf104efe28dcd857ff2f,2005ff872ee5d61a313bcabf763d034effe93c9a191515e37dfad9e3330a79bb,https://learn.microsoft.com/en-us/windows-server/identity/laps/laps-scenarios-migration?accept=text/markdown,200,b4aec90298614d64,2026-09-28T03:45:08Z
S-4c46o537,https://platform.claude.com/docs/en/build-with-claude/search-results,,,,,,,,,,,8da7d71abd0d55fd0e22364365ad35413527df6ce2ba21e65f44ab509a4c2364,,200,beb634dfb3d6cdc5,2026-09-28T03:40:24Z
S-4ccloker,https://learn.microsoft.com/defender-endpoint/api/stop-and-quarantine-file,2026-09-26T00:00:00Z,,,,,,,"""qkLlfbi0bJSH+YrFKrKQzHrE81M=""","Mon, 24 Aug 2026 09:18:44 GMT",64e601d59a45186bac30dbfb38f871942a4b91f3,8b8ad2915a42600bab0538ae657afd2c867af11d7cea5984f2675d4e0f15fd4e,https://learn.microsoft.com/en-us/defender-endpoint/api/stop-and-quarantine-file?accept=text/markdown,200,b3576c2c558f961d,2026-09-28T03:45:10Z
S-4cv3kd2v,https://learn.microsoft.com/security/ransomware/incident-response-playbook-dart-ransomware-approach,2026-09-26T00:00:00Z,,,,,,,"""5X80i6+DLeOIB6ZbblVfgsJI2Mw=""","Mon, 24 Aug 2026 22:35:00 GMT",a51e7d2622bc1ff7512c88f54dbbf79794eca72b,baf47f5b93ee84cb9f3455255d28ceaebfb33e834c758e9eff8d588b0dabdb09,https://learn.microsoft.com/en-us/security/ransomware/incident-response-playbook-dart-ransomware-approach?accept=text/markdown,200,6aa9c2a0b42044eb,2026-09-28T03:45:11Z
S-4elqlqiz,https://learn.microsoft.com/graph/api/intune-shared-devicemanagementscript-assign?view=graph-rest-beta,2026-09-26T00:00:00Z,,,,,,,"""kUNwL4gJnCJAF9MlRBFz/8xdG0E=""","Tue, 25 Aug 2026 16:45:22 GMT",3602cccfe6ab9ccaac221c8aa925b3134d055f6b,56cc116fb7cec1f8429698ae37ef2ed6909790ee8cc9ede28c98637db8d4eb72,https://learn.microsoft.com/en-us/graph/api/intune-shared-devicemanagementscript-assign?view=graph-rest-beta&accept=text/markdown,200,e91c5d28d98d8272,2026-09-28T03:45:12Z
S-4eqz4ngg,https://learn.microsoft.com/en-us/intune/configmgr/osd/understand/in-place-upgrade-recommendations,,,,,,,,"""/cpDCg1X8pn6qXcJ9uPZGktHlyw=""","Wed, 02 Sep 2026 05:42:51 GMT",cfc4e1a6bb2a1f0d6f069bcc6b3d8b4d5ff0793a,6aa770950d0ee67673010fc380dcb4541fb2076977d827f48fa078e6379807a8,,200,496891d961c1c5ce,2026-09-28T03:45:13Z
S-4fmcb5i2,https://developers.openai.com/codex/config-reference,,,,,,,,"""2c00d8514238ccba3901f7f40099082b""","Mon, 28 Sep 2026 01:09:30 GMT",,d48cee211447ea200c5703168e6d9c18475efd8e2cfbca0450b4b0a28905ee39,https://learn.chatgpt.com/docs/config-file/config-reference,200,6b25f782503b61b2,2026-09-28T03:40:55Z
S-4gg3zmhr,https://learn.microsoft.com/en-us/graph/api/intune-deviceconfigv2-devicemanagementconfigurationpolicy-create?view=graph-rest-beta,2026-09-26T00:00:00Z,,,,,,,"""f0fZlubj25xmojUcafmf5Gy4678=""","Tue, 25 Aug 2026 01:56:12 GMT",3602cccfe6ab9ccaac221c8aa925b3134d055f6b,ca270c2f4029547bb091a5b90755544ecc450825dacacd7b916bf92751ce5275,,200,eb9d540cf885e31b,2026-09-28T03:45:14Z
S-4gkojj4d,https://learn.microsoft.com/azure/update-manager/scheduled-patching,2026-09-26T00:00:00Z,,,,,,,"""b86fFLsnDZIqa6DeRemFxTjM+p8=""","Thu, 24 Sep 2026 12:18:24 GMT",524e07c02a94f1f9fbb5cc7404058f2fff3c44b1,8e2dcfa93c6f0cca2ea2b86b783bc1ca6d06b84ab6167d0bf7bad8d4ed936b98,https://learn.microsoft.com/en-us/azure/update-manager/scheduled-patching?accept=text/markdown,200,50600c3ea22c4b8f,2026-09-28T03:45:15Z
S-4h5a6snd,https://learn.microsoft.com/windows/deployment/do/mcc-ent-prerequisites,2026-09-26T00:00:00Z,,,,,,,"""HJqVoO+++JYVWn9WbCjyUGOtu1k=""","Mon, 24 Aug 2026 12:45:36 GMT",ce866a71d505bd57d4c843a72af824468f9c52e9,99bc59f236c757f747647612d1e9362a1438aaeeb6cb7f4b3fc73f74a48feafb,https://learn.microsoft.com/en-us/windows/deployment/do/mcc-ent-prerequisites?accept=text/markdown,200,57f18379402e6c1c,2026-09-28T03:45:16Z
S-4hditql5,https://www.anthropic.com/news/contextual-retrieval,2026-09-26T00:00:00Z,,,,,,,,,,375eef9b3240da1974fbfc8cf565afed222d5b56c26a5c08f04cf0f769ab24bb,https://www.anthropic.com/engineering/contextual-retrieval,200,3b0aa43da094c6e5,2026-09-28T03:41:05Z
S-4hhozw7m,https://learn.microsoft.com/intune/device-updates/apple/planning-guide-ios-ipados,2026-09-26T00:00:00Z,,,,,,,"""5hI4ixwW/2XnxUH8A9At+sj8ros=""","Fri, 28 Aug 2026 06:07:34 GMT",7328cf31fc7051783f9fdb12250a44d8d227fa1a,309fd00f9efa5ceeaf87e62ed07974f57491d4997814fe431175d18b275c8ef9,https://learn.microsoft.com/en-us/intune/device-updates/apple/planning-guide-ios-ipados?accept=text/markdown,200,b853ac9293985140,2026-09-28T03:45:17Z
S-4ikiakpi,https://learn.microsoft.com/windows-server/identity/ad-ds/manage/forest-recovery-guide/ad-forest-recovery-reset-the-krbtgt-password,2026-09-26T00:00:00Z,,,,,,,"""lPc+oyeYeoGP3hrOQQIPNiXfCn8=""","Wed, 26 Aug 2026 00:27:04 GMT",825a9b7a89b5e872e1542287bec3a6904fb08c83,d74847f4bbdf61896505175644c959fbec039abe047c4591fb858862cbd57411,https://learn.microsoft.com/en-us/windows-server/identity/ad-ds/manage/forest-recovery-guide/ad-forest-recovery-reset-the-krbtgt-password?accept=text/markdown,200,5ee9a483f989a061,2026-09-28T03:45:20Z
S-4jodaif5,https://peps.python.org/pep-0514/,,,,,,,,"""6ab9195d-e80c""","Sun, 27 Sep 2026 13:25:49 GMT",,f38aecfb57d12a1b2afac29da81da202e2689ad16329c02594d87d6ece269b76,,200,ce27ef19ff36807f,2026-09-29T01:54:36Z
S-4krmuswc,https://learn.microsoft.com/en-us/graph/api/intune-devices-manageddevice-rebootnow?view=graph-rest-1.0,2026-09-26T00:00:00Z,,,,,,,"""w0Wb4bMClKzNNbN4ZpZt4Ue60i0=""","Tue, 25 Aug 2026 07:14:09 GMT",c5bdea5b2d849451be9b260f1f9bbf3d27997198,5511f04e482807fee7f3cc120aac70c396df936f6735c1771b1a7c2e70596dcf,,200,a99e4d38d90de4c2,2026-09-28T03:45:21Z
S-4krq7dui,https://learn.microsoft.com/windows/client-management/mdm/policy-configuration-service-provider,2026-09-26T00:00:00Z,,,,,,,"""phZHK9QEAgKQ/B+VZj535QTm110=""","Wed, 23 Sep 2026 17:48:15 GMT",65e6c8ea9044ee218340ea399c918edaef788782,a3d8af72733ded27e9c6feefed2a0b21b097d25140a58664756fb59f33335d28,https://learn.microsoft.com/en-us/windows/client-management/mdm/policy-configuration-service-provider?accept=text/markdown,200,cae58b882e8ec7d0,2026-09-28T03:45:23Z
S-4ls6gbe6,https://learn.microsoft.com/en-us/mem/intune/fundamentals/filters,2026-09-26T00:00:00Z,,,,,,,"""doz/10Zsd29NYCqxs0fLVfwsiPQ=""","Tue, 25 Aug 2026 00:01:46 GMT",d91f4fab34f9a33f76a86219c86ee7e74aee1177,21073984d659341d687d8e41c45bd410d4fd2b700e308302d6228fa8d4ff8408,https://learn.microsoft.com/en-us/intune/fundamentals/filters/overview?accept=text%2Fmarkdown,200,8bfe5d084763c482,2026-09-28T03:45:24Z
S-4m2kbuls,https://code.claude.com/docs/en/plugins/marketplace-reference,2026-09-26T00:00:00Z,,,,,,,,"Mon, 28 Sep 2026 03:40:58 GMT",,7f48a9dbbb345cea3b84251bdcb947773c030bc2664c8318114a4a6b8b49207e,,200,2089c58d77b0e2d0,2026-09-28T03:40:58Z
S-4mutzurm,https://learn.microsoft.com/azure/foundry/openai/api-version-lifecycle,2026-09-26T00:00:00Z,,,,,,,"""gBy2pYNqcihp6E4QvimS9HtQ9Po=""","Mon, 24 Aug 2026 02:51:41 GMT",777f84fbedeb0995f4fdea6c65bee2f2a4af1657,02f8031f561f358cfbfd8b8e3ee5716144e10b6ddc82072c9d21ff3a1c310264,https://learn.microsoft.com/en-us/azure/foundry/openai/api-version-lifecycle?accept=text/markdown,200,dd83c7acc98e2812,2026-09-28T03:45:25Z
S-4n7iso27,https://learn.microsoft.com/windows/security/identity-protection/hello-for-business/how-it-works-provisioning,,,,,,,,"""RH0DEGCBvaorqyWqhnCOP5VK1ss=""","Mon, 24 Aug 2026 08:11:46 GMT",2e454254b72b8116e1e823cb688abc5b2910b015,526adfbc7463284883378ad42881020e71075285d44d8ea63302de170d15b19b,https://learn.microsoft.com/en-us/windows/security/identity-protection/hello-for-business/how-it-works-provisioning?accept=text/markdown,200,e6356cb460e67e14,2026-09-28T03:45:26Z
S-4oi245yf,https://learn.microsoft.com/windows/deployment/windows-autopatch/prepare/windows-autopatch-prerequisites,2026-09-26T00:00:00Z,,,,,,,"""qigYNiuvs6ZpPnAbeD4iRiyWmCE=""","Mon, 24 Aug 2026 05:39:37 GMT",ad8111265e9e1b273b8c48121ea27e40b99ce87b,0c9e8cdcb4d6ade7205a5e2e2c704597e8c4c11dcddd41fd437f9eef960b5970,https://learn.microsoft.com/en-us/windows/deployment/windows-autopatch/prepare/windows-autopatch-prerequisites?accept=text/markdown,200,9f968b8921935c02,2026-09-28T03:45:27Z
S-4ph3gylm,https://gitlab.com/gitlab-org/ci-cd/shared-runners/images/gcp/windows-containers/-/raw/6c5f0fefb5a8fbd1d2f082f16b901f4d74ea01af/cookbooks/gitlab-runner-dependencies/attributes/default.rb,,,,,,,,"""3a0dc45269f15a05437929eebae05262""",,,8e55f651162e8450a967ba4bcbe2b94894be3f2d84d621abd9c0f2f746098b9b,,200,2f063c16858ec6be,2026-09-28T06:04:43Z
S-4qod6hyu,https://learn.microsoft.com/defender-endpoint/api/cancel-machine-action,2026-09-26T00:00:00Z,,,,,,,"""3ca+poSw4dF0anLNJPZBRAXGEfA=""","Wed, 26 Aug 2026 06:29:02 GMT",e5e024df2189c2f05c8a7a66f60fff59a0c0bfd8,a34617d68fd36097e2ebb181df22eff430529bec1087b74ecd0c99645a5f8995,https://learn.microsoft.com/en-us/defender-endpoint/api/cancel-machine-action?accept=text/markdown,200,a30546cf392f3710,2026-09-28T03:45:28Z
S-4rvc364j,https://learn.microsoft.com/microsoft-365/copilot/extensibility/declarative-agent-manifest-1.5,2026-09-26T00:00:00Z,,,,,,,"""kYzoXTIlXgLit8sij5x2q0vKnNY=""","Mon, 31 Aug 2026 20:22:16 GMT",ffc257a2ffd377a710580bb1512c4982b83ae9d5,009a28914c50549b758a9f0084f1df7b8ca08496a2962e45bcc2f5ef164b1861,https://learn.microsoft.com/en-us/microsoft-365/copilot/extensibility/declarative-agent-manifest-1.5?accept=text/markdown,200,64a74aaa1b014830,2026-09-28T03:45:29Z
S-4skd5gks,https://pypi.org/pypi/llm-guard/0.3.16/json,,,,,,,,"""GKn8uD95Y/de8X+6zMo2IQ""",,,3e9b20161d6de5d99c20b1b0efbda2d11749127f7a95e79b7fc7fefec27861a7,,200,30a6781aed958151,2026-09-28T03:40:15Z
S-4sqhclzg,https://raw.githubusercontent.com/python/peps/ff16962a22fdc5e2095e0cbc5c243ea76e34fb52/peps/pep-0602.rst,,,,,,,,"""abb486b90a0773eec8577938671019b36e74dd80a30a3813718b96b8c19cff1f""",,,f0f2a39f75d4ae3d5707cc921c3ae2cf47cc44ac27d06de33a76c28dccb8666b,,200,2d63e42688c06281,2026-09-28T03:45:49Z
S-4t5e7ocm,https://learn.microsoft.com/en-us/intune/device-security/compliance/custom-settings,,,,,,,,"""0VV4ztEJYpM2s2o2sVV2e52JHkk=""","Thu, 17 Sep 2026 20:16:01 GMT",266ea82527d401a1fe324a90b75fdab55dc02dd8,312a7cf13e6e74e0ebe2749c88eade296c491dc2fc96c163e210d676a4fc2eec,,200,14aaca8b2e65a8f0,2026-09-28T03:45:30Z
S-4teqh3ha,https://learn.microsoft.com/entra/id-governance/privileged-identity-management/groups-discover-groups,,,,,,,,"""Z0OTqWV8RhH97+C8YF/750C05Tg=""","Mon, 24 Aug 2026 15:38:40 GMT",157a416c0c4ade60c0202d2b3b384b5aea41b02e,dad7c0f6d0e6cb016b6c7c9efdd8d461fd3f1ed81cd734e8338be7c5a04b5084,https://learn.microsoft.com/en-us/entra/id-governance/privileged-identity-management/groups-discover-groups?accept=text/markdown,200,84e811e1c65dfa23,2026-09-28T03:45:31Z
S-4txttdx2,https://learn.microsoft.com/intune/cloud-pki/renew-ca,2026-09-26T00:00:00Z,,,,,,,"""QAtwe+5fcSfxIaXIjgYA8ZUgjeI=""","Thu, 27 Aug 2026 03:54:50 GMT",b1b48c3e9650f3ee9e453ff22ccde33c0fba1150,c204732991f9192342637bd001143d78777443258553d83b368ac7e41a14d76a,https://learn.microsoft.com/en-us/intune/cloud-pki/renew-ca?accept=text/markdown,200,64f7d24f0e58528a,2026-09-28T03:45:32Z
S-4u7zysla,https://learn.microsoft.com/en-us/intune/configmgr/comanage/overview,,,,,,,,"""D8WvJlDBXeTwMQTbsiZX2uXR8a4=""","Mon, 31 Aug 2026 21:43:33 GMT",641505a487b0febbc4d3a97ca377b3334a3a1790,2a852d709505553a3d23eaae22d3b0c881116fa41cb83333050ede7142eb2e65,,200,5d7c840096356584,2026-09-28T03:45:33Z
S-4vi7fb6a,https://raw.githubusercontent.com/PowerShell/DSC/9c60d043f0c018f3026feee481cb6402100f4331/dsc/src/server/show_dsc_resource.rs,,,,,,,,"""f43a9c343d5169609fd358e22fb360688ff861e49e7f4b5552e910947caa83ad""",,,2c32bafa0c16b72f53580ab498a8723b63d63fd658bf1a5b1f269d29da3570cb,,200,1475ecad223b192b,2026-09-28T03:45:50Z
S-4vuqeywj,https://learn.microsoft.com/intune/device-configuration/endpoint-security/encrypt-filevault-macos,2026-09-26T00:00:00Z,,,,,,,"""tW9Rm8O3RrvJOOT2IIw2sr58BqU=""","Mon, 24 Aug 2026 22:39:20 GMT",a60f43f6f562ded6195ddd8d888335f2d8e11e73,c96fbba35e30da16ca85be41c88aef939b939c8141c8dd2938d564b37a9f50fa,https://learn.microsoft.com/en-us/intune/device-configuration/endpoint-security/encrypt-filevault-macos?accept=text/markdown,200,1aeefea5b8d9bc2a,2026-09-28T03:45:37Z
S-4w7mhn5x,https://learn.microsoft.com/en-us/defender-xdr/advanced-hunting-deviceevents-table,2026-09-26T00:00:00Z,,,,,,,"""hoF5/vqSWuBCSisFKWAEsQM6UUo=""","Mon, 24 Aug 2026 07:42:34 GMT",0fdad2971c4f8acbaebefc5e52a5a2f7302a670c,4e34eb61f6630a30aca4413f1764a614fa4636d4febd60353e2f763a69fed9af,,200,4bd7fe3a6720d843,2026-09-28T03:45:38Z
S-4wx4xn7t,https://raw.githubusercontent.com/open-telemetry/opentelemetry-collector-contrib/1f1affff86ca2d46236d72897023a129a7ea6437/receiver/windowseventlogreceiver/factory.go,,,,,,,,"""8938d6e821033f54b2e657dfb1b5aa14ab5f343cc36e62eae6206be4abc9248d""",,,bc02ed54028551a8c8cb52ca4244775b8b9923557e52bd2067909ab0751f62d4,,200,c49a4fe659c0da0b,2026-09-28T03:45:51Z
S-4xar7ise,https://learn.microsoft.com/en-us/azure/governance/machine-configuration/overview/02-setup-prerequisites,2026-09-26T00:00:00Z,,,,,,,"""npAiEnRgfOLRkLPDBcfYUxBi0Yc=""","Mon, 24 Aug 2026 19:01:26 GMT",faf4a2b834d31581973ebb8dd7789ea276d3443c,52b8280d0ae0fe5c4537f7e81b0e0f8403e85038c514585d6cedf53110430005,,200,c880f7fa1a2b79e1,2026-09-28T03:45:39Z
S-4yhrlzez,https://learn.microsoft.com/agent-framework/concepts/agents/custom-agents,,,,,,,,"""M2eDIgaXYhQGOo4iCxJEcOmL7io=""","Tue, 25 Aug 2026 21:27:56 GMT",7cb3ad1a2e43d97cd183d59d65befaa3b8d438d8,6e8ac80e94cdd8664a7b9388247ae63078ca8739eb840da7befc7fa24f3aabbd,https://learn.microsoft.com/en-us/agent-framework/concepts/agents/custom-agents?accept=text/markdown,200,013b8dc00a1c50c7,2026-09-28T03:45:40Z
S-4zkeipor,https://modelcontextprotocol.io/extensions/apps/overview,2026-09-26T00:00:00Z,,,,,,,,"Mon, 28 Sep 2026 03:41:02 GMT",,8374fba5b76a4d4694f8074cf06be0b3c55793b4cc16994e34dc19d3f74ec1e1,,200,7c16a01b38f34779,2026-09-28T03:41:02Z
S-4zkj3ag3,https://learn.microsoft.com/en-us/entra/agent-id/identity-professional/microsoft-entra-agent-identities-for-ai-agents,,,,,,,,"""07X291gEAL6aBuXuQxLnrAUGN1k=""","Mon, 24 Aug 2026 12:56:26 GMT",eb15ce9554de7ca1facf281a921f77eaa25e992e,4fd28f3b7fe1b701250462ed8357bbd906df39b8c72715fd6d6e95ea65215c36,https://learn.microsoft.com/en-us/entra/agent-id/what-is-microsoft-entra-agent-id?accept=text%2Fmarkdown,200,35e8f230f510c788,2026-09-28T03:45:41Z
S-524t5qtl,https://github.com/pgvector/pgvector/blob/master/README.md,2026-09-26T00:00:00Z,,,,,,,"W/""4395a4c0f4b42bb8e33783839e9e0211""",,,f112c8d1bb9b35724883d481c6ba55c2118d54ec179f35809ec1466edf76a4c7,,200,c34a520c90b27ffa,2026-09-28T03:41:38Z
S-52r2vxes,https://learn.microsoft.com/powershell/module/configurationmanager/new-cmsoftwareupdateautodeploymentrule?view=sccm-ps,2026-09-26T00:00:00Z,,,,,,,"""MJw2ftvHhn6Z9l/MQ/YwU2PVGcs=""","Tue, 01 Sep 2026 14:43:35 GMT",41ebfddf6b1cd3f9a65711d89f5df2bf96ba0d7d,1032141ca1962e37975fe11c9a832239e50ec9a6c0c4392564686c080089475b,https://learn.microsoft.com/en-us/powershell/module/configurationmanager/new-cmsoftwareupdateautodeploymentrule?view=sccm-ps&accept=text/markdown,200,25063a793947d732,2026-09-28T03:45:42Z
S-53ajdzoj,https://learn.microsoft.com/en-us/openspecs/windows_protocols/ms-gkdi/943dd4f6-6b80-4a66-8594-80df6d2aad0a,,,,,,,,"""8fnIU7L26CFNWhSW6fcBQVQHMkQ=""","Wed, 05 Aug 2026 13:44:07 GMT",817392bbb417d3771ef4fdfbbc11e4226d76470f,76fb4c212677ebbcb303d0a71ceb944c849b1d01ff00b4cb944d70724a5dc093,,200,5e8ea1f53e45cd01,2026-09-28T03:45:43Z
S-53yzqgkc,https://raw.githubusercontent.com/fleetdm/fleet/89d1161c56299ccd5c2b647cedce7d820ea6fd07/docs/Configuration/fleet-server-configuration.md,,,,,,,,"""a7368ae72bc0b2d6ae3fc3be685b9e9dda054c0226cfbcf19ec4db15a05fb837""",,,49f50408a57e4c5173fa854de1b01d7a12fba2844fa3a28b21c4e1bd3a93cc41,,200,34aa84e87d47f90c,2026-09-28T03:45:52Z
S-547mfaj7,https://learn.microsoft.com/azure/ai-services/content-safety/overview,2026-09-26T00:00:00Z,,,,,,,"""nxzvzpAhOp7yJbQvQVQPdEFGQWQ=""","Fri, 18 Sep 2026 22:38:28 GMT",215dd53ffbd9bd69b62e358605c95006802af884,d6710777f23a0d2d8427bc0935bc3a12a5a3d471872fa6decb8fb2c9f03a1b18,https://learn.microsoft.com/en-us/azure/ai-services/content-safety/overview?accept=text/markdown,200,d6e28ec8fe80511c,2026-09-28T03:45:45Z
S-54flhyvx,https://learn.microsoft.com/powershell/module/microsoft.powershell.psresourceget/get-installedpsresource,,,,,,,,"""c3wiLlkwlsnKoVOycwjlO0+2a+8=""","Fri, 25 Sep 2026 09:45:21 GMT",f592f120bf8fa042ce9744fe8b9fcc2752da2c8a,1231a376058e31e4840f838fd0f90e1c92b229aa7c80aa8ee610927838f9c5ff,https://learn.microsoft.com/en-us/powershell/module/microsoft.powershell.psresourceget/get-installedpsresource?view=powershellget-3.x&accept=text%2Fmarkdown,200,8bd867fd4f40d39f,2026-09-28T03:45:46Z
S-56eqdqa6,https://learn.microsoft.com/azure/sentinel/overview,2026-09-26T00:00:00Z,,,,,,,"""MqgzKgy3IqoSybSuEEnHL5aBrZs=""","Wed, 23 Sep 2026 10:41:49 GMT",aaba48fc74346a0a56584faa3aa3e0181c146f2f,093796937371332ed015e3fcf3f8be62bc098682bcea15bec49aa0dfeb9fcda0,https://learn.microsoft.com/en-us/azure/sentinel/overview?accept=text/markdown,200,92eff3810a90619f,2026-09-28T03:45:47Z
S-56tu3aqk,https://learn.microsoft.com/azure/ai-services/content-safety/how-to/use-blocklist,2026-09-26T00:00:00Z,,,,,,,"""v1/igAqZY61j4+xLB+Y7fRBlL28=""","Mon, 24 Aug 2026 04:46:51 GMT",777f84fbedeb0995f4fdea6c65bee2f2a4af1657,5a0c50b6e48c47c6d1c07a24ab4ab44fafc80aa3c5c9c17234e85f0ddaa52d68,https://learn.microsoft.com/en-us/azure/ai-services/content-safety/how-to/use-blocklist?accept=text/markdown,200,be7ef709b0a2e8c3,2026-09-28T03:45:48Z
S-5alhdr35,https://learn.microsoft.com/graph/api/cloudpc-resize?view=graph-rest-1.0,2026-09-26T00:00:00Z,,,,,,,"""B6ezMNPqoLtak+3RXQU1qgWWqEI=""","Wed, 26 Aug 2026 07:41:08 GMT",08ac8dfcf73a73b9a374f0d90a1c5c28f95450cb,fdf0616f6d84d7ad97c1eae20c1a41c2ce414ef190a875fa6d124336917e728e,https://learn.microsoft.com/en-us/graph/api/cloudpc-resize?view=graph-rest-1.0&accept=text/markdown,200,68bb41e9cd1d0210,2026-09-28T03:45:49Z
S-5be7mkzk,https://code.claude.com/docs/en/agent-sdk/mcp,2026-09-26T00:00:00Z,,,,,,,,"Mon, 28 Sep 2026 03:40:59 GMT",,d3be92985ca2a49f23903ffc574dd8b731e43aae6321bc70773b18c4b895cea1,,200,dae4411a52fb78a8,2026-09-28T03:40:59Z
S-5c4oo5gx,https://learn.microsoft.com/azure/update-manager/troubleshoot,2026-09-26T00:00:00Z,,,,,,,"""l3Gv6hCnMnOLGW4X+9TddPTIjlY=""","Fri, 25 Sep 2026 00:34:03 GMT",524e07c02a94f1f9fbb5cc7404058f2fff3c44b1,4267bb50313c9563314d70b6a98d0f4f506c4abf71fc2e5912d1733d3e93ef3f,https://learn.microsoft.com/en-us/azure/update-manager/troubleshoot?accept=text/markdown,200,c9c615ad0df36ca8,2026-09-28T03:45:50Z
S-5cbvuypc,https://learn.microsoft.com/intune/app-management/protection/configure-conditional-launch,2026-09-26T00:00:00Z,,,,,,,"""AvkAAYm/CEwEDV5Zi5WbovkERi8=""","Tue, 25 Aug 2026 21:12:43 GMT",a60f43f6f562ded6195ddd8d888335f2d8e11e73,7d525241fe1cf37d0247564f10c9a5e64781f743c23ca5e2343344db90676c4a,https://learn.microsoft.com/en-us/intune/app-management/protection/configure-conditional-launch?accept=text/markdown,200,a524bf06ead19660,2026-09-28T03:45:51Z
S-5cjhp7co,https://learn.microsoft.com/copilot/security/security-copilot-inclusion,2026-09-26T00:00:00Z,,,,,,,"""Js4Uy+GPauuI9PXBVD4znHxeGfA=""","Thu, 27 Aug 2026 22:52:26 GMT",3f67d08f7898997c7d1f53184829e678fa3d7b2f,a7832957effefa9271469665551d30bbbc3f9f268665e91d8218a022c92d6c33,https://learn.microsoft.com/en-us/copilot/security/security-copilot-inclusion?accept=text/markdown,200,c3c9f56b6e82ea71,2026-09-28T03:45:52Z
S-5d3e2yck,https://learn.microsoft.com/azure/azure-monitor/agents/azure-monitor-agent-migration,2026-09-26T00:00:00Z,,,,,,,"""/kUl4d2OuClpmWUoYChndPguDSQ=""","Tue, 01 Sep 2026 03:39:38 GMT",5d0db1538f234e97ff54327f1a5b3feb4fe7ce94,b71a320e5eaa012a12f4cd95ac373928f25a4dfdd696ee544bef9bf860edd863,https://learn.microsoft.com/en-us/azure/azure-monitor/agents/azure-monitor-agent-migration?accept=text/markdown,200,410b6e32d02875b5,2026-09-28T03:45:56Z
S-5d7caeeq,https://learn.microsoft.com/en-us/azure/azure-arc/servers/onboard-service-principal,2026-09-26T00:00:00Z,,,,,,,"""RPtNshV8LCuOMs5D0IN4ZO8R32M=""","Tue, 25 Aug 2026 07:46:35 GMT",bbfeb6a62a0dfe82df79b3986962f8286128728d,47dd0551962f3a21a2d60fde393d8cecdcd38c97d591b49d7f4888cba82b1025,,200,4f78a9813529287f,2026-09-28T03:45:57Z
S-5fxhm5mr,https://learn.microsoft.com/graph/api/resources/intune-mam-targetedmanagedappconfiguration?view=graph-rest-1.0,2026-09-26T00:00:00Z,,,,,,,"""gxJFN+5fz2x8WGnSi4BwX1rhofs=""","Tue, 25 Aug 2026 01:37:22 GMT",e345b7affa31798542828393bc40023465af9069,974b8b3649b01942eb68c233454d411ef8bc185b370124547496733582846d73,https://learn.microsoft.com/en-us/graph/api/resources/intune-mam-targetedmanagedappconfiguration?view=graph-rest-1.0&accept=text/markdown,200,83d25e914ce7e81a,2026-09-28T03:45:58Z
S-5g472jm4,https://learn.microsoft.com/azure/update-manager/manage-hot-patching-arc-machines,2026-09-26T00:00:00Z,,,,,,,"""39a02WkOkAakBEOY8BDdczVObyw=""","Thu, 24 Sep 2026 15:01:56 GMT",524e07c02a94f1f9fbb5cc7404058f2fff3c44b1,6bb21d622dee5ceca05bc508efa9ef072810f6c3008b753aa147b7154c003d7e,https://learn.microsoft.com/en-us/azure/update-manager/manage-hot-patching-arc-machines?accept=text/markdown,200,978abe38e30a94f8,2026-09-28T03:46:00Z
S-5gpkixnx,https://raw.githubusercontent.com/data-privacy-stack/presidio/e9895a51f5af6a00ed859a1ee38d627868355f8a/presidio-analyzer/app.py,,,,,,,,"""10bc6c91103dcddeaa0e8c08cf970260e18e4677c61504e2fb7e0b5b7f4890e4""",,,b6cc79eccbade1e6886a6eb5b79c307872e3e32f2e674cebc34e458c47185ca5,,200,938eee4313527c65,2026-09-28T03:45:53Z
S-5h4qjmdq,https://learn.microsoft.com/intune/remote-help/deploy,2026-09-26T00:00:00Z,,,,,,,"""AEZeU5I73xCdNf2fRBAGmRUaeFA=""","Tue, 25 Aug 2026 23:45:04 GMT",797eb6dd291f803944fa0b8c50d792cfade3df62,b50c45c6387a28b9fd9236edd0cf4c80d89c0d56ce037fb93f6883994846fccb,https://learn.microsoft.com/en-us/intune/remote-help/deploy?accept=text/markdown,200,0580e03cd7a5ef62,2026-09-28T03:46:00Z
S-5hprvqbx,https://learn.microsoft.com/entra/id-governance/privileged-identity-management/pim-how-to-change-default-settings,2026-09-28T04:47:11Z,,,,,,,"""1gSkPySnDrRCfNT6t09gJNXLzjk=""","Mon, 24 Aug 2026 12:53:50 GMT",bcd55f10a7f9501f2a4ed7ac509b6245245f9c51,1d434467d11eaf94d862882fae2f8243d27f6b59e794a6e609738679838ae4fc,https://learn.microsoft.com/en-us/entra/id-governance/privileged-identity-management/pim-how-to-change-default-settings?accept=text/markdown,304,4c9aefac4a10de94,2026-09-28T04:47:11Z
S-5ic2ryhm,https://learn.microsoft.com/defender-endpoint/onboard-server,2026-09-26T00:00:00Z,,,,,,,"""ud7s9dwSHmG57/JXEkqaaX86H98=""","Fri, 04 Sep 2026 00:55:50 GMT",1b2940a5703e441d77d97d2b1a2d3e3b6573e719,5da3a77071ab9be4244bff3b66becd3b2ed05fe1b3bd1f0535146a149cbabd75,https://learn.microsoft.com/en-us/defender-endpoint/onboard-server?accept=text/markdown,200,092eeb8862bbdc05,2026-09-28T03:46:03Z
S-5igis2cq,https://learn.microsoft.com/windows/deployment/do/mcc-ent-create-resource-and-cache,,,,,,,,"""ClPTrbUt0ZyNMnRXvTUjaOOrgHI=""","Tue, 25 Aug 2026 10:50:21 GMT",bf17f79b64c3aac726b3810123cb3c8bb6b725ac,1134e4090a5ff2693b65656da220092a48b581e8e096d78e457bc7911f06607d,https://learn.microsoft.com/en-us/windows/deployment/do/mcc-ent-create-resource-and-cache?accept=text/markdown,200,2d08e09830e4680d,2026-09-28T03:46:04Z
S-5jbvhlmx,https://uodo.gov.pl/pl/598/3617,,,,,,,,,,,0516b046bff5ce51fe912e3b6847a35564a08bfb18689cb4a89b35cb8c989ca9,,200,2b85e48782bd6c01,2026-09-28T03:40:35Z
S-5jodj5ne,https://learn.microsoft.com/en-us/graph/api/intune-devices-manageddevice-windowsdefenderscan?view=graph-rest-1.0,2026-09-26T00:00:00Z,,,,,,,"""w+BfSa2p3ugWw5fRMTicRT2p20g=""","Tue, 25 Aug 2026 07:29:46 GMT",c5bdea5b2d849451be9b260f1f9bbf3d27997198,e816d0c873e1d16b768f8e6b7962bb324838b19f0bbf18c453594f9734b6f50d,,200,a99c4d0cd84d622a,2026-09-28T03:46:06Z
S-5kbhtctd,https://raw.githubusercontent.com/MicrosoftDocs/entra-docs/b394c8d643c3f25d8b8deb23505c25acc09dddf5/docs/identity/monitoring-health/howto-integrate-activity-logs-with-azure-monitor-logs.yml,,,,,,,,"""f56c9fbeb73692490d3dd87470beee45802d85c033a6ef706ef8d9088de12ea2""",,,d2c8cba2301deafdf658090385999e2043cbaad4b718dce14a8460ee60d20866,,200,06264ba30a8089a0,2026-09-28T03:45:59Z
S-5kjwbj3c,https://registry.terraform.io/providers/hashicorp/azurerm/latest/docs/resources/sentinel_log_analytics_workspace_onboarding,2026-09-26T00:00:00Z,,,,,,,,"Thu, 24 Sep 2026 23:31:59 GMT",,01ba4719c80b6fe911b091a7c05124b64eeece964e09c058ef8f9805daca546b,,200,0000000000000000,2026-09-28T03:41:03Z
S-5kn2m73o,https://learn.microsoft.com/microsoft-365/admin/manage/manage-tools-for-agent,2026-09-26T00:00:00Z,,,,,,,"""pAOxsj3+olFY5HtxRWUJ5i7wGxw=""","Mon, 24 Aug 2026 02:57:12 GMT",2cc66ed4e86b58374b4be25d5c3cf6aad47b4263,ebc89808b99900dac017801b2167b4c0583ebc38a25f3a222095c2e5fc737110,https://learn.microsoft.com/en-us/microsoft-365/admin/manage/manage-tools-for-agent?view=o365-worldwide&accept=text%2Fmarkdown,200,1e5f5f2bff72a28a,2026-09-28T03:46:06Z
S-5kvx24wm,https://learn.microsoft.com/windows/win32/seccrypto/time-stamping-authenticode-signatures,,,,,,,,"""qzByMQGCAFIIE//BtZ7eADdEECE=""","Wed, 26 Aug 2026 22:39:17 GMT",a27142043660bf5bb59ab5d4eb7ad90c05b3f429,f7f3607c650c10203b6f88e6e14316017037ec0799eb51aa28225f86bfe1e568,https://learn.microsoft.com/en-us/windows/win32/seccrypto/time-stamping-authenticode-signatures?accept=text/markdown,200,7a62b195b81d8016,2026-09-28T03:46:07Z
S-5lgjpf27,https://ai.google.dev/gemini-api/docs/api-errors,,,,,,,,,"Sun, 20 Sep 2026 03:35:13 GMT",,db906d91e87d0ba7227eefe6174af99f9b20aa8f2750fd322cb748428d58665b,,200,27da856bde9dc71e,2026-09-28T03:40:48Z
S-5lqbi3py,https://learn.microsoft.com/en-us/intune/configmgr/core/plan-design/hierarchy/log-files,,,,,,,,"""zJl9gEs+ILNpZ0MK9ch9rZeJacU=""","Mon, 31 Aug 2026 20:22:29 GMT",d3432a8c0e9a1b8706eff71005a6b7ca53c35f98,45958b40965406c0b23ef7722085e7568c34567f0c0584ce8fbf60a5354cc513,,200,69ed0be08692a148,2026-09-28T03:46:08Z
S-5mca3vxo,https://docs.github.com/en/copilot/concepts/billing/organizations-and-enterprises,,,,,,,,,,,056e81b94565fe0113f68b23eb11ce801eda3bf214b858679e84a1cbb7f66ef9,https://docs.github.com/en/copilot/concepts/billing-and-usage/organizations-and-enterprises/seats-and-billing-cycles,200,c1b207c30a9f0142,2026-09-28T03:40:50Z
S-5mkng6kh,https://learn.microsoft.com/office/office-365-management-api/troubleshooting-the-office-365-management-activity-api,2026-09-26T00:00:00Z,,,,,,,"""4bceApb9HlDmcmj5OnWiTfu/e5c=""","Thu, 27 Aug 2026 01:32:27 GMT",dd597a814b03997e066c3fd9f2cba014239403a8,741b524d65384ab877bc616f965d2eadc944514d711fda3155b5aee41426e777,https://learn.microsoft.com/en-us/office/office-365-management-api/troubleshooting-the-office-365-management-activity-api?accept=text/markdown,200,4b2add66db83d367,2026-09-28T03:46:10Z
S-5nnb4rik,https://learn.microsoft.com/en-us/defender-xdr/advanced-hunting-best-practices,2026-09-26T00:00:00Z,,,,,,,"""0y1FNceSdFyG4SvVv+bMP9dlv2g=""","Mon, 24 Aug 2026 07:44:45 GMT",7866c8612172a30dbf8222f3a6787ae893d1ad7b,3003e98a75858a3474d24f52e3186c95bcc42399f8bfdff9b7854dd29c44c995,,200,e6f7a67e39c0e003,2026-09-28T03:46:10Z
S-5paxdbvt,https://docs.github.com/en/copilot/concepts/agents/cloud-agent/about-cloud-agent,,,,,,,,,,,8fc6f7d866cfe58e7150dafd6853f8b83562500d06507a6ba7703a521a49d0cc,,200,3f63935ad6bfc282,2026-09-28T03:40:51Z
S-5pkzlomo,https://learn.microsoft.com/en-us/windows/security/operating-system-security/sysmon/overview,2026-09-26T00:00:00Z,,,,,,,"""LxeoOJHq/KfJ2MkVJECiYfut42s=""","Mon, 24 Aug 2026 05:54:23 GMT",03fbbdf7fe3ea90994f5ac27a17fa573a58c44eb,bcba3f0628ff8c8da19c99dc35c867a40992427efcaad507b6401bf95843864f,,200,159a5b3b7ce0b3c2,2026-09-28T03:46:12Z
S-5pmoh6xp,https://docs.langchain.com/oss/python/langgraph/streaming,2026-09-26T00:00:00Z,,,,,,,"W/""12lg1fj2zq13lp4""",,,f1d65777a09252754bbdafb7de6320c5cdcf1104b103775fb0e26ab0094548f9,,200,6537df0a99b21014,2026-09-28T03:41:04Z
S-5q4kuvo5,https://learn.microsoft.com/powershell/microsoftgraph/get-started?view=graph-powershell-1.0,2026-09-26T00:00:00Z,,,,,,,"""LrBzZHMGk2vJ6/HNPawt76u8rqE=""","Wed, 05 Aug 2026 10:16:35 GMT",8ff8e262292a0d4d5b7bb9e65fc1f50c24b38aa6,037ae9ef95698a9607a10261561aa4c88778151fca446e1a2f9e6a0f54f23160,https://learn.microsoft.com/en-us/powershell/microsoftgraph/get-started?view=graph-powershell-1.0&accept=text/markdown,200,ccd9bc19620be949,2026-09-28T03:46:13Z
S-5ry5zerr,https://raw.githubusercontent.com/pypi/warehouse/02dae5a1510bf9ba3fc5ff9ec0d94440055d92ec/docs/blog/posts/2025-11-10-trusted-publishers-coming-to-orgs.md,,,,,,,,"""0f8bf7cf0f816d5fedbf016bf04abbc4b71e73dd58e6f089403416fb7dd63c4f""",,,448f310bc928cde5e5025af25a0b445ff88e0d72234e7999a3bf9401b34969f2,,200,53f2ba40017baec6,2026-09-28T03:45:59Z
S-5sy3a7ev,https://learn.microsoft.com/azure/virtual-machines/maintenance-configurations,2026-09-26T00:00:00Z,,,,,,,"""k1xyB+ULbKD7WV3RLUeRg/GSRPw=""","Sun, 27 Sep 2026 11:40:21 GMT",2f92a16c6bec69e97a67d7846657d58e8d9d2467,226301a66ef1e13bd477237d8ce007b4446c02532a0ac8eb6d737a7db4c085f5,https://learn.microsoft.com/en-us/azure/virtual-machines/maintenance-configurations?accept=text/markdown,200,5a7ae8c68e0f3d0a,2026-09-28T03:46:14Z
S-5szcu5hb,https://learn.microsoft.com/en-us/graph/api/resources/intune-deviceconfig-devicecomplianceactionitem?view=graph-rest-1.0,,,,,,,,"""+9us2CZSNYCDIn45GWj/eJZU3Ro=""","Tue, 25 Aug 2026 16:02:52 GMT",e8eace7fa9bfa9e7afacfe9f5dec1ba42ffd493f,7a9762a4d488c0225e55b133359dd08538d4260580c3ae6d594a37c61461cb3e,,200,c3f3641378f16014,2026-09-28T03:46:15Z
S-5t26tmbz,https://raw.githubusercontent.com/pypi/warehouse/02dae5a1510bf9ba3fc5ff9ec0d94440055d92ec/warehouse/oidc/models/gitlab.py,,,,,,,,"""f9d924ece22a401874cc2acb98b39d5dbca6ee10e0a71834c158ca0fee60310b""",,,956fb90fb8832223316250bf98d7dd459901a8325595b8ff7b1756279caace3a,,200,74deefac76fd6e90,2026-09-28T03:46:00Z
S-5tsg2rir,https://learn.microsoft.com/azure/foundry/agents/environment-setup,2026-09-26T00:00:00Z,,,,,,,"""0rvet5b7hqScD18VWi8pmsCOiLQ=""","Wed, 26 Aug 2026 23:34:24 GMT",33d8adb8102054cb84b9678020f4edc0e8e12f04,6f93c59130c85cce21eccd3133f5e6dd83905af5986d54030d052c2fbc5c3e78,https://learn.microsoft.com/en-us/azure/foundry/agents/environment-setup?accept=text/markdown,200,8d2b4f9a535542ac,2026-09-28T03:46:16Z
S-5ub6genn,https://opentelemetry.io/docs/collector/architecture/,,,,,,,,"""b9e730419c658fa0d80792bc94a7cda3-ssl""",,,c976b4516e11aa01852148aa6bb7ddba69c21e40a1bea2a78bc7600358fe052a,,200,83ce455c992fe9bf,2026-09-28T03:40:55Z
S-5uxkh3j5,https://platform.claude.com/docs/en/api/rate-limits,2026-09-26T00:00:00Z,,,,,,,,,,be93d7b1aa6219c43d0ab80eab7d7b0f873b6f77c57e353ae42c5ec215af26b9,,200,34ec1c720bbafa41,2026-09-28T03:40:25Z
S-5v5lco6w,https://learn.microsoft.com/en-us/intune/configmgr/cloud-attach/use-intune-rbac,,,,,,,,"""IWfeW0hQ0ZqDD5qntmBIMyN9+Eg=""","Wed, 02 Sep 2026 07:09:53 GMT",d3432a8c0e9a1b8706eff71005a6b7ca53c35f98,9b387cb44d3faab5e467ac401972898c58099ec29adf6e38a1e69aa1b60f00dd,,200,2a0429ae78a990f9,2026-09-28T03:46:17Z
S-5vopvhhm,https://learn.microsoft.com/intune/device-enrollment/guide-linux,2026-09-26T00:00:00Z,,,,,,,"""S7Q48V5wnATJgjGdLSfXBXfA3D8=""","Tue, 25 Aug 2026 00:10:25 GMT",a60f43f6f562ded6195ddd8d888335f2d8e11e73,3092691223bb6232a3461a02697e074a7c03fbf06210113d71158bdc228876bf,https://learn.microsoft.com/en-us/intune/device-enrollment/guide-linux?accept=text/markdown,200,d0efbe16c86210b5,2026-09-28T03:46:18Z
S-5x5wqdjs,https://gitlab.com/gitlab-org/gitlab-runner/-/raw/49138a48b894f517d2ebe77dda89929d1f7f9550/executors/virtualbox/virtualbox.go,,,,,,,,"""aa6ea00fcc7b496abc9d6cedc33755b6""",,,b16e57cbf1b2464978bdb87e96bc7e61b729c962c614863a9a15ecad00e7535a,,200,7208576a29c362d1,2026-09-28T03:41:10Z
S-5xcgjq4m,https://raw.githubusercontent.com/PowerShell/DSC/9c60d043f0c018f3026feee481cb6402100f4331/dsc/src/server/list_dsc_functions.rs,,,,,,,,"""48c0050cf065f572432af6e2ca922e5ef44a617b768be910797aad1307b10680""",,,4dc06d58737b268d3eb53589c460c8395d64fdd0f3181e68f442918412f97451,,200,4d802d1d109f7a2f,2026-09-28T03:46:01Z
S-5yckwasl,https://learn.microsoft.com/windows-server/security/kerberos/configuring-kerberos-over-ip,,,,,,,,"""7Qdmk965lxHFdTUqhhcQ7JkPQPI=""","Wed, 26 Aug 2026 01:19:17 GMT",0b16ae06ad3812602f03e2cb495ffb94e18cc575,95ed95559197cb6ba10ef1eae66b0968340d8c6a6f6ec2eb475a9f0d58a6c9f7,https://learn.microsoft.com/en-us/windows-server/security/kerberos/configuring-kerberos-over-ip?accept=text/markdown,200,b1e699854bc73288,2026-09-28T03:46:19Z
S-5ygcb6vm,https://learn.microsoft.com/azure/foundry/agents/how-to/tools/model-context-protocol,2026-09-26T00:00:00Z,,,,,,,"""0cCF5YEsCizKvbDhyTZH4aLuFXc=""","Fri, 04 Sep 2026 22:17:49 GMT",6b4472c639f838a3f7449ff364c2e6dcb1984425,7caee6d3e3544e148c4a8cea110154f1310f696227f4eff69024bca86044ebfc,https://learn.microsoft.com/en-us/azure/foundry/agents/how-to/tools/model-context-protocol?accept=text/markdown,200,d77bf4d1fa8e0966,2026-09-28T03:46:22Z
S-5yopk2hr,https://learn.microsoft.com/entra/id-protection/concept-risky-agents,2026-09-28T04:47:12Z,,,,,,,"""IDpYN7lXIprTdtlgBwEUYaRrRV0=""","Mon, 24 Aug 2026 13:09:10 GMT",ad34633f37c5afe093531a45786ae3b0b9ec8c63,b9c976c8b7df3c1c1734674afe2db77e9ac3237bc8c85d0e7aa1837007fb96ce,https://learn.microsoft.com/en-us/entra/id-protection/concept-risky-agents?accept=text/markdown,304,93dfb7a7f0de0eba,2026-09-28T04:47:12Z
S-5yxttqw4,https://docs.github.com/en/copilot/reference/ai-models/model-hosting,,,,,,,,,,,e17c58b78f76cf6c70ef3eb5e32970dc0c69176e1e861fd19d2917a3d80742da,,200,2f9df11a69c9c295,2026-09-28T03:40:52Z
S-5zawgrph,https://support.microsoft.com/en-us/servicing/os/windows-11/2026/03/march-26-2026-kb5079391-os-builds-26200-8116-and-26100-8116-preview,,,,,,,,,,,ea099185547824ed0a97d5cd65d77baa1a494d49a4f2f83cd43b60d85c3a6d42,,200,ff767e4a29c89159,2026-09-28T03:40:17Z
S-62djuv2f,https://learn.microsoft.com/powershell/module/microsoft.powershell.core/about/about_telemetry,2026-09-26T00:00:00Z,,,,,,,"""RDzOe50HIt661CCyY7upUo5lOBc=""","Thu, 24 Sep 2026 22:14:57 GMT",3c736d2c1993a6af504184d698f8253c1846934d,09494bd8c0c78e7bd306644334b8266c44da44dbe7194934a6a970994d01fa61,https://learn.microsoft.com/en-us/powershell/module/microsoft.powershell.core/about/about_telemetry?view=powershell-7.6&accept=text%2Fmarkdown,200,221c5936e76ea4d0,2026-09-28T03:46:24Z
S-62odry4k,https://learn.microsoft.com/en-us/entra/global-secure-access/troubleshoot-connectors,,,,,,,,"""dLeZQcrhjNPxMW9zD1Mslx3JiB4=""","Mon, 24 Aug 2026 18:29:43 GMT",1f39608b37ff5c19c789b45fd6c75f931d1ae66c,56faa67e990cef931c6714fefbe6bdaedd26a2718363438265380da1f2156227,,200,afd9b22692d93926,2026-09-28T03:46:25Z
S-63f6rimh,https://raw.githubusercontent.com/cannatag/ldap3/v2.9.1/ldap3/protocol/sasl/kerberos.py,,,,,,,,"""9fbf1cb57aaaeb930b34a0e681045153ffa60419fae9c2522f7139c923252e00""",,,e208311649ea1cac23824077236be3152f6a36d4d4857c8c009e3255dab7b590,,200,e639170b297a5769,2026-09-28T03:46:02Z
S-63xwapyo,https://learn.microsoft.com/en-us/troubleshoot/windows-client/active-directory/known-issues-for-group-policy-clients,,,,,,,,"""0z3ll2tV+RXqCYHIf5PnnpQIDoQ=""","Mon, 24 Aug 2026 18:49:36 GMT",2078b0d2409de3ecc561ad1d1409e9582fa754f6,6ae0e72d7055c657b077ee3c7caa43b3514888c957a0d177837f53158676e8b4,,200,4d7bd574ad313961,2026-09-28T03:46:26Z
S-643xsvbr,https://learn.microsoft.com/intune/app-management/deployment/add-lob-macos,2026-09-26T00:00:00Z,,,,,,,"""XJyCP4Fht3mWdhzJgjpmnB9hKfo=""","Mon, 24 Aug 2026 22:51:41 GMT",7328cf31fc7051783f9fdb12250a44d8d227fa1a,d83344327198cdc952a11054df5e813e542942b666aa6843b425cb291da347a2,https://learn.microsoft.com/en-us/intune/app-management/deployment/add-lob-macos?accept=text/markdown,200,41fe0b9afa503610,2026-09-28T03:46:27Z
S-657bicoa,https://raw.githubusercontent.com/modelcontextprotocol/python-sdk/9972c21aa42054fb1450c5fc614761ed11847ec6/pyproject.toml,,,,,,,,"""e1fbf67e191d90e6ce08c98b79bf1dd25566df220ec480796d15479eb8c661f1""",,,b9e5a5946687eeb815203f7bb2e5226dd6b03cc9a871e98ae0d25fce95c7148e,,200,b0750486361395c7,2026-09-28T03:46:03Z
S-65g54lxf,https://age-encryption.org/v1,,,,,,,,"W/""09485247ef5c6b7a78f2dd3ef2a00050""",,,65c28b8d4b1ba809670ca3aa38c2d708602de31a644c18538e018ca02cd1f0a3,https://github.com/C2SP/C2SP/blob/main/age.md,200,0620c4f32ec07714,2026-09-28T03:41:07Z
S-66rxa5r3,https://learn.microsoft.com/powershell/module/microsoft.powershell.core/about/about_update_notifications,2026-09-26T00:00:00Z,,,,,,,"""GciTucdBo23O9EGHKFKVWc9dJMo=""","Fri, 25 Sep 2026 01:50:18 GMT",6480f691b74169a8094ef641475e5bfaaf4aed64,41d23992e5b991e39cfd862384e96834b4dc9c897d3c08e1bbe94455ea7a58ad,https://learn.microsoft.com/en-us/powershell/module/microsoft.powershell.core/about/about_update_notifications?view=powershell-7.6&accept=text%2Fmarkdown,200,428d380c1e04e484,2026-09-28T03:46:29Z
S-67zasdym,https://learn.microsoft.com/en-us/sql/connect/python/mssql-django/microsoft-entra-authentication,,,,,,,,"""opLG9XC3RELjbNy1ODUJZtaMjBE=""","Wed, 09 Sep 2026 16:26:22 GMT",493d462a7f030c23ed5b9eaaa42713277bf90f91,da09aedd0da0a4ef4f4e1df9b2d4c3e0c5bfc9daa63e5c3d0026cdc2fb85b076,,200,38c0aec7a76ffe71,2026-09-28T03:46:30Z
S-6bbkebpi,https://learn.microsoft.com/windows-365/enterprise/provisioning,2026-09-26T00:00:00Z,,,,,,,"""VQUSGGtIgErPvCfkbNlU+i4eXmo=""","Tue, 25 Aug 2026 08:47:46 GMT",afe2b1feda4d45390c0f09a4723fc93f1b4fbde2,58a9860259a43546195ee01dc50a292813e064cc6f3981be8f0434fa514c5f47,https://learn.microsoft.com/en-us/windows-365/enterprise/provisioning?accept=text/markdown,200,a980ccd23cd098e1,2026-09-28T03:46:31Z
S-6bhjc6zo,https://learn.microsoft.com/intune/epm/manage-support-approvals,2026-09-26T00:00:00Z,,,,,,,"""7WohPmeId/3RD6S7HYywSQsiW0w=""","Tue, 25 Aug 2026 00:03:47 GMT",a60f43f6f562ded6195ddd8d888335f2d8e11e73,a92ce69d704e3b7b37f8989cbb4ca30d96ea885d92d0d2a886e40dd9de77d54c,https://learn.microsoft.com/en-us/intune/epm/manage-support-approvals?accept=text/markdown,200,ee6925ff7c245df5,2026-09-28T03:46:32Z
S-6buofrld,https://pypi.org/project/langgraph/,2026-09-26T00:00:00Z,,,,,,,"""pfptCKXcpN5rjXts4YuvJA""",,,c575f5e81930a01f0215b176c12104332fb9ecce8026915526e3fe2d9b412201,,200,6d6c0756031074cc,2026-09-28T03:40:16Z
S-6c6jslfs,https://learn.microsoft.com/azure/sentinel/scheduled-rules-overview,2026-09-26T00:00:00Z,,,,,,,"""ntpxHu9gk6vPy5hDGMo+DEhHtio=""","Wed, 23 Sep 2026 10:24:18 GMT",f835c88e30e06c2865e1d01647b3a0f462a0e707,072e4c549dbe68c58528aed124fb85a7a8bd99f4659ba81be7e6b221da17c667,https://learn.microsoft.com/en-us/azure/sentinel/scheduled-rules-overview?accept=text/markdown,200,0dc084973dc790b9,2026-09-28T03:46:33Z
S-6ca4b7bg,https://learn.microsoft.com/defender-for-identity/alerts-mdi-classic,2026-09-26T00:00:00Z,,,,,,,"""4l6M7t/FT7padoRou35kQgDGcqc=""","Thu, 27 Aug 2026 18:04:49 GMT",efbc79163f4c40337ec8c7124dc89cea7758d243,c78135b271faabe7a03744d33ae9c1b5f2ff877787404201ee9ea53740960e23,https://learn.microsoft.com/en-us/defender-for-identity/alerts-mdi-classic?accept=text/markdown,200,e8103f306525141d,2026-09-28T03:46:34Z
S-6clhfher,https://learn.microsoft.com/entra/identity/hybrid/cloud-sync/how-to-install,2026-09-28T04:47:13Z,,,,,,,"""d+5tSiC2hZu6p2Y9uAJQCCdGACk=""","Mon, 24 Aug 2026 12:48:48 GMT",89033f49670b05030f05cd9a57e7372c33fbecb4,497e2e724ec7790ad55e4800312ecc01cf7a258e5f57e64f85e3144006b93ee2,https://learn.microsoft.com/en-us/entra/identity/hybrid/cloud-sync/how-to-install?accept=text/markdown,304,a14b70352507a4ca,2026-09-28T04:47:13Z
S-6ecweang,https://learn.microsoft.com/entra/identity/conditional-access/howto-target-agent-identities,2026-09-28T04:47:14Z,,,,,,,"""+wYjkyrtMysOyuvWLQigMsLv3QU=""","Mon, 24 Aug 2026 14:06:30 GMT",b61cb23bb53a7a5c92f0b4e30f51ac6e0d452dae,257224496c7d813f42895119fe2d4abd49e51b62b4db86579c766c299b5e6bc4,https://learn.microsoft.com/en-us/entra/identity/conditional-access/howto-target-agent-identities?accept=text/markdown,304,798d549d9a8da742,2026-09-28T04:47:14Z
S-6epv7qzl,https://learn.microsoft.com/en-us/intune/device-management/actions/collect-diagnostics,,,,,,,,"""jULyJMEX9fqWnu3yutEr3945VNk=""","Mon, 24 Aug 2026 22:46:23 GMT",d65c9764fbb452a45e8df42784c2d79ceb862d93,2755c78d55265bf9ee657c80ae5c00279fe88064efda1de09606f3c0bcd76fc7,,200,2b4d2ad50252cf3e,2026-09-28T03:46:37Z
S-6es3rktr,https://learn.microsoft.com/en-us/troubleshoot/windows-server/group-policy/microsoft-policies-sensors-windowslocationprovider-defined,,,,,,,,"""K1wEdqQO1RfIxEXGu7dj7fIu9Hg=""","Mon, 24 Aug 2026 19:09:55 GMT",9bbe5b999f6c16aa1be4c9144345c9fc3ed1e140,ff1733ee8cf244f36b4e655fb0c3d0d4f46c11b86da7f947cb47e5f8fc755ba2,,200,5bda9313e9ca662d,2026-09-28T03:46:38Z
S-6fwniw6n,https://learn.microsoft.com/intune/fundamentals/certificates/connector/prerequisites,2026-09-26T00:00:00Z,,,,,,,"""3p08cRj+mgX4d/ODihq1F1fgjcY=""","Tue, 25 Aug 2026 04:39:17 GMT",a60f43f6f562ded6195ddd8d888335f2d8e11e73,f303e3b39804530fe29209b2bda083518e97480b6a6f041d426b6d1f8996bd9c,https://learn.microsoft.com/en-us/intune/fundamentals/certificates/connector/prerequisites?accept=text/markdown,200,cf5c97ec73ff7c02,2026-09-28T03:46:39Z
S-6glsfens,https://learn.microsoft.com/windows-server/storage/dfs-replication/dfs-replication-overview,2026-09-26T00:00:00Z,,,,,,,"""lfQGO5KXWGoB2lRmxw/zLjkEBsg=""","Wed, 26 Aug 2026 04:14:21 GMT",a67a8c2abcdc729692a24f904778f0b5e8f67773,ab156d382dd7c3bc98fafda5f41f711eea8ed542d7f7c1206d2c9c33f9bbc887,https://learn.microsoft.com/en-us/windows-server/storage/dfs-replication/dfs-replication-overview?accept=text/markdown,200,f3be2756565f1c22,2026-09-28T03:46:40Z
S-6hlzzfeg,https://raw.githubusercontent.com/PowerShell/DSC/9c60d043f0c018f3026feee481cb6402100f4331/resources/windows_personalization/windows_personalization.dsc.adaptedResource.yaml,,,,,,,,"""91ab1f8d3b30ac4bab30a8fdf9c33149a082fcc265848ef96a8f4ae42937973b""",,,eb0e95189ab1e2ede33246ae864325b69782edb307e41d3c8e26b07965d66e1d,,200,02e4d2d705378e50,2026-09-28T03:46:05Z
S-6htyzc3j,https://learn.microsoft.com/autopilot/device-preparation/overview,2026-09-26T00:00:00Z,,,,,,,"""6oC8Zw+Kdgqgqx2oNS8sAz0dIxI=""","Thu, 27 Aug 2026 18:39:46 GMT",6b57bab338907b32036b1a875715eaea395ad1cd,4805ee799dc4f10f805427e6f7bd5521c4b77c3acc98939ee347fafae6b2f939,https://learn.microsoft.com/en-us/autopilot/device-preparation/overview?accept=text/markdown,200,3f0f5f9fa8fba1dd,2026-09-28T03:46:42Z
S-6i4enlqz,https://github.com/microsoftgraph/microsoft-graph-docs-contrib/tree/4ad99fd37a9e2e8538275a0a9cdff7907052f3ec/api-reference/beta/resources,,,,,,,,"W/""b15e5fb6459d6070996632f33797250d""",,,a51c0a57ed825b2056ece50f16eddf60068115d28872738c96784d70cb9e3fe0,,200,4c6a262e90841028,2026-09-28T03:41:40Z
S-6iulw4eo,https://learn.microsoft.com/windows/iot/iot-enterprise/optimize/services,,,,,,,,"""Kk00OKdUMfvpHCmcl/0F/gYHh7c=""","Mon, 24 Aug 2026 22:43:52 GMT",e260164a88955dd744683775f5c44291551a7d4f,f44a19081a61bf827398ef1812b9f9ad7270e80fbe33b129d519f85be63c65a2,https://learn.microsoft.com/en-us/windows/iot/iot-enterprise/optimize/services?accept=text/markdown,200,3e277b6eb2b32d01,2026-09-28T03:46:43Z
S-6jcocxnl,https://learn.microsoft.com/azure/foundry-classic/how-to/develop/agent-evaluate-sdk,2026-09-26T00:00:00Z,,,,,,,"""FFZDRyx66lacQ/RE/ADpBhh4ZIY=""","Mon, 24 Aug 2026 02:52:44 GMT",0b73fbcf2abc51949d7d52a09db7863ceffccb2b,a532d1bb5f7eb1bddfd9a4636f902e2dff1acd10f770a1fcdd304346a53301b1,https://learn.microsoft.com/en-us/azure/foundry-classic/how-to/develop/agent-evaluate-sdk?accept=text/markdown,200,64fb6b973a177d0a,2026-09-28T03:46:44Z
S-6jreovk7,https://msrc.microsoft.com/csaf/provider-metadata.json,,,,,,,,,,,a095c56f655b05b1995a1a16b9d625ab98932a005237c225950fe4f031fbbe1e,,200,38405453752a7f60,2026-09-28T03:41:04Z
S-6jt4shfp,https://learn.microsoft.com/graph/paging,2026-09-26T00:00:00Z,,,,,,,"""vhuocqvzl1OeIh5+yvDrv84PjKw=""","Tue, 25 Aug 2026 00:58:11 GMT",15f91f3675c0efce9de541b31911466cfbd2de42,c12d375e68cd1045901e9645e1febb9de2d3b8ff0134586e607ce508dfe8f5fa,https://learn.microsoft.com/en-us/graph/paging?accept=text/markdown,200,50b0969cc310772b,2026-09-28T03:46:45Z
S-6jy3vnik,https://learn.microsoft.com/intune/endpoint-analytics/app-reliability,2026-09-26T00:00:00Z,,,,,,,"""gcO+C4TYT+vCr70dTZzpqNOV60M=""","Tue, 25 Aug 2026 00:50:19 GMT",3ecdb7650aa4f2e271263e5f5d02ad87b6236d01,29954bac64ef801af14f70978eca16cbfc1bfd641d572de2fca64a1d4a7c3ae8,https://learn.microsoft.com/en-us/intune/endpoint-analytics/app-reliability?accept=text/markdown,200,32ba169a58d55f9a,2026-09-28T03:46:47Z
S-6kqbpp6w,https://gitlab.com/gitlab-org/ci-cd/shared-runners/images/gcp/windows-containers/-/raw/6c5f0fefb5a8fbd1d2f082f16b901f4d74ea01af/cookbooks/preinstalled-software/attributes/default.rb,,,,,,,,"""cefe6a75635d458ac603134262d84906""",,,a563018538d557a8046e30f2ea43ec70e08927a70ffb41148566dd1e7194eeb6,,200,ee70704f86c0aedb,2026-09-28T06:04:41Z
S-6kxfh4ff,https://learn.microsoft.com/windows/client-management/manage-click-to-do,2026-09-26T00:00:00Z,,,,,,,"""grSNXTJo1ogAAcC+pRNR7kmX/5Q=""","Mon, 24 Aug 2026 05:01:46 GMT",74e77e6a034b83177c1d601513457d301f2530ca,9d786a3288119977843e1017ac952bc603f26ed2f5efc38d80f8e14a6d2ce0b5,https://learn.microsoft.com/en-us/windows/client-management/manage-click-to-do?accept=text/markdown,200,5843087f9ef8305a,2026-09-28T03:46:48Z
S-6l4nubjq,https://learn.microsoft.com/en-us/intune/configmgr/hotfix/2409/35360093,,,,,,,,"""V59o+fwnlQjtndjdMK8glazBSPo=""","Sun, 13 Sep 2026 02:58:48 GMT",d3432a8c0e9a1b8706eff71005a6b7ca53c35f98,5361bb6cb5cbf8028409339c75fc3ba501f2e1db51a345bc6e3873da70b07eb4,,200,d09d4ad1f835ec4f,2026-09-28T03:46:49Z
S-6lfftobj,https://privacy.claude.com/en/articles/10023548-how-long-do-you-store-my-data,,,,,,,,,,,999f32d45a787cfc3bd30b661bd4b0d3860079ddd5b31ce99959eb2b7dda627c,,200,63681ed294619011,2026-09-28T03:41:05Z
S-6lmczs32,https://learn.microsoft.com/en-us/troubleshoot/mem/intune/device-enrollment/azure-ad-device-registration-autopilot,,,,,,,,"""Wbn1XdvUMhMi72wPptTDghc8RE0=""","Tue, 25 Aug 2026 13:34:38 GMT",bb630f7c6293f0d416b85310c0b7dcf41ce53975,544a6133447ab7ecc56a039008007397511f07babccd40db28c8d609b211bc97,,200,7e8cb82902cffafe,2026-09-28T03:46:50Z
S-6lyy6mvq,https://learn.microsoft.com/graph/api/intune-apps-win32lobapp-create?view=graph-rest-1.0,2026-09-26T00:00:00Z,,,,,,,"""ogFCV4uEHXS8eGeesxsFP6ObDNk=""","Tue, 25 Aug 2026 17:11:16 GMT",e8eace7fa9bfa9e7afacfe9f5dec1ba42ffd493f,8dea5a640714a32e4983f28e963f271952758875e2377e40fbb37debc2f51771,https://learn.microsoft.com/en-us/graph/api/intune-apps-win32lobapp-create?view=graph-rest-1.0&accept=text/markdown,200,f9d7928018ada44a,2026-09-28T03:46:51Z
S-6m7klb4f,https://learn.microsoft.com/en-us/intune/configmgr/core/plan-design/hierarchy/plan-for-the-sms-provider,,,,,,,,"""HrGIMvFEZXfAjIIx2MJOLvnxEaU=""","Tue, 01 Sep 2026 05:32:18 GMT",d3432a8c0e9a1b8706eff71005a6b7ca53c35f98,dc739d7d8ad6bf1d3af3adbfa8384c52a5c80efd90b409de4848b082867787bd,,200,bda4135fcff665aa,2026-09-28T03:46:52Z
S-6mj4jpce,https://learn.microsoft.com/defender-for-identity/security-posture-assessments/accounts,2026-09-26T00:00:00Z,,,,,,,"""mB+Nusg3h/hx2rTBzKMRs/HJGpw=""","Tue, 25 Aug 2026 17:56:37 GMT",a6b8faa5745d0b95880f0ebcb988bbd66f5c7a52,8febc42ef1db43e2ae98bf90d11af85d2f8cc7ad5c75e3fc5d2d6fd18f228460,https://learn.microsoft.com/en-us/defender-for-identity/security-posture-assessments/accounts?accept=text/markdown,200,df3bbff681b08f7c,2026-09-28T03:46:54Z
S-6nonrav3,https://learn.microsoft.com/powershell/module/microsoft.graph.security/start-mgsecurityhuntingquery,,,,,,,,"""XIusR0grXc1Y8U8nKk1qxgbugo4=""","Thu, 06 Aug 2026 08:14:56 GMT",dc8dccbe9f539943b5d2ee66ad1fcf530e2d8e1b,a1d590d48f719116f5b60e2659155ed506368657d5b657e1cb2e440308f22468,https://learn.microsoft.com/en-us/powershell/module/microsoft.graph.security/start-mgsecurityhuntingquery?view=graph-powershell-1.0&accept=text%2Fmarkdown,200,5a3c375f4bc873b2,2026-09-28T03:46:55Z
S-6onf7joh,https://raw.githubusercontent.com/pyca/cryptography/c8d4429f2f059f7e501446d05b050159d294b809/LICENSE,,,,,,,,"""c78504dd91042d709c83daf4acffe8f27523d943dd06965be919691a0ad2bf09""",,,3e0c7c091a948b82533ba98fd7cbb40432d6f1a9acbf85f5922d2f99a93ae6bb,,200,6289839938456418,2026-09-28T03:46:06Z
S-6osxhfhb,https://cryptography.io/en/latest/fernet/,,,,,,,,"W/""0897265707f0ad86d0ad2a31e2cac7d7""","Mon, 14 Sep 2026 11:10:09 GMT",,351ca94d55fa0ffc436f94c464c49562489842e9e3bec4083e8b850bc4971262,,200,264ec9db42cac997,2026-09-28T03:41:06Z
S-6p7kyiau,https://learn.microsoft.com/intune/device-enrollment/windows/setup-status-page,,,,,,,,"""sEVLCqIykdn3o+ZL9V84MWPGzY8=""","Tue, 25 Aug 2026 00:39:35 GMT",a60f43f6f562ded6195ddd8d888335f2d8e11e73,25e1bfb835575a7c0dcec194ce67a3909b2828a5e973f311acba54ce19695182,https://learn.microsoft.com/en-us/intune/device-enrollment/windows/setup-status-page?accept=text/markdown,200,ee11679c45964018,2026-09-28T03:46:56Z
S-6pobzvll,https://learn.microsoft.com/graph/api/resources/intune-reporting-devicemanagementreports?view=graph-rest-1.0,,,,,,,,"""gLu3wceWx9RnyHFBM3Zm9zquwKM=""","Tue, 25 Aug 2026 11:05:18 GMT",e345b7affa31798542828393bc40023465af9069,ffb3c1f34c304270b331824f0a188566df403cee44daa50de786a3ca8810586e,https://learn.microsoft.com/en-us/graph/api/resources/intune-reporting-devicemanagementreports?view=graph-rest-1.0&accept=text/markdown,200,815b68534d71a832,2026-09-28T03:46:57Z
S-6psxvqdi,https://learn.microsoft.com/entra/id-governance/privileged-identity-management/concept-pim-for-groups,2026-09-28T04:47:15Z,,,,,,,"""aE103AQYhzerpQSRqY85W4LwcQg=""","Wed, 23 Sep 2026 17:53:25 GMT",840b1eb7b6c0ea02a65f15bf0d86116cd978cf8f,3b6cc8afefa61f272985f90edcad18c866d863a016aaee3d0a01ea8c7dd48435,https://learn.microsoft.com/en-us/entra/id-governance/privileged-identity-management/concept-pim-for-groups?accept=text/markdown,304,f507fd7c0329dc29,2026-09-28T04:47:15Z
S-6pxhq347,https://learn.microsoft.com/intune/configmgr/core/servers/deploy/configure/install-and-configure-distribution-points,2026-09-26T00:00:00Z,,,,,,,"""Y0I0RE8b+r+GEpAwPKG0VUMUEPc=""","Tue, 01 Sep 2026 12:07:33 GMT",d3432a8c0e9a1b8706eff71005a6b7ca53c35f98,01b0444009b97896c8857ec1ab4283357ba1f092d9e3bd7ba81bbda5e4497a7d,https://learn.microsoft.com/en-us/intune/configmgr/core/servers/deploy/configure/install-and-configure-distribution-points?accept=text/markdown,200,feb4e33d80f9ae62,2026-09-28T03:46:59Z
S-6q3ioupn,https://learn.microsoft.com/en-us/intune/configmgr/tenant-attach/troubleshoot,,,,,,,,"""czCEiR/CF4VUK1QetzRQEuA7LCA=""","Thu, 03 Sep 2026 22:52:21 GMT",d3432a8c0e9a1b8706eff71005a6b7ca53c35f98,983693e743e6009fcbedab372e09b4f220673067a615e2e21a27cbb62aaca03d,,200,8ae1817eb25ea775,2026-09-28T03:47:00Z
S-6q5tyxki,https://learn.microsoft.com/entra/identity/hybrid/cloud-sync/connect-to-cloud-sync-decision-guide,2026-09-28T04:47:17Z,,,,,,,"""2YkpM9f1H9UEEwckz9KCwpGYspk=""","Mon, 24 Aug 2026 12:48:35 GMT",7e7f75a19b7980129c9e082f14d3885ef7d15f4a,b673057515226a5101982a7a8fdf1cc2a63dda9fc12a76ba7aac83ea0336c332,https://learn.microsoft.com/en-us/entra/identity/hybrid/cloud-sync/connect-to-cloud-sync-decision-guide?accept=text/markdown,304,ec0c2ece59358efd,2026-09-28T04:47:17Z
S-6qn22dge,https://learn.microsoft.com/en-us/intune/configmgr/develop/core/understand/sqlviews/sample-queries-compliance-settings-configuration-manager,,,,,,,,"""LtugiJOTVHvvL8VXSH/X49yhgv4=""","Sat, 29 Aug 2026 09:39:43 GMT",2f58a01e679fc91dc8c8440846c254e1119681fd,7db5dfd02f6339c4c82d4be095247e71e8e959cf6fc623d270e83efdba04221f,,200,4ddceea7e3e49526,2026-09-28T03:47:02Z
S-6rr2wgl6,https://learn.microsoft.com/en-us/intune/configmgr/develop/reference/protect/sms_clientoperation-server-wmi-class,,,,,,,,"""aCy3G0MTJS5kNF4RUqebioaJiE0=""","Tue, 08 Sep 2026 13:20:14 GMT",2f58a01e679fc91dc8c8440846c254e1119681fd,3507b19a3e62a5dacd7529f6090c65711cdd55c204fc1d0622dfe0f7604c4765,,200,0bd99b420e03231a,2026-09-28T03:47:03Z
S-6soaabdg,https://learn.microsoft.com/intune/device-updates/windows/,2026-09-26T00:00:00Z,,,,,,,"""hj2jaq68690XoOnCotYHKK6ucF0=""","Mon, 24 Aug 2026 22:57:31 GMT",ddaa1e513f05e70b71765aa39ce857c868de788d,4b8ed50ce3fcc2aa6a0d2c6e71a7fef29849bbfbcd623f8d3a555920dac6f384,https://learn.microsoft.com/en-us/intune/device-updates/windows/?accept=text/markdown,200,cf534e8484083990,2026-09-28T03:47:05Z
S-6t23b25h,https://learn.microsoft.com/windows/deployment/do/delivery-optimization-workflow,2026-09-26T00:00:00Z,,,,,,,"""Hh/Y2Xe8vCTe+0zG1sXe/4Q2RD4=""","Mon, 24 Aug 2026 06:42:32 GMT",b175011e176a9c0c6f72699fbe1540a490975fbd,a40dd6ab0f9f319f4dc73d71b68e221e4347d687e4756da3acd82bc3ef609c85,https://learn.microsoft.com/en-us/windows/deployment/do/delivery-optimization-workflow?accept=text/markdown,200,ef78295e161d7473,2026-09-28T03:47:06Z
S-6v63iou4,https://learn.microsoft.com/en-us/azure/azure-sql/database/authentication-azure-ad-logins,,,,,,,,"""RpPqG/rZRq/sMP1oP8mS5LWlA9w=""","Mon, 24 Aug 2026 17:53:52 GMT",b114aa26d551ae57eeacf99293a566cf03b8ecc5,8e2926581ddd1238e5399241ab78574821386574f91ba281f45aa145a79091a4,,200,d5cba1930e6e4144,2026-09-28T03:47:07Z
S-6vnttaga,https://learn.microsoft.com/powershell/module/microsoft.powershell.core/about/about_environment_variables,2026-09-26T00:00:00Z,,,,,,,"""/c8CrdfiB4ZwCmcrc2IetFnLg04=""","Thu, 24 Sep 2026 22:28:31 GMT",c4961eb5730e51304b82ed82fa663528f966c56f,b763ed366cfd82a0885e60dc2a22f2f8432c5439c3a53feae02487d689216f0d,https://learn.microsoft.com/en-us/powershell/module/microsoft.powershell.core/about/about_environment_variables?view=powershell-7.6&accept=text%2Fmarkdown,200,95e39434ca95f39d,2026-09-28T03:47:08Z
S-6war5y2t,https://learn.microsoft.com/en-us/intune/configmgr/compliance/deploy-use/monitor-compliance-settings,,,,,,,,"""k35F+7Ov0xCwa3djwRX5KFq07nQ=""","Mon, 31 Aug 2026 12:01:21 GMT",51052ad73287b53494fd1697c225c8e9cb7b6b42,df86b146fbe27b289d747366faaa5a5ee25d829cdb9c9de54095c644f8760bcc,,200,8477c8d54a808d8c,2026-09-28T03:47:09Z
S-6wn73ixe,https://raw.githubusercontent.com/python/peps/ff16962a22fdc5e2095e0cbc5c243ea76e34fb52/peps/pep-0619.rst,,,,,,,,"""d9294a9e366e836f6a90161404838e8c9800424936bd7f8f156df6cba2a40a2e""",,,7b1f04bb4fe937d4d47c3ef7cf66bac93ffdf390a2941ee453df22820ce36b4e,,200,b1f99b7e1e4148b9,2026-09-28T03:46:07Z
S-6x6bb2f3,https://learn.microsoft.com/en-us/power-automate/gateway-manage,,,,,,,,"""O+Kb6H9LoJS0gCeUK8mrtHwnU48=""","Tue, 25 Aug 2026 12:07:01 GMT",53951a226e7bf95a984c78eaa3fd0c43d7e531ba,f6663eebbe21d6ad830009811ebfb962116b2929a943b2fea8ae580553edf260,,200,45e376bc23071767,2026-09-28T23:53:44Z
S-6xjyyd4l,https://learn.microsoft.com/azure/azure-monitor/agents/azure-monitor-agent-overview,2026-09-26T00:00:00Z,,,,,,,"""pwQ8USDEg4DfhWuN3/HB8iQ/ewM=""","Mon, 24 Aug 2026 23:55:54 GMT",e481951cd08586c1207d34b4f2d5c18aef426072,9c514045afc5321d5d4fbc6db90b42843cb34e2dac53724b9f3d1cf59269cab6,https://learn.microsoft.com/en-us/azure/azure-monitor/agents/azure-monitor-agent-overview?accept=text/markdown,200,25beb2708201293d,2026-09-28T03:47:10Z
S-6yngu4zf,https://learn.microsoft.com/defender-endpoint/run-analyzer-windows,2026-09-26T00:00:00Z,,,,,,,"""VePEpRo722lmb4gO4yWpYvA1cHg=""","Mon, 24 Aug 2026 10:03:25 GMT",5ca8b951e25134ed847097416028e749d1d74c6a,30da077303045d693e5da4465292e6890a0125b248c89b836742f9685561e919,https://learn.microsoft.com/en-us/defender-endpoint/run-analyzer-windows?accept=text/markdown,200,6fd17f6753b6488a,2026-09-28T03:47:11Z
S-6ysoloif,https://learn.microsoft.com/agent-framework/agents/tools/hosted-mcp-tools,2026-09-26T00:00:00Z,,,,,,,,,,,,,,
S-735ghpq5,https://learn.microsoft.com/entra/identity/conditional-access/agent-id,2026-09-28T04:47:18Z,,,,,,,"""0R12eavOPAZnHwDeHXdgXzWEGSo=""","Mon, 24 Aug 2026 13:04:05 GMT",07364773f5b98ada6410208f7c0ad5cf4b74a4cf,41d00e9711afe936d8d772c367ab4b6c7828a7c79a504dae28e9ae66e4433e10,https://learn.microsoft.com/en-us/entra/identity/conditional-access/agent-id?accept=text/markdown,304,02dfd78a26aa0c32,2026-09-28T04:47:18Z
S-7365hqko,https://learn.microsoft.com/en-us/windows/win32/adschema/a-lastlogontimestamp,,,,,,,,"""pgSCftcyp/BoREUAJyIOiw5TRZY=""","Thu, 27 Aug 2026 12:54:18 GMT",cb870af942a8a334627c3b3f4ad23c7f49a0e70e,df159a731199f9f798041400d27bb8deff3d7b7bc1417521e0b38d583c799dcd,,200,f08501107a04fe1f,2026-09-28T03:47:13Z
S-73vw637c,https://learn.microsoft.com/windows/client-management/manage-recall,2026-09-26T00:00:00Z,,,,,,,"""LjQE+7Nh3Oktea1Sk7D2lu9rWCA=""","Mon, 24 Aug 2026 03:17:48 GMT",0dbbe4b6585ce04eb42a6aea79014e57deabe0f8,1a93f39fc1bcbace7e39fec529401368b10ee320b52559288db9973f679a367d,https://learn.microsoft.com/en-us/windows/client-management/manage-recall?accept=text/markdown,200,3f71736edbb5823b,2026-09-28T03:47:15Z
S-75xvev6g,https://learn.microsoft.com/en-us/python/api/azure-mgmt-hybridcompute/azure.mgmt.hybridcompute.types.agentconfiguration?view=azure-python,,,,,,,,"""49VnA6VV7nRMFHhafToFFaY0/cU=""","Mon, 28 Sep 2026 03:47:16 GMT",0056790e2b6d6018f83604b46a580c9dce9bd679,1fe29e76dd73bf17ee3ae0bf4a4e47a4a9d3e32693aace6ac4a7ea1491af72b9,,200,143ccf50c4f514b6,2026-09-28T03:47:16Z
S-764hwjk5,https://raw.githubusercontent.com/microsoftgraph/microsoft-graph-docs-contrib/4ad99fd37a9e2e8538275a0a9cdff7907052f3ec/api-reference/v1.0/api/configurationsnapshotjob-get.md,,,,,,,,"""2ede39384b2e6dc53c4dea72e00fc23aa5603aa37dcb99f2d901d14d5b40eb60""",,,3209660367cf384e8116fa75f1a84b8c9b6b395f91099eebba59b58e952488a9,,200,072ad028c9997d41,2026-09-28T03:46:08Z
S-76smovmo,https://github.com/pgvector/pgvector/blob/master/LICENSE,2026-09-26T00:00:00Z,,,,,,,"W/""4d20cb690011fde524751e7ef6dd87f2""",,,15e93973dab6cbd4516734c3607930ce2a6815318a9ef762b79640a8b88849f9,,200,4fa2520c4cf1c8f1,2026-09-28T03:41:40Z
S-77cduhcg,https://learn.microsoft.com/windows-server/administration/windows-commands/manage-bde-status,2026-09-26T00:00:00Z,,,,,,,"""qI0tekNjchZ1acKPAqdElQSRPgM=""","Tue, 25 Aug 2026 22:51:20 GMT",1dde3f071fa8b65476a0f278d15ed67c19b07896,47aa67b52ab137a3758b66441e67185f039b520e93d877694e96884c23421a70,https://learn.microsoft.com/en-us/windows-server/administration/windows-commands/manage-bde-status?accept=text/markdown,200,e3112a148266fedf,2026-09-28T03:47:17Z
S-77ejmtcy,https://learn.microsoft.com/windows-365/enterprise/introduction-windows-365-flex,2026-09-26T00:00:00Z,,,,,,,"""j9mf+Arv9Y9V2Os6JUt4b7PQV9w=""","Fri, 25 Sep 2026 07:01:46 GMT",92a30c96f55c6e48cf3fc872508a3fbbffcec835,50890c94fe55efa33274deae0c14c9ccfefe53baf1982a13fb13ae5b3e11d6c3,https://learn.microsoft.com/en-us/windows-365/enterprise/introduction-windows-365-flex?accept=text/markdown,200,c7071886cdaf02c1,2026-09-28T03:47:18Z
S-77gkdi7q,https://learn.microsoft.com/en-us/windows/client-management/declared-configuration,,,,,,,,"""1kEKaPVSQXW1Xoz97yQHjNLcVfU=""","Mon, 24 Aug 2026 13:07:33 GMT",1493a5a72db82d6a7915960d885588b7a47ac3b2,e6782706bf2c6ea2877d74569f8f0bf52bdd44ed094fd6832153ea1143bc1cfa,,200,93552a5dabd9f5d6,2026-09-28T03:47:19Z
S-77pv663g,https://learn.microsoft.com/windows/ai/new-windows-ml/distributing-your-app,2026-09-26T00:00:00Z,,,,,,,"""8z+0k1VXTuJzWz201NbBjf3xUTs=""","Wed, 26 Aug 2026 18:51:29 GMT",76ddfb47cb4f87276e0e6a28cccbe185bf71e4b3,a8acf55cceb96245d6096638aebbab973afeb39a70cf9b1db637ca0b35e50693,https://learn.microsoft.com/en-us/windows/ai/new-windows-ml/distributing-your-app?accept=text/markdown,200,a6fd1118f19f6237,2026-09-28T03:47:20Z
S-77zvblfr,https://learn.microsoft.com/en-us/windows-server/storage/file-server/smb-feature-descriptions,,,,,,,,"""GBG9YC0nQQAU2EAkSfZ6mruh+aw=""","Wed, 26 Aug 2026 00:05:25 GMT",ea67f9d17adb99ac2be29c511033ed233afef9fa,9310a3bd5b690a73714f97a93262844f3f1b758917009028b8bf51e0f2ddcff4,,200,390ba22ff0f71a1a,2026-09-28T03:47:21Z
S-7aahdyrw,https://learn.microsoft.com/defender-endpoint/configure-endpoints-gp,2026-09-26T00:00:00Z,,,,,,,"""M4swNfbMNkWpvKphx/jOPGsKb3c=""","Tue, 22 Sep 2026 10:27:28 GMT",0509959827002d2bcd212896fe9f5385ee82fe62,d6aad2e13bd15e11770923c667f4039cbd84b1eec0dd1ae902f2b66f1e6dd6c3,https://learn.microsoft.com/en-us/defender-endpoint/configure-endpoints-gp?accept=text/markdown,200,9969fed80fe8b1e4,2026-09-28T03:47:22Z
S-7bcl2ob5,https://learn.microsoft.com/windows/apps/develop/windows-integration/recall/,2026-09-26T00:00:00Z,,,,,,,"""j8H7rs9cx+IJulo48BDDJQdBQas=""","Mon, 24 Aug 2026 16:58:29 GMT",e0b36f13518c690d6c1bbd67d7542aa9ce614a29,1f4a9ff2cce02e33a9491d4ebe2f83fcb511dfed06730e223fb4df2505eb3d62,https://learn.microsoft.com/en-us/windows/apps/develop/windows-integration/recall/?accept=text/markdown,200,3f1fea614c891183,2026-09-28T03:47:24Z
S-7bjorbzz,https://learn.microsoft.com/en-us/previous-versions/windows/it-pro/windows-10/security/threat-protection/auditing/event-4769,,,,,,,,"""UaQrZKxSeYaD8gVp0nyxIEBhi6Y=""","Sat, 19 Sep 2026 09:33:25 GMT",3781a3939e77300af0299d25b3e16928184faa07,077c6d7ffd39016b8af66085d3e0cfdb4e062f6e7397b0280506f10b4c5c3296,,200,5a31d62ee1e2a12d,2026-09-28T03:47:24Z
S-7bouxzdg,https://learn.microsoft.com/troubleshoot/windows-server/windows-security/kerberos-error-kdc-err-s-principal-unknown-or-not-unique,,,,,,,,"""+tB5qwNZsejlTKuP+AqCtb8eL3M=""","Tue, 25 Aug 2026 12:33:52 GMT",ed7cab329190354c13deaa07ea15b6165bbd32fd,99905b1711fc80c42443e5c866cfb270abe2b696d96a54d4ee195d000ba6de0e,https://learn.microsoft.com/en-us/troubleshoot/windows-server/windows-security/kerberos-error-kdc-err-s-principal-unknown-or-not-unique?accept=text/markdown,200,d7fc22ac13880e9d,2026-09-28T03:47:26Z
S-7cnzcrhl,https://learn.microsoft.com/intune/device-management/reports/ref-graph-available-reports,2026-09-26T00:00:00Z,,,,,,,"""uxkOkY76wUl7aMP668CHprv+uIU=""","Mon, 24 Aug 2026 23:24:51 GMT",a60f43f6f562ded6195ddd8d888335f2d8e11e73,871b21ace61441ade0dc29282a713164ba665de15e072c6c97d75786777bcf65,https://learn.microsoft.com/en-us/intune/device-management/reports/ref-graph-available-reports?accept=text/markdown,200,983aebf10580de13,2026-09-28T03:47:27Z
S-7cq3hwv7,https://support.claude.com/en/articles/13930452-manage-custom-roles-on-enterprise-plans,,,,,,,,,,,dd33d829f26634f30cde6bfca3f9322c745c6c9626dfc74dc97ae6a747c31aa3,,200,90540f8782a41a03,2026-09-28T03:40:48Z
S-7cxticpd,https://learn.microsoft.com/autopilot/device-preparation/compare,2026-09-26T00:00:00Z,,,,,,,"""Qvx9XYU1B2KEVIdElFXvaVfELw8=""","Thu, 27 Aug 2026 19:31:58 GMT",6b57bab338907b32036b1a875715eaea395ad1cd,468a6ebf12787d5d4ac7ef873ce45b4bd3377009c6218834f8d10586158e79e7,https://learn.microsoft.com/en-us/autopilot/device-preparation/compare?accept=text/markdown,200,91ee8b9dddbecb5d,2026-09-28T03:47:28Z
S-7d4nrwpk,https://gitlab.com/gitlab-org/gitlab/-/raw/9f1632e2d74cf3c87fce2513c999c6cf84a97ab4/doc/ci/yaml/signing_examples.md,,,,,,,,"""b9190b7d9e466035045bea57b38c530e""",,,3a0f2695b6e7f936b5177c9afbbe0e4e12a495aac8128091d2941d0f48639668,,200,ad23df93bd57dda5,2026-09-28T03:41:11Z
S-7dabdnod,https://learn.microsoft.com/intune/endpoint-analytics/,2026-09-26T00:00:00Z,,,,,,,"""iy7aY5oMUieEVVHFvvn5JCIqWTs=""","Tue, 25 Aug 2026 00:50:15 GMT",8fc35ccd02eee458dd0759b2199a819235e09924,f5fc667daf0f7d95b2a41cfa9a69dcdeb3c6dbea856218b4054f40c04f67a3a5,https://learn.microsoft.com/en-us/intune/endpoint-analytics/?accept=text/markdown,200,d853547499f5db82,2026-09-28T03:47:29Z
S-7ddssdnb,https://raw.githubusercontent.com/microsoft/winget-cli/master/doc/windows/package-manager/winget/returnCodes.md,2026-09-26T00:00:00Z,,,,,,,"""c08ab758e324cde5774e24803b8b85d4220e0ae9b9afe3733b5b703c97136c1c""",,,57f24491a31dadb1f5c16861e3509b4e077c1279cf233a6f16cad8490da7d098,,200,83f56efac2e0aff6,2026-09-28T03:46:09Z
S-7dgnspu4,https://learn.microsoft.com/en-us/troubleshoot/entra/entra-id/user-prov-sync/cannot-enable-device-writeback,2026-09-28T04:47:19Z,,,,,,,"""Ee7CtzjFGx+B65JzYysshoJyT0g=""","Tue, 25 Aug 2026 15:01:51 GMT",9d5042e652863b724cf7343b9c261ca4a7b4b9ae,e4f3986e313bcbc7e84c22c78b91ec169397bc68b688a5bf436e7ca3ce3583e8,,304,52d64d7c090a7f80,2026-09-28T04:47:19Z
S-7f2wrltf,https://learn.microsoft.com/en-us/microsoft-365/admin/manage/agent-details,,,,,,,,"""+DxCFipYAasPzAthy+AmHUdvh6E=""","Mon, 24 Aug 2026 03:07:22 GMT",64321e9bd174d4ab3a16b550963f23ffd7d14cdb,2f09ce28a59edc73f0dcc43156b9fd449ceab6a811bf6886c43c6302aebf55f3,,200,26b835bd1cf61ef7,2026-09-28T03:47:31Z
S-7fmtkrv5,https://raw.githubusercontent.com/astral-sh/ruff/0.16.9/docs/configuration.md,,,,,,,,"""1fed17bb0f3c19add7ffd05aaccf78aa3bc1d228467723f161b437ee95980af8""",,,af29f4ddc2e67016f23db3013d8f37b63699b51cdd12b798837d6a69a4f1a4da,,200,d6e532382382aafb,2026-09-28T03:46:10Z
S-7giv7rol,https://learn.microsoft.com/graph/api/intune-epmgraphapiservice-privilegemanagementelevationrequest-approve?view=graph-rest-beta,2026-09-26T00:00:00Z,,,,,,,"""uh+AtlFd/QXNSR49tLk6/RPGl7o=""","Tue, 25 Aug 2026 12:53:36 GMT",8b52aa93c9c8d9618282f2219f9d0220adfbc038,a2e6840d3c60e20ee81811834adb601824f948ffa95315263d9ba1ea66f3e1ed,https://learn.microsoft.com/en-us/graph/api/intune-epmgraphapiservice-privilegemanagementelevationrequest-approve?view=graph-rest-beta&accept=text/markdown,200,edfd5d00f81df052,2026-09-28T03:47:32Z
S-7gjdhgh5,https://learn.microsoft.com/microsoft-365/copilot/extensibility/plugin-manifest-2.3,2026-09-26T00:00:00Z,,,,,,,"""uXSt2l6FxBsE8as8IFnlXcoTxHM=""","Tue, 01 Sep 2026 05:02:30 GMT",fb9245f1f462d8932ba0dc3ae446ae32cd75321a,8000c2d09428052e1bef99d990cb9560f56b6c5ad86c4b89ad1081dbc3a35cd8,https://learn.microsoft.com/en-us/microsoft-365/copilot/extensibility/plugin-manifest-2.3?accept=text/markdown,200,65bca6fd25c5af40,2026-09-28T03:47:34Z
S-7haqmv5t,https://learn.microsoft.com/office365/servicedescriptions/windows-365-service-description/windows-365-service-description,2026-09-26T00:00:00Z,,,,,,,"""tFPXJjaZqtxel11uflcuhopNXVA=""","Wed, 26 Aug 2026 11:28:35 GMT",af8df2c0f63b1cd923d4837fb3b4f0fc326a0074,407f89a9454c00ef60cdff0240c6bf9dbb7056805b05a3670bb70a740b72b465,https://learn.microsoft.com/en-us/office365/servicedescriptions/windows-365-service-description/windows-365-service-description?accept=text/markdown,200,b9c80116fe216c3a,2026-09-28T03:47:35Z
S-7hxddhnw,https://learn.microsoft.com/en-us/intune/configmgr/develop/core/understand/sqlviews/status-alert-views-configuration-manager,,,,,,,,"""EJujMz9Nd2Sb8obJJbGqXksGjpA=""","Mon, 31 Aug 2026 06:00:23 GMT",2f58a01e679fc91dc8c8440846c254e1119681fd,97637c4a160953f4ea676b9f7afc059de501812f88d1b70e8e6600847dedbbfa,,200,adc8826415f00785,2026-09-28T03:47:36Z
S-7ivxsp4z,https://learn.microsoft.com/api/search?search=device%20identity%20overview&locale=en-us&%24top=3,,,,,,,,,,,c8be075155a48e77a85d1f845cdfbbc89c61941375118b84fb487a9e65d5ec6b,,200,e11090eeafc34220,2026-09-28T03:39:21Z
S-7jumyiid,https://learn.microsoft.com/en-us/intune/configmgr/core/plan-design/changes/whats-new-in-version-2509,,,,,,,,"""0cgvxR4N3oZtSrzPBUUQrjZ9iAI=""","Tue, 01 Sep 2026 08:17:42 GMT",d3432a8c0e9a1b8706eff71005a6b7ca53c35f98,b09f427dae47619bbaec40c92305ad4832cf3ecb21570ec902d59a7aa509e753,,200,acb0a22d1e771565,2026-09-28T03:39:22Z
S-7jwkrwar,https://learn.microsoft.com/copilot/security/security-copilot-application-card-agents,2026-09-26T00:00:00Z,,,,,,,"""Oa1WCXLpnzXdcmUFDmzoHuuPygU=""","Thu, 27 Aug 2026 22:55:30 GMT",7cd628e0092d43d2b4728d881e408ca00a32a7f3,cfd00887758643b689d9a96ca97d26a3074bb772e8fd307f3e25203a64582b1f,https://learn.microsoft.com/en-us/copilot/security/security-copilot-application-card-agents?accept=text/markdown,200,ccb56c3958d42a12,2026-09-28T03:47:37Z
S-7ljvlp5e,https://learn.microsoft.com/graph/api/intune-devices-privilegemanagementelevation-create?view=graph-rest-beta,2026-09-26T00:00:00Z,,,,,,,"""oixRDr/LlRHp1cpfn/qEp9QVLWk=""","Fri, 18 Sep 2026 14:38:49 GMT",3602cccfe6ab9ccaac221c8aa925b3134d055f6b,62ba1128a3fde0537e375061372ff93a79aae20067eb5915c32934262fd76dd9,https://learn.microsoft.com/en-us/graph/api/intune-devices-privilegemanagementelevation-create?view=graph-rest-beta&accept=text/markdown,200,b0961aecfb8dc41a,2026-09-28T03:47:38Z
S-7mgve6s7,https://learn.microsoft.com/en-us/troubleshoot/windows-client/user-profiles-and-logon/event-id-300-windows-hello-successfully-created-in-windows-10,,,,,,,,"""5P8540jJwUf9EtZrDFjY4wgSFhM=""","Mon, 07 Sep 2026 07:51:45 GMT",4b8889779538486b8eb0a0ef44aee9f153b1ec76,a7e200d97ff22df02d6bc73c03bdc65f90ba96053e1d36bf38025035e926216f,https://learn.microsoft.com/en-us/previous-versions/troubleshoot/windows-client/event-id-300-windows-hello-successfully-created-in-windows-10?accept=text%2Fmarkdown,200,797b253644432c0e,2026-09-28T03:47:39Z
S-7n65j7bo,https://learn.microsoft.com/en-us/entra/identity/devices/manage-device-identities,,,,,,,,"""mIV55RO1kFAxLUX9yeJUOlAbDaY=""","Tue, 25 Aug 2026 08:25:08 GMT",229b71bc1380356061995fe528eca7c58b025bf1,302cadbb5082039fa6a4ee374d5794bb8e6f81c3f5ae7c664fb23655e8fdc342,,200,d5297a945b8092e0,2026-09-28T03:39:23Z
S-7nbamxyc,https://learn.microsoft.com/windows-server/identity/ad-ds/tier-model,,,,,,,,"""eSAMvR3F58Ck1Z56acWpu5osS74=""","Wed, 26 Aug 2026 03:18:43 GMT",19ec1e900b041efcfa1a9eed73d1c0ac3555e475,ddef4d8935b7c2013667062dca040f7cc56a0f46c9d79f1ef62394b607aeb9c2,https://learn.microsoft.com/en-us/windows-server/identity/ad-ds/tier-model?accept=text/markdown,200,378dae396ec7d89d,2026-09-28T03:47:40Z
S-7o47ht7q,https://learn.microsoft.com/en-us/windows/whats-new/deprecated-features,,,,,,,,"""/Ldrz1Ij+lXvjLb8XlYihkLGeh8=""","Fri, 25 Sep 2026 17:44:05 GMT",a9224032f205637c4d0c7de938a433d4a2add252,e23d1ce2bd4c112e329b19d0b8ba1d320067170af69ee29d87c1f1fcc3f6742d,,200,da74a28080602494,2026-09-28T03:47:41Z
S-7olkz3h6,https://learn.microsoft.com/windows/deployment/do/waas-delivery-optimization-reference,2026-09-26T00:00:00Z,,,,,,,"""3iWdvmnC+C4irwiz+7DnbWN5g2Q=""","Mon, 24 Aug 2026 06:42:23 GMT",e03e0489ad6873ece4399b382b71bc81cb5f6b21,836df4d727d21b162630c649b42d644ed02a5ba760a92f9dd2d227504d027c1a,https://learn.microsoft.com/en-us/windows/deployment/do/waas-delivery-optimization-reference?accept=text/markdown,200,fab6875456f99700,2026-09-28T03:47:43Z
S-7opbzkmt,https://learn.microsoft.com/intune/configmgr/osd/understand/install-software-updates,2026-09-26T00:00:00Z,,,,,,,"""8TvjWS4tgcQ5QfopaXbS1BTeCiM=""","Wed, 02 Sep 2026 00:27:52 GMT",cfc4e1a6bb2a1f0d6f069bcc6b3d8b4d5ff0793a,138d3f1502e49f3fbc38ff1b1f748aa1f2811b8c3acc0e38e3eb84d118a6a272,https://learn.microsoft.com/en-us/intune/configmgr/osd/understand/install-software-updates?accept=text/markdown,200,e38ab6453118ee16,2026-09-28T03:47:43Z
S-7pmymrvf,https://raw.githubusercontent.com/pytest-dev/pytest/9.1.1/src/_pytest/fixtures.py,,,,,,,,"""c699d5b87316a94cb7b6ff6d515c2ec83dbb09c3524142bdbe0d318900a0f6ae""",,,f5d4d3f848d97411e456d50400d3aaecc19a9b0c90def9151e395ee8952042b7,,200,d86cb518d4076edb,2026-09-28T03:46:11Z
S-7qrbvran,https://learn.microsoft.com/windows/security/operating-system-security/data-protection/bitlocker/,2026-09-26T00:00:00Z,,,,,,,"""DmAihqC7HnsAb71LmSSYLtpTCZg=""","Mon, 24 Aug 2026 15:26:21 GMT",64295cc2ed7722cdd6a5a5dd1cfe615963bccde5,491c2c9d60176762a721ccacd2fd2c5fa0d1413a2171f831fa9d413b525ab72a,https://learn.microsoft.com/en-us/windows/security/operating-system-security/data-protection/bitlocker/?accept=text/markdown,200,eb21da458808fe82,2026-09-28T03:47:46Z
S-7rfzq5p7,https://learn.microsoft.com/en-us/lifecycle/products/powershell,2026-09-26T00:00:00Z,,,,,,,"""s1H66mnYoNwMmVyf1IfXui0d2k4=""","Wed, 19 Aug 2026 17:41:05 GMT",868a12ce999bdc86990a93afb4b7e768928202a7,7503308681ec65cc6140c0b63291fa2fc2840d8f556769d5c900230813bddbd3,,200,879f27d63e971800,2026-09-28T03:47:46Z
S-7s2aa2cm,https://learn.microsoft.com/en-us/intune/configmgr/apps/deploy-use/create-global-conditions,,,,,,,,"""UE5JmjLLhhsci5TqqDasgodiki0=""","Wed, 02 Sep 2026 18:00:46 GMT",d3432a8c0e9a1b8706eff71005a6b7ca53c35f98,f91baefe79a2d9d9641fc29b9c3ea4185d855e8262bbd37458511623e0c0575f,,200,767f1876a8278006,2026-09-28T03:47:47Z
S-7sn3nxho,https://github.com/projectfluent,,,,,,,,"W/""49fbee118a51da447c540d348698e159""",,,a25670d882595c5e5fb068eb1efda46ab51c4230777032b802e606f00ea1862e,,200,f4355aebdf560f79,2026-09-28T03:41:42Z
S-7symcqej,https://learn.microsoft.com/windows/package-manager/#additional-group-policy-settings-for-winget,2026-09-26T00:00:00Z,,,,,,,"""5OH+aeXZmcBNxOc6MFRUy2MzD9o=""","Mon, 24 Aug 2026 17:54:20 GMT",7d5254cb431c1b941e3e68c9604bea2615ade9f1,50cb25a055eefdfeb1719488ae20a686aae0d6b89c904cf4487704715a5c5fd7,https://learn.microsoft.com/en-us/windows/package-manager/?accept=text/markdown,200,87231163b0931b7a,2026-09-28T03:47:49Z
S-7synnxi2,https://learn.microsoft.com/intune/device-enrollment/apple/user-enrollment-methods-ios,2026-09-26T00:00:00Z,,,,,,,"""DE83LzD2krHhO6iOTTd8lcbc6LQ=""","Tue, 25 Aug 2026 02:02:31 GMT",a60f43f6f562ded6195ddd8d888335f2d8e11e73,b24fe524840c901adcc2c7af3209a321e57bf791e44e19796bd2fc4996b49093,https://learn.microsoft.com/en-us/intune/device-enrollment/apple/user-enrollment-methods-ios?accept=text/markdown,200,ce46cf1ad7ff2019,2026-09-28T03:47:50Z
S-7t5ulcii,https://raw.githubusercontent.com/protectai/llm-guard/168c1034ffdb33837e7ae6fd6a16b80567c1be03/llm_guard/vault.py,,,,,,,,"""b6441887e867401c9e5ea30afa379682181490b042c19711ae5e0e4074c4f422""",,,f35f9ebf0f09b13363bdc2d861e7c44aa588a63429dd14789cefb58b60e5b0b7,,200,9059c3fba436f1c0,2026-09-28T03:46:12Z
S-7u4b7p5q,https://pypi.org/project/ldap3/,,,,,,,,,,,294487957d669cd29f78b0e66a7481df0e53fb8ebe2c6e9f894768df47c12152,,200,bdb99a002fbe1807,2026-09-28T03:40:16Z
S-7uk5ui7z,https://api.first.org/epss/,,,,,,,,,"Fri, 25 Sep 2026 20:30:25 GMT",,d027691879e097eb50f81d45951257bfd2cd78aaacf15bc629b2f77bc6fac731,,200,c8fdd9effde46f1d,2026-09-28T03:41:06Z
S-7uw4d77y,https://modelcontextprotocol.io/specification/2026-07-28/server/utilities/pagination,2026-09-26T00:00:00Z,,,,,,,,"Mon, 28 Sep 2026 03:41:02 GMT",,b1f73c55e55975fad1cacbea569d1237329087b10be580b3e0e61073cb8a9cf2,,200,9e075506a48cb2f4,2026-09-28T03:41:02Z
S-7vu7gftp,https://docs.github.com/en/copilot/concepts/billing/copilot-requests,,,,,,,,,,,1dd39329fc5d27031b15165ae5521feee157bed0921d91835b0705c6f7560a31,https://docs.github.com/en/copilot/reference/copilot-billing/request-based-billing-legacy/copilot-requests,200,bf678073627bf5f9,2026-09-28T03:40:54Z
S-7war6bpq,https://learn.microsoft.com/intune/cloud-pki/configure-ca,2026-09-26T00:00:00Z,,,,,,,"""IBoz1TltQ/HE3W5VZYN9yZGImBk=""","Wed, 26 Aug 2026 18:13:23 GMT",7328cf31fc7051783f9fdb12250a44d8d227fa1a,1780779776a05aafbc5edbfa9b3ec65df7a7a5180d8d1da135e15f320f97a259,https://learn.microsoft.com/en-us/intune/cloud-pki/configure-ca?accept=text/markdown,200,7aaff4d634dbf4b8,2026-09-28T03:47:51Z
S-7x2lmxhr,https://learn.microsoft.com/intune/whats-new/,2026-09-26T00:00:00Z,,,,,,,"""uOQh0rPUrnjN9Gvr8KumKzaD5PA=""","Fri, 25 Sep 2026 23:31:30 GMT",25e6e531e232c8cb9ca893eeb360b35947bdca3a,9d456f07c18c619def283c50c82dc2fe1ba384ae932153bf2c59dd63af783108,https://learn.microsoft.com/en-us/intune/whats-new/?accept=text/markdown,200,a7eec48c86030a21,2026-09-28T03:47:52Z
S-7xsfc3ct,https://raw.githubusercontent.com/modelcontextprotocol/registry/bf4e88cbe8d1a635c06144ccea1d24cb52fa6186/internal/validators/schemas/2025-12-11.json,,,,,,,,"""afed6a3a99aa5cc6948c3b513a8f8ae86807218a951618853bd25443918b23ff""",,,87f8820a4c8af4365144a6bd0010885a89ece3f348cfbedd4a457f9f96474d02,,200,96fe5fc5f9d4b6a5,2026-09-28T03:46:13Z
S-7xvirecf,https://raw.githubusercontent.com/astral-sh/uv/0.12.19/docs/concepts/tools.md,,,,,,,,"""e16617b3cbfbca8e35904012924d80ede097cd3cc324d1337ebbbd836be680a5""",,,a920fec19ac40a421c82bfe6ab375916bf2a1a282912cf900c2d8f3bca9301e4,,200,55a2d56c22168e81,2026-09-28T03:46:14Z
S-7y4ltexp,https://learn.microsoft.com/intune/configmgr/develop/reference/sum/sms_adrdeploymentsettings-server-wmi-class,,,,,,,,"""jZNVLdRvyE3fDO5p78XFRWbf28w=""","Thu, 10 Sep 2026 08:13:54 GMT",2f58a01e679fc91dc8c8440846c254e1119681fd,4d0593725aae7829b2e742e6daa40b255b4954638c0983df1675f4e2cd829beb,https://learn.microsoft.com/en-us/intune/configmgr/develop/reference/sum/sms_adrdeploymentsettings-server-wmi-class?accept=text/markdown,200,664122f72e33f39b,2026-09-28T03:47:53Z
S-7z56t65g,https://raw.githubusercontent.com/fluent/fluent-bit/046accf6aded7906f66a1baf0202da349e521736/plugins/in_winevtlog/in_winevtlog.c,,,,,,,,"""226855d4da059cbdedd4da7e7bdadfed2c7b1ace8dd47a2d6e78accb482d5cbd""",,,a87921a946511814e257733d521fb90d90e41234a3c62e6697ec4e7676ff4946,,200,951a78ebfea6462d,2026-09-28T03:46:16Z
S-7ziha7pr,https://learn.microsoft.com/agent-framework/agents/tools/local-mcp-tools,2026-09-26T00:00:00Z,,,,,,,"""BcncDpkgWdcd8gQThIJ5vxYKaLs=""","Wed, 23 Sep 2026 11:21:12 GMT",53b46533ce9ac4b0bebf08ba5302c8a65b73f12a,dc1c15d6a14353f6cae5fe21fbaf8fb7509957c0f0247831711f244b5f35c86c,https://learn.microsoft.com/en-us/agent-framework/agents/tools/local-mcp-tools?accept=text/markdown,200,27e32de38d225d41,2026-09-28T03:47:54Z
S-7zqska24,https://learn.microsoft.com/defender-endpoint/api/unisolate-machine,2026-09-26T00:00:00Z,,,,,,,"""VC3Va7gGQmLUw8GZkINMJN+H5w4=""","Mon, 24 Aug 2026 19:23:17 GMT",e5e024df2189c2f05c8a7a66f60fff59a0c0bfd8,c8c716679ab6137e4216c846d25e82d088c601b254c8c38f1fbf2971a9fbb0b6,https://learn.microsoft.com/en-us/defender-endpoint/api/unisolate-machine?accept=text/markdown,200,ab47458ed19ca40f,2026-09-28T03:47:55Z
S-7zthwzzb,https://gitlab.com/gitlab-org/gitlab/-/raw/9f1632e2d74cf3c87fce2513c999c6cf84a97ab4/doc/ci/jobs/ci_job_token.md,,,,,,,,"""0e04dc27af7fdaa4fe589677d9719c6b""",,,0197a50e138bd2d18d43b0d73595c6599e18bb6db34d3e06ec91db7db5af6449,,200,468f2dadf4cce9b4,2026-09-28T05:19:03Z
S-a2iaeb54,https://learn.microsoft.com/entra/id-governance/entitlement-management-overview,2026-09-28T04:47:20Z,,,,,,,"""/lkpxmncXgVa6++Ayw+NdfKRxhQ=""","Mon, 24 Aug 2026 14:34:11 GMT",ee4e287dab1def2a6212f0bdc83e1d2b2fea1d9b,f8e4ab9b5fb46cd832479588c62baec1a171f46f74e5f24ff143ef7b55535952,https://learn.microsoft.com/en-us/entra/id-governance/entitlement-management-overview?accept=text/markdown,304,009091389ddb7e1b,2026-09-28T04:47:20Z
S-a2rafanj,https://learn.microsoft.com/intune/configmgr/develop/sum/about-synchronizing-the-software-update-point,,,,,,,,"""+mwZPSum0olFqBUfLz1+xa8JAW4=""","Thu, 24 Sep 2026 01:12:45 GMT",2f58a01e679fc91dc8c8440846c254e1119681fd,e8270e9ca6a581e99e10bda469baf8192d2d6f7c07deed7c817c9fca4be4d90a,https://learn.microsoft.com/en-us/intune/configmgr/develop/sum/about-synchronizing-the-software-update-point?accept=text/markdown,200,979b8837bb7362ef,2026-09-28T03:47:57Z
S-a2vstihu,https://learn.microsoft.com/en-us/intune/configmgr/core/clients/manage/inventory/use-resource-explorer-to-view-software-inventory,,,,,,,,"""Dcv41tSWWW0lsZ+lFzFDT+cBbWc=""","Fri, 04 Sep 2026 23:14:13 GMT",d3432a8c0e9a1b8706eff71005a6b7ca53c35f98,071d2a186eaae81ad853333080650f2b9d8297e8197a301cb6078801e97b1333,,200,ff92c95f00671487,2026-09-28T03:47:58Z
S-a2zimsvk,https://code.claude.com/docs/en/data-usage,2026-09-26T00:00:00Z,,,,,,,,"Mon, 28 Sep 2026 03:41:00 GMT",,dfb34737eeb103d3a307c188387ec9ea562f4e5392fea31188d19fa068f55bc0,,200,8e67e554d6188035,2026-09-28T03:41:00Z
S-a3advgfv,https://learn.microsoft.com/en-us/microsoft-identity-manager/microsoft-identity-manager-2016,,,,,,,,"""bd0uZtxQIBH//EnsW60AmojEdY0=""","Mon, 07 Sep 2026 04:55:41 GMT",b8771e2f1d64c8e7d347d058aadff927664151aa,927517dc168eb7e1f9f6f42121e6769e99b77ed300dc4c40642a6a88dbd315a0,,200,f2d4bc1fd9638b0c,2026-09-28T03:47:59Z
S-a3au6nfp,https://learn.microsoft.com/en-us/intune/device-management/tools/run-powershell-scripts-windows,,,,,,,,"""HClF1PK8pG/WJ388k4cMRfEHf2c=""","Mon, 24 Aug 2026 23:37:16 GMT",a60f43f6f562ded6195ddd8d888335f2d8e11e73,19cb852026b8958827d4b845c54f13644f069a9640c42fdc1899f027c9526c95,,200,5dadfc8aa9c5fb42,2026-09-28T03:48:00Z
S-a3n34lxa,https://api.github.com/repos/microsoft/agent-framework-go,,,,,,,,"W/""1943ca968060e2139c0435d8d56fbd15efb41ef6307fced8ea7f4636bbe8e325""","Sun, 27 Sep 2026 18:04:08 GMT",,32aa45e394e6ae0555c005af74825111b8fffacf0917950717a2d1d50844a6d5,,200,b5061d249ffa298e,2026-09-28T03:40:47Z
S-a5yicrda,https://learn.microsoft.com/intune/epm/monitor-reports,2026-09-26T00:00:00Z,,,,,,,"""rs3SIyn2B0BKjWzls3xIMDOK1hk=""","Tue, 25 Aug 2026 00:03:47 GMT",a60f43f6f562ded6195ddd8d888335f2d8e11e73,7f45fb9c5f69943914692877e55991965a03443dae64a1457e6d254300fa0f7e,https://learn.microsoft.com/en-us/intune/epm/monitor-reports?accept=text/markdown,200,74a3fce518c57090,2026-09-28T03:48:02Z
S-a6bblnnl,https://raw.githubusercontent.com/thp/urlwatch/2.29/docs/source/filters.rst,,,,,,,,"""40fe50f7cc34b23142c9d90080851bce68ab1220a00224efdba155ab3794f47f""",,,0d9bc9d0bc230b8dacd731452b65c0f91d6f330368296edaeddef126932ba62a,,200,cfc7fedab7fbcaf1,2026-09-28T04:05:43Z
S-a7iwz7je,https://learn.microsoft.com/powershell/module/bitlocker/suspend-bitlocker,2026-09-26T00:00:00Z,,,,,,,"""+qayiaD8oFLaHF6TnxZTPevOv7c=""","Wed, 05 Aug 2026 15:06:40 GMT",0ef3f225d29e26d1cf3119f37dfff70bb6165746,46837543b68595d5f3ee7518f9f83cbf111b2518f33ef61e18474ac19e4c25cb,https://learn.microsoft.com/en-us/powershell/module/bitlocker/suspend-bitlocker?view=windowsserver2025-ps&accept=text%2Fmarkdown,200,74cd4606d2482106,2026-09-28T03:48:03Z
S-a7zqfimk,https://learn.microsoft.com/en-us/defender-xdr/advanced-hunting-overview,2026-09-26T00:00:00Z,,,,,,,"""Mz2tGEvmowtUK8b/yw6S02E5Vpo=""","Fri, 11 Sep 2026 02:10:24 GMT",bcb6aaeef1580fe3bd410eb73b0045981b0f8706,b0b49cf813195c8a4026181e6058d09843ae444308b0c9471b7f783413401973,,200,a484eba4439e503a,2026-09-28T03:48:04Z
S-aag4xzbw,https://learn.microsoft.com/microsoft-copilot-studio/mcp-server-certification,2026-09-26T00:00:00Z,,,,,,,"""SZ4ZYZC7GHBm2jzMXGxVA9r9vW0=""","Tue, 25 Aug 2026 06:38:40 GMT",d3dd478d56933bdfd2dc0d5e562fd9546ab9823e,c74c656161b0d46dfad565a6340519fcec8da67cc13accd9338095404156cf85,https://learn.microsoft.com/en-us/microsoft-copilot-studio/mcp-server-certification?accept=text/markdown,200,45e1217e1bdf52cb,2026-09-28T03:48:05Z
S-aaryifxi,https://learn.microsoft.com/en-us/intune/configmgr/tenant-attach/scripts,,,,,,,,"""Jd4cmreuBlgekbSte52Fan+h/fM=""","Wed, 02 Sep 2026 07:09:47 GMT",d3432a8c0e9a1b8706eff71005a6b7ca53c35f98,3f7069a05ea153f219aa8d527d68c71fa51bc99577676306e4b6f9fe3c172de4,,200,419085ae8aa5a841,2026-09-28T03:48:06Z
S-ac6jmj3f,https://learn.microsoft.com/graph/api/resources/conditionalaccessdevices?view=graph-rest-1.0,2026-09-28T04:47:21Z,,,,,,,"""VRzwOdMYL3i070b1Y+QbiRCaevk=""","Tue, 25 Aug 2026 10:22:58 GMT",23bf87b00aaa5a93c0cea621c9b00d16ff3e7022,bcc1fccbe77770b4e47dad04fe32282e169f8aaf9c5d6f0bf3fec481474ee47b,https://learn.microsoft.com/en-us/graph/api/resources/conditionalaccessdevices?view=graph-rest-1.0&accept=text/markdown,304,aeac60d45d414952,2026-09-28T04:47:21Z
S-actyzzlw,https://learn.microsoft.com/en-us/intune/configmgr/hotfix/2603/38982839,,,,,,,,"""TSo2q/E7xgW6JMVLS0kJFTd+18k=""","Thu, 17 Sep 2026 13:14:14 GMT",c3fb82c6185d3ac26630f94a8e0098cb60553bb6,d4e3dd2d67790ed95f9bf0c5a3bd439cf3c74af0fb9c66f1e399083f473fdbb8,,200,f99526ebe284e648,2026-09-28T03:48:08Z
S-ad63a4vv,https://learn.microsoft.com/defender-endpoint/api/run-live-response,2026-09-26T00:00:00Z,,,,,,,"""HQ50V4qtK02R30Z1RxjDxQ7AknE=""","Wed, 26 Aug 2026 04:11:46 GMT",23d28f011533b0dde38a4f82738992a4ac8641cd,20c859b88eb39271599a232284a6e8d078a2f464dc4aa47c384104cb4abf72b0,https://learn.microsoft.com/en-us/defender-endpoint/api/run-live-response?accept=text/markdown,200,e3e74e6c3d0e2be0,2026-09-28T03:48:10Z
S-adugdkcv,https://learn.microsoft.com/en-us/microsoft-copilot-studio/agents-experience/tools-add-mcp-server,,,,,,,,"""669RAyldPjFqqcIPdtTKwilStBc=""","Wed, 16 Sep 2026 13:12:37 GMT",2c9b59e9cf706968b16094e7e2ab310327498aff,d5836158e809659fb09f7046b31e6da6cb309bce201d6e87216a01823b447a6b,,200,2349ad421009d894,2026-09-28T23:53:45Z
S-ahgkqifj,https://microsoft365dsc.com/user-guide/get-started/snapshot-of-existing-tenant/,2026-09-26T00:00:00Z,,,,,,,"""6ab9715e-45967""","Sun, 27 Sep 2026 19:41:18 GMT",,be9209d185f0309e9a23192dcface18a07ad62c150d59f23758f170452bc59ee,,200,4b29cc3c8c0deba4,2026-09-28T03:41:03Z
S-aioepkro,https://learn.microsoft.com/entra/id-governance/privileged-identity-management/pim-how-to-configure-security-alerts,2026-09-28T04:47:22Z,,,,,,,"""wv1D7OEWkFgaapVmUYhhxn0rbpE=""","Mon, 24 Aug 2026 14:30:27 GMT",20238638c64fa85ef15bb4fb2d88dc06b9da16ba,0ce307179a017ade0016e6efbbba34177bb89c3bf17e36c310a3d9565a142d63,https://learn.microsoft.com/en-us/entra/id-governance/privileged-identity-management/pim-how-to-configure-security-alerts?accept=text/markdown,304,0eba34279c4000d2,2026-09-28T04:47:22Z
S-aljzuasy,https://www.ncsc.gov.uk/collection/device-security-guidance/platform-guides/windows,,,,,,,,,"Fri, 25 Sep 2026 11:44:07 GMT",,8a29033052335cec1a4ec0d605a759bc5cfac1aad04994e4887c367ad1c469db,,200,28eaed8cc8a0a5a9,2026-09-28T03:41:06Z
S-all62inb,https://learn.microsoft.com/azure/foundry/agents/how-to/enable-agent-to-agent-endpoint,2026-09-26T00:00:00Z,,,,,,,"""7j0Fm4C6DBQ3vtjHz2CojL1UTE4=""","Thu, 24 Sep 2026 22:43:54 GMT",b3997ac801188b3c48a6f3d14946ceae36aa36b8,4845be747bdae7232f6e88f7653b151114d67272382af1d33563eff1961dddde,https://learn.microsoft.com/en-us/azure/foundry/agents/how-to/enable-agent-to-agent-endpoint?accept=text/markdown,200,3d2ecc9fdb117c5b,2026-09-28T03:48:12Z
S-alputngy,https://learn.microsoft.com/azure/cloud-adoption-framework/scenarios/hybrid/arc-enabled-servers/eslz-identity-and-access-management,,,,,,,,"""SjqNqJKU68T/18IwsLo7CJaHWV8=""","Fri, 28 Aug 2026 01:51:27 GMT",9e9db6f427b04cccdc3040b31aaf3440eaf5b994,5081fc5da3020e7c6a38d481c6b6b2c81d68326630eb25708cb440120eeb2895,https://learn.microsoft.com/en-us/azure/cloud-adoption-framework/scenarios/hybrid/arc-enabled-servers/eslz-identity-and-access-management?accept=text/markdown,200,a86baf5dfbf5878a,2026-09-28T03:48:13Z
S-alyohfil,https://learn.microsoft.com/en-us/azure/ai-services/language-service/personally-identifiable-information/document-based-pii-overview,,,,,,,,"""0/H/0oztnH778zY/3zIhOJPPxSg=""","Mon, 24 Aug 2026 10:40:33 GMT",674632c258bc04812fac01c4d131096f89cd8825,d9dac719350b1034620232084987428931a1507faf20c8382c170bad27b7990f,,200,d177fa2bd9372ec6,2026-09-28T03:48:14Z
S-ao7pfgez,https://learn.microsoft.com/en-us/troubleshoot/windows-client/networking/access-denied-access-smb-file-share,,,,,,,,"""mBbKS/ENa4GU7YkDJr/WTtAujdM=""","Mon, 24 Aug 2026 21:48:29 GMT",322b73bfe7568826cdfd54ab2f9613f371e8aa1c,48e9c61034baab924af1a951ce65d1db32e72e7129249a327deb2950699513d6,,200,a83e13dca3c2d5ac,2026-09-28T03:48:15Z
S-aprlzyvz,https://learn.microsoft.com/entra/global-secure-access/concept-clients,2026-09-26T00:00:00Z,,,,,,,"""oTvrBX9oYOJbJKwqftY80PjGJ3k=""","Mon, 24 Aug 2026 13:15:06 GMT",31c7679c4790bfc937c81ed5140745a6ec70e6be,0829a132da58261cf5051940fdad4ec239e08e1fb38069474a511bf48a05730f,https://learn.microsoft.com/en-us/entra/global-secure-access/concept-clients?accept=text/markdown,200,c384225fe8a9ac60,2026-09-28T03:48:16Z
S-apvm4dlk,https://learn.microsoft.com/intune/epm/manage-elevation-settings,2026-09-26T00:00:00Z,,,,,,,"""mOBRIc73Oik/PZY2XhXaOWG3wuk=""","Tue, 25 Aug 2026 10:15:16 GMT",a60f43f6f562ded6195ddd8d888335f2d8e11e73,2cc4a73091e2ee6d8f77f8d16959d0adf611fed9fd60207c4105bdc41c882118,https://learn.microsoft.com/en-us/intune/epm/manage-elevation-settings?accept=text/markdown,200,6d013d1d8d7a0c22,2026-09-28T03:48:17Z
S-apxtyshr,https://learn.microsoft.com/azure/sentinel/datalake/sentinel-lake-onboarding,,,,,,,,"""BMJzL0D7U9pOldo/tJzwe6cx+cY=""","Fri, 11 Sep 2026 00:29:12 GMT",bcb6aaeef1580fe3bd410eb73b0045981b0f8706,3ce9af51e45596f3912d224057e2c51101b1ffb532a192c5e242fb3dc3a9625b,https://learn.microsoft.com/en-us/azure/sentinel/datalake/sentinel-lake-onboarding?accept=text/markdown,200,a4a60eb43209162d,2026-09-28T03:48:19Z
S-aqnin65g,https://raw.githubusercontent.com/MinishLab/model2vec/v0.9.0/README.md,,,,,,,,"""509c28afae3995c563d26b0357924131faa9828ae4152b7ff277273145fe1175""",,,b9c886f25e09ad8cf876685494ad59ca66b608d45f16a205191d6f0e4b7630e0,,200,3eb4db86c0526f96,2026-09-28T03:46:17Z
S-arxx6gr5,https://learn.microsoft.com/intune/device-enrollment/apple/overview-automated-enrollment-macos,2026-09-26T00:00:00Z,,,,,,,"""Lo0zlO27wGTdohFy2EF1wy3hNK4=""","Tue, 25 Aug 2026 18:29:34 GMT",a60f43f6f562ded6195ddd8d888335f2d8e11e73,57b2597a8555d9dec3abf8eb378638b03243ca4c0ac7c676a60768aee3ae4d22,https://learn.microsoft.com/en-us/intune/device-enrollment/apple/overview-automated-enrollment-macos?accept=text/markdown,200,492d823710790867,2026-09-28T03:48:20Z
S-arygyiia,https://learn.microsoft.com/en-us/azure/azure-arc/servers/azcmagent,2026-09-26T00:00:00Z,,,,,,,"""WHsbdxTZXjLQgOnpUeWOek5Srn8=""","Tue, 25 Aug 2026 02:44:42 GMT",6af0296f982165c41063855c0552ab1ec8d05066,2004d09ee69ee5ae1e48584c46b4bbc87b647c78267cea3ab3cd2582ef905512,,200,e792c7c5f1874ad0,2026-09-28T03:48:21Z
S-askzkdnt,https://raw.githubusercontent.com/ansible/awx/cf3dd7d0299c1c0d47fb8199154774fe881762ba/docs/rbac.md,,,,,,,,"""761864be04ea7cfb4f9f5911b307703f928c21c7ee3896698a22bbca96fe1d03""",,,35ea0c578d658c79495acc609774f18dd3539f7637d9a4b26d6afb7a757d132e,,200,2d1f51ed8f2d9e09,2026-09-28T03:46:18Z
S-atzopgi7,https://learn.microsoft.com/microsoft-365/copilot/extensibility/declarative-agent-manifest-1.7,2026-09-26T00:00:00Z,,,,,,,"""tdWM3plKi3kgXC0tV2QekDcnKGk=""","Mon, 31 Aug 2026 21:09:35 GMT",d38e3eb99ac56b4367868b3105b4a8f11bb4c8bc,5399790967fd11704ce95fe2a27790c2832c5b37f390f05854ea0e4911856f35,https://learn.microsoft.com/en-us/microsoft-365/copilot/extensibility/declarative-agent-manifest-1.7?accept=text/markdown,200,e1a65a881b810a11,2026-09-28T03:48:23Z
S-autbwi4y,https://context7.com/docs/api-reference/context/get-documentation-context.md,,,,,,,,,,,76ae18dfd0ae63eff46942d0dadac0f8cdd447d72bbd42a0903406a114cfea64,,200,9d2780005915238b,2026-09-28T03:41:06Z
S-av5665nf,https://code.claude.com/docs/en/agent-sdk/hooks,2026-09-26T00:00:00Z,,,,,,,,"Thu, 08 Oct 2026 00:45:07 GMT",,f3e3fa0d71814b60a61a8d91349df2f7bc9e46cf2531e00537a41d93f98ef962,,200,8fae47fd7b487a2c,2026-10-08T00:45:07Z
S-ava6e5jq,https://learn.microsoft.com/en-us/intune/configmgr/develop/reference/compliance/sms_ci_currentcompliancestatus-server-wmi-class,,,,,,,,"""8vrmqc6Ig9ZjY5FCchE4C6xcrQg=""","Mon, 07 Sep 2026 14:18:53 GMT",2f58a01e679fc91dc8c8440846c254e1119681fd,a963176afe23e62c7f861be724e7ac40ac8a1970647484adf3fa1f6947b47c21,,200,3681dbdb46c97f99,2026-09-28T03:48:25Z
S-avju6l5n,https://learn.microsoft.com/entra/agent-id/agent-registry-convergence,2026-09-28T04:47:23Z,,,,,,,"""DpHQNvt5mqLhdnvkWjR8Hbdz7b4=""","Mon, 24 Aug 2026 14:14:27 GMT",e85f784e1a65636de3123abfe2551fe6688ba538,7578a4988f41750218180adb3c0e661fe5dfb58f6843c17403f0998ca2491137,https://learn.microsoft.com/en-us/entra/agent-id/agent-registry-convergence?accept=text/markdown,304,b0cfadf3ec72bdf9,2026-09-28T04:47:23Z
S-awsbvym2,https://raw.githubusercontent.com/PowerShell/DSC/ea572fa755dbd49fb52339043409fbd50a625600/dsc/src/server/invoke_dsc_expression.rs,,,,,,,,"""65b63add79a2f037151eb02eb2b8dcace3f0dff1770a11f1661f7f5c16aa1763""",,,1c9a5235a2929352d4a00bd5876babca9bf799df0386934e98ae6b19e02b94d0,,200,99ddb18df0245201,2026-09-28T03:46:19Z
S-awsrthdz,https://learn.microsoft.com/powershell/scripting/whats-new/differences-from-windows-powershell,2026-09-26T00:00:00Z,,,,,,,"""nreJHP7PH0D1I+ji1HuvNiyfX7c=""","Thu, 24 Sep 2026 22:20:21 GMT",6ab17e972834ae814c7e4d03faf0f6cab83600fc,04e8d3c254fa84b446df9bbcbd4b1cdb3ac3ff9e438e4908681b0c81f49fb00d,https://learn.microsoft.com/en-us/powershell/scripting/whats-new/differences-from-windows-powershell?view=powershell-7.6&accept=text%2Fmarkdown,200,133c7d7698cb26a5,2026-09-28T03:48:27Z
S-awv4qk3v,https://help.glpi-project.org/documentation/modules/administration/rules/inventorytools,,,,,,,,"W/""kqe61hb3xuidsh""",,,9810c18203c1ddd616406a8b697128f8f3cfb693914040d6246aa852ce4ccf94,,200,2bccc745f4a5e0cf,2026-09-28T03:41:06Z
S-ax3gmu7j,https://raw.githubusercontent.com/FiloSottile/age/v1.3.2/README.md,,,,,,,,"""fc9ffda3a053f468221818901240b8686ad89a5f503b9ab4a78151f213fadb6c""",,,d90c6d9472a75b11ab38db6eb23a6734c78eb1a816e07ff5e8038d00f61f3dc0,,200,8e4b87d205eda20b,2026-09-28T03:46:20Z
S-axmpfgwf,https://raw.githubusercontent.com/Azure/Azure-Sentinel/f6cc4352c34b84d781735967808cfc953376e7f2/Solutions/Hybrid%20Attack%20-%20Cloud%20%26%20Identity/Hunting%20Queries/LateralMovement/rdp-to-hybrid-device-followed-by-entra-access.yaml,,,,,,,,"""671453df0d35197c84869d95f8ba9ebb2e4684fe279ace7fcf190596dfe56c99""",,,f6a4e483db80bcee6b798310a2eaf92d45f2de8e851d9de85dbdd71cab6fda5a,,200,280e264f98d14349,2026-09-28T03:46:21Z
S-ay5o5ism,https://learn.microsoft.com/entra/id-governance/licensing-fundamentals,2026-09-28T04:47:24Z,,,,,,,"""vgkE1kC7YYKKqoiA9VNLGxC7ih4=""","Mon, 14 Sep 2026 22:43:25 GMT",e8eb4c7b442a116efd472a62e745cf03b838e7df,4f9b986fa4b888b23d8ae9184067cd6a52423bdc5180686edf2998db390a61ff,https://learn.microsoft.com/en-us/entra/id-governance/licensing-fundamentals?accept=text/markdown,304,188746e8f43be19d,2026-09-28T04:47:24Z
S-ayrhsrlp,https://learn.microsoft.com/agent-framework/workflows/as-agents,,,,,,,,"""sxjUS99UF5LkJG4/zP9ZrjfAtYE=""","Mon, 21 Sep 2026 17:46:18 GMT",a55cf5bbbb880ac4ddf7bdf74a3eb1976a368c7f,d8cc8bb43b12bf5fec86918c5f348be8ca651c7e133c8c804f746da6f2735abf,https://learn.microsoft.com/en-us/agent-framework/workflows/as-agents?accept=text/markdown,200,b1a568f6ebdbd0a2,2026-09-28T03:48:29Z
S-azc2jgah,https://learn.microsoft.com/windows-365/enterprise/role-based-access,,,,,,,,"""c1hrpMeRhX6yXsRUFrL8LoGaUuo=""","Tue, 25 Aug 2026 05:26:35 GMT",09a5d047d0b6574321ca2a840b0964c95bc2250e,065b5f753354d316084a574e130e5806218414c02a85d9629cd80e962472bf6a,https://learn.microsoft.com/en-us/windows-365/enterprise/role-based-access?accept=text/markdown,200,c0ac739001cb6b2e,2026-09-28T03:48:30Z
S-azdam24d,https://github.com/data-privacy-stack/presidio/blob/main/docs/installation.md,,,,,,,,"W/""6965a26b3aa210e53193fe5255391548""",,,cdac97c3161dc6d4cdcb5197daf0ab207f88e33692c4c0997c837eb2c8140e1f,,200,7e2fdd1406838a01,2026-09-28T03:41:43Z
S-azppyixp,https://learn.microsoft.com/en-us/entra/architecture/customize-tokens,,,,,,,,"""E58oeFVS4sKU7HGfX8dOSfAQFKo=""","Mon, 24 Aug 2026 13:44:43 GMT",3e7bfc8000ef8389e948449892e4ab7044ab6efc,7b0bfd4ea30562b4c88cb3c306216b0772489d9a8b5694c512c44b40d36001f0,,200,9442de9870666124,2026-09-28T03:48:31Z
S-azyqynh4,https://learn.microsoft.com/powershell/scripting/security/remoting/jea/audit-and-report?view=powershell-7.6,2026-09-26T00:00:00Z,,,,,,,"""OVUXnp2o8Hojs/SmyZ5K7gANeYM=""","Fri, 25 Sep 2026 12:32:58 GMT",d2da3d7eede5c03b81c26f28d4ba5a67bc200a90,18192d3cbc45f3a09fd2ebc1a57c05843b35b3e02f7474daf5fd813104f95092,https://learn.microsoft.com/en-us/powershell/scripting/security/remoting/jea/audit-and-report?view=powershell-7.6&accept=text/markdown,200,1b63be9e13bcd30d,2026-09-28T03:48:32Z
S-b254clmj,https://raw.githubusercontent.com/microsoftgraph/microsoft-graph-docs-contrib/4ad99fd37a9e2e8538275a0a9cdff7907052f3ec/api-reference/v1.0/includes/permissions/configurationmanagement-post-configurationmonitors-permissions.md,,,,,,,,"""f5bf4c3dcdec6c49e2899bb0aab2602bcab70f6e3149f07346d21774a7350120""",,,206d6724cb7d27d8ae1a0420d54aee5741da035e6de41e60086750e6ad6f5378,,200,b7437036d89e0c28,2026-09-28T03:46:23Z
S-b2kbbt73,https://learn.microsoft.com/en-us/mem/intune/protect/windows-laps-overview,2026-09-26T00:00:00Z,,,,,,,"""QRHMka5wEb81eyXCzfF+/lwrIm0=""","Tue, 25 Aug 2026 00:07:13 GMT",a60f43f6f562ded6195ddd8d888335f2d8e11e73,755159b9b428f0c2142b9e1ac2eb4c09ef5a996d475e6018b0dcd9c00f2bbc4d,https://learn.microsoft.com/en-us/intune/device-security/laps/overview?accept=text%2Fmarkdown,200,3e83e0bec6d9b29f,2026-09-28T03:48:33Z
S-b3l5wbk6,https://learn.microsoft.com/troubleshoot/mem/intune/app-protection-policies/troubleshoot-app-protection-policy-deployment,2026-09-26T00:00:00Z,,,,,,,"""32VHMCs7G/9Fe3527XBqOD9rOjI=""","Wed, 26 Aug 2026 04:12:36 GMT",b05b136706e12dbefa882872f5dba0f6f28bb0f4,5d2e8fc65b983f636a6253687bcf4e25de85df4655ee81cdf2012928e6b782bc,https://learn.microsoft.com/en-us/troubleshoot/mem/intune/app-protection-policies/troubleshoot-app-protection-policy-deployment?accept=text/markdown,200,5f4bf8f9dd918a4b,2026-09-28T03:48:34Z
S-b43o3ma3,https://raw.githubusercontent.com/hashicorp/vault/ae269540b773f0f81fc8c34c36c75d15515e4ec4/LICENSE,,,,,,,,"""a36eb1005909b1a33cd3c693474f8d9661a98ffde4b4305d6881e20c70b08fc9""",,,45f5550c3bf6df29cd3bd8811857dcd8fbb266d319736a11939c32b60d67da64,,200,1aeac0f53873a58a,2026-09-28T03:46:23Z
S-b4bqwu2v,https://platform.claude.com/docs/en/build-with-claude/files,2026-09-26T00:00:00Z,,,,,,,,,,59e42c1b9e451532375320ae32530100f65fcc04808ae4c5243a97deb4906666,,200,c0a337deefb4dc57,2026-09-28T03:40:26Z
S-b4vld673,https://learn.microsoft.com/azure/ai-services/content-safety/concepts/harm-categories,2026-09-26T00:00:00Z,,,,,,,"""24bkulq100TYuLdd3YamgSa7/jM=""","Fri, 18 Sep 2026 22:17:56 GMT",215dd53ffbd9bd69b62e358605c95006802af884,2c230a59a0c4e50b2b0de8fa9e5134f7b59469a7f1f26cc66df87c9103fee9f0,https://learn.microsoft.com/en-us/azure/ai-services/content-safety/concepts/harm-categories?accept=text/markdown,200,9d939fe660e3d054,2026-09-28T03:48:35Z
S-b5ptbcql,https://learn.chatgpt.com/docs/config-file/config-sample,2026-09-26T00:00:00Z,,,,,,,"""52f37e284f9350663d83ca6a9a46fdb7""","Mon, 28 Sep 2026 01:09:42 GMT",,6a14ce27a26ec98e5f126e6a204d49364a97107681826384e0a95b73e7cba5c9,,200,da751205e49260b2,2026-09-28T03:41:03Z
S-b5urflpf,https://learn.microsoft.com/azure/virtual-machines/automatic-vm-guest-patching,2026-09-26T00:00:00Z,,,,,,,"""+8fqK4tufTKAgKHBEjbjz7rdCYU=""","Mon, 24 Aug 2026 18:00:30 GMT",1ef6901807ffd05e0465d6ace879399aa11ba493,bb4e8d7b452b84f830736fdf6e3bbf923c7721167170fd6caf1b3b2b403dc76d,https://learn.microsoft.com/en-us/azure/virtual-machines/automatic-vm-guest-patching?accept=text/markdown,200,b97b215ac2bc9b34,2026-09-28T03:48:37Z
S-b6krqeqe,https://learn.microsoft.com/troubleshoot/mem/intune/device-enrollment/understand-troubleshoot-esp,2026-09-26T00:00:00Z,,,,,,,"""Gl+DKtrZO59FKpcO7BtGoOhfAvE=""","Mon, 24 Aug 2026 19:22:47 GMT",bb630f7c6293f0d416b85310c0b7dcf41ce53975,2aadb737cd1b3aba34f1963736f0fd1f99a7631761682c1674e01d4720647d7a,https://learn.microsoft.com/en-us/troubleshoot/mem/intune/device-enrollment/understand-troubleshoot-esp?accept=text/markdown,200,23de2e5080071b8e,2026-09-28T03:48:38Z
S-b6tooge2,https://raw.githubusercontent.com/MicrosoftDocs/entra-docs/902ee3bc2c29f8c620d375711ce4f3a706e0f238/LICENSE,,,,,,,,"""83241f0584e6fc05fbee8b6c597138b3320d0420db9c2add3d78f14bf2c63354""",,,c2cfccb812fe482101a8f04597dfc5a9991a6b2748266c47ac91b6a5aae15383,,200,1dc3554be8f5e5e1,2026-09-28T03:46:24Z
S-bayhkj2j,https://pypi.org/pypi/agent-framework/json,,,,,,,,"""hYuwVNn6dT8YPiYGXeL0pg""",,,b2101ec204ab882a35edd1993a024c1547046ad1629da69dabd2e5a1819ee8b3,,200,f77815a71142a588,2026-09-28T03:40:18Z
S-bbya5ebc,https://learn.microsoft.com/azure/update-manager/manage-dynamic-scoping,2026-09-26T00:00:00Z,,,,,,,"""NhECDNxJPiKKqUPhV7T5/821Qt0=""","Thu, 24 Sep 2026 16:08:30 GMT",524e07c02a94f1f9fbb5cc7404058f2fff3c44b1,2e7b033753f16ca1229734e742e993c1626d533038a5a66365f886f129244843,https://learn.microsoft.com/en-us/azure/update-manager/manage-dynamic-scoping?accept=text/markdown,200,93ca7028afd8fcf8,2026-09-28T03:48:39Z
S-bbyce4yg,https://learn.microsoft.com/windows/package-manager/winget/troubleshooting,2026-09-26T00:00:00Z,,,,,,,"""GL6mZwrpW9T61rcBo9wlVyT0uN4=""","Mon, 24 Aug 2026 15:07:25 GMT",6fba46d70db3b85e40528241e04d8b1431a4093a,e9a87b028232c85fd9f8d984702703edba3d8c23025838ceea3068996c27b7f6,https://learn.microsoft.com/en-us/windows/package-manager/winget/troubleshooting?accept=text/markdown,200,04b61397ec9bc131,2026-09-28T03:48:40Z
S-bcq2wujf,https://learn.microsoft.com/graph/api/rbacapplication-post-roleassignmentschedulerequests?view=graph-rest-1.0,2026-09-28T04:47:25Z,,,,,,,"""TPzFDXhJYpk7t9uI+4PQNdzFk70=""","Tue, 25 Aug 2026 08:19:37 GMT",c5bdea5b2d849451be9b260f1f9bbf3d27997198,72637f319f22010b47152747c4beb156b79872ab4085887e74168dda991c73b4,https://learn.microsoft.com/en-us/graph/api/rbacapplication-post-roleassignmentschedulerequests?view=graph-rest-1.0&accept=text/markdown,304,b436ec11f31f2142,2026-09-28T04:47:25Z
S-bdcygezh,https://learn.microsoft.com/en-us/windows/security/application-security/application-control/app-control-for-business/operations/citool-commands,2026-09-26T00:00:00Z,,,,,,,"""lrVe9yil1rztiZaoI6bKNKepFMc=""","Mon, 24 Aug 2026 05:43:20 GMT",77a6a0431c7cdec792f49bae0f820f7834fa4ac3,656089521aea252b47ac27564577ad956747cce11dcc76dad5f63fcbdd797826,,200,ae7d65790ff68014,2026-09-28T03:48:42Z
S-bdz52rsk,https://learn.microsoft.com/en-us/python/api/msal/msal.token_cache.serializabletokencache?view=msal-py-latest,,,,,,,,"""GRWNvac7D5atD7S+pgjk0CIVJvk=""","Sun, 09 Aug 2026 10:42:29 GMT",4ea8ef074deaf82992f7beaf5b4179ec94c438ad,e312fb071b00fa1059d1ffc5b645dd627b0628597244c2e8ded3194cb7831f9a,,200,7af3857317501576,2026-09-28T03:48:43Z
S-benv5fbb,https://learn.microsoft.com/en-us/defender-for-identity/deploy/configure-event-forwarding,2026-09-26T00:00:00Z,,,,,,,"""4w4GI4Q94pFSDK9kZgPeiNBEHr8=""","Fri, 28 Aug 2026 20:30:30 GMT",79ec6dfdb43409293cad206983948e719fccd0e8,e58caeca436ed54e7bc16f928bea51296ccdfe2bc188e75cdc9a487c26283ed1,,200,f84992789bb62b8a,2026-09-28T03:48:44Z
S-bf2nomrq,https://learn.microsoft.com/intune/configmgr/osd/deploy-use/create-a-task-sequence-to-install-an-operating-system,2026-09-26T00:00:00Z,,,,,,,"""xa9iLOGD7jd5dULzgrci0qmhLgE=""","Wed, 02 Sep 2026 00:27:35 GMT",cfc4e1a6bb2a1f0d6f069bcc6b3d8b4d5ff0793a,7e806e9a286ad9c9b5fe7b3c21097df8450823ad067ce6962d959db96fb9b68d,https://learn.microsoft.com/en-us/intune/configmgr/osd/deploy-use/create-a-task-sequence-to-install-an-operating-system?accept=text/markdown,200,6658621cab64c1ac,2026-09-28T03:48:45Z
S-bgodqwyo,https://modelcontextprotocol.io/registry/package-types,2026-09-26T00:00:00Z,,,,,,,,"Mon, 28 Sep 2026 03:41:03 GMT",,81a7ddeeafc7c9d39f8950422bdf9f69a9746b644ec455e06178ae9b0c6d5024,,200,3147fd6258be2d24,2026-09-28T03:41:03Z
S-bh6rnbtj,https://learn.microsoft.com/en-us/mem/intune/fundamentals/scope-tags,2026-09-26T00:00:00Z,,,,,,,"""gKQqAD0oqtwaRzqFUuIZA/E1JBU=""","Mon, 24 Aug 2026 22:39:20 GMT",a60f43f6f562ded6195ddd8d888335f2d8e11e73,1a66a0d25d7e269c5d6ba881e66fe1e6a76d5ffacdbb3f881a694069b8ce3511,https://learn.microsoft.com/en-us/intune/fundamentals/role-based-access-control/scope-tags?accept=text%2Fmarkdown,200,f488bc1ac5895b03,2026-09-28T03:48:47Z
S-bivxzhtv,https://docs.langchain.com/oss/python/langgraph/graph-api,2026-09-26T00:00:00Z,,,,,,,"W/""pofk2ynlby126g3""",,,3dd1febb9695cb78f1bc2d4746c7c399c4df46687dfce538b1d6c205db047b8e,,200,db07e470d15250b5,2026-09-28T03:41:05Z
S-bjflxpet,https://learn.microsoft.com/en-us/intune/configmgr/develop/core/understand/sqlviews/security-views-configuration-manager,,,,,,,,"""1T2luDV2IpeUxxhGWyuNZ7TOdmU=""","Fri, 28 Aug 2026 12:29:18 GMT",2f58a01e679fc91dc8c8440846c254e1119681fd,a458f6d233e94eda0e1202ca0e3e4230b8a72905912e49babb2abc874c580a2f,,200,4192e8a41b66efd5,2026-09-28T03:48:47Z
S-bjnw7imn,https://learn.microsoft.com/microsoft-365/admin/manage/agent-registry,2026-09-26T00:00:00Z,,,,,,,"""liUBKBNn9B5zTjkuXbAaZupevxw=""","Tue, 22 Sep 2026 02:47:03 GMT",84722025ccc2367b789aab304dc8a98628279051,674fbbc27d9efa98a0a696e2b3ff830be25323cc12c5491acd97ec901eefd336,https://learn.microsoft.com/en-us/microsoft-365/admin/manage/agent-registry?view=o365-worldwide&accept=text%2Fmarkdown,200,7089cdc900e950d8,2026-09-28T03:48:50Z
S-bl4r6qrk,https://learn.microsoft.com/entra/identity/hybrid/connect/how-to-connect-sync-staging-server,2026-09-28T04:47:26Z,,,,,,,"""aoDL1e1Gd6huy46aAAOQTv5h8fk=""","Fri, 18 Sep 2026 05:11:19 GMT",e67ed0b5a6a8a14dcd70310c00c67023efa31f3b,99ab1ebe8cd21e0a232a8f96de7c8d2f57502d4e3bacec9278f8afc6c0277f0a,https://learn.microsoft.com/en-us/entra/identity/hybrid/connect/how-to-connect-sync-staging-server?accept=text/markdown,304,5fada6cae6697704,2026-09-28T04:47:26Z
S-blcom642,https://github.com/data-privacy-stack/presidio/blob/main/LICENSE,,,,,,,,"W/""2af29ce172811868f08fae98bc1cd95f""",,,a7b87732a877badd1a7975f7c1be85c54b7430676f9ac7d0088967c296d4baac,,200,4de3554960f7a181,2026-09-28T03:41:44Z
S-blfb3mqc,https://modelcontextprotocol.io/extensions/client-matrix,2026-09-26T00:00:00Z,,,,,,,,"Mon, 28 Sep 2026 03:41:04 GMT",,3579c13b964ac400d3e69c0026dba9269e2f2cc886ecb436bd5c67a778b7e1f4,,200,9644eb51a6ad0a2f,2026-09-28T03:41:04Z
S-bmjfyz5c,https://raw.githubusercontent.com/gravitational/teleport/1283425b60ec5f60d509ba4c791183d452923ff7/docs/pages/identity-governance/access-requests/access-requests.mdx,,,,,,,,"""3633d1bf84b767b60ce1bc14a8edbe7a5df61a823195e9a63d35906eecb0baac""",,,5eb8cdf31bffb6bd5ddddc44ae0237fddc2bcc5385530680aabc89e4fc5ca917,,200,01611bfd29a5b5c2,2026-09-28T03:46:26Z
S-bmoruabr,https://learn.microsoft.com/en-us/defender-endpoint/troubleshoot-asr,2026-09-26T00:00:00Z,,,,,,,"""qcHE5+vvxpoJF0p19T1phZ0Ho+k=""","Tue, 25 Aug 2026 23:42:28 GMT",ec2bc43e30801f66a4556b4f59aec2d67563f16c,2a7e9025016dd74275c809d9cd2de07f0de12612986886bde576ff308745422d,,200,183a5fa9c18a8463,2026-09-28T03:48:52Z
S-boionyor,https://learn.microsoft.com/graph/api/intune-devices-userexperienceanalyticsanomaly-list?view=graph-rest-beta,,,,,,,,"""0g1banejcWnO0w5R+IheYrpF2zA=""","Thu, 27 Aug 2026 12:43:33 GMT",8b52aa93c9c8d9618282f2219f9d0220adfbc038,32fd5b0b89bf7774f24608c9f6ca3f77466f39d786958e2dc42b5268686a6e18,https://learn.microsoft.com/en-us/graph/api/intune-devices-userexperienceanalyticsanomaly-list?view=graph-rest-beta&accept=text/markdown,200,6b9d5d28d90df05a,2026-09-28T03:48:53Z
S-bpayn5ic,https://learn.microsoft.com/entra/identity/conditional-access/policy-all-users-device-compliance,2026-09-28T04:47:28Z,,,,,,,"""dCMxOLEQPzdZD4Vp0MC/DPY/qac=""","Mon, 24 Aug 2026 13:14:46 GMT",cf1507d526cc288b20dcda79d2a5661407790f43,78abd2f9949550c75b1413866fc8846b89e677785900bb6f8fa64b8fe75fa128,https://learn.microsoft.com/en-us/entra/identity/conditional-access/policy-all-users-device-compliance?accept=text/markdown,304,c2f204bc29a81495,2026-09-28T04:47:28Z
S-bprslswi,https://learn.microsoft.com/en-us/intune/configmgr/tenant-attach/cmpivot-start,,,,,,,,"""5g72OpWp9McHeoWQEHCboEy6Oqg=""","Thu, 03 Sep 2026 22:52:24 GMT",d3432a8c0e9a1b8706eff71005a6b7ca53c35f98,2d7f37dc36a0dbbb3ffb2d13142459dd3522b6552c098131e5728c391551510f,,200,25cb76860af98966,2026-09-28T03:48:55Z
S-bpw5jqqu,https://raw.githubusercontent.com/microsoftgraph/microsoft-graph-docs-contrib/4ad99fd37a9e2e8538275a0a9cdff7907052f3ec/api-reference/v1.0/api/configurationmonitor-delete.md,,,,,,,,"""fdd610570e39483076eb8b1ae5d6add014f619a447ccf4e12adbec535347f330""",,,b62a40c8436ce1a2b1bc2e664c0dd3b55509ac719077218075613633047f17cb,,200,134c41aa49381b58,2026-09-28T03:46:27Z
S-btl752nc,https://login.microsoftonline.com/common/v2.0/.well-known/openid-configuration,,,,,,,,,,,e87743abfb68b59dc6ba05cde619fb09e0135ba78455c85001cc15a2c7980919,,200,fe479de79e5b0633,2026-09-28T03:41:07Z
S-btmphtyp,https://learn.microsoft.com/azure/sentinel/manage-data-overview,2026-09-26T00:00:00Z,,,,,,,"""bsR+WphpYJuXrDgVOIrkjwfIHVg=""","Mon, 24 Aug 2026 09:08:30 GMT",8d28ec024ab74668d42e29456ae2c8df2a07c745,61d721b620ec73f1a022f1c8b62c2ed12311c739f25b93c7ef7cb474531726db,https://learn.microsoft.com/en-us/azure/sentinel/manage-data-overview?accept=text/markdown,200,0697fca079647858,2026-09-28T03:48:58Z
S-btrwp2yj,https://learn.microsoft.com/en-us/azure/search/hybrid-search-ranking,2026-09-26T00:00:00Z,,,,,,,"""aB1v74Qmo88+VBPT88xHnJos5W4=""","Thu, 17 Sep 2026 22:38:52 GMT",e32619813967031c78ccdc8676b867ff0f7962a5,f5955bf660566ee39ebcdc16e7fc7a6be5de275b6f7f5eb448f1f89b5304fd1f,,200,d8371670f30240d2,2026-09-28T03:48:58Z
S-bujcbcpv,https://learn.microsoft.com/windows/deployment/windows-autopatch/deploy/windows-autopatch-groups-overview,2026-09-26T00:00:00Z,,,,,,,"""s+5mBD3QunrFz7W1rvcX3E668KE=""","Mon, 24 Aug 2026 04:39:54 GMT",b93bba5135ab441e259bbf3d8cb6da66e6c16e89,7ba67bce1ea7619df8fc456564c6765b92ed33dc325c4b0a84b0ba403046220f,https://learn.microsoft.com/en-us/windows/deployment/windows-autopatch/deploy/windows-autopatch-groups-overview?accept=text/markdown,200,2f65b7d80adb4259,2026-09-28T03:48:59Z
S-bvp2lhfv,https://learn.microsoft.com/en-us/defender-xdr/advanced-hunting-devicefilecertificateinfo-table,2026-09-26T00:00:00Z,,,,,,,"""QoEJzXl0BIQ31Xqy2zKvr7alTO4=""","Tue, 25 Aug 2026 14:57:33 GMT",0fdad2971c4f8acbaebefc5e52a5a2f7302a670c,8544e58ecdea6c2c8cd423680d4ff992c64369a3591cb9d3c4a58a9dd087a711,,200,441376420888b441,2026-09-28T03:49:00Z
S-bw46kqrh,https://learn.microsoft.com/en-us/defender-xdr/advanced-hunting-deviceprocessevents-table,2026-09-26T00:00:00Z,,,,,,,"""RBzNfDUoZvWdTmPBZlTbN2d8jSo=""","Mon, 24 Aug 2026 07:47:53 GMT",20450c13d2fe9862d9d19fe5703edd98700ff40a,9f8b71901292388090b4f8445853d47b295eb762d3bd2600e098ab4c7d9af0ee,,200,0fc0fe30c5206842,2026-09-28T03:49:01Z
S-bw54wpjr,https://learn.microsoft.com/defender-endpoint/configure-environment,2026-09-26T00:00:00Z,,,,,,,"""XNwX/zz0Sf6246N+I4wWz8k9bH8=""","Tue, 22 Sep 2026 08:31:21 GMT",0509959827002d2bcd212896fe9f5385ee82fe62,78410a8161de1c3a42cd93d6406724f25a86969b01e70dd4f88088261c9e691a,https://learn.microsoft.com/en-us/defender-endpoint/configure-environment?accept=text/markdown,200,1fa8c2241335f2d5,2026-09-28T03:49:04Z
S-bwyxgvxj,https://learn.microsoft.com/en-us/powershell/module/activedirectory/add-adgroupmember?view=windowsserver2025-ps,,,,,,,,"""NbgJkBsgQuGTR+B29J2dr5pfUII=""","Wed, 05 Aug 2026 14:53:50 GMT",0ef3f225d29e26d1cf3119f37dfff70bb6165746,400465846df2deedf35b8a2d2bc93304ae7164f2fc9a0222004afe497fc279e1,,200,aa5581e10fac212f,2026-09-28T03:49:05Z
S-bx6tsyla,https://learn.microsoft.com/en-us/windows/package-manager/winget/install,2026-09-26T00:00:00Z,,,,,,,"""51cKhDImtu100IKimazBK2wICtI=""","Mon, 24 Aug 2026 14:49:05 GMT",866cea8f1d9b8bd9defb17041a075e3822ca2c06,d79dba6f9ceb350e38120c74690e8ed3acd1f9555f10e771975e6e3a5a10fda9,,200,23a9536118c25f1e,2026-09-28T03:49:06Z
S-bxbx2kp5,https://learn.microsoft.com/graph/api/resources/security-detectionaction?view=graph-rest-beta,,,,,,,,"""rhAMuT56/YlKlwjsguYvX3vfsbk=""","Wed, 26 Aug 2026 04:43:50 GMT",7c311b4d10a84f280ab13de588c715370d5008bb,733a77d96f5b9b06bc0eed89c7d8b627aed37d54faeffe4b2c6ce71023ebb7b8,https://learn.microsoft.com/en-us/graph/api/resources/security-detectionaction?view=graph-rest-beta&accept=text/markdown,200,8f2be0c4512520ac,2026-09-28T03:49:07Z
S-bxionmbk,https://learn.microsoft.com/en-us/azure/sentinel/manage-table-tiers-retention,,,,,,,,"""+uPQhN6SRi5IUFgsFobiVOst7Ok=""","Fri, 11 Sep 2026 07:04:15 GMT",bcb6aaeef1580fe3bd410eb73b0045981b0f8706,c77f7754cdd7b870578f55be11aef2542c64d13d21364debe36c8c424d40379c,,200,279a81f40743337b,2026-09-28T03:49:11Z
S-bxqr5u5d,https://learn.microsoft.com/en-us/windows-server/identity/ad-ds/manage/delegated-managed-service-accounts/delegated-managed-service-accounts-faq,,,,,,,,"""6PrSvxr/XVWZfT7/SM3njqzUjXs=""","Fri, 28 Aug 2026 17:44:38 GMT",ea340f543f54383ddd009c35d9d1afec9cc909ef,b083c54ebbf43506715d1f59e8689422258cc420bb0fe66048150e1aef3457b3,,200,05b7e98930368f4d,2026-09-28T03:49:11Z
S-bygurlbr,https://docs.langchain.com/oss/python/migrate/langchain-mcp-adapters,,,,,,,,"W/""1228oswu8mykbvk""",,,2dd42874093d1f01a39ecdd59456f612ed800082f55186e409981ef132bf4448,,200,3b5eadbbf05918dc,2026-09-28T03:41:06Z
S-byjcvmyn,https://learn.microsoft.com/graph/tutorial-assign-azureadroles,2026-09-28T04:47:29Z,,,,,,,"""mp7z8qAV60g1twRZlDHk+9UK3hM=""","Tue, 25 Aug 2026 16:47:37 GMT",315abdcef4ad417ffe6767e45d4dd4cd5281f41d,03aae528e6eb6b291ec97f77cbd1fb2e7f108f4c4b33a08469999516c5fc28ef,https://learn.microsoft.com/en-us/graph/tutorial-assign-azureadroles?accept=text/markdown,304,951604fc5b9fe431,2026-09-28T04:47:29Z
S-byrq57yo,https://raw.githubusercontent.com/a2aproject/A2A/v1.0.1/specification/json/README.md,,,,,,,,"""6f8b6e177d3581105b13c46e1cca533796df3e2afee20addf7ec87f13ec18b1d""",,,e4e11b319703703cd8a1809b0871b3936a1b2a0e0d34c1b5e0cbe944e2312e07,,200,7218c72925047a22,2026-09-28T03:46:28Z
S-c22robk5,https://www.cisa.gov/news-events/directives/bod-26-04-prioritizing-security-updates-based-risk,2026-09-26T00:00:00Z,,,,,,,,,,,,,,
S-c4224tvs,https://learn.microsoft.com/powershell/module/bitlocker/backuptoaad-bitlockerkeyprotector,2026-09-26T00:00:00Z,,,,,,,"""MUTnj5O98Rp/BkVCM1LPy5SkCA8=""","Wed, 05 Aug 2026 09:44:11 GMT",0ef3f225d29e26d1cf3119f37dfff70bb6165746,9078d0317df3fc294b83482e107a38ab00c0156c757bd92734aef87c0a032111,https://learn.microsoft.com/en-us/powershell/module/bitlocker/backuptoaad-bitlockerkeyprotector?view=windowsserver2025-ps&accept=text%2Fmarkdown,200,574537a9d94190e2,2026-09-28T03:49:14Z
S-c66bl3xp,https://learn.microsoft.com/azure/ai-services/content-safety/quickstart-jailbreak,2026-09-26T00:00:00Z,,,,,,,"""37Y0QIB58C7o0JKL9MqhNWqrgsI=""","Mon, 24 Aug 2026 05:41:06 GMT",777f84fbedeb0995f4fdea6c65bee2f2a4af1657,11ef4c6489aa68e992fbdeb3a8c43b6fedafd042e9708004e1494602f6b5de80,https://learn.microsoft.com/en-us/azure/ai-services/content-safety/quickstart-jailbreak?accept=text/markdown,200,b9377384b9362c91,2026-09-28T03:49:16Z
S-c6kla37l,https://raw.githubusercontent.com/microsoft/Microsoft365DSC/70a46e5b21a358e03d6dda4862d528f19df76383/docs/docs/user-guide/get-started/comparing-configurations.md,,,,,,,,"""a7c22693078285319a9980eaf240013378ac5d0734c1ce03c9db42e0eb1e32f3""",,,381a41cd13c1bcd746b9b4a0bfd76df46e812f3f11f72fb7d87289589a8dd2c5,,200,3c9e939cd3e72bb5,2026-09-28T03:46:29Z
S-c6tea7ux,https://learn.microsoft.com/en-us/windows/client-management/mdm/assignedaccess-csp,2026-09-26T00:00:00Z,,,,,,,"""cXno18zeDC/b7Iw+sA71CIAF8/c=""","Mon, 24 Aug 2026 07:12:25 GMT",aeb8f2bbd5d93e85c6f2a46e2705928aa1df9c9e,bf3319ab5e15e926e8c7318bfdd94689ae6ff57cba75f3935d5aedc72d9f7e49,,200,c6b562842a4073e8,2026-09-28T03:49:16Z
S-c7hn5f2e,https://gitlab.com/gitlab-org/gitlab-runner/-/raw/49138a48b894f517d2ebe77dda89929d1f7f9550/executors/parallels/parallels.go,,,,,,,,"""92609db82205b68c660143cbdedfba79""",,,3ac5cab4e524db2d8b97f33c0a5af067eb44d6a2514b006a16f4d4aa1e4610d7,,200,5380393ce8bd69d1,2026-09-28T03:41:15Z
S-c7vbii6z,https://learn.microsoft.com/en-us/troubleshoot/entra/entra-id/dir-dmns-obj/no-local-admin-privileges-azure-ad-joined-device,2026-09-28T04:47:30Z,,,,,,,"""IcXVLbDOPkXHCgE78n+GZdlVero=""","Tue, 25 Aug 2026 07:11:25 GMT",5057bdbe2cb1671f49746493675ba0957009115c,23074e2e0480716155e13a7ec178b4512369ca1953c16dc4512a9c0fbaaf5826,,304,bbf52cc27fb86774,2026-09-28T04:47:30Z
S-c7yqvidh,https://raw.githubusercontent.com/MicrosoftDocs/azure-ai-docs/23506db856e289788a2486ac0d690218d45dd5ff/articles/ai-foundry/foundry-models/concepts/deployment-types.md,,,,,,,,"""519df40660abd8d7822b76b2d464c19d2b11076b82aab097474884b5ea5e47ff""",,,0b1fc5251924b5dac00e005463ad1139e05715c08161d52f2883830dd8a13ab7,,200,a7eee27e77ce2e4a,2026-09-28T03:46:30Z
S-c7yxdr7e,https://learn.microsoft.com/powershell/scripting/security/remoting/ps-remoting-second-hop?view=powershell-7.6,2026-09-26T00:00:00Z,,,,,,,"""aIniJSyKtpup92+S+hHubU6nrzQ=""","Fri, 25 Sep 2026 05:50:05 GMT",a9cf20c6a0df482d04decbba32d9444805d4b618,7cea6b98ca14112961761e5e9b5b881d75c716de9a03ee9b4eb435eb91470ba3,https://learn.microsoft.com/en-us/powershell/scripting/security/remoting/ps-remoting-second-hop?view=powershell-7.6&accept=text/markdown,200,955d5d5ce238bdac,2026-09-28T03:49:19Z
S-catcwj3d,https://raw.githubusercontent.com/PowerShell/DSC/ea572fa755dbd49fb52339043409fbd50a625600/dsc/src/server/invoke_dsc_resource.rs,,,,,,,,"""f396301fccf172c29dd4d456ccc795e1aea4997f436cd11222b0f0080c93a149""",,,bab9245c5d819e7ecaa70a91a5f6bb39b2d7c69d799d8b98f8fb73b2a92e392c,,200,bcf7006d0c307b63,2026-09-28T03:46:31Z
S-caxeb7wx,https://code.visualstudio.com/docs/agents/reference/mcp-configuration,2026-09-26T00:00:00Z,,,,,,,"W/""22678-/HseFrtHT54D1wizGZw3JBcxArQ""",,,6945d2a3326264f5f06d2e3096f0a6bdc01a45d391bc1f173794001c57f1d888,,200,d26416284b35613c,2026-09-28T03:41:11Z
S-cctucraa,https://learn.microsoft.com/en-us/defender-xdr/advanced-hunting-devicetvmsoftwarevulnerabilities-table,2026-09-26T00:00:00Z,,,,,,,"""+yR6mrtHrULxZbQqwQmMVGnzdhY=""","Mon, 24 Aug 2026 08:16:00 GMT",3b42e1ffb4580e499776312b6bd7d452c16bea72,d37c2bd80cd2fbe194d20c79c782148ecebdb9d1f045ea525a1715234370ae7b,,200,a11777c48f8ca934,2026-09-28T03:49:20Z
S-cfculwad,https://learn.microsoft.com/powershell/scripting/install/powershell-support-lifecycle,2026-09-26T00:00:00Z,,,,,,,"""EdC3H6Se/qbLqIfdnfjY9uv+ZtU=""","Thu, 24 Sep 2026 22:19:51 GMT",0c1f3090b1f33a1bfb99510ffbfa2b724f4911d8,efec47d76cc9196494204c359d0ed90b66a86514c3b5f36385a9751959a33041,https://learn.microsoft.com/en-us/powershell/scripting/install/powershell-support-lifecycle?view=powershell-7.6&accept=text%2Fmarkdown,200,8c96979050235734,2026-09-28T03:49:21Z
S-cfuusq2i,https://docs.swimm.io/continuous-integration/github-app/,,,,,,,,"""1314d7b75a6d0de9a955181613a877989f1e128ec8da8c8f2a11907b5adf3d9e""","Thu, 05 Mar 2026 12:53:44 GMT",,7a990d2814edc05bbc9c5aa0fe1a065c04bce8991474ce94f821115b201e56fd,,200,a308363f83e82931,2026-09-28T03:41:07Z
S-ch6zrjfg,https://learn.microsoft.com/entra/agent-id/agent-owners-sponsors-managers,2026-09-28T04:47:31Z,,,,,,,"""wS4ILIQSy4b5Vd9jMry3V9Nn8gA=""","Thu, 03 Sep 2026 22:52:21 GMT",c5a33d7914a011c1194e43fd45f1a0f7181c8d1c,7a0a2594335818d23d8dced19a7f4ed84152d5bf9b002b309ee7ce57f965d1a3,https://learn.microsoft.com/en-us/entra/agent-id/agent-owners-sponsors-managers?accept=text/markdown,304,58ec4adc3a88c26b,2026-09-28T04:47:31Z
S-ci26bqyc,https://learn.microsoft.com/azure/update-manager/dynamic-scope-overview,2026-09-26T00:00:00Z,,,,,,,"""WVlFr8nAp7T8Gh8r15/zqT9Ojjo=""","Thu, 24 Sep 2026 12:59:08 GMT",524e07c02a94f1f9fbb5cc7404058f2fff3c44b1,16afc3e12729903c6a615acc5bbf1d74d472d88540e03f1db3ed02604399c956,https://learn.microsoft.com/en-us/azure/update-manager/dynamic-scope-overview?accept=text/markdown,200,afb16c824935f2da,2026-09-28T03:49:23Z
S-cjehjzoc,https://learn.microsoft.com/en-us/intune/device-management/actions/autopilot-reset,2026-09-26T00:00:00Z,,,,,,,"""Z/z84gxvW5fXrhFswI8SUqiu76E=""","Mon, 24 Aug 2026 23:38:05 GMT",a691dbb31fb4e63a343455a37e60f0a795e4f261,23a2c4bb834daf456621ca0e891cb59104b47ce9c026a78a743b3b97f0ec758d,,200,f5cdec79d2db1100,2026-09-28T03:49:24Z
S-cjxn455h,https://learn.microsoft.com/agent-framework/integrations/by-component/ui/devui/,2026-09-26T00:00:00Z,,,,,,,"""tacySOSDBUgmebiuq9/VWM3ITu4=""","Tue, 25 Aug 2026 23:46:50 GMT",7cb3ad1a2e43d97cd183d59d65befaa3b8d438d8,5cf16fdb1fd74f209da7e9b5a6cb53634d54c9d157c1976b47ed8d9658c31b15,https://learn.microsoft.com/en-us/agent-framework/integrations/by-component/ui/devui/?accept=text/markdown,200,1d12380508c8e498,2026-09-28T03:49:26Z
S-cklvv7d5,https://learn.microsoft.com/graph/api/virtualendpoint-post-provisioningpolicies?view=graph-rest-1.0,2026-09-26T00:00:00Z,,,,,,,"""6TlxbRd5maSff0dDWsk5JZwc1O8=""","Wed, 26 Aug 2026 06:21:09 GMT",81b33d22bd6e0c616e8aa07481b40f9c07f94e20,06bbda1619abc7e851db68d7868461948a5d8e192bbb72e4a91d48098880b07a,https://learn.microsoft.com/en-us/graph/api/virtualendpoint-post-provisioningpolicies?view=graph-rest-1.0&accept=text/markdown,200,3b594188cd0915f0,2026-09-28T03:49:27Z
S-clekmxkf,https://learn.microsoft.com/troubleshoot/mem/configmgr/update-management/wsus-maintenance-guide,2026-09-26T00:00:00Z,,,,,,,"""kAvJ/9F0iVvXbTqLhGcqG9Wu674=""","Tue, 25 Aug 2026 04:08:20 GMT",9e786ff208317fdea303f73f26edd8877c2b7956,e75827eacc29870a07c139e3fe42645279a1103cf577e91b82119660fb47d539,https://learn.microsoft.com/en-us/troubleshoot/mem/configmgr/update-management/wsus-maintenance-guide?accept=text/markdown,200,0f6b9d1e8421e4e4,2026-09-28T03:49:28Z
S-clgh6hxa,https://github.com/data-privacy-stack/presidio/blob/main/docs/index.md,,,,,,,,"W/""bff0a49827eed9ca7b5d60298409e736""",,,52003a6dbe30188fc42103cd350243fd1ae27fc91dafb7014c928d52cd07acea,,200,f6a6071d55f441e2,2026-09-28T03:41:45Z
S-cmyl6p5v,https://learn.microsoft.com/azure/sentinel/near-real-time-rules,2026-09-26T00:00:00Z,,,,,,,"""2uvSGegaJdC7yd+LvdvQ9AY5gOY=""","Mon, 24 Aug 2026 13:06:45 GMT",6b93986c5a1d6d4a58fc7ae9351fb1cdc648ef1b,104cf185c26a60ba4a19003e30ab9401b046dc7c96c20f5f18003ef7804b14ca,https://learn.microsoft.com/en-us/azure/sentinel/near-real-time-rules?accept=text/markdown,200,7ff7e18e26bf13f0,2026-09-28T03:49:29Z
S-co4oj66f,https://learn.microsoft.com/intune/remote-help/troubleshoot,2026-09-26T00:00:00Z,,,,,,,"""GCWpLPT9zotX5ZCOP+lFBppmlwM=""","Wed, 26 Aug 2026 08:09:49 GMT",797eb6dd291f803944fa0b8c50d792cfade3df62,13c5ede3d5c9848c662dead1b09389ced5deb09d188ba65a488d6d6d277dea0d,https://learn.microsoft.com/en-us/intune/remote-help/troubleshoot?accept=text/markdown,200,2799c64ffed27ed9,2026-09-28T03:49:30Z
S-cos7wdpw,https://raw.githubusercontent.com/pypi/warehouse/02dae5a1510bf9ba3fc5ff9ec0d94440055d92ec/docs/blog/posts/2025-12-31-pypi-2025-in-review.md,,,,,,,,"""d1b9e02791f451b2225bbfdd319d6845d34368f06980b004d156d91795e47faf""",,,61b06edbb514c376cfb80834af252d68ad309046af32c87ca6f26991221b872b,,200,922b5c110bca66b8,2026-09-28T03:46:32Z
S-cprqxpsz,https://learn.microsoft.com/en-us/intune/device-management/actions/wipe,2026-09-26T00:00:00Z,,,,,,,"""hFqw2dyeEl421vEnqDZ/CI3K4RA=""","Fri, 25 Sep 2026 07:40:45 GMT",725e12aad08d21e318697027643748c397d05fd5,c71961d63db95abfb8621d4390acacd2c8fbcfefed3cd6612ba66307611254d4,,200,8cce7056ddd6dcee,2026-09-28T03:49:31Z
S-cqnp7ckg,https://learn.microsoft.com/en-us/openspecs/windows_protocols/ms-sfu/ad98268b-f75b-42c3-b09b-959282770642,,,,,,,,"""rDt8sNPzildQcYWH9XIi6PLkzQE=""","Tue, 25 Aug 2026 13:30:28 GMT",3d957ae2b9b316d0766966aacfb49de0d7026c9f,d9f1b7c8fe4436dd0af5ffb986d5120d4778632fb5d5db6ab9be6832df93d524,,200,0d0832d418ad66cf,2026-09-28T03:49:32Z
S-cqv5zeve,https://learn.microsoft.com/intune/device-configuration/endpoint-security/encrypt-bitlocker-windows,2026-09-26T00:00:00Z,,,,,,,"""MwU7UZuUTAnuOiVzhVB4cIn2QRo=""","Mon, 24 Aug 2026 22:39:03 GMT",a60f43f6f562ded6195ddd8d888335f2d8e11e73,283d7144a204884a81a947dc99452f2f2ae15604f77c1fb8eaa0162ea538977b,https://learn.microsoft.com/en-us/intune/device-configuration/endpoint-security/encrypt-bitlocker-windows?accept=text/markdown,200,b2fa2c828a54d12a,2026-09-28T03:49:33Z
S-cunjuxe3,https://learn.microsoft.com/intune/fundamentals/role-based-access-control/multi-admin-approval,2026-09-26T00:00:00Z,,,,,,,"""gILBC+iIPvj0BLXrcTSrnAtwm7U=""","Mon, 24 Aug 2026 22:39:20 GMT",003013a4bce89612c6e2cdf862e1050d4c700d3a,617442db7a0975ad1539cd071182f44b91f3bfe38e81814018c4ef0036efbd9a,https://learn.microsoft.com/en-us/intune/fundamentals/role-based-access-control/multi-admin-approval?accept=text/markdown,200,f52e7cdc948dc1a1,2026-09-28T03:49:34Z
S-cvu2vf7c,https://messervices.cyber.gouv.fr/guides/mise-en-oeuvre-securisee-dun-serveur-windows,,,,,,,,"W/""60e8-pV897MxMUWFKyfVb4NCC7gZ7Vh4""",,,84f107a005f02a8a6412105bee133ba4d86f6b94d31b19e5b22bd8922c399fd9,,200,cfb17a4c366c82a9,2026-09-28T03:41:08Z
S-cwgzp4nu,https://raw.githubusercontent.com/microsoft/botbuilder-dotnet/50f60f7e7597683ad156e3d2f00f83afcd242e41/README.md,,,,,,,,"""d722558ab09728d95b8def4864581870d117388c634958356f869069b1331092""",,,6de4aec5c9612251072a772d3d9ac7534cb938f961bdf211e167f44e71375b13,,200,88f782679294d906,2026-09-28T03:46:33Z
S-cwnwnkri,https://raw.githubusercontent.com/ukncsc/Device-Security-Guidance-Configuration-Packs/681e07584d3f7a84549ff26bda83e4f1480703f6/Microsoft/Windows/README.md,,,,,,,,"""922a4f88fd2c4d41a124df57de3eeb62a47ae368041c2c07766f0121e19563d0""",,,b7cb4a678e732b5ae1fa4cc5288807b3fa2172c2c4a5b689135f608697c356c5,,200,518d4145b2931d4a,2026-09-28T03:46:34Z
S-cxyrrhvv,https://raw.githubusercontent.com/PowerShell/DSC/4b492407ef4a9875c78986bbb08e1db277581ec9/resources/dism_dsc/src/dism.rs,,,,,,,,"""ae26006fd41ecb57de378e2f796919f4d165fa1a11654e6a41f861d3cc832e88""",,,f62e35782495fcfcc99b48eeed40145f37f8b0a94518406f78f4fe7c5342248f,,200,17c6c8e248846cf2,2026-09-28T03:46:36Z
S-d24ri6px,https://learn.microsoft.com/windows/client-management/mdm/policy-csp-admx-grouppolicy,,,,,,,,"""bC1/P/3Y+n8J3WNTJAc6GNwaV/c=""","Mon, 24 Aug 2026 03:08:52 GMT",aeb8f2bbd5d93e85c6f2a46e2705928aa1df9c9e,abcf001434d7017b55ec99edfaaad8792e6e2cd1253017fbd16457ee776a6c77,https://learn.microsoft.com/en-us/windows/client-management/mdm/policy-csp-admx-grouppolicy?accept=text/markdown,200,2ea03f48bb1d5248,2026-09-28T03:49:35Z
S-d2p4emn5,https://learn.microsoft.com/graph/api/intune-deviceconfigv2-devicemanagementconfigurationpolicy-get?view=graph-rest-beta,,,,,,,,"""6QbARJOcFkvQFyrJV8BRNg4YE10=""","Tue, 25 Aug 2026 12:27:52 GMT",3602cccfe6ab9ccaac221c8aa925b3134d055f6b,1db5b3fa8865a737587d3cb8979ae36df610693d5aa09afb8942531ae6051edb,https://learn.microsoft.com/en-us/graph/api/intune-deviceconfigv2-devicemanagementconfigurationpolicy-get?view=graph-rest-beta&accept=text/markdown,200,2bfd576cf80df003,2026-09-28T03:49:37Z
S-d3ml3kug,https://learn.microsoft.com/en-us/autopilot/known-issues,,,,,,,,"""uHqZzAEgBHT4Mu9D2f4hzM7Remw=""","Tue, 08 Sep 2026 23:45:09 GMT",cdb7ea47a995faa73ff89aaab8995c68b0dc031e,8d4c92bf30939fbe353446ad9bc34f9fed7100976e02edf4d4d7c47f9a370b76,,200,338f7ffa62e52ca3,2026-09-28T03:49:38Z
S-d4ny3ufk,https://learn.microsoft.com/en-us/windows-server/get-started/extended-security-updates-deploy,2026-09-26T00:00:00Z,,,,,,,"""OZ3ejM5S6iILCVHNFTIi3A7EKhc=""","Wed, 26 Aug 2026 00:21:56 GMT",5096c4df8fc7514a5d207ee0ec16d833fe816cb0,9b66ec69b11c0b3f06a7fd8c10d324843c68c85f58857de9665c6bf99bb3aa9e,,200,85cc2056cb2eb368,2026-09-28T03:49:39Z
S-d4yd34s7,https://learn.microsoft.com/en-us/intune/fundamentals/ref-supported-platforms,,,,,,,,"""efatex7wukaQM9LC5KcmEL2J2g8=""","Fri, 25 Sep 2026 07:38:30 GMT",a60f43f6f562ded6195ddd8d888335f2d8e11e73,69718a2deae42515594b9b57a7a42a0aa3e982390bd70be3cca24815c66d6d40,,200,acdf22f3c147a983,2026-09-28T03:49:40Z
S-d5e5aem4,https://github.com/anthropics/claude-cookbooks,,,,,,,,"W/""8c51e76d07d94d3d91cd0c7089dee731""",,,728111b06784cc5748266111772745e6ca799b786719446b1fb468a95a9989f8,,200,881fcef390c75d00,2026-09-28T03:41:46Z
S-d67v4ujp,https://learn.microsoft.com/en-us/windows-server/identity/laps/laps-scenarios-windows-server-active-directory,2026-09-26T00:00:00Z,,,,,,,"""RkHmtJQjazmYnVZwTU16Wi+VW50=""","Wed, 26 Aug 2026 08:06:14 GMT",d1e5ae843cce8fb39fa9d4753f97103417ab0bc3,a86e581e4808959d1ea52deab89f6b7af3a0318ff7230b36456ec089fb023972,,200,ec6bc70f000bcd34,2026-09-28T03:49:41Z
S-d7byvsls,https://learn.microsoft.com/powershell/module/microsoft.graph.authentication/connect-mggraph?view=graph-powershell-1.0,2026-09-26T00:00:00Z,,,,,,,"""pYibwArb2MO9UaMETFAtlXzWvak=""","Wed, 05 Aug 2026 11:37:15 GMT",4a2f4c6cb038ed70d0985a54885ffa8b55b2a42f,89131cadd99a6e064eabc62a92da3c8cc36c729442e0d7c757e13c21f025d643,https://learn.microsoft.com/en-us/powershell/module/microsoft.graph.authentication/connect-mggraph?view=graph-powershell-1.0&accept=text/markdown,200,53d9ab8f87cc42ca,2026-09-28T03:49:42Z
S-d7pjd3ma,https://docs.nxlog.co/ce/current/index.html,,,,,,,,,,,c320cd1fa41adec0820a33a721bedcc8caffdb14b4e557b0ae42d812fd3bdbc7,,200,0f86f367e6ffbb57,2026-09-28T03:41:08Z
S-dabwnzz5,https://raw.githubusercontent.com/python/cpython/v3.14.7/Doc/library/subprocess.rst,,,,,,,,"""b3439dcb28b1ec9700fd51896819fd0d2140ba8117c32f42461ed4511d79e285""",,,8e803b526af3d3bb5ef3bf77884573579a4f6c4ff4494f00846cbf6bb72399ef,,200,1eb9ad050f7bfa03,2026-09-28T06:04:33Z
S-db7ytzl6,https://learn.microsoft.com/intune/configmgr/core/clients/manage/collections/use-maintenance-windows,2026-09-26T00:00:00Z,,,,,,,"""+s/3jjWWx11wtm5lKiMOTAtcmKA=""","Tue, 01 Sep 2026 07:13:30 GMT",d3432a8c0e9a1b8706eff71005a6b7ca53c35f98,bab993955cda693833760c7f853fcb0e8ded234104f5f112254cb92f053bab21,https://learn.microsoft.com/en-us/intune/configmgr/core/clients/manage/collections/use-maintenance-windows?accept=text/markdown,200,93493ddda170712e,2026-09-28T03:49:43Z
S-dcjdn73r,https://learn.microsoft.com/en-us/windows/win32/secauthn/user-name-formats,,,,,,,,"""kFCkqvMtt++lbWSiVsckEHS9pPs=""","Thu, 27 Aug 2026 13:57:51 GMT",2e6c603cebf291e5d4ef74492c2c901207a9871d,2b2873aef044b257152262b1cd45f5f9db1611fd11d5283d0f585db8db8af55d,,200,eb54e30d31eac616,2026-09-28T05:19:14Z
S-dcu4qhyp,https://huggingface.co/datasets/nvidia/Nemotron-PII/raw/b70ffaf5ff39e079776134c5bf4381f00a9fd1ed/README.md,,,,,,,,"""1903d2a3d9e50ed48da0f72baf3c2499fd07f08f""",,,2b5b011d03aa748d3908beb73e69002527ecb71de35d7a98a3bef52bdc303096,,200,3081030038e15472,2026-09-28T03:40:17Z
S-ddkkzd4o,https://www.cisa.gov/known-exploited-vulnerabilities-catalog,2026-09-26T00:00:00Z,,,,,,,,,,,,,,
S-de2kio2b,https://learn.microsoft.com/entra/identity/hybrid/connect/how-to-connect-sync-feature-scheduler,2026-09-28T04:47:33Z,,,,,,,"""786XYFMHWo871FPlzSoeKCv33lQ=""","Fri, 18 Sep 2026 02:08:27 GMT",89033f49670b05030f05cd9a57e7372c33fbecb4,f97955e299f579d341af3daa4d48770fb942d7d7631ce316f288424396620973,https://learn.microsoft.com/en-us/entra/identity/hybrid/connect/how-to-connect-sync-feature-scheduler?accept=text/markdown,304,20aeefb25d105aa1,2026-09-28T04:47:33Z
S-de5xdfvw,https://learn.microsoft.com/azure/azure-monitor/agents/azure-monitor-agent-windows-client,2026-09-26T00:00:00Z,,,,,,,"""HmAnBtiNQ7J+Xbohu0VwH0a/6ro=""","Fri, 04 Sep 2026 17:26:10 GMT",e6aa11f21cde5438ef4f02b1693512c20dac206f,373703068ad62ce4e5b4aa5c9f72d971deedbd4d58015e8f276e119f118b7170,https://learn.microsoft.com/en-us/azure/azure-monitor/agents/azure-monitor-agent-windows-client?accept=text/markdown,200,791b4bca410f18db,2026-09-28T03:49:45Z
S-deabo43u,https://learn.microsoft.com/powershell/microsoftgraph/use-query-parameters?view=graph-powershell-1.0,,,,,,,,"""ywAG8qrCyOgYKgrBITk9E2a1F/g=""","Wed, 05 Aug 2026 09:58:57 GMT",222f7e43bb35db47f8439dd63706bf8e8670ec23,5cafc296ee29dd2cc074c04e95527a210a402a08cc06788eae6500968b9a59f3,https://learn.microsoft.com/en-us/powershell/microsoftgraph/use-query-parameters?view=graph-powershell-1.0&accept=text/markdown,200,a84360b3e5d345b5,2026-09-28T03:49:47Z
S-deeqomz3,https://raw.githubusercontent.com/MicrosoftDocs/sql-docs/e68830c3a18b6b5b770ae629ebdf58dacf898d78/docs/t-sql/statements/grant-object-permissions-transact-sql.md,,,,,,,,"""41678c9cdadf52eff6d8d8847603a9046b53ef268a6dca2466130a2059bc78c3""",,,64e6c917bc0f45fe3e1f59898b7bef63cd0e1acae3f6abe2e2244e6f1eef9970,,200,b193292f2bf9ea98,2026-09-28T03:46:37Z
S-deu5qnsc,https://learn.microsoft.com/azure/update-manager/pre-post-events-schedule-maintenance-configuration,2026-09-26T00:00:00Z,,,,,,,"""Skkf2TbzaDmlj33lS0hFlaea3P0=""","Fri, 25 Sep 2026 13:25:40 GMT",524e07c02a94f1f9fbb5cc7404058f2fff3c44b1,991274002faa661c4aa6a8a2762559710f49b6bd95d0c8f9f891772ce9af1a37,https://learn.microsoft.com/en-us/azure/update-manager/pre-post-events-schedule-maintenance-configuration?accept=text/markdown,200,514abc00e325c94a,2026-09-28T03:49:48Z
S-dfgcii3c,https://learn.microsoft.com/microsoft-365/copilot/extensibility/plugin-mcp-apps,2026-09-26T00:00:00Z,,,,,,,"""y4BY+88dBqyWYncr5aARGArUioU=""","Mon, 31 Aug 2026 20:42:53 GMT",b6327965072cb530bde9a461f42851576e67d02a,f08a78cd56f6e74ab81d934adb0c79e5e5be8e980a4a7ea693ced8ef5bfd2fd0,https://learn.microsoft.com/en-us/microsoft-365/copilot/extensibility/plugin-mcp-apps?accept=text/markdown,200,a709375563aec0d5,2026-09-28T03:49:49Z
S-dfkr7mdn,https://learn.microsoft.com/en-us/intune/configmgr/core/servers/deploy/configure/azure-services-wizard,,,,,,,,"""h0K2BW2k9dbSqH+aLRpP59xFT9k=""","Wed, 02 Sep 2026 10:43:19 GMT",d3432a8c0e9a1b8706eff71005a6b7ca53c35f98,c01ce849bb4bcd520be45f911ed34df7af3924ec99cb62405f2ff5f434249709,,200,443c03e6f127a140,2026-09-28T03:49:50Z
S-dge3w4di,https://learn.microsoft.com/intune/copilot/faq,2026-09-26T00:00:00Z,,,,,,,"""ZG9lkHQgKhOMrhiNl1e1fy1JWUs=""","Tue, 25 Aug 2026 15:19:53 GMT",a60f43f6f562ded6195ddd8d888335f2d8e11e73,f5970045270d2aba558c6b0fc3bf85e686d96cc0ccb5f3d9a9388a3332193fdc,https://learn.microsoft.com/en-us/intune/copilot/faq?accept=text/markdown,200,38f32c9544415839,2026-09-28T03:49:51Z
S-dghnu36r,https://learn.microsoft.com/intune/device-security/security-baselines/stig-audit-baseline,,,,,,,,"""MROtPnt9KMqd2vOOvDBzUOBVAOM=""","Tue, 25 Aug 2026 20:20:08 GMT",a60f43f6f562ded6195ddd8d888335f2d8e11e73,bb3c4be50134a5cd5472e11657eae7b2670c49c46edf05d725e2cb5e251b89a9,https://learn.microsoft.com/en-us/intune/device-security/security-baselines/stig-audit-baseline?accept=text/markdown,200,8541abd177038c74,2026-09-28T03:49:52Z
S-dgnfikws,https://learn.microsoft.com/windows/package-manager/winget/,2026-09-26T00:00:00Z,,,,,,,"""WcvpoOFHByj2GexQAebaka6msZU=""","Mon, 24 Aug 2026 14:49:38 GMT",866cea8f1d9b8bd9defb17041a075e3822ca2c06,fa5c57eac848afc2794452a5e692496d67f9fe751dfde19baed380317049e962,https://learn.microsoft.com/en-us/windows/package-manager/winget/?accept=text/markdown,200,b4a7d308f327f1db,2026-09-28T03:49:53Z
S-dgqf24cz,https://www.first.org/cvss/v4-0/,2026-09-26T00:00:00Z,,,,,,,,"Mon, 26 Jan 2026 14:43:46 GMT",,52693d88fd3c08021d4e4c5b10f00bfd2fbe3177dbd507d151018b6ce0bfd98f,https://www.first.org/cvss/v4.0/,200,347650587ad17f12,2026-09-28T03:41:10Z
S-dh75h5qt,https://learn.microsoft.com/en-us/azure/search/vector-search-ranking,2026-09-26T00:00:00Z,,,,,,,"""SbnwrcrT3PWc+LU+Ruuik8+OBHQ=""","Mon, 24 Aug 2026 02:52:04 GMT",8eb05cfa51068ad78864b13af33b04965aa0614a,1f64590e9a198e58246525e40acecc5091edd6e88595ceba7743b5a2edeac966,,200,d85fba8c02ef4d22,2026-09-28T03:49:54Z
S-dhhpzwg3,https://learn.microsoft.com/azure/azure-monitor/vm/monitor-virtual-machine-data-collection,,,,,,,,"""oDUMhM/Af7DJ5SHaYYwUbx/vLiI=""","Tue, 22 Sep 2026 13:12:00 GMT",a2e2f0dd741847fe6a9d9af7b42e03f6f9914eff,2e364ae5c2b6a2d9f13ab11d9db7fdbeb02be688195769122d04640afd6b636d,https://learn.microsoft.com/en-us/azure/azure-monitor/vm/monitor-virtual-machine-data-collection?accept=text/markdown,200,3112b6c4c9f914f8,2026-09-28T03:49:55Z
S-dhhu3szl,https://learn.microsoft.com/en-us/intune/device-management/tools/deploy-remediations,,,,,,,,"""u3umSbYp68Qv2MGbMgbWfok+NrA=""","Tue, 01 Sep 2026 08:12:32 GMT",f25f92b42414c97655664fe94eddeab015d5aa71,25f0713bd4a6e4dfbfd8b4f9f41e3c2e90f1e5816e220aa5de10f5ef42746cb7,,200,1a8db3a1817d3222,2026-09-28T03:49:56Z
S-dhnetmt7,https://gitlab.com/gitlab-org/gitlab/-/raw/v19.4.1-ee/doc/administration/moderate_users.md,,,,,,,,"""5d673f114ccb1c5c48efd186ae8c1be6""",,,56d767e2d86041e8e4a708f0a22be17eac80760ff4b224288c5bf0dc29dad5ec,,200,b8b23bf2dd499586,2026-09-28T03:41:19Z
S-dhrhl2jz,https://learn.microsoft.com/entra/identity/hybrid/cloud-sync/how-to-install-pshell,2026-09-28T04:47:33Z,,,,,,,"""Cc1xHpvjod4x4lts5/XktJknIww=""","Mon, 24 Aug 2026 14:24:03 GMT",366ce48831ac74cb0f65d67a6a0bc8125a293ed5,8f580c337ac66c47479c995093f77ffbaa313595e868bdf5bdf220f0db9dd205,https://learn.microsoft.com/en-us/entra/identity/hybrid/cloud-sync/how-to-install-pshell?accept=text/markdown,304,e07339f054d17556,2026-09-28T04:47:33Z
S-difowozj,https://raw.githubusercontent.com/microsoft/MSRC-Microsoft-Security-Updates-API/549de64a5b35de74f5a3dbeff70541e5697df0c7/src/MsrcSecurityUpdates/MsrcSecurityUpdates.psd1,,,,,,,,"""0baf3d173b8fb0454df3b48c4f9c6a690d505d935c311521a72e505ede2a6f89""",,,a38015ea5c12c6b9d7c99b14a6eea34eea266edf0dcfadd64b789fb3bb53df6a,,200,801ff64b745dcdd5,2026-09-28T03:46:38Z
S-dir5xyqr,https://docs.langchain.com/oss/python/langchain/mcp,2026-09-26T00:00:00Z,,,,,,,"W/""10z2ak6jh4mir4y""",,,732f8c0fb013eb107ca843b9bdd59be53f0afad3ea3e62f675eb6cfb5b2a3354,,200,31f4fdf38bdf8d84,2026-09-28T03:41:07Z
S-djs7xprf,https://learn.microsoft.com/en-us/windows-server/identity/laps/laps-concepts-overview,2026-09-26T00:00:00Z,,,,,,,"""iJjxsT2J7xA0Wk60frE5ZAPQKNA=""","Wed, 26 Aug 2026 00:49:29 GMT",9c7b257579e366d9901a02f9589d4a10157893f9,51013e6a087d446a1766e823c923e2886ce4cc902c4e863abbfe590026be3429,,200,3d84e50cc3b164aa,2026-09-28T03:49:58Z
S-djtnspkg,https://learn.microsoft.com/en-us/intune/configmgr/core/servers/manage/powerbi-report-server,,,,,,,,"""5j0jc1xYl6B1ZTANV68LHOcGlDw=""","Wed, 02 Sep 2026 12:49:10 GMT",d3432a8c0e9a1b8706eff71005a6b7ca53c35f98,8f9a143499af8304d48abe19103b5ecce2a63ef5107fe170e8101b09970bf680,,200,9020927905ae9f36,2026-09-28T03:50:00Z
S-dk3pjswi,https://learn.microsoft.com/graph/api/intune-reporting-devicemanagementexportjob-get?view=graph-rest-1.0,,,,,,,,"""dJ6Jc17KSA5rFfkiID/PfbGoHZU=""","Tue, 25 Aug 2026 13:36:41 GMT",c5bdea5b2d849451be9b260f1f9bbf3d27997198,ef33359991ab6bc171d8e54a96b0e1f485d581661c597691d90c5a9e25a64e5b,https://learn.microsoft.com/en-us/graph/api/intune-reporting-devicemanagementexportjob-get?view=graph-rest-1.0&accept=text/markdown,200,e99c4f2cfc2cd440,2026-09-28T03:50:01Z
S-dkaaodgp,https://support.claude.com/en/articles/14625619-claim-and-migrate-accounts-on-your-domain,2026-09-26T00:00:00Z,,,,,,,,,,001944232c34389027541f189429c214186adf7a864c0269000fa97984309fa2,,200,87e62178f95b33f5,2026-09-28T03:40:49Z
S-dlc2x6gf,https://docs.astral.sh/uv/reference/cli/,,,,,,,,,,,634e2528ea13407394cf023838532b3abd49a179d6861b84549de629d073e0dd,,200,6b9596f45c4de1b8,2026-09-28T03:40:34Z
S-dlg7lumx,https://learn.microsoft.com/windows/deployment/windows-autopatch/overview/windows-autopatch-overview,2026-09-26T00:00:00Z,,,,,,,"""XXBwacoe6u2u4DXtdvdoINLoDPc=""","Tue, 01 Sep 2026 19:01:32 GMT",2bf5ae0c03c11a37061127f3c5d1bb2bf2996552,151ea8d8835eb774f936975a68aa3983b9e041ee79e2e5f19fb481bc9cb566c3,https://learn.microsoft.com/en-us/windows/deployment/windows-autopatch/overview/windows-autopatch-overview?accept=text/markdown,200,c508f4a811061839,2026-09-28T03:50:02Z
S-dlqk4ney,https://learn.microsoft.com/en-us/intune/advanced-analytics,,,,,,,,"""3FBhhlWM8j/vCuyr8Am/OSQ8gp8=""","Tue, 25 Aug 2026 00:27:35 GMT",d6622b325e51db6c120ce312514a20d1a2bd7ac5,4c5546bf494af1dbb7a9f9a556d80cd11b072417cf8d9a713987be9b056d6ecc,https://learn.microsoft.com/en-us/intune/advanced-analytics/?accept=text%2Fmarkdown,200,9e81ebebb1ee21b5,2026-09-28T03:50:03Z
S-dlzkqwix,https://raw.githubusercontent.com/microsoft/Microsoft365DSC/294f4fdc2bfa3ee7194916c48fe2f0ecb0c2075d/Modules/Microsoft365DSC/Modules/M365DSCReport.psm1,,,,,,,,"""572b2627487191cbb28eab21e0fed90dbe5363ad36aa14ea386f214cc7f4b291""",,,f9493fc768244341a0533f05cff447e80e50fc5c6b9ac2fe01ffeb9b1140fb3c,,200,40765b58e43cf232,2026-09-28T03:46:39Z
S-dmxxlc75,https://gitlab.com/gitlab-org/gitlab-runner/-/raw/49138a48b894f517d2ebe77dda89929d1f7f9550/executors/kubernetes/kubernetes.go,,,,,,,,"""77af4f2229ef56a61d97e8dfab8e6a21""",,,3e83a1da79a7ecbd010a3fdbcd87f356abbf89c92a93fc83a8c2ca4fb7b556cf,,200,319c12dd49b988ff,2026-09-28T03:41:20Z
S-dnply3ya,https://learn.microsoft.com/en-us/intune/user-help/enrollment/enroll-linux,,,,,,,,"""Py46c631RDshI1SzKTAmYmflHnk=""","Tue, 25 Aug 2026 00:05:04 GMT",6766a3fa31b0535bb2d21754f137923acabd32ec,ea05e8a533f809e2d347d204fe8852979530dcd3dbcef2bc9f85d328cc3bcef6,,200,1d23383d87635816,2026-09-28T03:50:05Z
S-do52zses,https://learn.microsoft.com/python/api/agent-framework-core/agent_framework.agentthread?view=agent-framework-python-latest,2026-09-26T00:00:00Z,,,,,,,"""FrQ/POT6ERRnH4GUaVhWXaChFZY=""","Wed, 05 Aug 2026 09:12:49 GMT",b4f487b1dfee7d28eb7f433f95dff3c5a0f63959,41afda9eb306d852e515e8111a9d2bbae9df7a298a60ecdeb3e8e9b1bd0712a6,https://learn.microsoft.com/en-us/python/api/agent-framework-core/agent_framework.agentthread?view=agent-framework-python-latest&accept=text/markdown,200,5227bb9655fc79e0,2026-09-28T03:50:06Z
S-do5bf4ea,https://learn.microsoft.com/windows/security/identity-protection/hello-for-business/deploy/hybrid-cert-trust,2026-09-26T00:00:00Z,,,,,,,"""47hxoRpbFBHmvQNPz9X+XC4ekJk=""","Mon, 24 Aug 2026 12:29:48 GMT",b088c8510ef4689fb9975d831deccf1baf630111,e4382151241481fa699859c8a8cbdfa4abf19fbb8d75bca33b77ea4c73fd2b5a,https://learn.microsoft.com/en-us/windows/security/identity-protection/hello-for-business/deploy/hybrid-cert-trust?accept=text/markdown,200,daf1efe5cc53745a,2026-09-28T03:50:08Z
S-doi7gc6l,https://learn.microsoft.com/intune/configmgr/sum/get-started/install-a-software-update-point,,,,,,,,"""RwQPgpsC/TO6iQmlKapFCoSoZOE=""","Tue, 25 Aug 2026 08:06:02 GMT",27de96f4afb5cc8291a42647cdeac4607a590697,cc889b18af77ff4910c7250c4a0b2440540c00b552f6573ba82a8302faf3581d,https://learn.microsoft.com/en-us/intune/configmgr/sum/get-started/install-a-software-update-point?accept=text/markdown,200,abe198ee62b15684,2026-09-28T03:50:08Z
S-dorcmamy,https://platform.claude.com/docs/en/build-with-claude/structured-outputs,,,,,,,,,,,bfaff20da20ccc403250ecabea6aec297113ad48c350a57a898011653d6e2a43,,200,2cf6524450751edf,2026-09-28T03:40:28Z
S-dprypamg,https://learn.microsoft.com/intune/app-management/deployment/manage-vpp-apple,,,,,,,,"""MLKCtEIukrNd1aHxMckFtGEsceY=""","Thu, 27 Aug 2026 08:34:28 GMT",393123683a27df97799673b4e489bebbb8768345,ca8c73679244509e06cfc184a884f4cfe37d43590b42d7738cd72b7046e79469,https://learn.microsoft.com/en-us/intune/app-management/deployment/manage-vpp-apple?accept=text/markdown,200,dc2a95b5b1c9f2ba,2026-09-28T03:50:09Z
S-drrejdmz,https://learn.microsoft.com/defender-endpoint/api/unrestrict-code-execution,2026-09-26T00:00:00Z,,,,,,,"""88xMdCckOd1/33rvZkAE9WkmlYg=""","Tue, 25 Aug 2026 05:33:01 GMT",e5e024df2189c2f05c8a7a66f60fff59a0c0bfd8,ea9835ab4d758cf4dc664c34b284f1b6b48c6c0fe96c0f0a4cb7906037913908,https://learn.microsoft.com/en-us/defender-endpoint/api/unrestrict-code-execution?accept=text/markdown,200,2b054c84d58da63f,2026-09-28T03:50:10Z
S-duamtyj7,https://raw.githubusercontent.com/woodruffw/pyrage/v1.4.0/README.md,,,,,,,,"""88906b1f35a054bf0f6675ba90477beb2210990d6e4e42b0291952040d3d51c6""",,,c7aef80894ef0c5c8e2e16a8d908814bb8f77cbd22cdb13d1148fc0f822dd160,,200,7034d33fe22fe30c,2026-09-28T03:46:40Z
S-dvnl6gdu,https://learn.microsoft.com/intune/device-security/compliance/ref-linux-settings,2026-09-26T00:00:00Z,,,,,,,"""UEY36cDjlGK2gqmidmFxfTu2H8U=""","Tue, 25 Aug 2026 00:06:05 GMT",638c2c37d7af718c2557536cfbde8e5d2566ff67,60d099082c0903e10d1cfb130392749e0d8b7c8e19682f0507fc64abc420d372,https://learn.microsoft.com/en-us/intune/device-security/compliance/ref-linux-settings?accept=text/markdown,200,96d158b726ffa224,2026-09-28T03:50:12Z
S-dwlcyci7,https://modelcontextprotocol.io/specification/2026-07-28/server/discover,2026-09-26T00:00:00Z,,,,,,,,"Mon, 28 Sep 2026 03:41:05 GMT",,20a1e66fd0c383b65cdb79f47c5aa3fc758ccfdc10fc54046b9b5be61380d926,,200,fb9ef90a929dae20,2026-09-28T03:41:06Z
S-dwu7auzi,https://learn.microsoft.com/graph/api/bitlockerrecoverykey-get,2026-09-26T00:00:00Z,,,,,,,"""Umjm12O+RBANiTJexQUksrv4olU=""","Tue, 25 Aug 2026 17:05:53 GMT",c5bdea5b2d849451be9b260f1f9bbf3d27997198,b434586387d0faf6871aca96204ae6eabc5b853ad1872c7e47afccd941489ee8,https://learn.microsoft.com/en-us/graph/api/bitlockerrecoverykey-get?view=graph-rest-1.0&accept=text%2Fmarkdown,200,0b27c8313d7d1839,2026-09-28T03:50:13Z
S-dwvazjaq,https://learn.microsoft.com/windows/client-management/mdm/policy-csp-remotedesktopservices,,,,,,,,"""xH2DWHqJ4rZ94ysROMRGVBEGhME=""","Wed, 23 Sep 2026 18:57:47 GMT",65e6c8ea9044ee218340ea399c918edaef788782,e59ee21070c9db0e73876ff14a1983f2fa9995dfdb31a7d681a92e1d292934da,https://learn.microsoft.com/en-us/windows/client-management/mdm/policy-csp-remotedesktopservices?accept=text/markdown,200,ee733305bd94082f,2026-09-28T03:50:14Z
S-dymizpwc,https://learn.microsoft.com/azure/ai-foundry/openai/concepts/default-safety-policies,2026-09-26T00:00:00Z,,,,,,,"""OuOreoGGRKZjwU8GfoBGeznNDro=""","Fri, 18 Sep 2026 22:20:49 GMT",27a0b2c30942b894d6667774a43950a72a9c884a,f551b6b235c3a9483c8dad49ff85ac79d2866e421feb3e81f62b55f5f406c016,https://learn.microsoft.com/en-us/azure/foundry/openai/concepts/default-safety-policies?accept=text%2Fmarkdown,200,9bb3be766027c0d8,2026-09-28T03:50:15Z
S-dyvqhf4u,https://learn.microsoft.com/en-us/intune/configmgr/tenant-attach/cmpivot-overview-attached,,,,,,,,"""mP1b0nIBs5+rbPvrUACZixSFzWA=""","Fri, 04 Sep 2026 09:29:32 GMT",d3432a8c0e9a1b8706eff71005a6b7ca53c35f98,ce976206d8744df19ddee94ba0daf0c67892e52d2f987b2efdf5c43fc58d6abd,,200,6502bea87e089fd1,2026-09-28T03:50:16Z
S-dz6j2643,https://learn.microsoft.com/intune/configmgr/osd/understand/task-sequence-steps,2026-09-26T00:00:00Z,,,,,,,"""IuJkpw+zNvaLRShJYvHGVDBylW8=""","Tue, 01 Sep 2026 08:04:14 GMT",cfc4e1a6bb2a1f0d6f069bcc6b3d8b4d5ff0793a,8c452b133eec8736a5adcfdd26a7cf8df18178bc731f23408d3927f1f4365846,https://learn.microsoft.com/en-us/intune/configmgr/osd/understand/task-sequence-steps?accept=text/markdown,200,23b0ac96ab82b724,2026-09-28T03:50:17Z
S-e2hdn5as,https://learn.microsoft.com/en-us/entra/identity/enterprise-apps/tutorial-enforce-secret-standards,,,,,,,,"""/5cNtu+ceRiM+l60DDK30ojVhuQ=""","Mon, 24 Aug 2026 13:03:29 GMT",7e7f75a19b7980129c9e082f14d3885ef7d15f4a,c7faf33412bbbcfa507f76cfe7c811e76ff9f5f87c0422682ebbcb5392818df3,,200,c9ffd1e7b601024b,2026-09-28T03:50:19Z
S-e4iemhin,https://docs.ansible.com/ansible/latest/playbook_guide/playbooks_checkmode.html,,,,,,,,"W/""b5d13a6aab3ff65f73a723d08a648915""","Mon, 21 Sep 2026 06:30:39 GMT",,c477f282c306d1a4a6a1f51732ec41d5094ab61fede24b16e8c027a21273bd6d,https://docs.ansible.com/projects/ansible/latest/playbook_guide/playbooks_checkmode.html,200,9db1b29bdde18d78,2026-09-28T03:40:15Z
S-e5qqwdcj,https://learn.microsoft.com/en-us/intune/configmgr/core/servers/manage/cmpivot-tsg,,,,,,,,"""M60ILXJVGpye1u/RgXHDjdTXtkk=""","Fri, 11 Sep 2026 08:03:06 GMT",d3432a8c0e9a1b8706eff71005a6b7ca53c35f98,a7991fd2927abc43c743fd5d8ba22f52e730960e5970f2d128b9e51282d7d5cb,,200,535d5e956b71dfd9,2026-09-28T03:50:19Z
S-e6petnio,https://learn.microsoft.com/azure/update-manager/overview,2026-09-26T00:00:00Z,,,,,,,"""7T5VofRwJm/wSzcsGZknBnFFfzM=""","Thu, 24 Sep 2026 13:49:35 GMT",524e07c02a94f1f9fbb5cc7404058f2fff3c44b1,4bcc1ef848ea5eb4f1a3abdf84424da9b781d48941625bad81e21a3c39dd7087,https://learn.microsoft.com/en-us/azure/update-manager/overview?accept=text/markdown,200,f43204e12835a93c,2026-09-28T03:50:21Z
S-e7ymdl3x,https://learn.microsoft.com/en-us/intune/configmgr/tenant-attach/device-sync-actions,,,,,,,,"""IccvOyhXZkwavGJRHqcJCssG4Rg=""","Tue, 01 Sep 2026 17:19:59 GMT",d3432a8c0e9a1b8706eff71005a6b7ca53c35f98,8365081b9434242704933fee9cf9361d542f55a6419f37599d5aa5e9382e73f9,,200,1187b82f088bb6c8,2026-09-28T03:50:22Z
S-e7zw3fou,https://www.cisa.gov/news-events/directives/bod-22-01-reducing-significant-risk-known-exploited-vulnerabilities,2026-09-26T00:00:00Z,,,,,,,,,,,,,,
S-eaeb5jdz,https://learn.microsoft.com/intune/app-management/protection/ref-settings-ios,2026-09-26T00:00:00Z,,,,,,,"""rqXyGhlMRqppYCRSi8D+Iznp7zM=""","Tue, 01 Sep 2026 00:22:39 GMT",c6c44097c34e240576f418e1d55cef90db3bf8b4,d6800c0ba70f37e5e885d80bd53179ddfd5ec553986dee7b36fa2012108c7056,https://learn.microsoft.com/en-us/intune/app-management/protection/ref-settings-ios?accept=text/markdown,200,74a57ff999ffd43c,2026-09-28T03:50:23Z
S-eba3mlij,https://learn.microsoft.com/intune/epm/overview,2026-09-26T00:00:00Z,,,,,,,"""yQ2FuUhpOsQWlz0lsu2z7ZgIQC8=""","Tue, 25 Aug 2026 00:00:21 GMT",a60f43f6f562ded6195ddd8d888335f2d8e11e73,06aaa3dff4fd79850721f3d22bc083737f832d1c7a7cedb132c8398500420a79,https://learn.microsoft.com/en-us/intune/epm/overview?accept=text/markdown,200,028c8dc400f98c38,2026-09-28T03:50:24Z
S-ebuvm65r,https://learn.microsoft.com/en-us/intune/configmgr/hotfix/2603/37426535,,,,,,,,"""3vBBE55HVQDhYIDai8kUOUjxAq0=""","Tue, 01 Sep 2026 07:05:47 GMT",d3432a8c0e9a1b8706eff71005a6b7ca53c35f98,f80fa806913910fcf738e135fd43e0e53a771361e1b5f832a6c9d3d9956dbd30,,200,fc8e85151ea07e5c,2026-09-28T03:50:25Z
S-ec3hg7rx,https://learn.microsoft.com/intune/app-management/deployment/win32,2026-09-26T00:00:00Z,,,,,,,"""tirvlqwc282HW/pzZu4Uhkb/AJU=""","Mon, 24 Aug 2026 22:48:59 GMT",a60f43f6f562ded6195ddd8d888335f2d8e11e73,750b7d95228fe1efb0ca4e900120e52dbbd80d26302a46249d7c2bba6d134870,https://learn.microsoft.com/en-us/intune/app-management/deployment/win32?accept=text/markdown,200,1dcbbf2df56fb0a1,2026-09-28T03:50:26Z
S-ecrpwvoh,https://learn.microsoft.com/en-us/hololens/contributing,,,,,,,,"""8Atu8ulKgzP0GiPERpCt7N6UoA4=""","Fri, 11 Sep 2026 18:33:12 GMT",7dd5be9eff4c4f5dcb6d4e58140949aa3c9000ed,3542262cb207c8a579aaa0925abaa82095580f4da9bd5a501d89d84f0526292c,,200,9eb484d7896849f3,2026-09-28T03:39:24Z
S-ed2sjtub,https://learn.microsoft.com/en-us/graph/api/intune-devices-manageddevice-initiateondemandproactiveremediation?view=graph-rest-beta,2026-09-26T00:00:00Z,,,,,,,"""KB41PhwrxCoyjfwO7XteZDJjXhw=""","Tue, 25 Aug 2026 11:03:32 GMT",8b52aa93c9c8d9618282f2219f9d0220adfbc038,3dfda5a381a754be421198ff8521f20477daf995d1c3c241012a7ce8aa2f1451,,200,eb8d5d28d845621a,2026-09-28T03:50:27Z
S-ee22tgci,https://learn.microsoft.com/graph/api/agentidentityblueprint-post?view=graph-rest-1.0,2026-09-28T04:47:34Z,,,,,,,"""2kQw7WkJ1culrGU2h4TvuLc0BAw=""","Tue, 25 Aug 2026 07:27:45 GMT",f7909c107061ffdf7884c1886624afcca1c7b95a,d75eb55224b59a88ebbd76ad0cbf033704c5e6823bab7b5f4a50824a0c3b58b7,https://learn.microsoft.com/en-us/graph/api/agentidentityblueprint-post?view=graph-rest-1.0&accept=text/markdown,304,ab25449889693016,2026-09-28T04:47:34Z
S-ee46ukhy,https://learn.microsoft.com/graph/windowsupdates-deploy-expedited-update,,,,,,,,"""1Kv4x2am7tfcfDVR3VmiDujU1cM=""","Tue, 25 Aug 2026 17:31:44 GMT",5fc0ed402b4bac115685569cd66586d732610375,29a895bedc766f4b4ac2c37b0e4a438a214882a32ca742fe0a00301ac4450f27,https://learn.microsoft.com/en-us/graph/windowsupdates-deploy-expedited-update?accept=text/markdown,200,ec1894a3d2c9cb0d,2026-09-28T03:50:30Z
S-efadnhwv,https://learn.microsoft.com/en-us/azure/azure-arc/servers/security-extensions,2026-09-26T00:00:00Z,,,,,,,"""Kpv56KaODe63+Jh9GcheHY1OFHo=""","Tue, 25 Aug 2026 00:29:59 GMT",a5faa4c9f98e83533dce5b2581a2a19116f7d874,7a3025409122b943b55618f5218698b48cb6a63862faeb2d768935132c958e88,,200,8b2f6fa1fa540511,2026-09-28T03:50:32Z
S-efsglmmy,https://learn.microsoft.com/en-us/graph/api/policyroot-list-rolemanagementpolicies?view=graph-rest-1.0,2026-09-28T04:47:36Z,,,,,,,"""411T6VPX37delu+LImUrDygArFQ=""","Tue, 25 Aug 2026 04:09:40 GMT",b22910642f2464336204104c2a6863d4b0a7b4d9,2f0c3c179fdebd3123e01aa93554d3fe7505004c51b37a20c55a51df34157860,,304,4cbec7ec973e6638,2026-09-28T04:47:36Z
S-egljiuze,https://learn.microsoft.com/graph/api/resources/cloudpc?view=graph-rest-1.0,2026-09-26T00:00:00Z,,,,,,,"""R++ZxOejlAZJAE6c03umPPPk+80=""","Tue, 25 Aug 2026 05:12:19 GMT",0e902ecd8d9807bcfb86478b638fde0cc3e218fc,5187b1ca6db464ab97cdfadb68dee1771a21443ecfc4720880456a4e1dc90cbc,https://learn.microsoft.com/en-us/graph/api/resources/cloudpc?view=graph-rest-1.0&accept=text/markdown,200,86db60140b81b84a,2026-09-28T03:50:34Z
S-egmyslhi,https://www.first.org/cvss/v4-0/specification-document,2026-09-26T00:00:00Z,,,,,,,,"Mon, 26 Jan 2026 14:43:46 GMT",,74075ed495721eb9fb3635edba9723ff1fd8a7e9a69206dfc87dd5354889a23f,https://www.first.org/cvss/v4.0/specification-document,200,500ea4801b8c6c3b,2026-09-28T03:41:13Z
S-eh54w6el,https://learn.microsoft.com/en-us/autopilot/autopilot-motherboard-replacement,,,,,,,,"""Frt7yr0Wbsya++JKWOALPuCSzp4=""","Tue, 25 Aug 2026 14:52:46 GMT",7328cf31fc7051783f9fdb12250a44d8d227fa1a,e16f3c4270f38f6dbf48d02138e88076db2be976955c49664fc7119250676908,,200,7351621e17794866,2026-09-28T03:50:35Z
S-eh6okx77,https://learn.microsoft.com/azure/foundry/concepts/capability-reference,,,,,,,,"""eJrGXehztNzeVveFxwUjUeBAhMk=""","Thu, 24 Sep 2026 05:32:18 GMT",faa3a600181c321d810335378964413d3a380325,90ab16818e3a7359df1989e4ff9651a5c9ee07c13bde745ea4de4a46b9f44a51,https://learn.microsoft.com/en-us/azure/foundry/concepts/capability-reference?accept=text/markdown,200,75cd52f0b3bdee7a,2026-09-28T03:50:36Z
S-ehhvgjky,https://platform.claude.com/docs/en/agents-and-tools/tool-use/web-search-tool,,,,,,,,,,,98600b1852cd0a575204e2e9e3a6e2517b39f318d0e2c468d48c49676767cb61,,200,a9764c2884c063d3,2026-10-08T19:47:13Z
S-ehjdk3sn,https://learn.microsoft.com/deployedge/microsoft-edge-cross-tenant-support-using-intune-mam,2026-09-26T00:00:00Z,,,,,,,"""tuAMVaDcSmZ+2aMKh6THNTV51zs=""","Wed, 26 Aug 2026 12:55:56 GMT",b02a9041a2be4c4dfb3d18c7116a00497529b124,d87512d4b93717a378215e8c04f8b31238c41993ee3ab79b9ac2597bbb4a43b8,https://learn.microsoft.com/en-us/deployedge/microsoft-edge-cross-tenant-support-using-intune-mam?accept=text/markdown,200,0d68bf6c88661b31,2026-09-28T03:50:37Z
S-eickk3hp,https://www.edpb.europa.eu/news/edpb-sheds-light-on-anonymisation-and-web-scraping-for-generative-ai-and-adopts-final-version_en,,,,,,,,"W/""1790563716-gzip""","Mon, 28 Sep 2026 02:48:36 GMT",,8860269420a7a9672568d3da03406bf787c74bbfb0661d93b630bc3adcce556b,,200,667e917c1c3e04c6,2026-09-28T03:40:11Z
S-eiluqiui,https://registry.modelcontextprotocol.io/v0/servers,,,,,,,,,,,92338c245f98d4b6463a62a21fc3859dc1c32d2ac932290404a2f1a91c13cf7d,,200,7fd69dca915ce368,2026-09-28T03:41:09Z
S-ej25skuk,https://learn.microsoft.com/en-us/intune/device-security/compliance/monitor-policy,,,,,,,,"""7MWAj8DmgRCegVuNN2DwtZ9lOOo=""","Tue, 25 Aug 2026 05:31:36 GMT",1b83f6d870d809f066d936cd87c37634c74b283d,fd0217a48caabdd4ddc0bca0a3d1dfa171b2457998bd392a2c8476238a742fe9,,200,beeba28a8aaf8772,2026-09-28T03:50:38Z
S-ekcs6zhr,https://developers.redhat.com/articles/2026/08/19/red-hat-ansible-development-tools-mcp-server,,,,,,,,"""1790566869-gzip""","Mon, 28 Sep 2026 03:41:09 GMT",,801701a824d70735a0dbdc0f970e215b765f19f57a4fc4f921df17ee7771c519,,200,c16f7c0e45cb04f4,2026-09-28T03:41:10Z
S-el34o4bb,https://learn.microsoft.com/training/support/mcp-cli,,,,,,,,"""3ljqKHclDp1xANC+rJbHWotbU5w=""","Sat, 19 Sep 2026 11:42:51 GMT",969f3beef278d5c7066904596be4bf5e38a67c80,da0e3139b6e37ba2a04640ec1e398d7f3a87f33e95cb40db84ee633815cf3d2c,https://learn.microsoft.com/en-us/training/support/mcp-cli?accept=text/markdown,200,ddf949957c031deb,2026-09-28T03:50:39Z
S-elscbjku,https://learn.microsoft.com/defender-xdr/advanced-hunting-devicetvmsoftwarevulnerabilitieskb-table,2026-09-26T00:00:00Z,,,,,,,"""bbmKvghIJzmEa1OAai1yT2uinR4=""","Mon, 24 Aug 2026 07:49:52 GMT",3b42e1ffb4580e499776312b6bd7d452c16bea72,86ffaa4137e291354d533ad63404c9dd94398431301ff527637b369ace4e8e6d,https://learn.microsoft.com/en-us/defender-xdr/advanced-hunting-devicetvmsoftwarevulnerabilitieskb-table?accept=text/markdown,200,a3275ec28288b931,2026-09-28T03:50:41Z
S-eluaxz73,https://learn.microsoft.com/en-us/windows/security/operating-system-security/device-management/windows-security-configuration-framework/get-support-for-security-baselines,,,,,,,,"""IxguhMfoAcczCvMGTZWMm1pDQJI=""","Tue, 25 Aug 2026 07:51:41 GMT",88a2de288ae38d082d8d9dcb8b14b4d0a3ddb318,d8e8b8a483919151127c101c0c1dce2c7d5e2c309e6e53a4a6e22150c60f32aa,,200,85eaef7406c884a1,2026-09-28T03:50:42Z
S-emqg5tvg,https://learn.microsoft.com/intune/endpoint-analytics/scores,2026-09-26T00:00:00Z,,,,,,,"""2NLViI5u+VZdsFUSAW2D1yrNkzg=""","Tue, 25 Aug 2026 00:50:31 GMT",ddaa1e513f05e70b71765aa39ce857c868de788d,1acd1b6432fdb06d3f8362a756a03fb90344cfd1f5a0ec55a9c2d955487bcfd3,https://learn.microsoft.com/en-us/intune/endpoint-analytics/scores?accept=text/markdown,200,9a9af32b7149e2c5,2026-09-28T03:50:43Z
S-enf2tnxi,https://learn.microsoft.com/en-us/azure/search/search-traffic-analytics,,,,,,,,"""6cKw5GfOs2efssyKrO8lOdw/KPc=""","Mon, 07 Sep 2026 07:48:48 GMT",63b73a30ed41950073b58622e8372bee2d8ceb6e,efb1e27dd93a213a2bf8c757f06d7083845bcdac4ee0aef2b81c235f8783c025,https://learn.microsoft.com/en-us/previous-versions/azure/search/search-traffic-analytics?accept=text%2Fmarkdown,200,f9fa715916154ad0,2026-09-28T03:50:46Z
S-epoqec7s,https://learn.microsoft.com/en-us/azure/azure-arc/servers/cloud-native/governance-policy,2026-09-26T00:00:00Z,,,,,,,"""H2iyW74RoaDECE/m7hERr/suTcU=""","Fri, 28 Aug 2026 21:34:03 GMT",07d5081adffb02fff8ecb54bc4f39ef69be38137,44b8537c1b6a0b464ebcbc31f36984adf0803900b0ebc12f1872fb2df68e74d9,,200,98f6b8938292496a,2026-09-28T03:50:47Z
S-esun5f2n,https://learn.microsoft.com/python/api/agent-framework-core/agent_framework.mcpstreamablehttptool?view=agent-framework-python-latest,2026-09-26T00:00:00Z,,,,,,,"""5apStGYK7+uKw4ytHQkhNUZZcP4=""","Wed, 05 Aug 2026 09:17:45 GMT",792dc4e562aa98b04d25d203075892804fb931b8,cdda64b4176761dbb7ecb939bc553bee13e54d1528b9b85de67c41f8788679c0,https://learn.microsoft.com/en-us/python/api/agent-framework-core/agent_framework.mcpstreamablehttptool?view=agent-framework-python-latest&accept=text/markdown,200,65669ed955f6e2eb,2026-09-28T03:50:48Z
S-eswaciiy,https://learn.microsoft.com/en-us/intune/configmgr/develop/reference/compliance/sms_ciassignmentbaseclass-server-wmi-class,,,,,,,,"""j2Vtyf9XYTN0zkyg2uMc7JCQN7s=""","Fri, 28 Aug 2026 12:07:01 GMT",2f58a01e679fc91dc8c8440846c254e1119681fd,d3d434fa28ad6fda01cf2de501b5e3865b9f26c5ffa8080203bb2027dfd9434f,,200,b19894570b233da9,2026-09-28T03:50:49Z
S-etccrdda,https://learn.microsoft.com/azure/sentinel/normalization,2026-09-26T00:00:00Z,,,,,,,"""7Cp1xSLW7K5CqvdOhQ4gVqXh9JI=""","Mon, 24 Aug 2026 09:18:20 GMT",20450c13d2fe9862d9d19fe5703edd98700ff40a,44779643151395368a97d22eb53c88678c1e3b21f4a29793da1dab8d9ac85990,https://learn.microsoft.com/en-us/azure/sentinel/normalization?accept=text/markdown,200,ea92a5413a939042,2026-09-28T03:50:51Z
S-etprakdx,https://support.claude.com/en/articles/8606394-how-large-is-the-context-window-on-paid-claude-plans,,,,,,,,,,,a07d3679e787ec71565fdc66f689d35c737e0ef3a01051fdef27542603076657,,200,a2921743738e4541,2026-09-28T03:40:50Z
S-eu32xfgv,https://raw.githubusercontent.com/mhammond/pywin32/b312/com/win32comext/adsi/src/adsi.i,,,,,,,,"""7b000c36786bb50d44f576abc3fd582c948f26137eb82e08c774451348e2ded1""",,,f68ee0a7167ee8586615790cf98c0c97e3f73b724b926194186839d3cc768a6a,,200,e5fbf852d54dd143,2026-09-28T03:46:41Z
S-eu3n3hyf,https://platform.claude.com/docs/en/about-claude/models/overview,2026-09-26T00:00:00Z,,,,,,,,,,3ed0a75b4eadf5a5f2b46251fe6cfba52eb1d6cd587c5e007e055553e70be495,https://platform.claude.com/docs/en/models/overview,200,adad8d1a914664dc,2026-10-08T19:47:15Z
S-eu4akijw,https://raw.githubusercontent.com/PowerShell/DSC/ea572fa755dbd49fb52339043409fbd50a625600/dsc/src/server/invoke_dsc_function.rs,,,,,,,,"""3d1268d866a1192a3b1ed289da5c47946cc24e23464cd6487cb49ac09a91bd2f""",,,8b3982f828a0428809573225aefd7f92b8a097a0abddedaa27363761e2398889,,200,397505adb004c6ab,2026-09-28T03:46:42Z
S-eumxht6x,https://code.claude.com/docs/en/interactive-mode.md,,,,,,,,,"Thu, 08 Oct 2026 00:45:08 GMT",,249aa068d994b6b84ded505a4a573465c317a639286171c7d29226e3fe90a324,,200,39616a7f1e4b0b65,2026-10-08T00:45:08Z
S-eutmp4xp,https://raw.githubusercontent.com/upstash/context7/e275a848a420e0d11c2822f61201ee005bfd1133/README.md,,,,,,,,"""9c2bc52f19de0d5f48f2337fbec08f2dda0b3eefbcd6c624847d88d998d27e1d""",,,6d3244ddea6590aded3a629e2e390439147dd64e05c16a53e130a88917f90782,,200,f69440401b80fd6d,2026-09-28T03:46:43Z
S-euxtbsnm,https://learn.microsoft.com/intune/device-enrollment/apple/guide-macos,2026-09-26T00:00:00Z,,,,,,,"""grXc/vX50aCcIED66/iCGml82AE=""","Tue, 25 Aug 2026 17:40:33 GMT",a60f43f6f562ded6195ddd8d888335f2d8e11e73,0a183e0f732e4c0b3e76f12f57edde8148aeec6921ca0cf3cb5b15bb87fddfc4,https://learn.microsoft.com/en-us/intune/device-enrollment/apple/guide-macos?accept=text/markdown,200,f86e815a8dce393c,2026-09-28T03:50:53Z
S-evafm3dr,https://learn.microsoft.com/graph/api/conditionalaccessroot-post-policies?view=graph-rest-1.0,2026-09-28T04:47:36Z,,,,,,,"""vAd6JDq/a6c03pyLUZ9dDgFgdqI=""","Wed, 09 Sep 2026 01:13:35 GMT",d52b80e0ec20cfc22ad0af9397b4b8d342277321,5e659ece706d8dee4c459b030cf7cba78fb98aa06979e0f233008ce5a4551151,https://learn.microsoft.com/en-us/graph/api/conditionalaccessroot-post-policies?view=graph-rest-1.0&accept=text/markdown,304,60727fca5a1c30c1,2026-09-28T04:47:36Z
S-evoxmu7g,https://learn.microsoft.com/en-us/intune/configmgr/comanage/how-to-switch-workloads,,,,,,,,"""JdoLV0oeVh5oVsTcyEhvqJD1cQ4=""","Tue, 01 Sep 2026 17:24:58 GMT",641505a487b0febbc4d3a97ca377b3334a3a1790,2857454d8fc6d081266af39ccf2cbe2e7297f52e8b4d7d58e766089c23bbe371,,200,6d9f320be73f4a1a,2026-09-28T03:50:54Z
S-ew7mucsg,https://raw.githubusercontent.com/python/cpython/v3.14.7/Doc/library/os.rst,,,,,,,,"""edd2c6ab6563e9c42a658f97aa3f4146fdc13d5f8fa8e993fb63e2d1269fbf68""",,,7062c298194fb6b02df4533b24f00357aad81d97aef7c30a1a920c866926a81f,,200,8614c3727f4b6f37,2026-09-28T06:04:34Z
S-ewh6l73v,https://learn.microsoft.com/windows/ai/windows-ai-comparison,2026-09-26T00:00:00Z,,,,,,,"""kg79DHD75GYQRpqSfT8WQHJ9SL8=""","Thu, 27 Aug 2026 15:01:20 GMT",981fd3338850bc29119ac319e87e03f99d7c2c93,900d5005328c6bc30c0d397fa71c591dbcf51f9fba29a5522e24407c22814d47,https://learn.microsoft.com/en-us/windows/ai/windows-ai-comparison?accept=text/markdown,200,c352e2572be9bacf,2026-09-28T03:50:56Z
S-eyziqbja,https://learn.microsoft.com/intune/device-security/microsoft-tunnel/install,,,,,,,,"""uUDuu1CRyyMVJK+5ZbwyNk1RBOU=""","Tue, 25 Aug 2026 04:48:06 GMT",a60f43f6f562ded6195ddd8d888335f2d8e11e73,c66d6c12b80733954787b53a14692f14251a7f32bc01aaba2dbbb52cc2b90865,https://learn.microsoft.com/en-us/intune/device-security/microsoft-tunnel/install?accept=text/markdown,200,831e584b0ae8e807,2026-09-28T03:50:57Z
S-ezl54xgl,https://raw.githubusercontent.com/PowerShell/DSC/9c60d043f0c018f3026feee481cb6402100f4331/dsc/src/server/invoke_dsc_expression.rs,,,,,,,,"""65b63add79a2f037151eb02eb2b8dcace3f0dff1770a11f1661f7f5c16aa1763""",,,1c9a5235a2929352d4a00bd5876babca9bf799df0386934e98ae6b19e02b94d0,,200,99ddb18df0245201,2026-09-28T03:46:44Z
S-ezqg74ki,https://code.claude.com/docs/en/model-config,,,,,,,,,"Thu, 08 Oct 2026 19:47:16 GMT",,0520d49376e9d03a66044091a89aab32d89ce401d3e69c57148db0c7dbb5481d,,200,98cec1294f227185,2026-10-08T19:47:16Z
S-f26o3j3w,https://learn.microsoft.com/en-us/intune/configmgr/develop/reference/core/clients/config/sms_configmgrclientagentconfig-server-wmi-class,,,,,,,,"""N4gbFYpUfWzDWg/4WTqbHwDZsq8=""","Mon, 21 Sep 2026 09:49:23 GMT",2f58a01e679fc91dc8c8440846c254e1119681fd,4b4da8d4f113a8fa2fd70d001c1940ef6453054615c9516fd1449ccfb181f757,,200,a98b0be52643301c,2026-09-28T03:50:58Z
S-f2okeu6a,https://raw.githubusercontent.com/astral-sh/uv/0.12.19/docs/concepts/projects/run.md,,,,,,,,"""307662bdf847d7e9fc370940cd18f070ac82c7bb4296c7eefaac036a4adc7321""",,,23c4727e1b0249a27f0070e3cc408e274f721a986a6574732dceee415ea241bb,,200,d74ce6c9c2fad6bc,2026-09-28T03:46:45Z
S-f2vfcma6,https://www.mintlify.com/docs/guides/configure-automerge,,,,,,,,"W/""12cm79r76le76wn""",,,b222115edc2203755b82abf19d3486e4e34950d876f37d141efeba6a06fa3f0c,,200,48fa75a4314249ca,2026-09-28T03:40:44Z
S-f3chtt24,https://learn.microsoft.com/en-us/answers/questions/5874976/bug-character-limit-on-generative-answer-nodes,,,,,,,,,,,09a4d4ea36ab51d49198a081cca511e5a46eadd713495dd457c1c2d1b4b1fd52,,200,cd01b5f982c44ea9,2026-09-28T03:50:59Z
S-f4gw3rhj,https://learn.microsoft.com/en-us/windows/client-management/mdm/policy-csp-defender,2026-09-26T00:00:00Z,,,,,,,"""9xSIWBrUu6KRc/CiWQGQr5lj9b8=""","Mon, 24 Aug 2026 07:05:01 GMT",04139da16cd2a7fd3435b48352a887fab8f01b45,aa7a14b204cfa1da8f324602e2b089b7d41cb49b3e8633d4e1c4eb353fbe689c,,200,34a3e3b5c7a0c0b9,2026-09-28T03:51:00Z
S-f4s2xnfz,https://raw.githubusercontent.com/C2SP/C2SP/d4c16da5e7687a016619074e78dad84b2c7238cc/age.md,,,,,,,,"""7e8b6e6c7abf41cb33f50ee0e0fafe976e9a8f57fb7e5f2bacac023d9a242324""",,,3987876527171e544b874d0521ea11e3c1fb5d8bfc2a04b90ce1367fc446f4fd,,200,2620cceb1ec073d4,2026-09-28T03:46:46Z
S-f5bnvamj,https://raw.githubusercontent.com/python/cpython/v3.14.7/Doc/library/msvcrt.rst,,,,,,,,"""150d2c7b113d9e03c3ca669aa2abd0bf34e85d941f71efd0c979c5380e577c91""",,,760a7880ba4589940642f04fe0057284908e5a2df6046eeb26aa892eaa685e8f,,200,fb05dda77a59f513,2026-09-28T06:04:36Z
S-f5p5qi4d,https://learn.microsoft.com/azure/foundry/agents/concepts/limits-quotas-regions,2026-09-26T00:00:00Z,,,,,,,"""6PTgBYRqAsA/tBlYgghoQaVU/RE=""","Fri, 25 Sep 2026 22:35:14 GMT",8a8a94badd890e475a9b0b8eb334676dd2873eea,ed5f8c044fdf56876173339dcb1b58bd351df6dfe85dd8cae92a890a767b25bf,https://learn.microsoft.com/en-us/azure/foundry/agents/concepts/limits-quotas-regions?accept=text/markdown,200,61031c54a9be389c,2026-09-28T03:51:02Z
S-f5tpmzia,https://raw.githubusercontent.com/pytest-dev/pytest/9.1.1/doc/en/reference/exit-codes.rst,,,,,,,,"""937ca5ba233d0c71c3ca1ba3b7de50cd44599c894ac9e6839230f22bdb5992c2""",,,627ab00be6580ea721b523cb43eaf5a88c6c67864423e9e211d625055ffc4c85,,200,1d1a6415a8161e08,2026-09-28T03:46:48Z
S-f5w33mek,https://learn.microsoft.com/en-us/graph/api/intune-devices-manageddevice-syncdevice?view=graph-rest-1.0,2026-09-26T00:00:00Z,,,,,,,"""zJ3hXSR+wIou3m1l2wYAz7ZZ9oc=""","Tue, 25 Aug 2026 07:14:09 GMT",c5bdea5b2d849451be9b260f1f9bbf3d27997198,39c607840adda796fcc12d32613c4e32ef2b3c08079402152421ff193e5145fd,,200,a99e4d2cd91fe2c2,2026-09-28T03:51:02Z
S-f62oqjxw,https://learn.microsoft.com/powershell/module/configurationmanager/invoke-cmsoftwareupdatesummarization?view=sccm-ps,2026-09-26T00:00:00Z,,,,,,,"""H/zGZPRFvjNcI5fijfwQywi186Q=""","Fri, 25 Sep 2026 00:27:03 GMT",48cf632fb4b9ad92060012681a500478254de750,154016e4822d0703f9904f8550dc3c17bf8059939e0d503d2280e512c9f3b7ec,https://learn.microsoft.com/en-us/powershell/module/configurationmanager/invoke-cmsoftwareupdatesummarization?view=sccm-ps&accept=text/markdown,200,075fb7f79909f136,2026-09-28T03:51:04Z
S-f6ejsacc,https://learn.microsoft.com/en-us/intune/configmgr/compliance/deploy-use/create-configuration-baselines,,,,,,,,"""CcXsWaOa+jNkxaD0Eu32VOiqdNw=""","Sat, 29 Aug 2026 01:28:22 GMT",51052ad73287b53494fd1697c225c8e9cb7b6b42,97b41f568e51ac2c73cfbab54458abcbdc017e5ed6041eb6f0dbbafe36cecc61,,200,bbe7219409b55230,2026-09-28T03:51:05Z
S-f6g2wc4u,https://learn.microsoft.com/intune/remote-help/start-session,2026-09-26T00:00:00Z,,,,,,,"""MOhep4AdMWXK3UdrWMcaovKtR9E=""","Wed, 26 Aug 2026 03:02:16 GMT",797eb6dd291f803944fa0b8c50d792cfade3df62,32151f82f5a7d5e8e5a192c867e22e92a5b6e4298f6cb3569215791d869f9498,https://learn.microsoft.com/en-us/intune/remote-help/start-session?accept=text/markdown,200,4be9339403208fc9,2026-09-28T03:51:06Z
S-f6okqmo4,https://learn.microsoft.com/en-us/graph/api/intune-devices-manageddevice-locatedevice?view=graph-rest-1.0,2026-09-26T00:00:00Z,,,,,,,"""WJ/ll88wzEC3lrDfRYklqDTRKJ4=""","Tue, 25 Aug 2026 04:09:47 GMT",3602cccfe6ab9ccaac221c8aa925b3134d055f6b,6f0fe150e5371517f0c1c72c4191c26eaa792147c467a802d5a6144a302c1a08,,200,a99e4dacd84de622,2026-09-28T03:51:07Z
S-f7arhttw,https://raw.githubusercontent.com/MicrosoftDocs/azure-ai-docs/8056f70791876315f5bf05ca8a5f9fc583b1dd2a/articles/ai-foundry/openai/how-to/content-filters.md,,,,,,,,"""8e83937a180bc14890025ce881a72119f6b586044259ff4bbc49b31215cd64bd""",,,8645bdf968c7c6a8b6ca5c8d17aaf99a4063aa9cef56c53d55504b8f3c6c1161,,200,06bfe0611c26466d,2026-09-28T03:46:49Z
S-f7i5faki,https://learn.microsoft.com/intune/remote-help/plan,2026-09-26T00:00:00Z,,,,,,,"""/JTfKNFffJixR9p+Xizmf7PQw5k=""","Fri, 25 Sep 2026 08:55:33 GMT",26499ea05e6d389fa252898882b336075c668a79,4598fe9faa7662aab67dd0741f9b047c4c9caf2b447c66740e5b7425730639d1,https://learn.microsoft.com/en-us/intune/remote-help/plan?accept=text/markdown,200,fa137dbfc65b1217,2026-09-28T03:51:08Z
S-fbg5dkgs,https://learn.microsoft.com/windows/package-manager/winget/source,2026-09-26T00:00:00Z,,,,,,,"""kBH6z+OQr6ICenMxOHVBPcKrnbY=""","Mon, 24 Aug 2026 15:44:25 GMT",866cea8f1d9b8bd9defb17041a075e3822ca2c06,1bae92de970d46742bb76abd70cf35eb10cd44bfbe4d4b0c214d093b3b5d6ad6,https://learn.microsoft.com/en-us/windows/package-manager/winget/source?accept=text/markdown,200,08f1aaf8e3c67a34,2026-09-28T03:51:09Z
S-fbhq2yc2,https://raw.githubusercontent.com/microsoft/Microsoft365DSC/294f4fdc2bfa3ee7194916c48fe2f0ecb0c2075d/Modules/Microsoft365DSC/Modules/M365DSCAgent.psm1,,,,,,,,"""6a8b22ac35cb620ee7d6a827298b47d5a38ff123afeeeca2b6ededcc33987968""",,,1947a1d6f64e7e811be483f0aa74b05d422a0734483c492200adc8a57826887d,,200,8db72ffc473ab73c,2026-09-28T03:46:50Z
S-fcu25tcw,https://learn.microsoft.com/defender-endpoint/update-agent-mma-windows,,,,,,,,"""Kax1eJggknN9l7wY70qtG6IFenU=""","Thu, 27 Aug 2026 05:24:58 GMT",6b457cd0e7e68c312533cf9bbdcd52924e93e93e,b9988daee3e9a696e9536d76262e4fbc4a53d532d844b4ed17fc991f5381b8b7,https://learn.microsoft.com/en-us/defender-endpoint/update-agent-mma-windows?accept=text/markdown,200,b88a563c06e950ac,2026-09-28T03:51:11Z
S-fdnhk2tn,https://learn.microsoft.com/entra/agent-id/identity-professional/microsoft-entra-agent-identities-for-ai-agents,2026-09-28T04:47:38Z,,,,,,,"""07X291gEAL6aBuXuQxLnrAUGN1k=""","Mon, 24 Aug 2026 12:56:26 GMT",eb15ce9554de7ca1facf281a921f77eaa25e992e,4fd28f3b7fe1b701250462ed8357bbd906df39b8c72715fd6d6e95ea65215c36,https://learn.microsoft.com/en-us/entra/agent-id/what-is-microsoft-entra-agent-id?accept=text%2Fmarkdown,304,35e8f230f510c788,2026-09-28T04:47:38Z
S-fdtw5sil,https://learn.microsoft.com/intune/device-enrollment/apple/setup-account-driven-user,2026-09-26T00:00:00Z,,,,,,,"""3WCIzOzLAlBFbtUBR4bS+BxvQZA=""","Tue, 25 Aug 2026 04:34:27 GMT",a60f43f6f562ded6195ddd8d888335f2d8e11e73,98c71d3406e573fcdb6f16a0f54fa0cdc05ee25030cfc6fcda244e63bb732dd4,https://learn.microsoft.com/en-us/intune/device-enrollment/apple/setup-account-driven-user?accept=text/markdown,200,1ac90d14ae9e2bde,2026-09-28T03:51:13Z
S-ffangyfp,https://www.microsoft.com/en-us/security/blog/2024/10/11/microsofts-guidance-to-help-mitigate-kerberoasting/,,,,,,,,,,,8f48b8ad9d483c44a33b016d8f43548529aee2a9469972e05cb6b7d559453a60,,200,72a78c547d746362,2026-09-28T03:40:35Z
S-ffrzumip,https://learn.microsoft.com/troubleshoot/windows-client/group-policy/group-membership-changes-not-updating-over-some-vpn-connections,,,,,,,,"""IJb09GRAG+tbbEbTQs/35XdVP8s=""","Tue, 25 Aug 2026 07:33:57 GMT",fc709652eec75e423259ad7dc4ae8b77c642adfc,c11334b8f27b0ed6ec9bc1808a6a899f29cf27481b5b67a2fdcf2bd28e0cb467,https://learn.microsoft.com/en-us/troubleshoot/windows-client/group-policy/group-membership-changes-not-updating-over-some-vpn-connections?accept=text/markdown,200,5d42fb8103ddab18,2026-09-28T03:51:14Z
S-ffzntayk,https://learn.microsoft.com/en-us/training/support/integrations-learn-platform-api-catalog,,,,,,,,"""OWWRlG0JcGMLgMcs1VCQxNWsPSA=""","Thu, 27 Aug 2026 04:03:06 GMT",eb75dcf01e606de0598e20958a5ffdebd5f0fb46,c874d7e3bd253a4557afd6e9a9570676f3cdaf25ab65469fc945dcf88ab1812a,,200,9bb9961ba28616e4,2026-09-28T03:39:25Z
S-fio2gurk,https://learn.microsoft.com/azure/azure-arc/servers/onboard-configuration-manager-powershell,,,,,,,,"""skhvo8YXry9XLjFXXiYh48HQn80=""","Tue, 25 Aug 2026 17:18:59 GMT",50bce6cc3a8501e150cb5d4a5962c3bbbe788213,625b605ca1de2f482600e103e359431c73a133e2460565f17d2d7ebf153b46b8,https://learn.microsoft.com/en-us/azure/azure-arc/servers/onboard-configuration-manager-powershell?accept=text/markdown,200,4dba1f2f9793a34a,2026-09-28T03:51:15Z
S-fipq4ix4,https://learn.microsoft.com/intune/app-management/deployment/create-win32-package,2026-09-26T00:00:00Z,,,,,,,"""mQ6yH+GOkOa6Y19AxLpZBTVeLKQ=""","Tue, 25 Aug 2026 01:11:08 GMT",a60f43f6f562ded6195ddd8d888335f2d8e11e73,6489c8915a97acfd495c6efb58fc141fc0730962d621763f4b36ad0f62843fd3,https://learn.microsoft.com/en-us/intune/app-management/deployment/create-win32-package?accept=text/markdown,200,f543821fc4eb607e,2026-09-28T03:51:16Z
S-fkamc745,https://learn.microsoft.com/agent-framework/workflows/orchestrations/sequential,,,,,,,,"""U1IB4HgERmpo1A3RtsCcG2BE/FY=""","Wed, 23 Sep 2026 11:13:46 GMT",e5fb5149935d8087ad8b2baf096fbff6e304b628,0e594acc3b728eabae3e6dca3b6ccd3446e887254fa311ac9ee3381db434b94b,https://learn.microsoft.com/en-us/agent-framework/workflows/orchestrations/sequential?accept=text/markdown,200,527bb0cb43fd7aee,2026-09-28T03:51:18Z
S-fksbud2r,https://code.claude.com/docs/en/agent-sdk/python,2026-09-26T00:00:00Z,,,,,,,,"Thu, 08 Oct 2026 19:47:18 GMT",,84f1d74b4d3d80d492da13057b254437361c7114fae4e1ee69eee742a7ad7f0e,,200,610c5dfd68bc2d4c,2026-10-08T19:47:18Z
S-fllu73v2,https://www.microsoft.com/windows/extended-security-updates,,,,,,,,,,,cc1026e15f793a6bc2ced43d9ea83611d4459bf84650e1cbedc5124168038292,https://www.microsoft.com/en-us/windows/extended-security-updates,200,f9d0036f489fe1ef,2026-09-28T03:40:36Z
S-fmj24q2u,https://code.claude.com/docs/en/agent-sdk/typescript,2026-09-26T00:00:00Z,,,,,,,,"Thu, 08 Oct 2026 19:47:18 GMT",,334edf56fc0855e2e633b538482e1de8ff901ad2edb9c2e8e6b50ee4e152371d,,200,616ee0b2682ca673,2026-10-08T19:47:18Z
S-fmtt7m5j,https://learn.microsoft.com/powershell/scripting/security/remoting/winrm-security?view=powershell-7.6,2026-09-26T00:00:00Z,,,,,,,"""zpH68ftUESsW0WleacZMyCPdipc=""","Fri, 25 Sep 2026 03:51:45 GMT",107a77f53016168a1af48bd9274985b8a835973d,96021a6c2cf555d55ec594f7e5af92033521f3fc0f5908c7519a8a909ceaeb7b,https://learn.microsoft.com/en-us/powershell/scripting/security/remoting/winrm-security?view=powershell-7.6&accept=text/markdown,200,c2461997eea44b53,2026-09-28T03:51:19Z
S-fn2rot77,https://learn.microsoft.com/en-us/windows/security/threat-protection/security-policy-settings/maximum-lifetime-for-user-ticket-renewal,,,,,,,,"""jnO0b3DpSfOkB7IHIzq6bWtGZXc=""","Sat, 19 Sep 2026 10:24:40 GMT",3781a3939e77300af0299d25b3e16928184faa07,3889e84657ddac2b80234c2b46447bf87c39a980f0fde1a9874074e6b4f1069a,https://learn.microsoft.com/en-us/previous-versions/windows/it-pro/windows-10/security/threat-protection/security-policy-settings/maximum-lifetime-for-user-ticket-renewal?accept=text%2Fmarkdown,200,1d7a3cc3f46835fe,2026-09-28T03:51:20Z
S-fn6fxrr5,https://www.elastic.co/docs/reference/elasticsearch/rest-apis/reciprocal-rank-fusion,2026-09-26T00:00:00Z,,,,,,,"""b647a2e43b8626c3a622061942c155b2""","Sat, 26 Sep 2026 06:50:33 GMT",,c36c9fa540130b47d9d1fd920fde8d74907ebb277acb9089c9a0decfb5429cd7,,200,58a862910f88eab0,2026-09-28T03:41:10Z
S-fnmkxefn,https://learn.microsoft.com/en-us/defender-endpoint/api/run-advanced-query-api,2026-09-26T00:00:00Z,,,,,,,"""wNYSy/lbpPtRnPk9fOzGhKjt3/A=""","Mon, 24 Aug 2026 07:44:14 GMT",fa7673810bcec0611f7be02bc9766a092f386b29,3f1680a34ee7197eb5be41adaf2e1cc8042c07ec56d57b315e48af301171a502,,200,339c87a892edb21c,2026-09-28T03:51:20Z
S-fol5b2wh,https://learn.microsoft.com/en-us/intune/device-configuration/collect-device-properties,,,,,,,,"""SQEoqk5d+O0ZvO7CUla2S2RRWzU=""","Mon, 24 Aug 2026 22:58:05 GMT",30ba9ae8150c90c6828a4613567427622cc36037,e8b0b5da7623fd5aea22001dd84bdbc97ef133f3dd15f2c0e3336f7186ad2086,,200,4577cd7099f518d3,2026-09-28T03:51:22Z
S-forvn2ly,https://nvd.nist.gov/developers/start-here,,,,,,,,,"Wed, 23 Sep 2026 15:29:20 GMT",,01ba4719c80b6fe911b091a7c05124b64eeece964e09c058ef8f9805daca546b,,200,0000000000000000,2026-09-28T03:41:10Z
S-fovhkyzc,https://platform.claude.com/docs/en/test-and-evaluate/strengthen-guardrails/reduce-hallucinations,,,,,,,,,,,1431ac472a1d13cbeb16f0e5a571ade8db0951e5ad50e7514e8029388aa808be,,200,003d20e84f6f521e,2026-09-28T03:40:31Z
S-fpw4ly2l,https://google.github.io/adk-docs/a2a/,,,,,,,,"""6ab5b3e7-1bc0b""","Thu, 24 Sep 2026 23:36:07 GMT",,b1ee314ac6b6101328ff0c1433902753178ceb33b9a650e80cedb32c4c3bbc7f,https://adk.dev/a2a/,200,691c1b7e327848cb,2026-09-28T03:41:11Z
S-fq4xtwh3,https://learn.microsoft.com/intune/configmgr/develop/reference/sum/sms_autodeployment-server-wmi-class,2026-09-26T00:00:00Z,,,,,,,"""yQsGRxJX9uJO0nztuABUbIAXYKY=""","Tue, 01 Sep 2026 14:43:56 GMT",2f58a01e679fc91dc8c8440846c254e1119681fd,e39ecf46b6382f5e361adf3b2adfa4193fa359fdf50b22d3e427b607d9e95d77,https://learn.microsoft.com/en-us/intune/configmgr/develop/reference/sum/sms_autodeployment-server-wmi-class?accept=text/markdown,200,36c9b2542f23f39b,2026-09-28T03:51:23Z
S-fq54pkea,https://learn.microsoft.com/en-us/windows/security/application-security/application-control/app-control-for-business/applocker/applocker-overview,2026-09-26T00:00:00Z,,,,,,,"""0QtvvMOUMmVx4LNPovpNgyP+y1k=""","Mon, 24 Aug 2026 03:15:41 GMT",2f59441ddfb72ca7911c9fdc0e1b9483ff99ed04,c4ba5f8bb3bd86db15709c949df63638e48afb2f68641fcc9e28617370a63f38,,200,b182ef4630450f32,2026-09-28T03:51:24Z
S-fqe5wkdo,https://support.claude.com/en/articles/13015708-access-the-compliance-api,2026-09-26T00:00:00Z,,,,,,,,,,d3af1f48a57da543f20dee373af64915804524510424dc4f02bea439129947b5,,200,41c71b9ed3f620e1,2026-09-28T03:40:51Z
S-fqi6xbbc,https://context7.com/plans,,,,,,,,"""3f1934a327ee51f5e91550d6eab218ae""",,,069db65e8cff534fcb63d6369072dc1c3beb4ab8ee683ea1a51a2ce4193414bb,,200,c3635a2213e7595f,2026-09-28T03:41:07Z
S-frmf22fa,https://learn.microsoft.com/en-us/windows/security/application-security/application-control/app-control-for-business/appcontrol-and-applocker-overview,2026-09-26T00:00:00Z,,,,,,,"""h6HyBC40/FiMqsB6UkPY62WcWeI=""","Mon, 24 Aug 2026 03:34:29 GMT",9ae1d85665fea28be7a2d496ef07b573927ac374,dd49e0fe5275900055bc8afa8f21f39f40813b893571ecec146f5697aad03f97,,200,65400d48ea3542a2,2026-09-28T03:51:25Z
S-frph46kv,https://learn.microsoft.com/en-us/autopilot/enrollment-autopilot,,,,,,,,"""zQgTRKOeRfu9MxRHTgDs1vvaH0k=""","Tue, 25 Aug 2026 08:31:33 GMT",7328cf31fc7051783f9fdb12250a44d8d227fa1a,4735ad3ac0fc876214d857fb61710d115e1dc89cee37b4cc97815a8723a59b6a,,200,341b575221f3d85c,2026-09-28T03:51:26Z
S-frxelebk,https://learn.microsoft.com/entra/identity/conditional-access/what-if-tool,2026-09-28T04:47:39Z,,,,,,,"""BvIo9LmpAMYRZqgGwnE5TMogQlg=""","Thu, 27 Aug 2026 23:47:49 GMT",dd4307eeedb28cb0df6d2dc9c99f1b2c21e79a54,849c7602ea2977af71f085bf791bb03a9f95b6097d4477f8cf2b931d6f04d700,https://learn.microsoft.com/en-us/entra/identity/conditional-access/what-if-tool?accept=text/markdown,304,96d4f751c3e14b96,2026-09-28T04:47:39Z
S-fs2ec5ax,https://raw.githubusercontent.com/PowerShell/DSC/ea572fa755dbd49fb52339043409fbd50a625600/dsc/src/server/mod.rs,,,,,,,,"""6e78c02b11b826111db7b4af908f6c46f186f819a0d694c60e73c1a7230b48a7""",,,e4003cb206964c5fa1749c8c88e4a0ae274273f6d84a22745831af1d24cb13b2,,200,402c09600f865d5a,2026-09-28T03:46:51Z
S-ft7nubbn,https://learn.microsoft.com/entra/identity/enterprise-apps/protect-against-consent-phishing,,,,,,,,"""0ibOX8RnkAYctsFMYw+myZxgMvo=""","Mon, 24 Aug 2026 13:07:21 GMT",7e7f75a19b7980129c9e082f14d3885ef7d15f4a,c76f736220040f21b9ac3ad469865bbc8647f796ca66f087c3e8af1dd6f2a596,https://learn.microsoft.com/en-us/entra/identity/enterprise-apps/protect-against-consent-phishing?accept=text/markdown,200,346198ae79aed448,2026-09-28T03:51:28Z
S-ftbeo3o7,https://docs.github.com/en/rest/copilot/copilot-usage,2026-09-26T00:00:00Z,,,,,,,,,,af427aa7ed3b3df9fa21339b1db9d55cfcd654198ea0c6a8aa8dd0eace57d3c6,https://docs.github.com/en/rest/copilot/copilot-usage-metrics,200,baaf9073f5621c4e,2026-09-28T03:40:55Z
S-ftk5lzj7,https://learn.microsoft.com/en-us/python/api/msal/msal.application.confidentialclientapplication?view=msal-py-latest,,,,,,,,"""atnf6foJCsEeAWDHEdBboL684lY=""","Thu, 17 Sep 2026 12:33:03 GMT",41c7bf0e6549d42eb7a67dc50a81c37f02c6a4b7,92400a880d9613758c08fc48bd0fee3f61afc71615854e690220699320f3d814,,200,eda9e74c636cfde4,2026-09-28T03:51:29Z
S-furaoufn,https://learn.microsoft.com/en-us/entra/msidweb/call-downstream-apis/token-binding,,,,,,,,"""N/D+8YF935iikFK/MqNMeIaglKI=""","Wed, 23 Sep 2026 20:26:42 GMT",4b26c1f59c1114cd4531e29575331f6ff17fbb30,fe9052b8f52e91bdb7ed8f72720adec7d5dc9f9c396579a0a6e6ae4cd29cac5f,,200,9ca8224ad72bcf98,2026-09-28T03:51:30Z
S-fvspfpxd,https://code.claude.com/docs/en/legal-and-compliance,,,,,,,,,"Mon, 28 Sep 2026 03:41:04 GMT",,7ff8c6ae7f5602fd25d39b89235209fd9adb1acb69a6bf7ee79c4657d8459ac1,,200,0f40771866533e8e,2026-09-28T03:41:04Z
S-fwzaxe7i,https://learn.microsoft.com/en-us/entra/agent-id/authorization-agent-id,,,,,,,,"""/i93xU5vLbwSlDQYIwPbGpYB0uM=""","Mon, 24 Aug 2026 13:43:10 GMT",fcc5c73aed5dc4dec675d62ce9a4f6ba99b6311d,477d1eadd4f02892ab6efbc91aaa332b50754acab6c8b8f9e5e0b8d45604d9e6,,200,92388a8b8288be85,2026-09-28T03:51:31Z
S-fxcmmurx,https://learn.microsoft.com/en-us/intune/solutions/end-to-end-guides/macos-endpoints-get-started,,,,,,,,"""lClKK4RjBUoRLf+CrGzczqynfFc=""","Tue, 25 Aug 2026 11:11:46 GMT",443a6f7640e881bbbdf9d7c10d356dac4ca0d359,4bdff0abcb7398299e2fdbb2f11127a59a8228ff780ad4e168dd37dc83a1fa3b,,200,a79627055a55aa92,2026-09-28T03:51:33Z
S-fylt7wwn,https://learn.microsoft.com/en-us/powershell/module/psdesiredstateconfiguration/test-dscconfiguration?view=dsc-1.1,,,,,,,,"""Fa+nD2GeFCX6x2dZV70MY6lWv4s=""","Thu, 06 Aug 2026 23:36:39 GMT",863e6c2d848d5ebd90cc64d61c4c9bb0541da355,feabe0d45370450fa816040b0e5f2b3ee39bd8c86b145a58475037e4828836be,,200,c155eda950ced764,2026-09-28T03:51:34Z
S-fync3qzc,https://learn.microsoft.com/azure/update-manager/periodic-assessment-at-scale,2026-09-26T00:00:00Z,,,,,,,"""aQ0VJVpqTaEAW/S6Fix76eF5p/w=""","Fri, 25 Sep 2026 06:01:52 GMT",524e07c02a94f1f9fbb5cc7404058f2fff3c44b1,462105fc4dd53826bf6499c5c1261899da894020dd62b106c821270d298eb900,https://learn.microsoft.com/en-us/azure/update-manager/periodic-assessment-at-scale?accept=text/markdown,200,1b298e249db02a2f,2026-09-28T03:51:35Z
S-fywaejcb,https://github.com/PowerShell/DSC/issues/210,,,,,,,,,,,772fe79154f46cd6bb74248b52043b1aa43f7221a46f2ae3f40996443f376ea7,,200,5cb5e82bbb8bea82,2026-09-28T03:41:48Z
S-fzd5uvn2,https://learn.microsoft.com/powershell/module/microsoft.powershell.psresourceget/about/about_psresourceget,2026-09-26T00:00:00Z,,,,,,,"""JkHIzb5cH5ELEH1qkzmyGBpfQjo=""","Fri, 25 Sep 2026 07:18:07 GMT",2546ed3d201638f8fcc1f682e32c2591834bfd27,6e5f4108174948bf8c778d789480c39ba9cdf6c464a4d070c0684a827e12dca4,https://learn.microsoft.com/en-us/powershell/module/microsoft.powershell.psresourceget/about/about_psresourceget?view=powershellget-3.x&accept=text%2Fmarkdown,200,dbc4aa40930c97bb,2026-09-28T03:51:36Z
S-fzoar2ya,https://learn.microsoft.com/en-us/autopilot/troubleshooting-faq,,,,,,,,"""SkSVJKqsr8UCpczW6dygcpyTTMk=""","Mon, 24 Aug 2026 23:25:53 GMT",a00a8cab0394e3f185e6fe542bbcc478f36d80f6,1133054e069964d14427d0f55ab94c39b77d76af06c1a585dd6441ce2dd8a2fe,,200,fdf8f6fc2ad1be91,2026-09-28T03:51:37Z
S-fzswb76a,https://raw.githubusercontent.com/MicrosoftDocs/entra-docs/b394c8d643c3f25d8b8deb23505c25acc09dddf5/docs/identity/monitoring-health/concept-managed-identity-sign-ins.md,,,,,,,,"""6b8ebf1d66fbcd46b75f872a2c84415a97ff23a13c5745097b5e5035b0da7cbb""",,,eafd4cd55d124c156b6e040337edd94b61ebad9e6f6a690be742b351dd6b5726,,200,463698d40b7a4bc0,2026-09-28T03:46:52Z
S-g2zvqta5,https://learn.microsoft.com/en-us/sql/connect/driver-feature-matrix,,,,,,,,"""/vXNsVzvlTrVannsCcUXcktId2g=""","Tue, 22 Sep 2026 01:53:10 GMT",040c754bf3d65b5b90991d12486947e82fc69746,b69f240d8750dcf616910eecab4239d7406c4c1385227ae70f6e95a82a0eb7c2,,200,b7a5937dad006d80,2026-09-28T03:51:39Z
S-g33kybfp,https://presidio.dataprivacystack.org/samples/deployments/k8s/,,,,,,,,"""6a49272b-15b4e""","Sat, 04 Jul 2026 15:30:51 GMT",,1adff4e991d5d348d2e2993b992af44079ba56f6095897244edfd2c1e6efd533,,200,58310af506a44685,2026-09-28T03:41:10Z
S-g3zab7vl,https://api.msrc.microsoft.com/cvrf/v3.0/swagger/v3/swagger.json,2026-09-26T00:00:00Z,,,,,,,,,,6606e0923c55a337bdcd8a3e8f513d27d4e259986a2655f206f04cb5d1ba0415,,200,c503430ce3db550c,2026-09-28T03:41:04Z
S-g4krsgp2,https://raw.githubusercontent.com/PowerShell/DSC/9c60d043f0c018f3026feee481cb6402100f4331/lib/dsc-lib/Cargo.toml,,,,,,,,"""8f6c49282eda379d0a946f5fc99eb146603a5e16ac306cc3272298328014f654""",,,738c59aefcb11da93bff19fba2fcd6441070274e3466b4f5625ba81d84e2e4a4,,200,335bdcb57c5171b0,2026-09-28T03:46:53Z
S-g53qt6ya,https://learn.microsoft.com/defender-endpoint/microsoft-defender-endpoint-mac-prerequisites,,,,,,,,"""lNhurjHHeFVTgPrqi7YsJEiszqk=""","Sat, 19 Sep 2026 17:19:33 GMT",1ffb083cf9f04aaed858c8a2f23c057446ac49cb,d2cab3211b1f32309ceab363e06efbab3bb5a6cc785d63a81229b743fb7048ab,https://learn.microsoft.com/en-us/defender-endpoint/microsoft-defender-endpoint-mac-prerequisites?accept=text/markdown,200,6c8831080a4c5a52,2026-09-28T03:51:39Z
S-g5gii62f,https://learn.microsoft.com/en-us/intune/configmgr/compliance/plan-design/common-tasks-for-creating-and-deploying-configuration-baselines,,,,,,,,"""7mQhumBE+oXQIikv4S45tjBS9R4=""","Mon, 07 Sep 2026 03:06:54 GMT",51052ad73287b53494fd1697c225c8e9cb7b6b42,1c991e3216c42d483f0e5943fa2cac3f60b97b6cb07c6096271de0447d5f2ab5,,200,e93f1bf9cf004a64,2026-09-28T03:51:40Z
S-g5j4nkll,https://raw.githubusercontent.com/ansible-collections/ansible.windows/3.8.0/plugins/modules/win_dsc.ps1,,,,,,,,"""2152432bd7816ec988e855d5bd1bee998523abd83d75b5f8a91c7727851861d6""",,,9e07e6411d57e9559c8240127e173cd3f747dafd511fdb822c74e0bf5a6ee77e,,200,f18db8f7106bf880,2026-09-28T03:46:54Z
S-gbwumtmj,https://gitlab.com/gitlab-org/gitlab/-/raw/56c82a97c3b74a303b33a7cf746157df1e39601f/doc/user/permissions.md,,,,,,,,"""a7c82a594c728928da8146a68f9dd4d0""",,,0db759e4a0a44cc0174d655f3f143e1a6b85f8f2c0d1ecc8ddfd1e0ffc82ac77,,200,c805483bc9e5ce04,2026-09-28T03:41:21Z
S-gcbkqdo3,https://learn.microsoft.com/en-us/microsoft-copilot-studio/admin-network-isolation-vnet,,,,,,,,"""CaVXLufboHd9LXVWtp2YE28TuG4=""","Mon, 24 Aug 2026 20:35:51 GMT",26331e194050009ad28e7c84f983e70bdc395e8c,520449d7e968cf0a68cc3315cb872e9f374d58d2ee4dba90ca28b208ed2eeb3a,,200,28063cff380f8f2d,2026-09-28T23:53:46Z
S-gceoq2qq,https://raw.githubusercontent.com/dgtlmoon/changedetection.io/0.60.7/README.md,,,,,,,,"""031020afbf3a6f26de10e7bbe27a714a927ff9390ff4ba12e62b4298b9d91534""",,,963b0fe4ca8d7377197c2b57d98ddd90ebd963d12eb757a0ad89129b7912bbc9,,200,1610ca99ccbcbcaa,2026-09-28T04:05:44Z
S-gcphwjqj,https://raw.githubusercontent.com/python/peps/ff16962a22fdc5e2095e0cbc5c243ea76e34fb52/peps/pep-0596.rst,,,,,,,,"""5272ad55221c917edcd306f146212cf52b3a2dbb4336698e2cd0f4de0becacc4""",,,215f78878d9937e49ed1a9d32b09f4a922e6dbb6b00549b594b2359a629262b4,,200,389a19408d0515a9,2026-09-28T03:46:55Z
S-gessjq23,https://learn.microsoft.com/azure/foundry/agents/concepts/hosted-agent-permissions,2026-09-26T00:00:00Z,,,,,,,"""0CQ0dnTbjhg3B0VHx6v6vQbgu5w=""","Wed, 23 Sep 2026 22:19:56 GMT",bd74da57b5293b70e0538b76b75d983ab2e67d80,3f3a4ecd21d6a31ac7c1abf4c642df8471f11ae88ba96ed7df3eb3895365ca4d,https://learn.microsoft.com/en-us/azure/foundry/agents/concepts/hosted-agent-permissions?accept=text/markdown,200,6d3a49a2d3995c4f,2026-09-28T03:51:42Z
S-gg2bczek,https://modelcontextprotocol.io/registry/about,2026-09-26T00:00:00Z,,,,,,,,"Mon, 28 Sep 2026 03:41:07 GMT",,5c64c7bf9ca449437ae6a2f856e5b48ef1e61b36a1e6221f89606660057a80b3,,200,d0e1ce2ec24db276,2026-09-28T03:41:07Z
S-gho2sfjp,https://raw.githubusercontent.com/elastic/ecs/9868ff5b9cab65376fab3e3829382b3424a3ee69/schemas/event.yml,,,,,,,,"""f6929d7aef5ef11d8df27361d7536c6e1a41801c5481d1af8c5d51cb31719b05""",,,3b32568e9c539639cdcc37dbdaca49c3e6423ca3036e6c07734ab85c256afdf1,,200,5c4aba14cb58869d,2026-09-28T03:46:56Z
S-gi5rakio,https://learn.microsoft.com/copilot/security/manage-usage,2026-09-26T00:00:00Z,,,,,,,"""4UVEJXwrU0FEXk1Kr1MUi5GvCbs=""","Fri, 28 Aug 2026 07:11:16 GMT",9de03fd758fc109d97188792e7e8b6806a92577a,259b9d2592478aa219f26619b6db0fc149d2c9a69bdabbcd60afa1668cdf9bbd,https://learn.microsoft.com/en-us/copilot/security/manage-usage?accept=text/markdown,200,debc87be49a5df7e,2026-09-28T03:51:43Z
S-gigu3bqb,https://learn.microsoft.com/security/privileged-access-workstations/legacy-privileged-access-devices,,,,,,,,"""tBRIKa4VA7Ek0y/0Bg3HLPEg9n0=""","Wed, 26 Aug 2026 17:50:23 GMT",54dc947cde988cf65f5189e174c3a227ac950d47,2aacff2be4e3ca89860eedf74e5133a77f7ea0c3478d034b1e385e5e4e7c1663,https://learn.microsoft.com/en-us/security/privileged-access-workstations/legacy-privileged-access-devices?accept=text/markdown,200,d44b730e13a0545c,2026-09-28T03:51:44Z
S-gjnpib5p,https://learn.microsoft.com/graph/api/resources/intune-policyset-deviceandappmanagementassignmentfilter?view=graph-rest-beta,2026-09-26T00:00:00Z,,,,,,,"""QCOak62W4hq8jxtYcItgZ4LZWH0=""","Tue, 25 Aug 2026 01:30:52 GMT",0b52ae19972cd7e12cd0217dfb7ea043fad86019,b5df1430faed3a68ac849cf832e4958edd800a6362148ae46cc984a1986affb5,https://learn.microsoft.com/en-us/graph/api/resources/intune-policyset-deviceandappmanagementassignmentfilter?view=graph-rest-beta&accept=text/markdown,200,e1f9463afeb3c05a,2026-09-28T03:51:45Z
S-gjyh2735,https://learn.microsoft.com/en-us/intune/device-enrollment/apple/methods-macos,,,,,,,,"""Od7aFP0OFLHhbaUSRLCtGUrdxQE=""","Tue, 25 Aug 2026 01:05:00 GMT",a60f43f6f562ded6195ddd8d888335f2d8e11e73,931d261c2b7ed13395d7bc850ec1acf4dd8af363ee6be78acf04e1423c29ea3a,,200,05eaa624ced9e96c,2026-09-28T03:51:46Z
S-gm6b6ci6,https://raw.githubusercontent.com/modelcontextprotocol/modelcontextprotocol/a99bdd15ea9ff96bf4d758aac907bbb27e9329dc/docs/specification/2026-07-28/basic/patterns/progress.mdx,2026-09-26T00:00:00Z,,,,,,,"""9ae8bc2e89af3f346fe70e958b40e53462d30cf3da28ac8ee0b29f70a576f291""",,,a7304f63b8e0efc289b4f1ab621c60eb5dfbfc1d2ca4b6b50253473ab3b4d74c,,200,09585ecb64a50646,2026-09-28T03:46:58Z
S-gma7exwg,https://learn.microsoft.com/en-us/azure/azure-arc/servers/azcmagent-config,2026-09-26T00:00:00Z,,,,,,,"""DAlrzkR4vul8uSj46qkhTfk6vyo=""","Tue, 25 Aug 2026 00:26:26 GMT",57d1a70732e4c5a011ac4bea1d45385752c5275a,915b93e79987869abbfe08c8bba7bf50f556c858e8b74cd8d63a489086b88103,,200,5d496acc76176334,2026-09-28T03:51:47Z
S-gmhqowfa,https://learn.microsoft.com/defender-endpoint/configure-device-connectivity,2026-09-26T00:00:00Z,,,,,,,"""37EKs937W84J5EaLLCSdzLAiv1U=""","Tue, 22 Sep 2026 07:59:34 GMT",0509959827002d2bcd212896fe9f5385ee82fe62,deb9deef6c44c64141f822c86e9b02688e1a08645dbaea2060549df6ae5639a8,https://learn.microsoft.com/en-us/defender-endpoint/configure-device-connectivity?accept=text/markdown,200,9da283168906e808,2026-09-28T03:51:48Z
S-gpnrqpjt,https://presidio.dataprivacystack.org/evaluation/,,,,,,,,"""6a49272c-1594e""","Sat, 04 Jul 2026 15:30:52 GMT",,9a67bde2c4593a041158988c46f6b738f7176675d029a48c63b9efb8203d3b2d,,200,f092a8fe1675aaae,2026-09-28T03:41:12Z
S-gppz6zvr,https://learn.microsoft.com/en-us/intune/configmgr/core/plan-design/changes/whats-new-in-version-1910,,,,,,,,"""sddzOoqfP+DfJe15PlLa60A894E=""","Wed, 02 Sep 2026 12:28:36 GMT",d3432a8c0e9a1b8706eff71005a6b7ca53c35f98,84b27029d0b6e19ed0e0493823851a27c73fcb8d838851a29e8a5890b7756a72,,200,70cef708a3b5f348,2026-09-28T03:51:49Z
S-gqqrls57,https://learn.microsoft.com/graph/api/resources/intune-shared-androidmanagedappprotection?view=graph-rest-beta,2026-09-26T00:00:00Z,,,,,,,"""5s6LxEtW/501ohcWd5zxzdGbSr8=""","Tue, 25 Aug 2026 02:00:14 GMT",c03b91d7953293f0cad86ef442f29398f359b69c,cc79843cdce1e6285a4ce4e0bee9e565ea35387d8c2a501713cf505fdb7c9d8e,https://learn.microsoft.com/en-us/graph/api/resources/intune-shared-androidmanagedappprotection?view=graph-rest-beta&accept=text/markdown,200,f17e30d178c98dd0,2026-09-28T03:51:51Z
S-grpxcouj,https://learn.microsoft.com/en-us/windows/configuration/assigned-access/recommendations,2026-09-26T00:00:00Z,,,,,,,"""Smkmm86D+oYgqaE4AfO9meZTAu0=""","Mon, 24 Aug 2026 07:07:43 GMT",21a9b5ee9107b563c93cd16d6b82f2ca156ac9e9,06fdc927af23134a3fdd7883335f18039e7418015e297f00835b2158d21e1029,,200,fe0808dca1e80a08,2026-09-28T03:51:51Z
S-gs56zhuk,https://github.com/microsoft/agent-framework/releases,2026-09-26T00:00:00Z,,,,,,,"W/""8705c8fe1b1bf33bcb8f89064f12876a""",,,b861607478185d633c0e7bd463c1bbd360ebf013f15a452a73ca9350fcec701c,,200,3721526e8f26941f,2026-09-28T03:41:50Z
S-gstozrro,https://learn.microsoft.com/en-us/defender-xdr/advanced-hunting-schema-tables,2026-09-26T00:00:00Z,,,,,,,"""3dfoY31rU4XtXcm9JYT3DIvs0Tk=""","Sat, 26 Sep 2026 08:22:03 GMT",0f1f89c54621e9984867ff95d3224ef4e86ad471,17c292afae67021831dfa99eaffc71766176faa0dd056a4a4d2de88214d0ee3d,,200,32377b919579ec86,2026-09-28T03:51:52Z
S-guaor3a5,https://raw.githubusercontent.com/astral-sh/ruff/0.16.9/crates/ruff_linter/src/settings/types.rs,,,,,,,,"""fa5090cea9f811619f068b89220bc4efff191e6c2405d7d583aeb9afcb93019a""",,,c9d00143cd0d5c3c7b906719b587643446878e01c3cbd031ad6976bc4b5dafc3,,200,424c9611ea7b1b6a,2026-09-28T03:46:59Z
S-guca45p3,https://learn.microsoft.com/azure/sentinel/create-nrt-rules,2026-09-26T00:00:00Z,,,,,,,"""5j9naKqCwZxGF9ZFeW/LdnGg5RM=""","Wed, 23 Sep 2026 16:09:43 GMT",0a4c8cc25b364f8a22457c922198bcb3b10cac0f,9e870deda50d27f09460f15fe96fedebec1b3ba6f5368975b778097ca6e3f120,https://learn.microsoft.com/en-us/azure/sentinel/create-nrt-rules?accept=text/markdown,200,4eab8f0aff84d5bd,2026-09-28T03:51:54Z
S-gueirwxw,https://learn.microsoft.com/azure/foundry/openai/how-to/provisioned-get-started,,,,,,,,"""4KDK9Rw14Vc9vx01WjGjvHJJTgY=""","Sat, 12 Sep 2026 01:07:34 GMT",eeaedf7dfa09722e9cf612355a99ceacdca2a768,b17bf9ff777084a76f928b096702764b47949829fdf2215e999a37fcf544d7a2,https://learn.microsoft.com/en-us/azure/foundry/openai/how-to/provisioned-get-started?accept=text/markdown,200,f210b7fe12c8c327,2026-09-28T03:51:55Z
S-guis2g6u,https://learn.microsoft.com/graph/api/intune-policyset-deviceandappmanagementassignmentfilter-create?view=graph-rest-beta,2026-09-26T00:00:00Z,,,,,,,"""YLMSLxqv5zPHneY1N99hPGjfqMc=""","Wed, 26 Aug 2026 20:12:39 GMT",3602cccfe6ab9ccaac221c8aa925b3134d055f6b,f1ddc4decd8c1cddbda889734640d3450402974afdd387322c2ac4ee65c5373a,https://learn.microsoft.com/en-us/graph/api/intune-policyset-deviceandappmanagementassignmentfilter-create?view=graph-rest-beta&accept=text/markdown,200,63bd4c2cf8b9c052,2026-09-28T03:51:57Z
S-gum2njhe,https://learn.microsoft.com/microsoft-365/copilot/extensibility/declarative-agent-manifest-1.8,2026-09-26T00:00:00Z,,,,,,,"""zSoyoCLsqtNiQGPMYxZfKDnf1RI=""","Mon, 31 Aug 2026 20:22:23 GMT",d38e3eb99ac56b4367868b3105b4a8f11bb4c8bc,0d214d6fa7ca88254be6c7d421416d48b0c7f7f4f82bce15ebf6633ab515d459,https://learn.microsoft.com/en-us/microsoft-365/copilot/extensibility/declarative-agent-manifest-1.8?accept=text/markdown,200,e1a45aac1b850ab1,2026-09-28T03:51:58Z
S-gupervu4,https://context7.com/docs/library-updates.md,,,,,,,,,,,21a79f7fc41480a8129191bf9a86f22bcb9be01dd8aad306af22c157f7ef7a6d,,200,45667820cf2f848e,2026-09-28T03:41:08Z
S-gv5dk5hs,https://learn.microsoft.com/en-us/troubleshoot/mem/configmgr/discovery/lastlogontimestamp-not-accurate,,,,,,,,"""n/1A7bCX7ES0mjmBFmVJ3hTuwy8=""","Tue, 25 Aug 2026 05:35:00 GMT",6238ff1466d83a4daa87edaa6db46bde0d900f42,5e7e8107b2a199384647715822777b17e2097ca7c18edafa6c8f350cfa51dc3f,,200,f30bca9c8baa8581,2026-09-28T03:51:59Z
S-gvgapsup,https://learn.microsoft.com/troubleshoot/windows-server/networking/sysvol-dfsr-migration-fails-after-in-place-upgrade,2026-09-26T00:00:00Z,,,,,,,"""tF9YFhwzeyu+NhGivWp4cKzW6Jg=""","Mon, 24 Aug 2026 18:58:42 GMT",13b2d50440e0b880deadd46afe076b6b3625235f,03dccf55043240486634699062f8aeeefbce7bc6b9599f0c11f55ea21a0874da,https://learn.microsoft.com/en-us/troubleshoot/windows-server/networking/sysvol-dfsr-migration-fails-after-in-place-upgrade?accept=text/markdown,200,644c036306381ea9,2026-09-28T03:52:00Z
S-gwco6fl2,https://learn.microsoft.com/en-us/microsoft-copilot-studio/nlu-prompt-node,,,,,,,,"""+6WBLRYenmT8rQYffd3bIaMfW5M=""","Sun, 13 Sep 2026 10:41:01 GMT",2e4472d1ee421ee0c4ae73132f30b777f94b7c36,400c4abb7f9d478ab86b8131c75f6cc839e67a384d33992bf97260570ef854a3,,200,9cc4b4d79db8cc30,2026-09-28T03:52:01Z
S-gxtvjkv7,https://code.claude.com/docs/en/analytics,2026-09-26T00:00:00Z,,,,,,,,"Mon, 28 Sep 2026 03:41:05 GMT",,47f36a6f4faf03735d527b77ba481a8772ca72b30d1f9a1ca5cce2d743d4db73,,200,d7c3bd8c23cdaa46,2026-09-28T03:41:05Z
S-gxuoqjzy,https://code.claude.com/docs/en/plugins/cli-reference,2026-09-26T00:00:00Z,,,,,,,,"Mon, 28 Sep 2026 03:41:06 GMT",,86c030801b88ac37f647b8672a410d30991814a90ee9e8809d0a4c770369211e,,200,2bcd5ab6a9231f49,2026-09-28T03:41:06Z
S-gykoucrb,https://learn.microsoft.com/copilot/security/faq-security-copilot,,,,,,,,"""1L81H+c8gU/8hOog7yboRrxYpGo=""","Fri, 28 Aug 2026 08:35:52 GMT",6290084320dfd9a3aed79420b2bf57cde0415047,d1807d995eaaa524d10daa31dd09ad712ce0a4c7824c5fed2a24b237daee6228,https://learn.microsoft.com/en-us/copilot/security/faq-security-copilot?accept=text/markdown,200,b8c23cbfa9bddb79,2026-09-28T03:52:02Z
S-gyp6fxzq,https://learn.microsoft.com/en-us/entra/identity/managed-identities-azure-resources/assign-app-role-managed-identity-azure-cli,,,,,,,,"""hP77pPGpcJnhltVy43+KRfHW2CQ=""","Mon, 24 Aug 2026 12:40:54 GMT",2a8bc8907b12086d7a471b3ae71f2b3851e4ca6d,be677e30c9118517b46afdb507a8a02c4b4292dc75378053b641f53114fc0fc5,,200,97f401dfd5d856f3,2026-09-28T03:52:03Z
S-gzff3gao,https://learn.microsoft.com/powershell/module/microsoft.powershell.psresourceget/update-psresource,,,,,,,,"""+Z5i9Zh21uYr7K76B2tpNhChSHY=""","Fri, 25 Sep 2026 07:52:51 GMT",f592f120bf8fa042ce9744fe8b9fcc2752da2c8a,43b3608c1bf016c348bccaf1073ce67c4306af10bc5754c91771ae1c4969ab5b,https://learn.microsoft.com/en-us/powershell/module/microsoft.powershell.psresourceget/update-psresource?view=powershellget-3.x&accept=text%2Fmarkdown,200,0db46f97d942d1ab,2026-09-28T03:52:06Z
S-gztpah4d,https://code.claude.com/docs/en/agent-sdk/hosting,2026-09-26T00:00:00Z,,,,,,,,"Mon, 28 Sep 2026 03:41:08 GMT",,bb5659040ecb9389db8f88b96cad490414751fc82ccbf58adc21b8c78bf3ac6b,,200,781a5a8892addf92,2026-09-28T03:41:08Z
S-h2cmbqvf,https://learn.microsoft.com/en-us/windows-server/identity/ad-ds/manage/understand-security-identifiers,,,,,,,,"""mQ145Quiqkr/WM7rJFBoOIWHFHs=""","Tue, 25 Aug 2026 23:11:56 GMT",ef9afdb74d7e649d54aeaf104efe28dcd857ff2f,0097030a98fd43549db4499d53ff3c35fe5de88a697be216d8eb4ce12ce2ee55,,200,01a3eacec42d2278,2026-09-28T05:19:16Z
S-h2gj3bko,https://raw.githubusercontent.com/MicrosoftDocs/entra-docs/b394c8d643c3f25d8b8deb23505c25acc09dddf5/docs/identity/monitoring-health/concept-sign-ins.md,,,,,,,,"""deb77c758f4760b78bca7ccb7de26f39ed83e71b412b61a97bf9d589479f8434""",,,f038277c7ac5cb4432597c8839dbe3e7a72c6fee56381ebcc406626f717f044a,,200,e1ca0926d55a5548,2026-09-28T03:47:00Z
S-h36g7sd3,https://learn.microsoft.com/intune/app-management/deployment/add-lob-ios,,,,,,,,"""mv4/RU4aYLBdMF2y5pFinhh829I=""","Mon, 24 Aug 2026 23:21:03 GMT",a60f43f6f562ded6195ddd8d888335f2d8e11e73,3bac0d512ef162ae1f5fadfa9f4dc46fe4992294a0e4496662131e35bf4d0b5d,https://learn.microsoft.com/en-us/intune/app-management/deployment/add-lob-ios?accept=text/markdown,200,01fe220cd6c2c245,2026-09-28T03:52:08Z
S-h3bs4xjt,https://learn.microsoft.com/copilot/security/whats-new-copilot-security,2026-09-26T00:00:00Z,,,,,,,"""jmi84APSoHF64RH1TXdzdZeqUss=""","Fri, 28 Aug 2026 00:27:36 GMT",6290084320dfd9a3aed79420b2bf57cde0415047,b1103a9503d4b27aab085262d889f1d8b42c0eaa719b2fdc4189afc31a7eff23,https://learn.microsoft.com/en-us/copilot/security/whats-new-copilot-security?accept=text/markdown,200,e23cea2bef4dce75,2026-09-28T03:52:08Z
S-h3kjbi2l,https://learn.microsoft.com/azure/update-manager/pre-post-scripts-overview,2026-09-26T00:00:00Z,,,,,,,"""Z0nbrnpK9UOfR8rGiesqvxv62tQ=""","Thu, 24 Sep 2026 16:33:32 GMT",524e07c02a94f1f9fbb5cc7404058f2fff3c44b1,96303539530615e6988d10ee6aa17b905772b646ac2eee1f3d3ae86c25931bca,https://learn.microsoft.com/en-us/azure/update-manager/pre-post-scripts-overview?accept=text/markdown,200,321151fd2e2d45fc,2026-09-28T03:52:09Z
S-h44fxget,https://learn.microsoft.com/intune/device-configuration/certificates/scep-profiles,2026-09-26T00:00:00Z,,,,,,,"""BF4uhrVCNbtd4JnLx9VYdxLCc6w=""","Tue, 25 Aug 2026 06:52:46 GMT",a60f43f6f562ded6195ddd8d888335f2d8e11e73,8f6763a1422b1215c5d1f32582168e3b600a2ec5ba97cd2579958fe2d8bab6c5,https://learn.microsoft.com/en-us/intune/device-configuration/certificates/scep-profiles?accept=text/markdown,200,e303691e49329251,2026-09-28T03:52:10Z
S-h5gurdir,https://raw.githubusercontent.com/pytest-dev/pytest/9.1.1/doc/en/reference/fixtures.rst,,,,,,,,"""681c89b33f051da6cff21b4252f44a135723c24bbee173496048ca2af3c10bd1""",,,393beed529d52e4c96e79aaca1d617e90657aea437ac0b693187ca99127da652,,200,0af90753d46dfb58,2026-09-28T03:47:01Z
S-h5sble4p,https://code.claude.com/docs/en/setup.md,,,,,,,,,"Thu, 08 Oct 2026 00:45:10 GMT",,9e8eba7e8a8bfdbd679fc27a022ad8e884445ec3534448cf1abe7430c8059720,,200,79b458277a69e001,2026-10-08T00:45:10Z
S-h66nieow,https://learn.microsoft.com/hololens/app-deploy-store-business,,,,,,,,"""qE5ZpPQbKVG+R3MEjYfboAp4YpM=""","Wed, 09 Sep 2026 12:08:40 GMT",8de858b20d37bb83112ad60aada0db280204cc3b,b2c5150d01364a4c4d5990ec7be67b167f4451c12ac33168aaf2b60004b8735e,https://learn.microsoft.com/en-us/hololens/app-deploy-store-business?accept=text/markdown,200,427c63c2ef427b6d,2026-09-28T03:52:12Z
S-h6idpd4a,https://learn.microsoft.com/en-us/entra/identity/hybrid/cloud-sync/how-to-configure,,,,,,,,"""oQGLcF7AtjOGtcJ1x6NbdpWxZ34=""","Mon, 14 Sep 2026 20:53:09 GMT",499f5ecc5dd238d85823d440261c8d56377303d7,12255b48fcdcb39f91237e260e8c2d250b1ed7a3243c8535b543de200f1bde74,,200,59f20384038b743f,2026-09-28T03:52:12Z
S-h6jpev6e,https://docs.github.com/en/copilot/concepts/agents/about-github-agentic-workflows,,,,,,,,,,,b4a4187de3aacf7ab3840aade99a534ebad32ee8fae46cb06166c408b53ae841,,200,f17abbb38a746c95,2026-09-28T03:40:57Z
S-h6zdsnii,https://learn.microsoft.com/entra/id-governance/privileged-identity-management/pim-configure,2026-09-28T04:47:40Z,,,,,,,"""RmGf24jd6/Up6RwrF+BMhSbmcCM=""","Mon, 24 Aug 2026 13:08:23 GMT",f126bf975530aabaa9d76bb4e57106545ae12126,e0ff1335db244b896346cc0174efb9e6ebf84bf10928f7b528e17ce60d56bd22,https://learn.microsoft.com/en-us/entra/id-governance/privileged-identity-management/pim-configure?accept=text/markdown,304,5d770ffe5a3e50e0,2026-09-28T04:47:40Z
S-h7fejg6k,https://learn.microsoft.com/en-us/azure/azure-arc/servers/security-identity-authorization,2026-09-26T00:00:00Z,,,,,,,"""+GXPSDkL5nB6LrSrslzsOg80R6g=""","Tue, 25 Aug 2026 01:58:21 GMT",8b29f970a0f244e934b4f83121e6b31c13ddbfac,c456aa5c689f2c2961f50b3a097534c6c5018b154da943a8afc0de6ccfd6b4f5,,200,6fd80e7459f01737,2026-09-28T03:52:15Z
S-h7ijeucf,https://learn.microsoft.com/graph/api/intune-deviceconfigv2-devicemanagementconfigurationpolicy-createcopy?view=graph-rest-beta,,,,,,,,"""xAdhYt9/xdxnvc8vLKEA7O5J1m8=""","Fri, 28 Aug 2026 13:54:14 GMT",3602cccfe6ab9ccaac221c8aa925b3134d055f6b,edf1901b7a2cbf89b243c1fbbfa2cc79c80b41752cb831e35dbcd065730b8b31,https://learn.microsoft.com/en-us/graph/api/intune-deviceconfigv2-devicemanagementconfigurationpolicy-createcopy?view=graph-rest-beta&accept=text/markdown,200,e9ad5e2c7915e017,2026-09-28T03:52:16Z
S-h7l5c7uo,https://learn.microsoft.com/powershell/microsoftgraph/migration-steps?view=graph-powershell-1.0,2026-09-26T00:00:00Z,,,,,,,"""U77S0YQs2xA+xWPaQaYIMner2dM=""","Thu, 06 Aug 2026 14:29:31 GMT",222f7e43bb35db47f8439dd63706bf8e8670ec23,d0a07cf93debc79ca67baa27e6102d2e91ac274555753f3b7f99461cf15894cd,https://learn.microsoft.com/en-us/powershell/microsoftgraph/migration-steps?view=graph-powershell-1.0&accept=text/markdown,200,765ed3ccd386fdda,2026-09-28T03:52:17Z
S-haj5sdml,https://learn.microsoft.com/intune/developer/data-warehouse/ref-api-endpoints,,,,,,,,"""qN4e4cadvlwEG1KKZDg5zcjOKqQ=""","Wed, 26 Aug 2026 17:33:07 GMT",a60f43f6f562ded6195ddd8d888335f2d8e11e73,8041ccaec69eaa2643aea074424c1b56becd2019158e2495d264c5b20d5d7a8f,https://learn.microsoft.com/en-us/intune/developer/data-warehouse/ref-api-endpoints?accept=text/markdown,200,a5cf029c46661fe9,2026-09-28T03:52:18Z
S-havfntgx,https://code.claude.com/docs/en/plugins/install,2026-09-26T00:00:00Z,,,,,,,,"Mon, 28 Sep 2026 03:41:09 GMT",,dce110fd12eb8620cf077f472137b218e6eb13e59dd2cbda2baf0e761546f37c,,200,cc82d417f2812d08,2026-09-28T03:41:09Z
S-hcl5uw5c,https://raw.githubusercontent.com/openai/openai-openapi/686cd5e94dec32219b3f23e3de75629ca3113154/openapi.yaml,,,,,,,,"""b7de613d6acebd0009063916918d3f163d3001ebbeb0b751ed9cf36f1be9f175""",,,de263316e28b8edb21975ce6732e8a6593ac6599186d66bfcc537429d57fdedf,,200,0565998f7398eac2,2026-09-28T03:47:03Z
S-hcszfxta,https://learn.microsoft.com/powershell/scripting/security/remoting/ssh-remoting-in-powershell?view=powershell-7.6,2026-09-26T00:00:00Z,,,,,,,"""iLnhskcdjLKnz7iZwhEl1YyEpJQ=""","Thu, 24 Sep 2026 22:26:13 GMT",eb7fcbb2ed628f530fe54bafe84fd8f2a5017690,745182ff1046bcd90cd2ff22caf9632cb22f01c483f526035249bd5bef94ef83,https://learn.microsoft.com/en-us/powershell/scripting/security/remoting/ssh-remoting-in-powershell?view=powershell-7.6&accept=text/markdown,200,150ef6d17d4f4c2f,2026-09-28T03:52:19Z
S-hddmxunx,https://learn.microsoft.com/en-us/mem/intune/fundamentals/filters-device-properties,2026-09-26T00:00:00Z,,,,,,,"""ZjCYcSM7cveE5BzFOJCK6uk0ycU=""","Thu, 24 Sep 2026 00:21:00 GMT",4e3a329acf4a72a730e3a70f6004312c5a0d7c33,28cf89bf60b02b3051c685322168d09f1cc273b02aa6254dcb68cd71e2becb97,https://learn.microsoft.com/en-us/intune/fundamentals/filters/ref-device-properties?accept=text%2Fmarkdown,200,c48ad39ea26c5892,2026-09-28T03:52:21Z
S-hdprezk3,https://learn.microsoft.com/windows/whats-new/extended-security-updates,2026-09-26T00:00:00Z,,,,,,,"""BEjhazwD5jAnZaTRGaVUqlVOWYA=""","Mon, 24 Aug 2026 03:24:05 GMT",d23d48c16e8f01b6f3b8c360611ad847814842e0,5f44b4455678739a195ed8bab1201751aa395c3327b4ddf83dca5537a7880480,https://learn.microsoft.com/en-us/windows/whats-new/extended-security-updates?accept=text/markdown,200,d7840e9408ad82b9,2026-09-28T03:52:21Z
S-hepxqkky,https://www.powershellgallery.com/packages/Microsoft.Graph.Beta.DeviceManagement.Actions/2.25.0,,,,,,,,,,,7e3c7f9db91c358a1746a6c46943e8fcb91ba76d21df63ea0ed3138ebc3661b3,,200,2ed079da303dcb99,2026-09-28T03:40:26Z
S-hfymbj4j,https://docs.cloud.google.com/sensitive-data-protection/docs/concepts-hybrid-jobs,,,,,,,,,"Thu, 24 Sep 2026 21:06:12 GMT",,09ed16ba964fb6ca2940bae22cfeca8614ec39ee62b19680e60ce6c6d38efda6,,200,250a38a0039fd825,2026-09-28T03:41:01Z
S-hgu2bdgi,https://aclanthology.org/N18-1074/,,,,,,,,"""a41d-65c7aedbe10ad""","Sun, 27 Sep 2026 18:15:04 GMT",,8695979e53d7d594175ad01603dc49dbdcd2bd81c64541a58b694fa739d261b7,,200,7c410fc6f58a638d,2026-09-28T04:05:44Z
S-hjnsjtb6,https://docs.github.com/en/copilot/concepts/network-settings,,,,,,,,,,,593caf237ea94d4a920bd0b63132d6214ab8acdf7892f0b7408f45156a9366e6,https://docs.github.com/en/copilot/concepts/security-governance-and-network-settings/network-settings,200,ffa21bab8cd8df93,2026-09-28T03:40:59Z
S-hk7ngup4,https://learn.microsoft.com/graph/api/resources/devicedetail?view=graph-rest-1.0,2026-09-28T04:47:41Z,,,,,,,"""l3JNzZdyPnnOQrtQc6k3FCIQCT0=""","Tue, 25 Aug 2026 03:03:06 GMT",2e5523aaeae1efaea53841ad910546cbbb22141b,a6e950d08fd7a950e34b486569bade91bce260362ed7461fa8ec4285ebd1426d,https://learn.microsoft.com/en-us/graph/api/resources/devicedetail?view=graph-rest-1.0&accept=text/markdown,304,cf4162d14891c616,2026-09-28T04:47:41Z
S-hkbq4xlj,https://learn.microsoft.com/en-us/windows/configuration/assigned-access/shell-launcher,2026-09-26T00:00:00Z,,,,,,,"""Hmjyjx/ZAswrDzFOdQcon1qEj6I=""","Mon, 24 Aug 2026 06:47:44 GMT",21a9b5ee9107b563c93cd16d6b82f2ca156ac9e9,b9fd7be3b6a6e7d148dabef3580f755c5f004ad4345c150adc02e39424a13b79,https://learn.microsoft.com/en-us/windows/configuration/shell-launcher/?accept=text%2Fmarkdown,200,365cc79812ef72bb,2026-09-28T03:52:24Z
S-hkj4rbxk,https://learn.microsoft.com/en-us/intune/device-security/conditional-access-integration/app-based-policies,,,,,,,,"""YaqHvQ6xA8+3jMSlMcaT1ArDqMM=""","Tue, 25 Aug 2026 20:08:47 GMT",a60f43f6f562ded6195ddd8d888335f2d8e11e73,7017b6df213857e3057203b1aba79b36dc02d2512d8a7af109eb1fcd9afa1dbc,,200,e47ff4994f89d8d4,2026-09-28T03:52:25Z
S-hkoalitj,https://learn.microsoft.com/azure/foundry/agents/overview,2026-09-26T00:00:00Z,,,,,,,"""njojOmemMnfGpHRfhh2rozHaCjU=""","Fri, 25 Sep 2026 06:09:04 GMT",a1f0895fe634a11aed71ce5e029c2162ca93e433,05e376f1f594c828851ba1622cf544840ead02586a9780a999f6209fb1b23247,https://learn.microsoft.com/en-us/azure/foundry/agents/overview?accept=text/markdown,200,ef4cbe059481c71c,2026-09-28T03:52:26Z
S-hm5x2mzz,https://raw.githubusercontent.com/microsoftgraph/microsoft-graph-docs-contrib/4ad99fd37a9e2e8538275a0a9cdff7907052f3ec/api-reference/v1.0/api/configurationmanagement-list-configurationsnapshots.md,,,,,,,,"""d0f1d40d7cba1af18e812dca4b3497b072d5c8e6db7da0e5f1d1739f03fbd486""",,,394483da4c13e284d24c8dfc3ec167350d3770f8e76d4cf1efac9ce1a3499108,,200,1b2240ae5ac95c09,2026-09-28T03:47:04Z
S-hmjlvsck,https://learn.microsoft.com/en-us/intune/configmgr/core/clients/manage/client-notification,,,,,,,,"""KfGDZcgP9dIwCEF5lnxadUkoI5E=""","Mon, 31 Aug 2026 20:24:01 GMT",d3432a8c0e9a1b8706eff71005a6b7ca53c35f98,bf67849ddb2a7ad57a4b693097bf57b2d9b458896bdca508bb9fe15b2d3b47a5,,200,3692b9e43e72949c,2026-09-28T03:52:27Z
S-hoagpet2,https://support.claude.com/en/articles/13132885-setting-up-single-sign-on-sso,2026-09-26T00:00:00Z,,,,,,,,,,ba2345264527c0871f70513da0bf344fde23889bcafbb0751db26903a9fa5a36,https://support.claude.com/en/articles/13132885-set-up-single-sign-on-sso,200,7731e23bd2c7ad28,2026-09-28T03:40:53Z
S-hocpkynn,https://huggingface.co/jugaadsrl/gliner2-multi-v1-onnx,,,,,,,,"W/""20f0f-7xQxzzOOPlNGVhZM2SzkUw5+KOY""",,,d9aa3e877da9bee205fae12fd7eb9699810e8787aecca0dcb8256454371703b0,,200,8345b8002cd539c9,2026-09-28T03:40:18Z
S-horf4w6m,https://learn.microsoft.com/azure/update-manager/query-logs,2026-09-26T00:00:00Z,,,,,,,"""eCtRt4gb0W+jmlP6XkZmZN0TW/I=""","Thu, 24 Sep 2026 15:12:59 GMT",524e07c02a94f1f9fbb5cc7404058f2fff3c44b1,9b67a53e402c49192bdcd50c7a6dc5009d66a15110cf7fde6155677221ec94d4,https://learn.microsoft.com/en-us/azure/update-manager/query-logs?accept=text/markdown,200,4eae5c83ffa5e30b,2026-09-28T03:52:28Z
S-hr6egysd,https://learn.microsoft.com/graph/api/resources/intune-devices-userexperienceanalyticsdevicestartuphistory?view=graph-rest-1.0,,,,,,,,"""51rYkW5pfwWtkLY/PZEiJZnJhF0=""","Sun, 30 Aug 2026 00:05:20 GMT",e8eace7fa9bfa9e7afacfe9f5dec1ba42ffd493f,72c20b3eaad54122414f531c88ebe4d4a5d9dbec3b2cbfdc5edb2c8b4470c365,https://learn.microsoft.com/en-us/graph/api/resources/intune-devices-userexperienceanalyticsdevicestartuphistory?view=graph-rest-1.0&accept=text/markdown,200,92e22f5879959223,2026-09-28T03:52:29Z
S-hrri7kcy,https://raw.githubusercontent.com/modelcontextprotocol/ext-auth/fb374c7db2b34f18ca9183882e0beecdf661892b/specification/stable/enterprise-managed-authorization.mdx,,,,,,,,"""21000f3c0ce9618c4bb2bb99f3fe0621d63ce12b677b105494831ea5fea66448""",,,bfd71a8990f2bcdf8c54ee65a69f1ae771b3e292df280df963780efe1eb41d0f,,200,92844b10a96aae61,2026-09-28T03:47:05Z
S-hssydh4l,https://learn.microsoft.com/defender-endpoint/devices-overview,,,,,,,,"""Lr5YqjNWwJa4bZP3AogCpKLON5s=""","Mon, 24 Aug 2026 08:06:50 GMT",26fc38f4cba8995efdc4c710650328b5a021db5d,47abe547b4bb6163f2e809b3f4c8e576cc08279d072a3eb851560045a1e2a016,https://learn.microsoft.com/en-us/defender-endpoint/devices-overview?accept=text/markdown,200,b245986e6a62d710,2026-09-28T03:52:30Z
S-ht6fligp,https://learn.microsoft.com/windows/package-manager/configuration/create,2026-09-26T00:00:00Z,,,,,,,"""cBuBsEfCegpdU8Db28N7udT3AKM=""","Mon, 24 Aug 2026 21:34:05 GMT",3a383f62b5889709a526d4683f7226e89f60d0bf,0f1b9d87147b76feefe1aec63b641e43ae4ddd8d23e479beb3c4983f4493dec6,https://learn.microsoft.com/en-us/windows/package-manager/configuration/create?accept=text/markdown,200,52d0d5cf106b4794,2026-09-28T03:52:31Z
S-htlj43pv,https://learn.microsoft.com/windows/security/identity-protection/hello-for-business/trusted-signal-unlock,2026-09-26T00:00:00Z,,,,,,,"""gSGQz2WJGfYsKQR4+We/wt1mTP8=""","Mon, 24 Aug 2026 19:18:35 GMT",b0bdb25d3c2f0b6aa578fa4a1a945a9c8595763c,0520bd57420efca951a386933f1d35d13f351c4cc15fc9bce88f8712be3ddbfc,https://learn.microsoft.com/en-us/windows/security/identity-protection/hello-for-business/trusted-signal-unlock?accept=text/markdown,200,97d9774f31a0e7ba,2026-09-28T03:52:32Z
S-htpihbqv,https://learn.microsoft.com/entra/identity/monitoring-health/howto-download-logs,,,,,,,,"""sbuHSG2DWucVKDS/WWtBxoq12eA=""","Tue, 25 Aug 2026 00:22:43 GMT",b394c8d643c3f25d8b8deb23505c25acc09dddf5,9d0117a845911d6ef8928acfefa8c2161b2656d884997b845204a205e7947387,https://learn.microsoft.com/en-us/entra/identity/monitoring-health/howto-download-logs?accept=text/markdown,200,1b01513a878cd55e,2026-09-28T03:52:34Z
S-hubiwt4q,https://learn.microsoft.com/intune/device-management/tools/run-shell-scripts-macos,2026-09-26T00:00:00Z,,,,,,,"""CYAh8BCQ8DGzQAm6iDLY3XqGCNU=""","Tue, 25 Aug 2026 04:12:19 GMT",a60f43f6f562ded6195ddd8d888335f2d8e11e73,679a67027c48f8049f615c8e1e0e581ad5e96595347356a08381c3c3f90455f4,https://learn.microsoft.com/en-us/intune/device-management/tools/run-shell-scripts-macos?accept=text/markdown,200,2473f31a00a65f00,2026-09-28T03:52:35Z
S-hv24mjpy,https://learn.microsoft.com/troubleshoot/mem/intune/certificates/troubleshoot-certificate-connector-events,2026-09-26T00:00:00Z,,,,,,,"""XObeK68Uc4f+I1YzKCjIfCfGeFg=""","Tue, 25 Aug 2026 04:39:17 GMT",deacfaad9345a9b207a9b52ba1fa326900395db8,98304b3f8365ed55f5cb33af5ea6c2cebbb399f8f22e86722888fac2b87358a3,https://learn.microsoft.com/en-us/troubleshoot/mem/intune/certificates/troubleshoot-certificate-connector-events?accept=text/markdown,200,40d534c26976c0e6,2026-09-28T03:52:36Z
S-hvfrvt73,https://learn.microsoft.com/defender-endpoint/api/machineaction,2026-09-26T00:00:00Z,,,,,,,"""Q69HwVCBqrc0NxafdWuqGOGr6mg=""","Mon, 24 Aug 2026 08:19:06 GMT",e5e024df2189c2f05c8a7a66f60fff59a0c0bfd8,ae3b0f00e5aaf9aec0e19880766d207474b9ceab4732250d89329a89da0ceaba,https://learn.microsoft.com/en-us/defender-endpoint/api/machineaction?accept=text/markdown,200,ae4c83260faa88db,2026-09-28T03:52:37Z
S-hvhro6n5,https://gitlab.com/gitlab-org/gitlab/-/raw/9f1632e2d74cf3c87fce2513c999c6cf84a97ab4/doc/ci/runners/configure_runners.md,,,,,,,,"""7382b4b7a1ade81266e842745245e8f0""",,,442372dd7a2ac5ef075ad40316269c606a799d6d48de9450b10b650fbd8fbe1f,,200,562e2e059f7acdbe,2026-09-28T03:41:22Z
S-hvijyhte,https://learn.microsoft.com/windows-server/get-started/hotpatch,2026-09-26T00:00:00Z,,,,,,,"""UxpufxBIyBOINNR52FCUdpEVyJg=""","Tue, 08 Sep 2026 18:03:25 GMT",61037b40c7dc0086cb7c2e4336a0df39a72864b2,9a633659cfe337b526dcae40c384f44c4b4252be07330b5bafe839937983cfb7,https://learn.microsoft.com/en-us/windows-server/get-started/hotpatch?accept=text/markdown,200,028e2ea52346e0bc,2026-09-28T03:52:38Z
S-hvr4bpb2,https://learn.microsoft.com/azure/sentinel/compare-analytics-rules-custom-detections,,,,,,,,"""jwEPdiodPYiiSrYmzhzDozI47ak=""","Tue, 25 Aug 2026 10:27:09 GMT",f5abb4b898553d5124948056768d502de314a5ca,4c6bfda7d45132953ca0f5201ffbe1de6fba89de9e3a1ddf9da447a8eca94026,https://learn.microsoft.com/en-us/azure/sentinel/compare-analytics-rules-custom-detections?accept=text/markdown,200,e545b64263f5c017,2026-09-28T03:52:39Z
S-hvtmunqo,https://learn.microsoft.com/en-us/intune/configmgr/core/support/cmtrace,,,,,,,,"""wNlQbpIn/LHydE+hjzdBN85uZq4=""","Tue, 01 Sep 2026 17:52:00 GMT",d3432a8c0e9a1b8706eff71005a6b7ca53c35f98,b627650e231cd9348833da7e4d0368fdfd873fd4daa92d8860d5cfe0ceccd9b3,,200,43ca241afd996e4e,2026-09-28T03:52:40Z
S-hvuk3dqt,https://code.claude.com/docs/en/changelog,,,,,,,,,"Thu, 08 Oct 2026 00:45:12 GMT",,00e2fda0db55f1099a7d05898bbd28a86b6db7963b9e1a83cdc899f10fafdfd9,,200,10643823ef5b033d,2026-10-08T00:45:12Z
S-hw4p6ks6,https://learn.microsoft.com/intune/device-configuration/settings-catalog/configure-admx-templates-windows,2026-09-26T00:00:00Z,,,,,,,"""IKTKoqrZUXvi103WeSx81XOBbp4=""","Tue, 25 Aug 2026 10:32:14 GMT",7328cf31fc7051783f9fdb12250a44d8d227fa1a,ea8666c5fff132ae781123d0e16a1f8532babd6cf4a639c39b3d0f44b00b1687,https://learn.microsoft.com/en-us/intune/device-configuration/settings-catalog/configure-admx-templates-windows?accept=text/markdown,200,7db5a5ce3f293690,2026-09-28T03:52:41Z
S-hwvrdtxc,https://learn.microsoft.com/windows/ai/mcp/servers/mcp-containment,2026-09-26T00:00:00Z,,,,,,,"""WEa4efozzqtEEa3/SV7UU6AmGvg=""","Thu, 27 Aug 2026 03:22:04 GMT",15e7b4e44f80775991197a502ce4d7f38fa55c25,5ad1aa94564767afa1bc057bfebf2ee24af7f3534b370eef6041ff506c0074f8,https://learn.microsoft.com/en-us/windows/ai/mcp/servers/mcp-containment?accept=text/markdown,200,ac74d5561ef466d4,2026-09-28T03:52:42Z
S-hxbyw5pm,https://learn.microsoft.com/intune/fundamentals/certificates/connector/overview,2026-09-26T00:00:00Z,,,,,,,"""3097fT8CQvf/jCBaxyde/kBtTNs=""","Tue, 25 Aug 2026 04:40:48 GMT",a60f43f6f562ded6195ddd8d888335f2d8e11e73,9c7adbb6a50d05a82c1110329b2d20ea52ccdea23ebe279eec4ad830a414b07e,https://learn.microsoft.com/en-us/intune/fundamentals/certificates/connector/overview?accept=text/markdown,200,7cbe06ec319a3a5f,2026-09-28T03:52:43Z
S-hya3uz6p,https://learn.microsoft.com/azure/sentinel/datalake/sentinel-lake-overview,2026-09-26T00:00:00Z,,,,,,,"""ku72CxAPYt9mH3rqDsc6cp6C/hg=""","Mon, 24 Aug 2026 08:15:50 GMT",8571aecb73951a583ea5deb2728755de65326904,8a87b5d1ad10cbd129d732f15983365132da0363e8a5535d02fcdaa41bf62568,https://learn.microsoft.com/en-us/azure/sentinel/datalake/sentinel-lake-overview?accept=text/markdown,200,f5aef61878158602,2026-09-28T03:52:45Z
S-hyfjrtuc,https://learn.microsoft.com/intune/device-management/actions/sync,,,,,,,,"""jaUL+vsiA6PxOeLPx5kLoaYyS5g=""","Tue, 25 Aug 2026 08:15:03 GMT",da37c2035efa4dcb9808062a9e68b5db48ed94e2,7887be2f26e814afe2765126c41725fa2271842aa3b33a53ffefc386330e2e75,https://learn.microsoft.com/en-us/intune/device-management/actions/sync?accept=text/markdown,200,7d06e238d673ddc5,2026-09-28T03:52:46Z
S-hzezniod,https://learn.microsoft.com/en-us/graph/api/intune-devices-manageddevice-retire?view=graph-rest-1.0,2026-09-26T00:00:00Z,,,,,,,"""wfiJNq8lGnR2mIMp7/SS7GqQVf0=""","Tue, 25 Aug 2026 01:47:41 GMT",c5bdea5b2d849451be9b260f1f9bbf3d27997198,16a1881c1c7505ef2553d82f94c193e40b801a820143910ebc522b67b7d526d6,,200,b99e4d2cd95de2a2,2026-09-28T03:52:47Z
S-hzgoj7bh,https://cloud.google.com/vertex-ai/generative-ai/docs/multimodal/function-calling,,,,,,,,,"Fri, 25 Sep 2026 21:36:25 GMT",,ce9e05e52dd7702fe0595241d0bd5987c27f01c41a809a30b9da26c66348fb85,https://docs.cloud.google.com/gemini-enterprise-agent-platform/models/tools/function-calling,200,0ab1bbc9f1f42d7a,2026-09-28T03:41:02Z
S-i2fkwqg2,https://learn.microsoft.com/lifecycle/faq/extended-security-updates,,,,,,,,"""fuy5ZfS37vuG6ZlGa/5mrbKAXyU=""","Mon, 24 Aug 2026 10:13:52 GMT",83a346c04dc47de88b31825d124b62ad694bb8ee,0de636c35cb35658496b36132b7c1d31906d290d22f69ae7f1ee1980fb426a45,https://learn.microsoft.com/en-us/lifecycle/faq/extended-security-updates?accept=text/markdown,200,ba311115998ee451,2026-09-28T03:52:48Z
S-i2npg2z3,https://learn.microsoft.com/entra/identity/hybrid/connect/reference-connect-version-history,2026-09-28T04:47:42Z,,,,,,,"""BvqOhnMEzKERcwbxbd/9XqVXXi4=""","Thu, 24 Sep 2026 12:51:36 GMT",d092bc651e1c43fe9023201ef9f9bc32c00cdd2a,215379dd26b1ae13dfd3cdff2d32b274f592809f0fa4c9292f5ffd5641f6f6ed,https://learn.microsoft.com/en-us/entra/identity/hybrid/connect/reference-connect-version-history?accept=text/markdown,304,c52e698192b28c33,2026-09-28T04:47:42Z
S-i3esfwsh,https://support.claude.com/en/articles/9970975-access-audit-logs,,,,,,,,,,,b12f50eaa06b4c521d7907017140776d2930cc807a94d467b35e379602cfe8b5,,200,962909afe88358a8,2026-09-28T03:40:54Z
S-i3gqas6g,https://learn.microsoft.com/windows-365/enterprise/windows-365-boot-overview,2026-09-26T00:00:00Z,,,,,,,"""fR2TfPpyKBjtarp/aDqCUxWiccA=""","Tue, 25 Aug 2026 17:39:17 GMT",a2a6827c3a778b166b52f0ce311f58d6974375d6,2423c59aaadb0742bc010eccbf9cdec240bb4182707d7ca290ab559ca260ba2c,https://learn.microsoft.com/en-us/windows-365/enterprise/windows-365-boot-overview?accept=text/markdown,200,510ee4b76be8e862,2026-09-28T03:52:50Z
S-i4uarhme,https://learn.microsoft.com/windows/security/application-security/application-control/app-control-for-business/design/script-enforcement,,,,,,,,"""EchVP5ncG+a2FFu8Uptrd+c/pvk=""","Mon, 24 Aug 2026 07:19:52 GMT",0b2f8d9c2ef136c43c7fcf198782d359f2ab10c2,4b2a9237054da49cb0b2c3b08bbd78699aff17d72ac49ab2a3e0f286454d18b2,https://learn.microsoft.com/en-us/windows/security/application-security/application-control/app-control-for-business/design/script-enforcement?accept=text/markdown,200,b5ad3cf8f4a5172f,2026-09-28T03:52:51Z
S-i7if5i7z,https://code.claude.com/docs/en/plugins/components,2026-09-26T00:00:00Z,,,,,,,,"Mon, 28 Sep 2026 03:41:10 GMT",,3e25ce39603a48e373675a1f03504d38b10f7ad864881531a00c41ecfa703f78,,200,c686e70cd7db3399,2026-09-28T03:41:10Z
S-iaxywacb,https://learn.microsoft.com/purview/audit-log-activities,,,,,,,,"""kRkNH2viZahRe0oxr1Q5sUYg7as=""","Fri, 25 Sep 2026 12:38:31 GMT",967f261dbd274d662ef1327754d28234f93bc34d,b4ddee1aa22cf49d86393289b36f62e26bf0930094c4b0d4ea88250f8e8add61,https://learn.microsoft.com/en-us/purview/audit-log-activities?accept=text/markdown,200,442c04a662600100,2026-09-28T03:52:53Z
S-iblntf2w,https://learn.microsoft.com/agent-framework/support/upgrade/python-2026-significant-changes,,,,,,,,"""OfN5mZqmPHDaDg2NPjesI1YnkbA=""","Thu, 24 Sep 2026 12:13:59 GMT",f20126efd6a1380ea7d6154585a84907208e060e,7d5f6ce32e6ffa97f9154fa0157649035fb08a0cf5b841647a563dc28acf18a4,https://learn.microsoft.com/en-us/agent-framework/support/upgrade/python-2026-significant-changes?accept=text/markdown,200,818de4d8d4003f82,2026-09-28T03:52:54Z
S-ic4sj2rr,https://learn.microsoft.com/powershell/module/microsoft.entra.reports/get-entraauditsigninlog?view=entra-powershell,2026-09-28T04:47:43Z,,,,,,,"""YikBLnV4J2YkoZE1MdXaiCd9S6k=""","Wed, 09 Sep 2026 23:13:13 GMT",b8f6bc1b4efb735a14955bc1ae33578ded15b125,3c39794c08a909406d26a8ebb006caf0f79c0e3808e8ff2484d4596756890519,https://learn.microsoft.com/en-us/powershell/module/microsoft.entra.reports/get-entraauditsigninlog?view=entra-powershell&accept=text/markdown,304,ffe7651b30536756,2026-09-28T04:47:43Z
S-icfvnq2h,https://learn.microsoft.com/azure/update-manager/assessment-options,2026-09-26T00:00:00Z,,,,,,,"""+bhFB7g1t12xpGKNtXIBmGwQY78=""","Thu, 24 Sep 2026 16:22:01 GMT",524e07c02a94f1f9fbb5cc7404058f2fff3c44b1,cd3b2265d66d9442457e73f65dc680f0eaa144804431186d3068a1eb54180ac2,https://learn.microsoft.com/en-us/azure/update-manager/assessment-options?accept=text/markdown,200,714cb33c0a1d5ac8,2026-09-28T03:52:56Z
S-ickvylma,https://learn.microsoft.com/en-us/windows/security/application-security/application-control/app-control-for-business/design/use-appcontrol-with-intelligent-security-graph,2026-09-26T00:00:00Z,,,,,,,"""hzQtn78YkA8UYMAu2+Vr2n8e7ac=""","Mon, 24 Aug 2026 03:16:07 GMT",8efb5e80cd63c8ca7fe640cced4d7a0bfc59a8c2,f179954c234d83a0d2dd3bea992ee3833ad63313074c95983031c4b5595ac8d7,,200,88f66862a534f67b,2026-09-28T03:52:57Z
S-idqwhfg2,https://learn.microsoft.com/en-us/azure/search/vector-search-how-to-chunk-documents,2026-09-26T00:00:00Z,,,,,,,"""+IAc3aWbJRKKl5kkMwewrI9TlC8=""","Mon, 31 Aug 2026 22:38:20 GMT",16d0d72f4cce1d6cc7225877c09340799c212907,e4ed55566f3d3e6e944554598150b5a14b405e435fc73e1c81cdea360f98b7c9,,200,368da7a0750fcb79,2026-09-28T03:52:58Z
S-ifhonpv7,https://learn.microsoft.com/entra/agent-id/whats-new-agent-id,2026-09-28T04:47:44Z,,,,,,,"""XzBMpTZ/q54c1eocwP3U5pqH2uA=""","Mon, 24 Aug 2026 13:03:04 GMT",328408b50672fc081a29e9fe01684bcd7667dd9f,96c915cfcd173742f5b1915b556524a57c238e1b0b438fb6986d9d5c6093be26,https://learn.microsoft.com/en-us/entra/agent-id/whats-new-agent-id?accept=text/markdown,304,b95472320cc08c9f,2026-09-28T04:47:44Z
S-ig43wzxm,https://learn.microsoft.com/intune/fundamentals/endpoints#microsoft-store,2026-09-26T00:00:00Z,,,,,,,"""yzoPiTrh40lE9M835NzLCEzHvTk=""","Sat, 26 Sep 2026 08:25:25 GMT",f40cd96ba8433d5fc1e2c45ef693b1b688ed1263,d626f47a34868406507e6d923be4aa520420f5db4e7e9bbc9d05b0d60353764b,https://learn.microsoft.com/en-us/intune/fundamentals/endpoints?accept=text/markdown,200,c1954570af8d4f88,2026-09-28T03:53:01Z
S-igpzfey7,https://learn.microsoft.com/en-us/intune/configmgr/develop/adminservice/usage,,,,,,,,"""giGCp5A/6TtuNiVe5arQ9YaiACM=""","Mon, 31 Aug 2026 21:24:25 GMT",2f58a01e679fc91dc8c8440846c254e1119681fd,aba774fb00eefcf240c7a8308cf78de8b9bb98c8a501218a7330dc21df76ca61,,200,7e1db0bbc8a55176,2026-09-28T03:53:02Z
S-ihvcmxec,https://learn.microsoft.com/en-us/intune/configmgr/develop/reference/protect/deleteclientoperation-method-in-class-sms_clientoperation,,,,,,,,"""enPqYXX4bjLUu1AJd6WQ68bk1+4=""","Thu, 24 Sep 2026 00:28:02 GMT",2f58a01e679fc91dc8c8440846c254e1119681fd,6b9ff55e8234df79b20d4963bbaa10500fefed050510d8b4b41c0b539ce4eef7,,200,83459b732eb9b15d,2026-09-28T03:53:03Z
S-ilovbr2g,https://learn.microsoft.com/en-us/intune/developer/configure-graph-api-access,,,,,,,,"""WE/NiV/ypm6OL63bquuRlPghPao=""","Tue, 25 Aug 2026 11:17:32 GMT",7328cf31fc7051783f9fdb12250a44d8d227fa1a,cf6456a09d24f85e3200e3339d40d044e4e2dddb1207fc57bee623f338efa8ba,,200,ffee803b5e9930ab,2026-09-28T03:53:04Z
S-in4qr3cp,https://learn.microsoft.com/azure/azure-monitor/data-collection/data-collection-endpoint-overview,2026-09-26T00:00:00Z,,,,,,,"""wB92LOTps4+J/1st2v+TlPeHR3M=""","Wed, 23 Sep 2026 07:11:42 GMT",1768ccaebb2b594f465ea8c0d157af6de3f8b1de,0b1f81a53763166cfbfd3d58ad81db4cca4153b4ad4ac4d4327d4aaa67e64b17,https://learn.microsoft.com/en-us/azure/azure-monitor/data-collection/data-collection-endpoint-overview?accept=text/markdown,200,2450cdd0409e1e78,2026-09-28T03:53:05Z
S-inpjf36q,https://code.claude.com/docs/en/amazon-bedrock,2026-09-26T00:00:00Z,,,,,,,,"Mon, 28 Sep 2026 03:41:11 GMT",,2fa4fb282c76c1b2e341b18120ada42379bf8e2fa41935f88560de28b0b85553,,200,bb084ed927e2bd83,2026-09-28T03:41:11Z
S-ipjyevd4,https://learn.microsoft.com/defender-endpoint/api/isolate-machine,2026-09-26T00:00:00Z,,,,,,,"""jLgNRXgYE3O+8SBrbNUdLj0+fbU=""","Mon, 24 Aug 2026 09:18:26 GMT",e5e024df2189c2f05c8a7a66f60fff59a0c0bfd8,e2798cb258da2c7daaa91ccc7a2358f0093eea9d27cf6af065d22fe9f2d779a0,https://learn.microsoft.com/en-us/defender-endpoint/api/isolate-machine?accept=text/markdown,200,ab0574805cdce617,2026-09-28T03:53:06Z
S-ipjygran,https://learn.microsoft.com/microsoft-365/copilot/extensibility/build-mcp-plugins,2026-09-26T00:00:00Z,,,,,,,"""bAG7TR/ypCcXspXbDikO1gG/9gQ=""","Mon, 31 Aug 2026 20:41:20 GMT",ffc257a2ffd377a710580bb1512c4982b83ae9d5,91db67819e5fd67783c28e22853b51c57dae55d0e70d4fc50297c7ed0b0a7626,https://learn.microsoft.com/en-us/microsoft-365/copilot/extensibility/build-mcp-plugins?accept=text/markdown,200,6632b69f15a7fceb,2026-09-28T03:53:07Z
S-ipluqqp5,https://www.nist.gov/copyrights-disclaimers,,,,,,,,,"Mon, 28 Sep 2026 03:03:08 GMT",,f13b6d28a748f1b6449fbb449a708d86acbc4b6ca38acf3753e31b356fad27d1,,200,157ddb75071564ac,2026-09-28T03:40:35Z
S-ipmyihvs,https://learn.microsoft.com/answers/a/2060524,2026-09-26T00:00:00Z,,,,,,,,,,fce50cbdb06bbbfd4e8554f0808aeeec8ae1e31789268f4b00e716cd8bd47186,https://learn.microsoft.com/en-us/answers/questions/2283187/can-you-help-how-to-do-token-exchange-between-two?page=1&accept=text%2Fmarkdown#answer-2060524,200,c07e99367e0ff07e,2026-09-28T03:53:09Z
S-iqal4gqk,https://learn.microsoft.com/intune/configmgr/core/servers/deploy/configure/configure-role-based-administration,,,,,,,,"""0rrC6N++R6J18W4EYSZvdBspOa8=""","Tue, 01 Sep 2026 17:38:20 GMT",d3432a8c0e9a1b8706eff71005a6b7ca53c35f98,b80cee18077c5525c075aaf9213be531d3d8592b0cf5e0b2e4660a1be5d2c515,https://learn.microsoft.com/en-us/intune/configmgr/core/servers/deploy/configure/configure-role-based-administration?accept=text/markdown,200,738ba9a57b4a84c8,2026-09-28T03:53:10Z
S-iqgnl5eu,https://raw.githubusercontent.com/microsoftgraph/microsoft-graph-docs-contrib/4ad99fd37a9e2e8538275a0a9cdff7907052f3ec/api-reference/v1.0/api/configurationmonitor-get.md,,,,,,,,"""68ca751d047f717a08da3b3095d54ee43b0b471c0f568bfd5bc57770486c0ee7""",,,022a0c7646f746df480d9159371578fc8e53a267a913f3859677512c63ca7faf,,200,0f3a432a49f87f48,2026-09-28T03:47:06Z
S-iqjy5rwm,https://learn.microsoft.com/en-us/intune/configmgr/develop/core/understand/sqlviews/software-inventory-views-configuration-manager,,,,,,,,"""kqAi2pC8Y+6UGpcGA1Gfc2jBMsY=""","Sat, 05 Sep 2026 16:42:30 GMT",2f58a01e679fc91dc8c8440846c254e1119681fd,0ed13223a6f23cf9edc826cbd35e4289d7ee8072f4e01cee1f31ef754016ca17,,200,a49dda3b38d381e1,2026-09-28T03:53:10Z
S-iqksiiaq,https://learn.microsoft.com/autopilot/tutorial/pre-provisioning/hybrid-azure-ad-join-workflow,2026-09-26T00:00:00Z,,,,,,,"""ABGijoGGViYbQ2P/d4CbntgHKr8=""","Tue, 25 Aug 2026 01:00:04 GMT",7328cf31fc7051783f9fdb12250a44d8d227fa1a,e70d69b6b5b8e5f78caf8fe6b9477212afc262f9e80f1d0209796311031c2946,https://learn.microsoft.com/en-us/autopilot/tutorial/pre-provisioning/hybrid-azure-ad-join-workflow?accept=text/markdown,200,433dc53c85773f0d,2026-09-28T03:53:12Z
S-irr2him7,https://learn.microsoft.com/en-us/intune/configmgr/apps/deploy-use/revise-and-supersede-applications,,,,,,,,"""0eawaXloycd4Nqg/4AgCrhjpZ2U=""","Mon, 31 Aug 2026 20:41:15 GMT",d3432a8c0e9a1b8706eff71005a6b7ca53c35f98,aba1b34658ef5e9e7cad33037c69f98a0646713ad3a416d92afaf8e65adaaffa,,200,f1d22c3288860088,2026-09-28T03:53:14Z
S-irvlwznc,https://learn.microsoft.com/defender-endpoint/api/restrict-code-execution,2026-09-26T00:00:00Z,,,,,,,"""olUoFTS0C8YdnWOXUQwNuym9lHc=""","Tue, 25 Aug 2026 05:33:00 GMT",e5e024df2189c2f05c8a7a66f60fff59a0c0bfd8,e80678f1ce10692b4f3d4b4dee9092b50afce66a5c5764036843b4407f1d90c3,https://learn.microsoft.com/en-us/defender-endpoint/api/restrict-code-execution?accept=text/markdown,200,2b075a2cd50baa2f,2026-09-28T03:53:14Z
S-is2wluoa,https://learn.microsoft.com/powershell/module/grouppolicy/remove-gpregistryvalue?view=windowsserver2025-ps,,,,,,,,"""hf6Q5dbJzFCJLEFrbqstc1d0HFU=""","Fri, 07 Aug 2026 04:52:20 GMT",7bbbc0c2423a312fd77dd36aa4a0935b44632fd0,82e4da36d0f60a1951bf648cdf1d46f7088544dfa4939851fcbc39406a689a7f,https://learn.microsoft.com/en-us/powershell/module/grouppolicy/remove-gpregistryvalue?view=windowsserver2025-ps&accept=text/markdown,200,c3a757e259f1b09a,2026-09-28T03:53:17Z
S-ischppkc,https://learn.microsoft.com/en-us/intune/device-enrollment/apple/setup-direct-macos,,,,,,,,"""7JblHnxvkLlNW5cNKgKsQlQq9/A=""","Tue, 25 Aug 2026 06:37:22 GMT",a60f43f6f562ded6195ddd8d888335f2d8e11e73,694dc271973b2906c0f725f01edcce05e68575300ed42205d37a5569d89ee022,,200,7c2e085c879bdc59,2026-09-28T03:53:17Z
S-isovad24,https://learn.microsoft.com/entra/identity/conditional-access/concept-conditional-access-report-only,2026-09-28T04:47:46Z,,,,,,,"""9lguuk8F94R2UqWVh8FKF+/xliU=""","Mon, 24 Aug 2026 14:32:05 GMT",4475afbc261ef5a6b4664ecfd2440841592dd774,8177b8fd131d352b438b8fb1a975cec3e6c057a5ab16ed567868d8a2ea28b920,https://learn.microsoft.com/en-us/entra/identity/conditional-access/concept-conditional-access-report-only?accept=text/markdown,304,0b2867955ab314be,2026-09-28T04:47:46Z
S-isqfh6pr,https://code.claude.com/docs/en/agent-sdk/cost-tracking,2026-09-26T00:00:00Z,,,,,,,,"Thu, 08 Oct 2026 19:47:19 GMT",,210e65188ea93507951ddbeefb4e32bd3e018a8de301a037cada0ca218f0de7a,,200,1f63c8677137e6c4,2026-10-08T19:47:19Z
S-iuugqauq,https://learn.microsoft.com/en-us/windows/win32/wec/setting-up-a-source-initiated-subscription,2026-09-26T00:00:00Z,,,,,,,"""L2RQNJNcjoB8Q/IJs4A6AlFnPsY=""","Wed, 26 Aug 2026 22:31:56 GMT",3aee48ac3f48e187d17bdfd56951741737331749,eff25ea98d4ec2cdd5f8762671f44fb879d752ee05bb13fb48b5caf93b0cb440,,200,dd86065167bdf0d3,2026-09-28T03:53:20Z
S-ivg7xp7y,https://raw.githubusercontent.com/fleetdm/fleet/0bf0243ea2abacebafc328c0a28eeca302a3bf54/README.md,,,,,,,,"""eedd4abd4cef2d22411846313149ceafa43f809de4fc153c81cec9d2a8b1cd7f""",,,e79cc1e59f83d889c09c6a093b7b03a05e8e8bae22254ae32fcbe552465b61a5,,200,ab9fcaadcf04cc73,2026-09-28T03:47:07Z
S-ivhcma7e,https://learn.microsoft.com/en-us/openspecs/windows_protocols/ms-pac/9cf6f6ad-6b76-44b3-aefa-901aa1ff5a08,,,,,,,,"""H8QQvwjqda85JL+YWQybzehdbok=""","Thu, 06 Aug 2026 07:23:25 GMT",34026c2a8c780906039615dc1dcdc70949a1e404,20ee1465b7b04c0fa254e4bc557ec23ace795661402470f5f97e51066f011d4c,,200,60055089aa553fc1,2026-09-28T03:53:22Z
S-ivq5edtq,https://docs.github.com/en/actions/concepts/security/github_token,,,,,,,,,,,2e964eea1ebd89103aa131da249d528e751b8880045893788814c6c871be023a,,200,fe1a9b06a5c85109,2026-09-28T03:41:00Z
S-iw3ehpxb,https://learn.microsoft.com/en-us/powershell/utility-modules/secretmanagement/overview,2026-09-26T00:00:00Z,,,,,,,"""MqXJdToyrwxpdBLXbk598laniME=""","Thu, 24 Sep 2026 22:16:23 GMT",eb8d4545e155bc3e7eebfefcc9dccee43ca954ef,fe0534e19005ffc7b7c580e2f8aa7274830525ce558962e0bb9942c3cdec8f2c,,200,327de97b04e9a584,2026-09-28T03:53:23Z
S-iw63dqdc,https://learn.microsoft.com/intune/device-security/compliance/create-custom-script,2026-09-26T00:00:00Z,,,,,,,"""xQ2a6q6uus20i2+LqihoaX9WzzM=""","Mon, 24 Aug 2026 23:55:43 GMT",1935b40ecf2f2cb6547efca1bd85469653446d00,2da145f3c9ce861a5d07c9f1ccc9abaebc078139477837a6f1b413f525496f2e,https://learn.microsoft.com/en-us/intune/device-security/compliance/create-custom-script?accept=text/markdown,200,1ee7bb154e8a7181,2026-09-28T03:53:24Z
S-ix237xay,https://learn.microsoft.com/powershell/module/configurationmanager/set-cmorchestrationgroup?view=sccm-ps,2026-09-26T00:00:00Z,,,,,,,"""XYYcFHFwQcFMyU7rfyVC8cGPMl4=""","Fri, 25 Sep 2026 00:21:28 GMT",02eda26fa7393a83fed7c07d31c7d105599d8eb6,e121877cbc560bf57b883d7a3e7fc5e53e57bb2cc846e1d212cbfec250168da7,https://learn.microsoft.com/en-us/powershell/module/configurationmanager/set-cmorchestrationgroup?view=sccm-ps&accept=text/markdown,200,4f23ba285b0ca1a6,2026-09-28T03:53:26Z
S-ixzgi6xe,https://raw.githubusercontent.com/astral-sh/uv/0.12.19/docs/concepts/projects/dependencies.md,,,,,,,,"""b4d2029acf7fce7c918283d395eb1c44ac87dbf5e488964ae3ae4231a5aefa1b""",,,0b435292175cea4a4e29dfd1925e382649e860d16b3f3ee137577b92ef26b729,,200,024a4890eb4cf0c5,2026-09-28T03:47:08Z
S-iymw4lcl,https://learn.microsoft.com/troubleshoot/windows-client/group-policy/create-and-manage-central-store,2026-09-26T00:00:00Z,,,,,,,"""mzCQ3WQbG6WsfVRMGqwjvLWwVz4=""","Mon, 24 Aug 2026 18:58:03 GMT",fc709652eec75e423259ad7dc4ae8b77c642adfc,e6faf712805f357c590b827905dc3bab77c849481950bc65f944025534a6496b,https://learn.microsoft.com/en-us/troubleshoot/windows-client/group-policy/create-and-manage-central-store?accept=text/markdown,200,2ccc3679b891bc62,2026-09-28T03:53:28Z
S-iyxigs24,https://learn.microsoft.com/en-us/graph/api/intune-devices-manageddevice-rotatebitlockerkeys?view=graph-rest-beta,2026-09-26T00:00:00Z,,,,,,,"""ZOAQosdUlyeHGssblpEMmOALSTM=""","Wed, 26 Aug 2026 09:31:14 GMT",8b52aa93c9c8d9618282f2219f9d0220adfbc038,3d3e61df8dac769d817618190031c5cbc683c060490ddbdbcb1795e1f6fe5233,,200,2b9d4da8d905e00a,2026-09-28T03:53:28Z
S-j22fjuka,https://code.claude.com/docs/en/worktrees,,,,,,,,,"Thu, 08 Oct 2026 00:45:13 GMT",,527c9fabf01ee584ba66b01a40053aa02b3a07f743c8cc76ab76e7183013ea46,,200,d4946eaf181a607f,2026-10-08T00:45:13Z
S-j2g6dv6n,https://learn.microsoft.com/powershell/module/microsoft.powershell.core/enable-psremoting,,,,,,,,"""Yv/yCEeedMRpECOE67fp51eMra4=""","Thu, 24 Sep 2026 22:36:33 GMT",def7e34ab009db1d59bc76569e783959f249d32c,17507c63a830e4680a5bc6e13ae1c7dae60174dfc41ef848ca51ec7eacc31988,https://learn.microsoft.com/en-us/powershell/module/microsoft.powershell.core/enable-psremoting?view=powershell-7.6&accept=text%2Fmarkdown,200,4f252658fd81a9e6,2026-09-28T03:53:30Z
S-j2tke6bb,https://learn.microsoft.com/en-us/intune/configmgr/apps/deploy-use/create-applications,,,,,,,,"""wlvk0jTSo0vaS+e6+mQGU2AxROA=""","Mon, 31 Aug 2026 21:44:36 GMT",d3432a8c0e9a1b8706eff71005a6b7ca53c35f98,02cce6c1d5d780f092caa24b463d3edc290c0e5d149c15d53ea5a06c6cfff36c,,200,9a9de884587174f2,2026-09-28T03:53:30Z
S-j2yxzynm,https://learn.microsoft.com/agent-framework/workflows/human-in-the-loop,2026-09-26T00:00:00Z,,,,,,,"""9uaSummlJXzP+pCHroxyZUdDyLg=""","Tue, 25 Aug 2026 22:18:33 GMT",a5e0b538cbb6550283cb8e2830f4a4a32c95a617,dac7b8b3fe4d7a22e46c352e02b510e73830285479c9186a77e0bde2b82b31f9,https://learn.microsoft.com/en-us/agent-framework/workflows/human-in-the-loop?accept=text/markdown,200,a579a311744b5261,2026-09-28T03:53:32Z
S-j3m2icav,https://learn.microsoft.com/intune/device-configuration/templates/ref-wired-network-settings-windows,2026-09-26T00:00:00Z,,,,,,,"""VBi5VH66O2zHj5mVNRty3bIMrVM=""","Wed, 26 Aug 2026 05:08:16 GMT",a60f43f6f562ded6195ddd8d888335f2d8e11e73,a1514d5d1675ac953b6e7ac90486e44b8a148e2501464c22ea3de3c0a5d677b1,https://learn.microsoft.com/en-us/intune/device-configuration/templates/ref-wired-network-settings-windows?accept=text/markdown,200,14db7bfca4465950,2026-09-28T03:53:33Z
S-j3m43d2a,https://learn.microsoft.com/windows-365/link/requirements,2026-09-26T00:00:00Z,,,,,,,"""u6IRk/7kgczuCWzkR9I/iJnprEI=""","Thu, 10 Sep 2026 15:13:28 GMT",c4eeae81be5184d1825dd50c474306e2c3a40bbd,2f2900609ec7a3694c204791667bc61190671eeae8f2bb8f010f67adac6ddadd,https://learn.microsoft.com/en-us/windows-365/link/requirements?accept=text/markdown,200,77441803abcc8e52,2026-09-28T03:53:34Z
S-j46dza7u,https://learn.microsoft.com/microsoft-365/copilot/extensibility/agents-overview,2026-09-26T00:00:00Z,,,,,,,"""SChNhx7HMcDWgWxhvnk95IIVgw4=""","Mon, 31 Aug 2026 20:26:18 GMT",ffc257a2ffd377a710580bb1512c4982b83ae9d5,94d8d165d239e0b13f404177c301ad7d5694311104c4efe7092d95001b4ffbfd,https://learn.microsoft.com/en-us/microsoft-365/copilot/extensibility/agents-overview?accept=text/markdown,200,374b11c894d90da1,2026-09-28T03:53:35Z
S-j54mtzby,https://docs.langchain.com/oss/python/langgraph/checkpointers,2026-09-26T00:00:00Z,,,,,,,"W/""vl2g8zvobov73q""",,,ada336798fcbf81a1de4b1353cc4112c4a35d91f8090434ee32ad11d09c98113,,200,2ea14465350a794a,2026-09-28T03:41:08Z
S-j63ax7eh,https://learn.microsoft.com/windows/whats-new/deprecated-features,,,,,,,,"""/Ldrz1Ij+lXvjLb8XlYihkLGeh8=""","Fri, 25 Sep 2026 17:44:05 GMT",a9224032f205637c4d0c7de938a433d4a2add252,e23d1ce2bd4c112e329b19d0b8ba1d320067170af69ee29d87c1f1fcc3f6742d,https://learn.microsoft.com/en-us/windows/whats-new/deprecated-features?accept=text/markdown,200,da74a28080602494,2026-09-28T03:53:36Z
S-j6tphfq3,https://learn.microsoft.com/graph/api/resources/intune-shared-mdmwindowsinformationprotectionpolicy?view=graph-rest-beta,2026-09-26T00:00:00Z,,,,,,,"""rAzxiBj1CS9OzqhthPje2W8C4V0=""","Tue, 08 Sep 2026 18:24:15 GMT",c03b91d7953293f0cad86ef442f29398f359b69c,5a70611f74cc0cf593a86231ffaa6536d5489dc8f3ff7b2168fe13c2cca1a377,https://learn.microsoft.com/en-us/graph/api/resources/intune-shared-mdmwindowsinformationprotectionpolicy?view=graph-rest-beta&accept=text/markdown,200,1a786fd668c5319b,2026-09-28T03:53:37Z
S-j7nlfpkd,https://raw.githubusercontent.com/astral-sh/uv/0.12.19/docs/guides/integration/gitlab.md,,,,,,,,"""50e9b82c7ab901b71e4708e26b6c54d2cfccd19bdd89ab83131859db025035ed""",,,967754e7b21aa60813aaacf658d654b21e4f6935fbdcf09d04bce0649ab924f1,,200,b8e3922d80e45561,2026-09-28T03:47:09Z
S-j7xzzcxj,https://context7.com/docs/adding-libraries,,,,,,,,"""1f922ddfb43246e3a25f2d079c1fe06f""",,,1c23ff9497a97bfb3556ca9e6cd49daf88e9710af20c8db6a9fdf701403200ba,,200,dda2f7931fb7a682,2026-09-28T03:41:09Z
S-jaycbw5k,https://learn.microsoft.com/en-us/azure/search/search-limits-quotas-capacity,2026-09-26T00:00:00Z,,,,,,,"""xMDWLUnoMheEqh6Oa105/BsYyQ4=""","Fri, 25 Sep 2026 17:38:15 GMT",c261a3a4a8a74d7c17d8b59c92b22c960f337f3c,3882d915170b4e45649dd188969156e24cae0bd0e63ce13fc1848f43b160defe,,200,919826d67a89e090,2026-09-28T03:53:38Z
S-jbhevlal,https://learn.microsoft.com/azure/ai-services/content-safety/how-to/migrate-to-general-availability,,,,,,,,"""rxJCVPz1NmZcSP2AX/Knap2q1C0=""","Tue, 01 Sep 2026 21:24:39 GMT",777f84fbedeb0995f4fdea6c65bee2f2a4af1657,a97b52fa994a964f3c49e82bf9ce0fcff99a33f4066f8977bcd9b67bfb87c09a,https://learn.microsoft.com/en-us/azure/ai-services/content-safety/how-to/migrate-to-general-availability?accept=text/markdown,200,663cedb6eb7c2fbe,2026-09-28T03:53:39Z
S-jbwkdq4e,https://learn.microsoft.com/azure/foundry/openai/how-to/batch,,,,,,,,"""5VEgpbQbvDND/hM4CJ+v7ESNZ7Y=""","Mon, 24 Aug 2026 02:48:27 GMT",777f84fbedeb0995f4fdea6c65bee2f2a4af1657,96c8aad3e156c5796196df1232ecb05e0f66baa49bd773be8431a5477ea8417d,https://learn.microsoft.com/en-us/azure/foundry/openai/how-to/batch?accept=text/markdown,200,fa310b5f026e11e1,2026-09-28T03:53:40Z
S-jby7reko,https://learn.microsoft.com/en-us/microsoft-copilot-studio/configure-sso-teams,,,,,,,,"""eCMSy6p5chQpmCF6ps7adgZJ0vk=""","Mon, 24 Aug 2026 20:06:31 GMT",792ecfdb6e51e37d13c0f81a90b325dd3ed64230,004d9bc4dd19ee3c5313ded84c2a8e7ae26edf6eff16507d05fd277d61aa58a1,,200,290a4e9d9bd3d1a6,2026-09-28T03:53:41Z
S-jduwmt53,https://learn.microsoft.com/en-us/azure/azure-arc/servers/agent-release-notes,,,,,,,,"""n3Hri3+52iVtMlBf9Xn4mOi6XCc=""","Fri, 25 Sep 2026 22:56:20 GMT",74c5818cfcbcf79c3907ab12c32760aa460b59ca,101f0ee79c3b5b654732e52d8eca594704e2967ed8636c74fcc0ed06fd5b32c5,,200,9b92fd21c714c740,2026-09-28T03:53:42Z
S-jdytzqlj,https://learn.microsoft.com/troubleshoot/mem/intune/device-protection/troubleshoot-bitlocker-admin-center,2026-09-26T00:00:00Z,,,,,,,"""eUa/Q0Kuem49gaM/dolyw+a4jR8=""","Wed, 26 Aug 2026 16:22:26 GMT",689689c93744a2779596a747c25fe786dddc7e0d,44e4b3f9656c213acd08a353b92927f849c8ac2be0916f3be746e7446d06db59,https://learn.microsoft.com/en-us/troubleshoot/mem/intune/device-protection/troubleshoot-bitlocker-admin-center?accept=text/markdown,200,4138eb0fee7bb512,2026-09-28T03:53:44Z
S-jexpr3gv,https://learn.microsoft.com/en-us/microsoft-copilot-studio/nlu-generative-answers-prompt-modification,,,,,,,,"""0nvGIzrY7+vl8ya1p/2Kgw6Viro=""","Fri, 28 Aug 2026 06:34:38 GMT",d3dd478d56933bdfd2dc0d5e562fd9546ab9823e,6e7519578b082956595f4a3091bcc6725f214d863a15e478111fee009dacdf92,,200,0f77a603f9c9d1ba,2026-09-28T03:53:45Z
S-jfzhzjgu,https://learn.microsoft.com/en-us/azure/azure-arc/servers/overview,2026-09-26T00:00:00Z,,,,,,,"""b1+eHZxJH/Pm7g0p2O186yl2wHY=""","Tue, 25 Aug 2026 00:34:18 GMT",fff57502de0ce17a36606368322f03c2823ac046,2025ab653b3a7c0cb264b3b167735d7b1d4967c6c0691a18aa3eb405b5f67473,,200,e10817bc669e37be,2026-09-28T03:53:46Z
S-jgc6ne22,https://learn.microsoft.com/azure/foundry/agents/concepts/agent-identity,2026-09-26T00:00:00Z,,,,,,,"""EyKX2cQ9Iyh1WaXz7j2yQ87SlMA=""","Thu, 24 Sep 2026 05:19:09 GMT",faa3a600181c321d810335378964413d3a380325,10104d10a1908e738f1e7413566062e05781745bbc7f9b9a139409e3a7ff8529,https://learn.microsoft.com/en-us/azure/foundry/agents/concepts/agent-identity?accept=text/markdown,200,5f8be09a4e686aff,2026-09-28T03:53:47Z
S-jgesqj52,https://learn.microsoft.com/intune/app-management/protection/ref-settings-android,2026-09-26T00:00:00Z,,,,,,,"""z9lBoaKiSX+x9H0ddqWH0Gx6eRA=""","Tue, 25 Aug 2026 00:35:06 GMT",b89468cf523726d0dbf067b46b8c53858e86aa8f,3601718d1ce5d0b10382cfeac50eddad43bedaa30d33d3b7814d4ad631d24e63,https://learn.microsoft.com/en-us/intune/app-management/protection/ref-settings-android?accept=text/markdown,200,8474cbad3fe7dc48,2026-09-28T03:53:48Z
S-jgplbv5j,https://www.mintlify.com/docs/guides/use-automations,,,,,,,,"W/""ywtblyt0sv87v8""",,,07e6f7649f8504ef86d714dff62ee7d8eb5ec9f81315591e8d47ebd39e0d0184,,200,86b3b1cf69635526,2026-09-28T03:40:46Z
S-jh7vdeyt,https://learn.microsoft.com/en-us/defender-xdr/advanced-hunting-alertinfo-table,2026-09-26T00:00:00Z,,,,,,,"""yZgReI0sQ7QSVNjuirtBR3zAjTE=""","Mon, 24 Aug 2026 08:33:24 GMT",acb4e288f585b987bafd55b4cdf3bb7599934b9b,b472a462631c739806325a7938d4b6aed6d111206d9be33edde00d04ce75d3a5,,200,ef84418b136d3493,2026-09-28T03:53:52Z
S-jibvb745,https://learn.microsoft.com/en-us/azure/update-manager/manage-pre-post-events,,,,,,,,"""qRya3lZZwcCGqgI4iXyAMc8Epso=""","Fri, 25 Sep 2026 14:16:57 GMT",524e07c02a94f1f9fbb5cc7404058f2fff3c44b1,19daaab8db4c94a4bdfcaea6e9d9a1811d74a09e338226ca95f52bdee16187b2,,200,3471154fad8b8fcc,2026-09-28T03:53:53Z
S-jicw45tl,https://learn.microsoft.com/troubleshoot/mem/intune/device-protection/troubleshoot-bitlocker-policies,,,,,,,,"""PMBw1E75iuAy1Oi8tPoccJdNfuw=""","Tue, 25 Aug 2026 00:35:07 GMT",689689c93744a2779596a747c25fe786dddc7e0d,7cafdfd6cf220445c3cf46b7f0d85262fc571cabcc1fbc7d705e0e378f8780ac,https://learn.microsoft.com/en-us/troubleshoot/mem/intune/device-protection/troubleshoot-bitlocker-policies?accept=text/markdown,200,fcd13250ecb313ce,2026-09-28T03:53:54Z
S-jjclu3pw,https://learn.microsoft.com/graph/api/resources/intune-devices-privilegemanagementelevation?view=graph-rest-beta,2026-09-26T00:00:00Z,,,,,,,"""/Fe7kvcXETWmWoomZrQ/elq77a8=""","Wed, 26 Aug 2026 09:29:48 GMT",0b52ae19972cd7e12cd0217dfb7ea043fad86019,3ad631858c69cbe271126fa8a94081e3a56a3bdc8b04302ac98ec8bec2d3c3af,https://learn.microsoft.com/en-us/graph/api/resources/intune-devices-privilegemanagementelevation?view=graph-rest-beta&accept=text/markdown,200,b0d21ef65febc493,2026-09-28T03:53:55Z
S-jjjidz73,https://learn.microsoft.com/intune/configmgr/osd/deploy-use/use-pxe-to-deploy-windows-over-the-network,2026-09-26T00:00:00Z,,,,,,,"""YFAYVSuwn9kqBJeHQcyk36l0Pfc=""","Mon, 31 Aug 2026 18:27:40 GMT",cfc4e1a6bb2a1f0d6f069bcc6b3d8b4d5ff0793a,f19effc71db1ca805c9c20b84f2d8556bcf7e15202d7ad0c4dce95674cae6b04,https://learn.microsoft.com/en-us/intune/configmgr/osd/deploy-use/use-pxe-to-deploy-windows-over-the-network?accept=text/markdown,200,1d6e8288407b8e90,2026-09-28T03:53:56Z
S-jjyryhyn,https://learn.microsoft.com/en-us/autopilot/registration-overview,,,,,,,,"""Y1JbmqdJECqsWODUhL+4hAk+H34=""","Mon, 24 Aug 2026 23:16:21 GMT",7328cf31fc7051783f9fdb12250a44d8d227fa1a,7986e7b4200e573c5349cfa7beb2ae4e0f9372373f253111394307d420aea60d,,200,319122904009c480,2026-09-28T03:53:57Z
S-jlx5q3eb,https://learn.microsoft.com/en-us/defender-endpoint/attack-surface-reduction-rules-overview,2026-09-26T00:00:00Z,,,,,,,"""40mf/pS4tf01WK8t8YTY5TOCfdk=""","Fri, 11 Sep 2026 07:51:07 GMT",ad3972b20dc3eb4ed0a821b852962545a0335bdf,065a94d3003ca8076f09ed44599f5424c86d6d08f31d160ffa1e4c223a3209cb,,200,ac422bd8037768d3,2026-09-28T03:53:58Z
S-jmkuh33h,https://raw.githubusercontent.com/microsoftgraph/microsoft-graph-docs-contrib/4ad99fd37a9e2e8538275a0a9cdff7907052f3ec/api-reference/v1.0/api/configurationdrift-get.md,,,,,,,,"""46a44284ece3a8da093bebca1c96c8ed178b83b9ee6400d61ab84e8954698465""",,,419d3cf8023e87a5c5a75e804fb123650f01afc7e8b400da15f5d477e0241ade,,200,1f6f52aa49d07e09,2026-09-28T03:47:10Z
S-jmzxsdjr,https://learn.microsoft.com/en-us/windows/client-management/mdm/laps-csp,2026-09-26T00:00:00Z,,,,,,,"""xJIb4gpsAC5JeatF9Of04u2Dbjc=""","Mon, 24 Aug 2026 04:24:47 GMT",c9353ef0f677ad3dbd329cf8c72d43bfe0778717,21f451dd1a4fae839310b7106b132f7e5707a971353df7fdba0415c7091f88cb,,200,fce68b204fd71761,2026-09-28T03:53:59Z
S-jnbupokh,https://learn.microsoft.com/powershell/module/assignedaccess/set-assignedaccess?view=windowsserver2025-ps,2026-09-26T00:00:00Z,,,,,,,"""ffUGvselwd6Y8x6Q/I7Sj/3nS4o=""","Wed, 05 Aug 2026 12:40:58 GMT",0ef3f225d29e26d1cf3119f37dfff70bb6165746,ace3aeace7352954aef235550191c2b951bcc57431382781adbae6bcf9faa3e7,https://learn.microsoft.com/en-us/powershell/module/assignedaccess/set-assignedaccess?view=windowsserver2025-ps&accept=text/markdown,200,c00306ab597013aa,2026-09-28T03:54:01Z
S-jnq56sj3,https://arxiv.org/abs/1904.08375,,,,,,,,,"Mon, 24 Aug 2026 19:12:13 GMT",,0418a51c011a00288f7e0bdbbc63500165b0660d1be1ba5e6be89cba6692e3bb,,200,1f89b2a57d58c28a,2026-09-28T03:40:52Z
S-joexcals,https://learn.microsoft.com/azure/ai-foundry/openai/how-to/managed-identity,2026-09-26T00:00:00Z,,,,,,,"""9UTsHaTYgx8VKCTuknNEF6ify3c=""","Mon, 24 Aug 2026 05:31:51 GMT",13ec93a8c3edd2cef0dd7bac4417d6d660851301,b3da622671db92e64283c56c21743c27619a7bc35692e43efa8327a47c8415b0,https://learn.microsoft.com/en-us/azure/foundry-classic/openai/how-to/managed-identity?accept=text%2Fmarkdown,200,ae66ce3fe8c2d650,2026-09-28T03:54:02Z
S-jpgvmrt5,https://learn.microsoft.com/windows/deployment/update/wufb-reports-overview,2026-09-26T00:00:00Z,,,,,,,"""x3tkcahOE8VCvUemRvoy4o3n2CA=""","Mon, 24 Aug 2026 04:41:07 GMT",8c73a53d222e95ab480d2e88bd8124ac3e3dba97,ef46adf4c91db68ba47408ec06f73c963a081c5928b3fb57f502fc944240e43b,https://learn.microsoft.com/en-us/windows/deployment/update/wufb-reports-overview?accept=text/markdown,200,91e1959aa82805e1,2026-09-28T03:54:03Z
S-jpsjsa5i,https://learn.microsoft.com/entra/id-governance/privileged-identity-management/pim-how-to-activate-role,2026-09-28T04:47:47Z,,,,,,,"""HIIkxg7NBlkiU8fQZGWYrH5AKBs=""","Mon, 24 Aug 2026 18:18:44 GMT",7222a934de469376d1613f556aefecb36c6182c3,e70aabbf06d254be36ec7973dfc40f6f993a9793a0bcdb529858b6b0c9b28230,https://learn.microsoft.com/en-us/entra/id-governance/privileged-identity-management/pim-how-to-activate-role?accept=text/markdown,304,f60da63fe821ebb1,2026-09-28T04:47:47Z
S-jq73dzml,https://learn.microsoft.com/intune/device-enrollment/android/connect-managed-google-play,2026-09-26T00:00:00Z,,,,,,,"""eoJqqwKDELKvnsAQvMRfMAIw4ws=""","Tue, 25 Aug 2026 06:28:47 GMT",a60f43f6f562ded6195ddd8d888335f2d8e11e73,40c21cdd69638bbd29b165aa9f035770e9742f25180809f047e05c3dbdd1a7ff,https://learn.microsoft.com/en-us/intune/device-enrollment/android/connect-managed-google-play?accept=text/markdown,200,ce876cccfe733760,2026-09-28T03:54:05Z
S-jqkumeuj,https://learn.microsoft.com/en-us/windows/configuration/assigned-access/configure-multi-app-kiosk,,,,,,,,"""tuPty66rQmx1WGZmmYP2e/pARYk=""","Mon, 24 Aug 2026 07:07:33 GMT",0d6f002e6fa125e5a9acdea05ae6330741a180e3,58754e49247606c8a93d16087faed78ddcb37ad1bb8bfacd6e16c923153901fb,,200,db5e69e4aa23071c,2026-09-28T03:54:06Z
S-jrsntqfg,https://platform.claude.com/docs/en/api/messages-count-tokens,2026-09-26T00:00:00Z,,,,,,,,,,f2b835309eb38e14498694fcadea5f74816479c06da740e100917cb07b855376,https://platform.claude.com/docs/en/api/messages/count_tokens,200,404c668ed3a6ec45,2026-09-28T03:40:33Z
S-jt6qyh46,https://learn.microsoft.com/en-us/azure/search/semantic-search-overview,2026-09-26T00:00:00Z,,,,,,,"""YOzqABJEjo4caDax2KeDq9bg9BQ=""","Thu, 17 Sep 2026 22:27:52 GMT",e32619813967031c78ccdc8676b867ff0f7962a5,753af8be7503dde8cf818c3cbfa7d805adb52a8a511f1685bcbdf05077e11688,,200,7ae974dd72387cd7,2026-09-28T03:54:07Z
S-jtvk6o4y,https://learn.microsoft.com/en-us/intune/configmgr/core/plan-design/hierarchy/about-log-files,,,,,,,,"""8JTTtZG9Frtl0POQJKzLx921yJw=""","Mon, 31 Aug 2026 20:23:19 GMT",d3432a8c0e9a1b8706eff71005a6b7ca53c35f98,d2502f5192d566bec6f50319704939fa839e5596d4aecf6edd28e06a8655a5fd,,200,354bd402db32acb0,2026-09-28T03:54:08Z
S-jtwizv2p,https://learn.microsoft.com/intune/configmgr/compliance/deploy-use/create-custom-configuration-items-for-windows-desktop-and-server-computers-managed-with-the-client,,,,,,,,"""2XPQzrvMQZ4fnTozM2dqDolO0gU=""","Sat, 29 Aug 2026 09:38:30 GMT",51052ad73287b53494fd1697c225c8e9cb7b6b42,b1b3843d0d88065130d0ae80313d4a69cdefa4dd7a1bfc512902553125483c71,https://learn.microsoft.com/en-us/intune/configmgr/compliance/deploy-use/create-custom-configuration-items-for-windows-desktop-and-server-computers-managed-with-the-client?accept=text/markdown,200,7d74608ce48955a5,2026-09-28T03:54:09Z
S-jvu722ab,https://learn.microsoft.com/windows/ai/mcp/quickstart-mcp-host,2026-09-26T00:00:00Z,,,,,,,"""P2XL8VUmUnpr1VMm1K7wgl6an7k=""","Thu, 27 Aug 2026 08:39:00 GMT",782b99b40827e711da5468dc833c18b9df8f8c83,8611c9a9fa5c891374a90bc3fa51bf7bd7f3cb6fb1614ffe81bb91545da5cbee,https://learn.microsoft.com/en-us/windows/ai/mcp/quickstart-mcp-host?accept=text/markdown,200,a4cf35e684a8fdc0,2026-09-28T03:54:10Z
S-jwo36v2t,https://learn.microsoft.com/powershell/scripting/security/remoting/jea/register-jea?view=powershell-7.6,2026-09-26T00:00:00Z,,,,,,,"""JSjwbtxCmkVp+9TnvIc1i2jDOmo=""","Fri, 25 Sep 2026 06:10:37 GMT",d2da3d7eede5c03b81c26f28d4ba5a67bc200a90,a8e967e82952b9f29b0f55b32e4214882291b10328821e485147b8431c9438bb,https://learn.microsoft.com/en-us/powershell/scripting/security/remoting/jea/register-jea?view=powershell-7.6&accept=text/markdown,200,6666986dc503cdcc,2026-09-28T03:54:12Z
S-jxor524z,https://support.microsoft.com/en-us/servicing/os/windows-11/2026/01/january-29-2026-kb5074105-os-builds-26200-7705-and-26100-7705-preview,,,,,,,,,,,dd766b97ce3add88c5ed7b7368a21953adea7a766695145f3f16f37b6d0da191,,200,bd02345a89c8c08a,2026-09-28T03:40:18Z
S-jya6izpo,https://www.powershellgallery.com/packages/Microsoft365DSC,2026-09-26T00:00:00Z,,,,,,,,,,a457947ce58ab25b3d312089a0710d8baaad34d32736ca2b7c805860f7a64960,https://www.powershellgallery.com/packages/Microsoft365DSC/1.26.909.1,200,884f3d522dbbc645,2026-09-28T03:40:31Z
S-jyf5znt2,https://raw.githubusercontent.com/microsoftgraph/microsoft-graph-docs-contrib/4ad99fd37a9e2e8538275a0a9cdff7907052f3ec/api-reference/v1.0/api/configurationbaseline-get.md,,,,,,,,"""aba1a0604397ad4a22bf46753bbbd78f0f269711555a1801885b012594c6245d""",,,7fb07ef42a3cf915b4fa4c32e8811db1d2f8596a1c696116f5a437898fb1e381,,200,ba3051aa185a6e20,2026-09-28T03:47:11Z
S-jyoprgy5,https://learn.microsoft.com/en-us/sql/sql-server/azure-arc/entra-authentication-setup-tutorial?view=sql-server-ver17,,,,,,,,"""XFGqYZsEODje4wKxTEqC686ZOHc=""","Tue, 25 Aug 2026 16:33:42 GMT",e1f04b23e13c80057f339c32b3e196d428eee0cc,8c58a42ed0d461898ebf7f27e89d2b80da31f21e7a8b0fbc77002d2dba8a8bb0,,200,594392e03ca5f24a,2026-09-28T03:54:13Z
S-jyy6biwj,https://learn.microsoft.com/intune/app-management/deployment/add-managed-google-play,,,,,,,,"""PegSP8d0y0ZKp6QoqaCCnVZqgsI=""","Tue, 25 Aug 2026 05:28:26 GMT",7328cf31fc7051783f9fdb12250a44d8d227fa1a,46372f479490005a4c08411e04a1872eebe61960fb179be7417d4fa8c5727c12,https://learn.microsoft.com/en-us/intune/app-management/deployment/add-managed-google-play?accept=text/markdown,200,766b27a7810e4275,2026-09-28T03:54:14Z
S-jzszwiht,https://learn.microsoft.com/defender-endpoint/configure-endpoints-vdi,2026-09-26T00:00:00Z,,,,,,,"""04d8LVRY+6zCC9Ng6/6sudc2gEA=""","Tue, 22 Sep 2026 09:40:21 GMT",0509959827002d2bcd212896fe9f5385ee82fe62,7cb2c9ef508d3bd4d66b2a0bc2a1f47d05a233250ff404c24da3a9ba78f0bd8d,https://learn.microsoft.com/en-us/defender-endpoint/configure-endpoints-vdi?accept=text/markdown,200,b8675cd645de2f66,2026-09-28T03:54:15Z
S-k27gpb6k,https://learn.microsoft.com/copilot/security/security-compute-units-capacity,2026-09-26T00:00:00Z,,,,,,,"""WQposer+roKJGrICqvPLETcoEx4=""","Thu, 27 Aug 2026 22:52:57 GMT",ddc499c276805a1f3e00b6c1b578a6b24db46b0c,79e89cb9c1948bb55ea78a6c2122690c75d1f125eb1496bef6edc3ab7d060881,https://learn.microsoft.com/en-us/copilot/security/security-compute-units-capacity?accept=text/markdown,200,2802a732db016c32,2026-09-28T03:54:16Z
S-k2bxn62w,https://ec.europa.eu/commission/presscorner/detail/en/inf_25_982,,,,,,,,,,,01ba4719c80b6fe911b091a7c05124b64eeece964e09c058ef8f9805daca546b,,200,0000000000000000,2026-09-28T03:41:10Z
S-k3l2irzl,https://learn.microsoft.com/azure/foundry/concepts/rbac-foundry,2026-09-26T00:00:00Z,,,,,,,"""V3yqLeQcsmEF9yur3JbnG4WQzeg=""","Tue, 22 Sep 2026 17:28:38 GMT",aa8dac9af5c360ba3d338f4fe7ad04e794d98ea5,95825f994a54f228ad26037faaef0b41ee0e1348facda9ed366e4f77138d470a,https://learn.microsoft.com/en-us/azure/foundry/concepts/rbac-foundry?accept=text/markdown,200,9b3f20b597c1baee,2026-09-28T03:54:17Z
S-k527bca2,https://docs.devin.ai/onboard-devin/index-repo,,,,,,,,"W/""b9bd6nezx4lual""",,,1e35dfe04dedabc9fe249de175c9faae5d635b6fc6cac923b9366990128d22db,,200,c120f9648fa26f9a,2026-09-28T03:40:43Z
S-k5vpsayn,https://learn.microsoft.com/en-us/troubleshoot/windows-server/admin-development/configure-eventlog-forwarding-performance,2026-09-26T00:00:00Z,,,,,,,"""PimFpUCBym7BXnQy14GMoulV+SE=""","Tue, 25 Aug 2026 07:29:10 GMT",795e7e1798bff76ea2af10bdd3923355c225dd44,2d0e6dd6b6105185edc3643ca452f78b291751708c3c1ca8d44a22ecf3fc223d,,200,b4b0254ec9601a10,2026-09-28T03:54:18Z
S-k64d62id,https://learn.microsoft.com/windows/deployment/do/mcc-ent-faq,2026-09-26T00:00:00Z,,,,,,,"""4nM9yXP96ImvPk/kKpWgzLOwQe8=""","Mon, 24 Aug 2026 12:45:55 GMT",c4e1288671707f3ea468c3a9b6875f683b682bbd,86026b47dfcbd61b06d4e0d7d64808cd68c2940de5937239207a01de55dcb70a,https://learn.microsoft.com/en-us/windows/deployment/do/mcc-ent-faq?accept=text/markdown,200,dd6a36fddd91611c,2026-09-28T03:54:19Z
S-k6lcrjix,https://learn.microsoft.com/en-us/windows/security/application-security/application-control/app-control-for-business/design/deploy-multiple-appcontrol-policies,2026-09-26T00:00:00Z,,,,,,,"""ZTk2a0hBLiE0yW7TLaulvCOkLL0=""","Mon, 24 Aug 2026 09:31:11 GMT",3ff9012abf8f35ffa48f3a9ef419ededa7952dc4,5d0aad15d6a24149b217f0df178a8cd3d7b312dcbbb1cf00cd175d4fd5cb746e,,200,26a36a423ae77de4,2026-09-28T03:54:20Z
S-k6rj6uel,https://learn.microsoft.com/graph/api/resources/cloudpc-api-overview?view=graph-rest-1.0,,,,,,,,"""3zk3SgqwJN/6uDuNyUNZx3UEo9A=""","Wed, 26 Aug 2026 00:16:48 GMT",5ec1fe9aade75556d26c9966c768c7e5c3734b1c,60921ba9ebccf355ac13aeb5784d33cf585d7b09b517e1ede04588f62d1c8b48,https://learn.microsoft.com/en-us/graph/api/resources/cloudpc-api-overview?view=graph-rest-1.0&accept=text/markdown,200,fa3d2e5288e5d006,2026-09-28T03:54:22Z
S-ka3u6g4r,https://learn.microsoft.com/defender-endpoint/configure-endpoints-script,2026-09-26T00:00:00Z,,,,,,,"""jEVx3DJ+iJPf3fmOeayPZmo+BJQ=""","Tue, 22 Sep 2026 08:17:41 GMT",0509959827002d2bcd212896fe9f5385ee82fe62,c9d72eb8c1db83a382eabee7188b9175e4a795ccd0956f8b1f184436505a7280,https://learn.microsoft.com/en-us/defender-endpoint/configure-endpoints-script?accept=text/markdown,200,9743663d371a656c,2026-09-28T03:54:23Z
S-kakqvkfa,https://learn.microsoft.com/en-us/linux/packages,,,,,,,,"""prJN228spbvDHYRb2DSgB1P+k6s=""","Wed, 05 Aug 2026 09:06:17 GMT",85b1180bd19a1d31f136e25bcedc3f3e26d4851c,881cd01bc85fda0402d4a8870dcbb87d70839c2568ff488b45fb1d01c60f757e,,200,178bbdc8aaf2c861,2026-09-28T03:54:24Z
S-kb73mn6y,https://raw.githubusercontent.com/PowerShell/DSC/ea572fa755dbd49fb52339043409fbd50a625600/dsc/src/server/list_dsc_resources.rs,,,,,,,,"""a33ac945632d4f09bd14c4e557d66281934fc4a760606807174d68659a364d7c""",,,e6644113899afbaf0945d731ab7d23695ee0b62d62afd6a5f0ce9346a4d962bb,,200,27247c2fb40e1873,2026-09-28T03:47:12Z
S-kcoqv2wr,https://learn.microsoft.com/autopilot/device-preparation/troubleshooting-faq,2026-09-26T00:00:00Z,,,,,,,"""datF5tfYRt37oLxY+iCdoo9SxyU=""","Tue, 01 Sep 2026 19:21:03 GMT",51ff7c930740125ecf182c4426a1b7700bc20e43,e7ab3a66f7f358d03310f1e06aab768691b5ea178928d3e66904a6470cc6eede,https://learn.microsoft.com/en-us/autopilot/device-preparation/troubleshooting-faq?accept=text/markdown,200,10ad0325714e646d,2026-09-28T03:54:25Z
S-kdhgvxwh,https://learn.microsoft.com/intune/device-security/microsoft-tunnel/prerequisites,2026-09-26T00:00:00Z,,,,,,,"""2gZQD7PICHlkLr0eaxyOP5ADjQw=""","Thu, 03 Sep 2026 22:06:58 GMT",785bfcbcd0561c5a314817e8aaca9264415a5365,a51e58ccd9f61d130a791b81279796a218f094f69bcfeba2eaeda87634c26a5c,https://learn.microsoft.com/en-us/intune/device-security/microsoft-tunnel/prerequisites?accept=text/markdown,200,313721b58af90200,2026-09-28T03:54:26Z
S-kdtltdvz,https://learn.microsoft.com/windows/security/identity-protection/hello-for-business/hello-deployment-issues,2026-09-26T00:00:00Z,,,,,,,"""barC+CxRRvbVdlml6/WWcKjWdZI=""","Mon, 24 Aug 2026 06:52:10 GMT",2e454254b72b8116e1e823cb688abc5b2910b015,68f9eae51311b0df97abce928120f88755d55bd19b220a0bdeb989762e01dbfb,https://learn.microsoft.com/en-us/windows/security/identity-protection/hello-for-business/hello-deployment-issues?accept=text/markdown,200,2ea5812d1ace32a7,2026-09-28T03:54:28Z
S-ke227men,https://context7.com/docs/api-guide.md,,,,,,,,,,,0dbbdfc94f87c71848ffd28c223f2049586d657b70f4f5e4a819ad5b7c8665e6,,200,cd839482216599e1,2026-09-28T03:41:10Z
S-kemkbiwb,https://learn.microsoft.com/azure/update-manager/updates-maintenance-schedules,2026-09-26T00:00:00Z,,,,,,,"""ie3efo8XTn4gJ2YoMDbQBUIYzRU=""","Thu, 24 Sep 2026 12:59:25 GMT",524e07c02a94f1f9fbb5cc7404058f2fff3c44b1,83ca079bc2e5305fe5a1305b8a68ef65196e4cb7d76aedef41ece83d0285ac48,https://learn.microsoft.com/en-us/azure/update-manager/updates-maintenance-schedules?accept=text/markdown,200,07d3609b6f488420,2026-09-28T03:54:29Z
S-ketmxnue,https://learn.microsoft.com/en-us/microsoft-agent-365/builder/identity,2026-09-28T04:47:48Z,,,,,,,"""0skoYYKdeu2DyfM9VxYH/C8rgEc=""","Tue, 25 Aug 2026 20:02:05 GMT",b37cc159b32ea985905a04b17d93232617ea2a06,8d330cc6458c7a110d33bdb460f27199afce295d0e0bf494dcaccb9efaaf6cb0,,304,9def7608e68312d8,2026-09-28T04:47:48Z
S-kgoe3xkx,https://learn.microsoft.com/defender-endpoint/configure-endpoints-mdm,2026-09-26T00:00:00Z,,,,,,,"""LJErA53XvcrkRBFsU94CEXXUuEk=""","Fri, 11 Sep 2026 12:49:36 GMT",ad3972b20dc3eb4ed0a821b852962545a0335bdf,814160ed9d044c1e77d9a5952476b8d16d17d9cb6a2358e08493f29d2832d767,https://learn.microsoft.com/en-us/defender-endpoint/configure-endpoints-mdm?accept=text/markdown,200,391eb26c1318cac7,2026-09-28T03:54:31Z
S-kguhudz7,https://learn.microsoft.com/azure/azure-monitor/data-collection/data-collection-rule-samples,2026-09-26T00:00:00Z,,,,,,,"""mN5tlrTx07LMZcxD8D4sfixL9OY=""","Mon, 31 Aug 2026 20:47:03 GMT",62c619761ad309af7b6417a4e7af2b5fd9d39216,25148d29c980c92c5266ed217ed4bc0aeb7201839bb3a357050d6a37c9c59df1,https://learn.microsoft.com/en-us/azure/azure-monitor/data-collection/data-collection-rule-samples?accept=text/markdown,200,ec8482050d93068e,2026-09-28T03:54:32Z
S-kkjfoqcq,https://raw.githubusercontent.com/microsoftgraph/microsoft-graph-docs-contrib/4ad99fd37a9e2e8538275a0a9cdff7907052f3ec/api-reference/v1.0/api/configurationmanagement-list-configurationmonitors.md,,,,,,,,"""3057a9547e5a040b5a5bcf6d45d13ed4020565246437da544ffd90eedc3c6a44""",,,9185eabf61962b97fb1dcfd925b67f180ab1221e8000b2e99dc22616b81c7285,,200,332e403a48987d5d,2026-09-28T03:47:14Z
S-klcfyqim,https://gitlab.com/gitlab-org/gitlab/-/raw/a128b3dc99074c409493d7669215c471f480d498/doc/ci/runners/hosted_runners/windows.md,,,,,,,,"""10d87f0d388b6c24aa2f0ef031578931""",,,3f5833f71183bc5fadce34213880e12142250b4ca41d5202f3e72c99d23f1363,,200,2e9614ba6a58cc1d,2026-09-28T06:04:39Z
S-kln2au6a,https://learn.microsoft.com/en-us/intune/configmgr/apps/deploy-use/learn-script-security,,,,,,,,"""Wg2iMfNgF+QOVldQIhnRUCUM+Z0=""","Mon, 31 Aug 2026 19:52:17 GMT",d3432a8c0e9a1b8706eff71005a6b7ca53c35f98,8709351bc2db889568451a76c1362d4362e8e039d64b04e2bc12d532210b1775,,200,645150443b4d2fd4,2026-09-28T03:54:33Z
S-km6slvii,https://archive.org/help/wayback_api.php,,,,,,,,,,,2e5204185ef35a9c98b0441165cea30c26955ad3517c46746098c7f41bdf9209,,200,6110ae902c6004a6,2026-09-28T03:39:20Z
S-knqivzgt,https://raw.githubusercontent.com/fluent/fluent-bit/046accf6aded7906f66a1baf0202da349e521736/README.md,,,,,,,,"""7a59d0b7982d1acd2c0f5d699748a40251ef13322674b3075e44b1777c01c188""",,,83b5b7cb7da9e5e166b40fff50bde89514b1ee0af3b78632f11a1e4f9850c760,,200,d243a589c2e480f0,2026-09-28T03:47:15Z
S-kobs45hd,https://raw.githubusercontent.com/pytest-dev/pytest/9.1.1/doc/en/reference/customize.rst,,,,,,,,"""ebfd6cb020980aae5c6d698b607fca6ef7fe8e2ff93ea2c1aae41ffa73decb9d""",,,65e2c362caaf601720b1dcf97cf37f65cc8b85994d07a8dc1709cbea12123e25,,200,fd3f191a3d46b121,2026-09-28T03:47:16Z
S-kp35fytq,https://learn.microsoft.com/en-us/defender-endpoint/cloud-protection-configure,2026-09-26T00:00:00Z,,,,,,,"""w2TSgyohbZ/uR6IeFKN72oQPQUI=""","Fri, 11 Sep 2026 18:03:38 GMT",ad3972b20dc3eb4ed0a821b852962545a0335bdf,a49973a01d865f7898251da06e9a67ee0906741048c4e380de5f5289d9d75d39,,200,1ba2a1b751f2613b,2026-09-28T03:54:34Z
S-kpbxpz3h,https://learn.microsoft.com/windows/security/book/operating-system-agentic-security,2026-09-26T00:00:00Z,,,,,,,"""JGyLTeoT886Cj0f0kgTZnNpRzuY=""","Mon, 24 Aug 2026 08:48:59 GMT",4dee60161d9d90aa157007450dbc073c73e59981,ac45b1b85bc16b263c4a88f3a407910ad057a62cdd33925a972ffea412c961e3,https://learn.microsoft.com/en-us/windows/security/book/operating-system-agentic-security?accept=text/markdown,200,910d6383e543165a,2026-09-28T03:54:35Z
S-kpgnxzkx,https://learn.microsoft.com/en-us/azure/governance/resource-graph/reference/supported-tables-resources,,,,,,,,"""/H2CHW9Poj77GMjz950ZrUeSAdg=""","Mon, 24 Aug 2026 00:34:15 GMT",464ed4ceba6ca2e5a8d7b97d8c130dc3807b355c,4e8b1ace91f38d455b585ffca688e766d1d51941e491d6b231410deb73de36a4,,200,a1d034ac56365b30,2026-09-28T03:54:36Z
S-kqm5iv43,https://learn.microsoft.com/en-us/windows/win32/seccertenroll/cng-key-storage-providers,,,,,,,,"""y9J8DhFQoA2aSlb4PHvwjoyEMdQ=""","Thu, 27 Aug 2026 03:40:05 GMT",3cbb0f157fafb9e41cfe6540830ab3dbe064b7bb,5377645511f5eacb51fdde73b84f84feb14d7e10158369163fafb8c8d606bae4,,200,ee83899089c788ad,2026-09-28T03:54:38Z
S-kqvek5fm,https://learn.microsoft.com/en-us/windows-server/identity/laps/laps-faq,2026-09-26T00:00:00Z,,,,,,,"""XmFnL7Gg304WjSSulaz6AKVydTY=""","Wed, 16 Sep 2026 18:12:14 GMT",5c1eb6800e93f316e26c18b6c59a283dc71c0747,89bd9eb949944d9b1c8cc99f8a91694563f36c27f4bfd43005bb619daecfa6ef,,200,27d81f6ea9edc161,2026-09-28T03:54:38Z
S-krw7psw7,https://learn.microsoft.com/en-us/powershell/module/laps/get-lapsaadpassword,2026-09-26T00:00:00Z,,,,,,,"""oCFyXzWzPUZwOQRKxjBT47WFp4Y=""","Thu, 06 Aug 2026 17:34:32 GMT",0ef3f225d29e26d1cf3119f37dfff70bb6165746,c6315cf918353da76d99092a6d15d8d900e38fbc8cdc20eb3dfca00ba150a2e8,,200,016ff7d368e143ab,2026-09-28T03:54:40Z
S-krya5so3,https://learn.microsoft.com/en-us/entra/msal/python/getting-started/acquiring-tokens,,,,,,,,"""MMYBX2ToiTuh+6ma7qmH/lYzfDE=""","Thu, 17 Sep 2026 10:01:08 GMT",2bab9187e5bcfd4f587e1f792a326acb1b1f6e5b,d91c9f61f63b0096ec3af82281416f2352c90316a3b960550987e230f8601b12,,200,ab912971e8502ea2,2026-09-28T03:54:41Z
S-kszikunl,https://learn.microsoft.com/powershell/module/bitlocker/add-bitlockerkeyprotector,2026-09-26T00:00:00Z,,,,,,,"""XltySUdu+HO3mvY2Ut1KwpIEjcI=""","Wed, 05 Aug 2026 09:42:40 GMT",0ef3f225d29e26d1cf3119f37dfff70bb6165746,3455d77a1a061305af925f18fde21ac99a22f82f5dedb9c98d122652c44f29e8,https://learn.microsoft.com/en-us/powershell/module/bitlocker/add-bitlockerkeyprotector?view=windowsserver2025-ps&accept=text%2Fmarkdown,200,52002e798b4b110e,2026-09-28T03:54:42Z
S-kt6usubu,https://learn.microsoft.com/entra/identity/monitoring-health/reference-reports-data-retention,2026-09-26T00:00:00Z,,,,,,,"""kpCH8SUMIlRJ8Hc7uZp0BUcSeZQ=""","Mon, 24 Aug 2026 12:50:40 GMT",cf3c2b719a4a5c2ad573fd7222a640e98da8b318,1e16ac02c20dcb52132acd7a5f20d0efedb810cbcdc7d715dbf2c7c6faaece9b,https://learn.microsoft.com/en-us/entra/identity/monitoring-health/reference-reports-data-retention?accept=text/markdown,200,856af6007072c042,2026-09-28T03:54:43Z
S-ktfxaivl,https://learn.microsoft.com/en-us/defender-xdr/advanced-hunting-deviceimageloadevents-table,2026-09-26T00:00:00Z,,,,,,,"""52zGVSZpdLMQF6LCQGST69FxpdE=""","Mon, 24 Aug 2026 09:11:16 GMT",0fdad2971c4f8acbaebefc5e52a5a2f7302a670c,961222d5bb1c0833462aced1a8ef851eb9826bf15c91ef7c205cd13155f0db2e,,200,4f433a30610868db,2026-09-28T03:54:44Z
S-kub3e5bx,https://learn.microsoft.com/azure/foundry/agents/concepts/standard-agent-setup,2026-09-26T00:00:00Z,,,,,,,"""C57GdbGiqmP/G63USjF3ee3CAis=""","Fri, 25 Sep 2026 22:14:05 GMT",0312d552e02dc0983beccdf0c82ca158dcf40436,69daac8003a63636ac0222d020b55544505984518c5216a28e766e2d39ed35dd,https://learn.microsoft.com/en-us/azure/foundry/agents/concepts/standard-agent-setup?accept=text/markdown,200,248307a34b669fe6,2026-09-28T03:54:45Z
S-kujx3zxn,https://huggingface.co/spacy/en_core_web_lg/raw/557bf758b8b070251eef3a62dd5442e72e72e2ce/LICENSES_SOURCES,,,,,,,,"""44e99f4f5f5225a582de36ce9d20bfe9dc7fd6cd""",,,ea21333cecd2593c1fea842e9362bedf7b556abfb97cd08ce0650f2228b2eb58,,200,30a0db3bcaad28e9,2026-09-28T03:40:20Z
S-kv5b4jlr,https://learn.microsoft.com/intune/fundamentals/role-based-access-control/ref-built-in-roles,2026-09-26T00:00:00Z,,,,,,,"""xrVQDmYOniKj8ttduxeteBKbrb8=""","Mon, 24 Aug 2026 22:49:26 GMT",a60f43f6f562ded6195ddd8d888335f2d8e11e73,e0be74bacc36ef5625ace2381f4c8b3d3184c9f0811a285c203a407923c82c88,https://learn.microsoft.com/en-us/intune/fundamentals/role-based-access-control/ref-built-in-roles?accept=text/markdown,200,88b79a03f28c55eb,2026-09-28T03:54:46Z
S-kvkn5bq2,https://docs.github.com/en/copilot/concepts/billing-and-usage/organizations-and-enterprises/billing,,,,,,,,,,,04923dd252fa82fcb71b9c5eaa95629a307e810d1be36b51c8d5434f7bc6dfc7,,200,6f68800c01ded92d,2026-09-28T03:41:03Z
S-kw755ajt,https://learn.microsoft.com/defender-endpoint/api/get-machineactions-collection,2026-09-26T00:00:00Z,,,,,,,"""YhZOC1gGc1Gc78E1TsRYAu6oGA4=""","Mon, 24 Aug 2026 10:40:56 GMT",e5e024df2189c2f05c8a7a66f60fff59a0c0bfd8,37119a55064e35af94e8ae6752898e60f8344a6b284b5395622115b1b7ce6dff,https://learn.microsoft.com/en-us/defender-endpoint/api/get-machineactions-collection?accept=text/markdown,200,03767f0cb3cf8381,2026-09-28T03:54:48Z
S-kwn2lclu,https://learn.microsoft.com/intune/configmgr/core/plan-design/hierarchy/about-log-files,2026-09-26T00:00:00Z,,,,,,,"""8JTTtZG9Frtl0POQJKzLx921yJw=""","Mon, 31 Aug 2026 20:23:19 GMT",d3432a8c0e9a1b8706eff71005a6b7ca53c35f98,d2502f5192d566bec6f50319704939fa839e5596d4aecf6edd28e06a8655a5fd,https://learn.microsoft.com/en-us/intune/configmgr/core/plan-design/hierarchy/about-log-files?accept=text/markdown,200,354bd402db32acb0,2026-09-28T03:54:49Z
S-kwxqaq5a,https://learn.microsoft.com/intune/configmgr/sum/deploy-use/software-updates-maintenance,2026-09-26T00:00:00Z,,,,,,,"""VlIn0dADadV9zJmrQgerp4WHOLU=""","Wed, 26 Aug 2026 07:31:30 GMT",063012bfda73a118b0e62b70c51b63514b26173d,0c7e186b7a0e3f6c0bd443d444671e2b0eae051d5d73c9659ca714cf0f2049b1,https://learn.microsoft.com/en-us/intune/configmgr/sum/deploy-use/software-updates-maintenance?accept=text/markdown,200,55b7ae6d2695d75c,2026-09-28T03:54:50Z
S-kyd2lkfv,https://learn.microsoft.com/windows/deployment/do/delivery-optimization-configure,2026-09-26T00:00:00Z,,,,,,,"""w5EdBTyf61vrpuQ0dcELL5zexpY=""","Mon, 24 Aug 2026 03:17:21 GMT",208740ff10a9e0d204c938d2faccda9b1509b10e,dcfdbdf5006eeec6060716c3e4bcb490e0285f98463eb7e2b51bc2c235913abe,https://learn.microsoft.com/en-us/windows/deployment/do/delivery-optimization-configure?accept=text/markdown,200,a2e66766e4ceaa16,2026-09-28T03:54:51Z
S-kyrgum3q,https://learn.microsoft.com/en-us/power-platform/admin/vnet-support-overview,,,,,,,,"""77j/N9CNVvrvNje4Al8t7NA76Hw=""","Thu, 24 Sep 2026 03:38:37 GMT",c3511f12e12554af7c94048195dbe416c28e28e0,209eba1afd7fb0fb7d4639e12e16baf2ced560c75f98e5ac38c8a22fa18ab00e,,200,04df94313a79c1a9,2026-09-28T23:53:47Z
S-kzoop7qs,https://learn.microsoft.com/agent-framework/overview/,2026-09-26T00:00:00Z,,,,,,,"""pEmSvIWVD+AEZL756T4oWIxjUno=""","Tue, 25 Aug 2026 21:08:36 GMT",b5673b22a7085c1c87e268c431c3fc31d27019a8,f02dc0ac4314617c242d6de5cc7ce683eeda4f3ebea146dcc07bad53da95c534,https://learn.microsoft.com/en-us/agent-framework/overview/?accept=text/markdown,200,d500fb8c99e50a6d,2026-09-28T03:54:52Z
S-kzv67wmw,https://learn.microsoft.com/graph/api/rbacapplication-post-roleeligibilityschedulerequests?view=graph-rest-1.0,2026-09-28T04:47:49Z,,,,,,,"""P9z33IlJdWWvgtEaoyVxXFIcgeM=""","Tue, 25 Aug 2026 11:13:35 GMT",c5bdea5b2d849451be9b260f1f9bbf3d27997198,b0e434f326080211b6292c43aecba1e4829cbb4acb9b8a5e5bbdbdb472b62bfe,https://learn.microsoft.com/en-us/graph/api/rbacapplication-post-roleeligibilityschedulerequests?view=graph-rest-1.0&accept=text/markdown,304,8776c4b0e30d2900,2026-09-28T04:47:49Z
S-l2gdpfl2,https://learn.microsoft.com/en-us/intune/configmgr/core/plan-design/configs/size-and-scale-numbers,,,,,,,,"""XNQNHdtJlBqNg7zzrjBYSIthRG4=""","Tue, 01 Sep 2026 05:29:34 GMT",d3432a8c0e9a1b8706eff71005a6b7ca53c35f98,5163c08d0378d2862d61a52656d2e0745bd1be113551ea2066df0d6d503a844e,,200,c6f2f9defbfa4223,2026-09-28T03:54:54Z
S-l4557zht,https://learn.microsoft.com/microsoft-copilot-studio/govern-agents-identities-overview,2026-09-28T04:47:50Z,,,,,,,"""2GKA1pjbMuAjG5PxFpMBQcHi8+Q=""","Tue, 15 Sep 2026 19:24:56 GMT",aafbe72b78aa51ec89c397fc92b469eafb15795f,c0828b0236916112cbb82e45c4ef30dbd470b812137eb5078f454f4c8661cac6,https://learn.microsoft.com/en-us/microsoft-copilot-studio/govern-agents-identities-overview?accept=text/markdown,304,3545f54891600549,2026-09-28T04:47:50Z
S-l4qgsnr4,https://raw.githubusercontent.com/modelcontextprotocol/modelcontextprotocol/a99bdd15ea9ff96bf4d758aac907bbb27e9329dc/docs/specification/2026-07-28/basic/transports/streamable-http.mdx,2026-09-26T00:00:00Z,,,,,,,"""fd2a73197b89cf4d0ede6da2ed54f7404f1f4e0232a2a125254236220f1b4b42""",,,c9cc0bddb99018b0dd072894e6392891d6fc29e8d190d3075ea1696582484b3f,,200,ca2ad0fb7b93e83f,2026-09-28T03:47:17Z
S-l5g4lirw,https://learn.microsoft.com/en-us/defender-xdr/custom-detection-rules,2026-09-26T00:00:00Z,,,,,,,"""kdkUe4/W8eRgPoH6L6AL/OYzOz0=""","Wed, 02 Sep 2026 08:09:26 GMT",99d7b405b3592dbe284f1e1667d541dddacfe6ed,8c927f86fc83033301e6010e6a8099244433e508f747d3e70ffd7fcb3f65993f,,200,4bd23afa21e460b0,2026-09-28T03:54:58Z
S-l5tq6fyo,https://learn.microsoft.com/intune/device-configuration/templates/configure-custom-settings,,,,,,,,"""DerbKAEq4j/TCojJwhAM0UHc9XU=""","Tue, 25 Aug 2026 01:35:25 GMT",a60f43f6f562ded6195ddd8d888335f2d8e11e73,45179319c373c29c95566ed9e1a7ad5a0737d6ed2d5e9345a7ca8fe278efb8c8,https://learn.microsoft.com/en-us/intune/device-configuration/templates/configure-custom-settings?accept=text/markdown,200,b903a39ef73baed1,2026-09-28T03:54:58Z
S-l6ia2wz4,https://gitlab.com/gitlab-org/gitlab/-/raw/9f1632e2d74cf3c87fce2513c999c6cf84a97ab4/doc/ci/pipeline_security/slsa/level_3/_index.md,,,,,,,,"""fb83e3e5ac7e5731b686a194f16ca809""",,,da118eb28cae5646b686d7c01cf2258ae9e6422ae7861133d78d5071a32d0b7a,,200,94902eaf25badb59,2026-09-28T03:41:24Z
S-l6j5dpwj,https://github.com/microsoft/Microsoft365DSC/releases,2026-09-26T00:00:00Z,,,,,,,"W/""02479bc62ed3ac7b62a49f2dc66e1366""",,,20f253d6af04fdbf2e6820db99425298608ea693503a99f5fa38f0f4e7712974,https://github.com/Microsoft365DSC/Microsoft365DSC/releases,200,b8d44f7cb1d469f8,2026-09-28T03:41:51Z
S-l6l42j6e,https://code.claude.com/docs/en/sandboxing,2026-09-26T00:00:00Z,,,,,,,,"Thu, 08 Oct 2026 19:47:25 GMT",,d2603f4df9803785b87128b9a13a900b0f6375fc5230bc2dc1e3ff4eeb4e1fd0,,200,a8a56f5195bd205f,2026-10-08T19:47:26Z
S-l6y7tegw,https://learn.microsoft.com/graph/json-batching,2026-09-26T00:00:00Z,,,,,,,"""URbLzHulX1enzVSaWxagdN+V/0o=""","Tue, 25 Aug 2026 01:06:30 GMT",eabb8ccf73be8b116259cf219e05c98f31dd4b30,bd434d606d8af00f4c4495947fbe3065ef4bdd8e625b7b684362b9f9010d3acb,https://learn.microsoft.com/en-us/graph/json-batching?accept=text/markdown,200,5dc51efa7014a205,2026-09-28T03:54:59Z
S-l74ozdea,https://learn.microsoft.com/windows/win32/adschema/a-msds-allowedtodelegateto,,,,,,,,"""VrZZWH7XQwOituYhjk/SxbDWb1c=""","Thu, 27 Aug 2026 02:25:31 GMT",cb870af942a8a334627c3b3f4ad23c7f49a0e70e,d0c66f75b46ee80b2edb434dff1fdbb63f451c7ecaa4f5536b7e903217ef9bc0,https://learn.microsoft.com/en-us/windows/win32/adschema/a-msds-allowedtodelegateto?accept=text/markdown,200,e1b0cb405a847437,2026-09-28T03:55:00Z
S-lbitjans,https://learn.microsoft.com/en-us/microsoftteams/platform/bots/how-to/authentication/bot-sso-manifest,,,,,,,,"""k22uMfIrqtyGkI0VttxjOygI9S8=""","Thu, 27 Aug 2026 16:12:25 GMT",72fdb78a2ad1948cb3eabe6ecb788508398eefd6,8543ededa52d1a626a373af761b432e956e570f990a14c022f5046bdc19d9b75,,200,3ed74f4fddcd2df9,2026-09-28T03:55:01Z
S-lcamnncm,https://learn.microsoft.com/intune/cloud-pki/,2026-09-26T00:00:00Z,,,,,,,"""e46pvgfsqXvffBxa+TeGVe6ayeI=""","Fri, 25 Sep 2026 08:12:49 GMT",26499ea05e6d389fa252898882b336075c668a79,a320e13a7da5b5a696034505c996cfc8fd7fce2e89edb46fd8ff869d7389446a,https://learn.microsoft.com/en-us/intune/cloud-pki/?accept=text/markdown,200,e39f6a8accdb24d3,2026-09-28T03:55:04Z
S-lcd7y7ff,https://learn.microsoft.com/entra/identity/hybrid/cloud-sync/reference-cloud-sync-faq,2026-09-28T04:47:51Z,,,,,,,"""W3N3I+pgLaPTk6c93giYVE0WOss=""","Mon, 24 Aug 2026 14:30:31 GMT",7e7f75a19b7980129c9e082f14d3885ef7d15f4a,abc13e680579146a7435f00981c43b98c0d46f9bfd3be465795962e4418f90c4,https://learn.microsoft.com/en-us/entra/identity/hybrid/cloud-sync/reference-cloud-sync-faq?accept=text/markdown,304,5f96a894188b7597,2026-09-28T04:47:51Z
S-ld2qiclx,https://learn.microsoft.com/en-us/intune/intune-service/configuration/administrative-templates-import-custom,2026-09-26T00:00:00Z,,,,,,,"""YQjoWtGuoEM9mkatHvYnmhXLmk0=""","Tue, 25 Aug 2026 01:27:46 GMT",a60f43f6f562ded6195ddd8d888335f2d8e11e73,5c0f80bf7b69c70a0e2cc27bb78511b0d622b2a3ff754c57716b9d1ea24b7112,https://learn.microsoft.com/en-us/intune/device-configuration/settings-catalog/import-custom-admx-templates?accept=text%2Fmarkdown,200,9fb3edce029e9ea0,2026-09-28T03:55:05Z
S-ldeuc3e7,https://learn.microsoft.com/entra/identity/users/domains-admin-takeover,,,,,,,,"""G86ibwIR96fsBanVXcE+VD4Lfyw=""","Mon, 24 Aug 2026 15:11:46 GMT",7db9d183cc500f35044c1cd7016a913916d0c4b9,2d86ba686472fc84bc8e78a2a711b67c6cffba7585b2a29dfb619af9a3fa8066,https://learn.microsoft.com/en-us/entra/identity/users/domains-admin-takeover?accept=text/markdown,200,a6962755c8f7ef9e,2026-09-28T03:55:07Z
S-ldykf7ob,https://learn.microsoft.com/en-us/windows-server/get-started/hotpatch,2026-09-26T00:00:00Z,,,,,,,"""UxpufxBIyBOINNR52FCUdpEVyJg=""","Tue, 08 Sep 2026 18:03:25 GMT",61037b40c7dc0086cb7c2e4336a0df39a72864b2,9a633659cfe337b526dcae40c384f44c4b4252be07330b5bafe839937983cfb7,,200,028e2ea52346e0bc,2026-09-28T03:55:07Z
S-le4dru57,https://learn.microsoft.com/en-us/intune/configmgr/apps/deploy-use/deploy-applications,,,,,,,,"""7zCjvJTuINcMYhMW/hMF5Ltc8VI=""","Mon, 31 Aug 2026 23:36:43 GMT",d3432a8c0e9a1b8706eff71005a6b7ca53c35f98,bd44b45fe9c080746f6262916f5eb6bd71d6c273afadf48d9c6d7550e0f0b212,,200,0e85bafbb32b06f0,2026-09-28T03:55:09Z
S-lef2ok5a,https://learn.microsoft.com/en-us/intune/configmgr/core/plan-design/changes/whats-new-in-version-1810,,,,,,,,"""dpLHgjxRuUTvZZm7XOafgvL9J50=""","Thu, 03 Sep 2026 13:04:10 GMT",d3432a8c0e9a1b8706eff71005a6b7ca53c35f98,6c869fae37047c34e867fc04cb1a0f10a439eccb4c758d9e0d816bf19483ee5f,,200,3c1e7aa0cfbb18ba,2026-09-28T03:55:10Z
S-lekwizgd,https://learn.microsoft.com/entra/agent-id/agent-access-packages,2026-09-28T04:47:52Z,,,,,,,"""pjQBHfaYR9SAWzUjcmnrlKC5vRM=""","Tue, 01 Sep 2026 00:01:53 GMT",bf86d6cab658ddb842e821bf17b7daa918bdaed9,6446e4181df66cd43c28639854dfad4add18cc52a0af993a0eda9806345841ca,https://learn.microsoft.com/en-us/entra/agent-id/agent-access-packages?accept=text/markdown,304,509d7e6021a85e77,2026-09-28T04:47:52Z
S-lfd7criv,https://learn.microsoft.com/autopilot/tutorial/self-deploying/self-deploying-esp,2026-09-26T00:00:00Z,,,,,,,"""xlRXXyFkGg2aG2+NVBYdvZnXQcw=""","Tue, 25 Aug 2026 21:08:45 GMT",cda048bb9a2dd1a116ae0fd48716f880ec750d51,7f3adcc81e00d87a12b65347bdb4bbbadc5d85735949efeef6d4189139a5464b,https://learn.microsoft.com/en-us/autopilot/tutorial/self-deploying/self-deploying-esp?accept=text/markdown,200,2b28a15aaaf0bb1a,2026-09-28T03:55:12Z
S-lficatwr,https://learn.microsoft.com/graph/api/intune-apps-mobileappcontentfile-commit?view=graph-rest-1.0,2026-09-26T00:00:00Z,,,,,,,"""V19GcPfQ877ChFpKDK1QIVp1twI=""","Tue, 25 Aug 2026 10:00:34 GMT",e345b7affa31798542828393bc40023465af9069,520627dc1807a29bbfe0e067d2b54f57809a444265c546213e98fe672762573b,https://learn.microsoft.com/en-us/graph/api/intune-apps-mobileappcontentfile-commit?view=graph-rest-1.0&accept=text/markdown,200,a98e4d0cd86de072,2026-09-28T03:55:13Z
S-lfuz2ssn,https://gitlab.com/gitlab-org/gitlab/-/raw/a128b3dc99074c409493d7669215c471f480d498/doc/ci/pipelines/compute_minutes.md,,,,,,,,"""b86fa571438ee0ee9c56de5549ae0d35""",,,cc6d87a6dcc407b08e8462b27fcc5c26e0ec650167388d08939d55f70b48f2be,,200,ef995c8afd2c4076,2026-09-28T06:04:40Z
S-lgyskerc,https://learn.microsoft.com/en-us/microsoft-365/copilot/connectors/deployment-overview,,,,,,,,"""ntVa3OeDzFwuoQRBk10gxQr3nvM=""","Wed, 23 Sep 2026 00:12:23 GMT",f000594eb1b4b7765f9e23ee070e1fd295303158,7d0367b54bf877bfccdf08773b77096c43d41166d2ab8e6fa2a15e4cf532b72a,,200,13facdd5caa12a84,2026-09-28T03:55:14Z
S-li2s6pgb,https://www.cisecurity.org/terms-and-conditions-table-of-contents/end-user-organization-membership-agreement,,,,,,,,,,,84ec432193764e63a2f4368ff2765cf74861f256b8ebcf705d1521743d0a563d,,200,72b97a44e5565dfd,2026-09-28T03:40:31Z
S-liojjbc4,https://raw.githubusercontent.com/PowerShell/DSC/9c60d043f0c018f3026feee481cb6402100f4331/dsc/src/server/invoke_dsc_resource.rs,,,,,,,,"""f23a644ce3bae7a62919e9716c7eb32fdd5b8c949fe857ef250944a026ea9ad2""",,,6abf2d723969d6dcba4d02a2927ab00e070346b2f244a0f40a147b859183c7a2,,200,b4b5006d4c32fb7d,2026-09-28T03:47:18Z
S-ljhugmcx,https://learn.microsoft.com/en-us/mem/intune/fundamentals/role-based-access-control,2026-09-26T00:00:00Z,,,,,,,"""ofbOvutTUVkMYms4QE38PlarACo=""","Mon, 24 Aug 2026 22:38:28 GMT",8fc35ccd02eee458dd0759b2199a819235e09924,0848e72c3412f22fddaae206a7aa58a75ff70e90a7551a9549f9e3406b8f6f27,https://learn.microsoft.com/en-us/intune/fundamentals/role-based-access-control/overview?accept=text%2Fmarkdown,200,a6c2a0e19730c992,2026-09-28T03:55:15Z
S-lkcsn2fs,https://code.claude.com/docs/en/plugin-evals,2026-09-26T00:00:00Z,,,,,,,,"Mon, 28 Sep 2026 03:41:14 GMT",,9567b0d062de1b85fb226a31ee8e6562c25d384b480fbf27998c59351771792c,,200,e45d82359ab56b89,2026-09-28T03:41:14Z
S-lkmpjpnp,https://learn.microsoft.com/azure/governance/machine-configuration/how-to/create-policy-definition,,,,,,,,"""jgh+dgVAy09uaY2VWuPdtzSXwdk=""","Tue, 08 Sep 2026 07:15:09 GMT",e9abed1ec0d18e3492a3acc825ae586c6d7e634e,bd8c0abf703dad6c85336fb9a80d66bdd4851b43981dd8dc201224341fa85d3a,https://learn.microsoft.com/en-us/azure/governance/machine-configuration/how-to/create-policy-definition?accept=text/markdown,200,6f2ea7169fa4dda9,2026-09-28T03:55:17Z
S-lkrznc4c,https://learn.microsoft.com/entra/global-secure-access/concept-private-access,2026-09-26T00:00:00Z,,,,,,,"""DsPsHXP/qipux98fwgwkIfY/n+A=""","Mon, 24 Aug 2026 13:14:54 GMT",31c7679c4790bfc937c81ed5140745a6ec70e6be,bb19a99bc7f07da31805d7b11e22e7893fd80d3297b1a6e477e611fe00785a12,https://learn.microsoft.com/en-us/entra/global-secure-access/concept-private-access?accept=text/markdown,200,bdde8dfad1768a89,2026-09-28T03:55:18Z
S-lkt7o42d,https://www.python.org/api/v2/downloads/release_file/?release=1116,,,,,,,,,,,198a57596d55c39e012a47723dc39c1d60f1816b47e466b0fedda300e73dcb79,,200,3c0d8c0dc77e6e86,2026-09-29T01:54:36Z
S-lkto4w7b,https://learn.microsoft.com/agent-framework/migration-guide/from-autogen/,2026-09-26T00:00:00Z,,,,,,,"""R4rUrk4hSaCg1j3XuHfhZqFnYtA=""","Tue, 25 Aug 2026 20:57:04 GMT",989827daca2db310f5727dde09a21b3ce7e9e692,10c9fd0ddb7c9121ed55ec070850009abc0f76e51a8eb64d3d99c0abd17a9799,https://learn.microsoft.com/en-us/agent-framework/migration-guide/from-autogen/?accept=text/markdown,200,0a824b5419fcf0a0,2026-09-28T03:55:19Z
S-lldnrkhv,https://learn.microsoft.com/_sitemaps/intune_en-us_1.xml,,,,,,,,"""GVywoyWwUfCf1TfKCUF2JuT+L7A=""","Sun, 27 Sep 2026 08:03:09 GMT",,60267d9198e94c038ff8963fc8dd3367a377cb703d7e3c3bdf2f26847d56405d,,200,decfbcd052d07445,2026-09-28T03:39:28Z
S-llf2m5cf,https://code.claude.com/docs/en/agent-sdk/migration-guide,2026-09-26T00:00:00Z,,,,,,,,"Mon, 28 Sep 2026 03:41:15 GMT",,1221792aa0a7b31a93a4785f91203a9a90fc0392a3c7fe0d0e2165ea5dfd84ab,,200,1e417a59667bb918,2026-09-28T03:41:15Z
S-llv35yw5,https://learn.microsoft.com/graph/api/security-auditlogquery-list-records?view=graph-rest-1.0,2026-09-26T00:00:00Z,,,,,,,"""H7gLqxF5UTyLT6jW3NoBTp/17ho=""","Tue, 25 Aug 2026 05:23:33 GMT",d15437cb48af3d54ef6ba33a52c2cc38bc29e22d,136eca7807f53e93e1800559e8fd298429b90e0403aad988fd2ef04d6beca76b,https://learn.microsoft.com/en-us/graph/api/security-auditlogquery-list-records?view=graph-rest-1.0&accept=text/markdown,200,03b3c43cd1853410,2026-09-28T03:55:20Z
S-lml4jqiv,https://gitlab.com/gitlab-org/gitlab/-/raw/56c82a97c3b74a303b33a7cf746157df1e39601f/doc/user/project/codeowners/reference.md,,,,,,,,"""26fba376466f5ce055cdfdb8236e2e34""",,,2d918f142523ce2edb18e2b85285760bd8bf6c3154811e766231f06d81befcf1,,200,9a1901fdccb3b7f3,2026-09-28T03:41:25Z
S-lmtdz3eq,https://learn.microsoft.com/azure/ai-services/content-safety/whats-new,,,,,,,,"""+VD1Jotvj6OQbid/YUiWbJxg5Rs=""","Mon, 24 Aug 2026 06:17:38 GMT",2be20b01aba665a612f9e85bd54d221078d70c2c,dbdce12f181e65e27e343b3b697761feb20d1e009b0f367cd354c4e8a8fc39f9,https://learn.microsoft.com/en-us/azure/ai-services/content-safety/whats-new?accept=text/markdown,200,3fbf7211a466ad70,2026-09-28T03:55:21Z
S-lnvgonfb,https://learn.microsoft.com/copilot/security/privacy-data-security,2026-09-26T00:00:00Z,,,,,,,"""YLBNSi9KjIvHIpDotk68r7MK2wE=""","Fri, 28 Aug 2026 00:25:38 GMT",e164d9ef4fcdf21bd11b0df1806e07ff94139622,db671a8575475b5d743afe30eccc2bb6386ff109c4da17207d964478d9f909eb,https://learn.microsoft.com/en-us/copilot/security/privacy-data-security?accept=text/markdown,200,fd8b9434bba9809f,2026-09-28T03:55:23Z
S-lnzspig4,https://learn.microsoft.com/en-us/windows-server/identity/laps/laps-technical-reference,2026-09-26T00:00:00Z,,,,,,,"""jPsMH+QKd9IJxh5ZUd7+74KW5eQ=""","Wed, 26 Aug 2026 17:50:04 GMT",9c7b257579e366d9901a02f9589d4a10157893f9,c4c8fcb2e115a87868a7c35f83fc35d770665391db8b97367b7e8c675cd0c6a1,,200,bfb9ef25d3f1fda6,2026-09-28T03:55:23Z
S-lob25y46,https://raw.githubusercontent.com/python/peps/ff16962a22fdc5e2095e0cbc5c243ea76e34fb52/peps/pep-0693.rst,,,,,,,,"""05d6068a13478edbffd4e470f57ff6307aa44ad8f660a378975c0a04ed06d01f""",,,284800e2ae48ecdcc79d45a81f6cd52ae14ffb8f4e0d820857c18f115083357b,,200,b4a8a9a61f49a1ab,2026-09-28T03:47:19Z
S-loe5y6ph,https://raw.githubusercontent.com/microsoftgraph/microsoft-graph-docs-contrib/4ad99fd37a9e2e8538275a0a9cdff7907052f3ec/api-reference/v1.0/api/configurationmanagement-list-configurationsnapshotjobs.md,,,,,,,,"""d0e1b8bfe85f49194ab439cfafeceba48d9cbd8ad334ff28df72fcde65c0e701""",,,d2787f0c29879bf65122e82d5cd188a74a483007f8eeed40711f0e04be6a40b9,,200,876240acc0985b41,2026-09-28T03:47:20Z
S-lojuttbo,https://learn.microsoft.com/en-us/intune/configmgr/compliance/deploy-use/create-configuration-items-for-mac-os-x-devices-managed-with-the-client,,,,,,,,"""jExVK9EeMs/hEaObpL0akRt++3o=""","Thu, 03 Sep 2026 15:22:53 GMT",51052ad73287b53494fd1697c225c8e9cb7b6b42,52b86bdcba03d7aff8021f86e4414b82e39651123da7fbf009e6952b60949286,,200,eff2815eaec1e395,2026-09-28T03:55:24Z
S-lorbg35k,https://learn.microsoft.com/en-us/graph/api/intune-devices-manageddevice-remotelock?view=graph-rest-1.0,2026-09-26T00:00:00Z,,,,,,,"""I5Y4II8GCftyXsUghX7+9wnZF8k=""","Tue, 25 Aug 2026 04:32:31 GMT",c5bdea5b2d849451be9b260f1f9bbf3d27997198,3b85de45ac5ead097f50b2073d41cfdc58093caa39151c689d6e286a5a250931,,200,a99e4da8d90fe2ea,2026-09-28T03:55:26Z
S-lpj5aefn,https://learn.microsoft.com/en-us/azure/azure-arc/servers/azcmagent-extension,2026-09-26T00:00:00Z,,,,,,,"""97wHXHeQwYckQbGlwNf1rS5EC3E=""","Tue, 25 Aug 2026 20:34:38 GMT",57d1a70732e4c5a011ac4bea1d45385752c5275a,c048c562dcc66d809bb2f53a3df774e5036c40a6be0cb0ac5ecd82d58076f434,,200,6a2eb8a12c0075cd,2026-09-28T03:55:27Z
S-lpohskwn,https://raw.githubusercontent.com/MicrosoftDocs/azure-ai-docs/8056f70791876315f5bf05ca8a5f9fc583b1dd2a/articles/ai-foundry/openai/api-version-lifecycle.md,,,,,,,,"""108daa90c2e395a20dfe938a94b023ec470a430e7d41371a5a821a93708d24a9""",,,979a98d62c2c9ce2fabc81475d998f1e42ad2f9f585f82a1e4c77bf7a03a685c,,200,09afc43cc9860033,2026-09-28T03:47:21Z
S-lqfdn2f7,https://learn.microsoft.com/intune/developer/data-warehouse/connect-power-bi,2026-09-26T00:00:00Z,,,,,,,"""80M093rG1rJrM/5NzFOUZGEqRcI=""","Tue, 25 Aug 2026 13:26:23 GMT",a60f43f6f562ded6195ddd8d888335f2d8e11e73,63e43ebdbb6a9cb0cdd2198c8c90e2a5f085a6bb2ca33b03e32a855d26c3f88d,https://learn.microsoft.com/en-us/intune/developer/data-warehouse/connect-power-bi?accept=text/markdown,200,3515fbfaca58d9ca,2026-09-28T03:55:28Z
S-lqvaqwxx,https://learn.microsoft.com/azure/ai-services/content-safety/concepts/protected-material,2026-09-26T00:00:00Z,,,,,,,"""0lOJkTrqGqeV414QyD4Khxd+4dE=""","Sat, 19 Sep 2026 18:29:08 GMT",215dd53ffbd9bd69b62e358605c95006802af884,6abb64f21b906f1c12f8363c5f30ee4dfcee0414dcf5317e3a1132433c2376f3,https://learn.microsoft.com/en-us/azure/ai-services/content-safety/concepts/protected-material?accept=text/markdown,200,dd82be4aee982093,2026-09-28T03:55:29Z
S-lreom5ko,https://code.claude.com/docs/en/network-config,2026-09-26T00:00:00Z,,,,,,,,"Mon, 28 Sep 2026 03:41:17 GMT",,ebf8a9c60e7e9de0d12ed377281a332d63e4ffc9177505cc8a598b61dfe30e14,,200,1de5cc6e3239e820,2026-09-28T03:41:17Z
S-ls53sliy,https://opensource.org/api/license,,,,,,,,,"Mon, 28 Sep 2026 01:03:27 GMT",,31f22092a317c829227bc5c21594e5d8ce6b28dd0ab28974880ef2353f06f59d,,200,b10a6a833ccc174d,2026-09-28T03:41:11Z
S-ls7jnt2q,https://learn.microsoft.com/intune/device-management/reports/export-graph-apis,2026-09-26T00:00:00Z,,,,,,,"""WeU2+ASpBmTQk2Sww74/OnKZlYs=""","Tue, 25 Aug 2026 02:49:03 GMT",a60f43f6f562ded6195ddd8d888335f2d8e11e73,83d5842bc6bad4e33ff1b3955caf2e1de89e2b0e594c5d0d44035086dd4d287f,https://learn.microsoft.com/en-us/intune/device-management/reports/export-graph-apis?accept=text/markdown,200,d9f8efc1c5391285,2026-09-28T03:55:30Z
S-lsavpnha,https://learn.microsoft.com/intune/fundamentals/role-based-access-control/assign-role,2026-09-26T00:00:00Z,,,,,,,"""eCwgpDkC49RQRUp1F18jyq5z4CY=""","Tue, 25 Aug 2026 22:08:08 GMT",a60f43f6f562ded6195ddd8d888335f2d8e11e73,8267f90ecfe3303a5853a52cad3cbaf511bffe11871d0ec8f49c94c7de5c5d52,https://learn.microsoft.com/en-us/intune/fundamentals/role-based-access-control/assign-role?accept=text/markdown,200,22c2e994f919c22c,2026-09-28T03:55:31Z
S-lscdap53,https://raw.githubusercontent.com/ansible/awx/cf3dd7d0299c1c0d47fb8199154774fe881762ba/LICENSE.md,,,,,,,,"""36de2d1208741693f397c1667b678d8c6e37752880a9cb93aa89367548cb8992""",,,72c454b9a74f23f38132d63e48fadd84d3d8774e784abcbbe2751f29e256508f,,200,2493fc1feef5c2df,2026-09-28T03:47:22Z
S-lsjjopsz,https://learn.microsoft.com/en-us/intune/configmgr/core/servers/manage/reference-for-maintenance-tasks,,,,,,,,"""K+5ANu3a7BZLU3PbZxGNJOF8pX4=""","Tue, 01 Sep 2026 05:30:02 GMT",d3432a8c0e9a1b8706eff71005a6b7ca53c35f98,b2fcc24e91c87a1ebf68f1a866ff2fee0cb4c0c7e211dbc2e5eb399cd089fdf9,,200,8bf79229cb21c94a,2026-09-28T03:55:32Z
S-lsnr7k3y,https://learn.microsoft.com/entra/identity/conditional-access/workload-identity,2026-09-28T04:47:53Z,,,,,,,"""mKeuTovR+S0nvRoY5NOXugFpNGs=""","Mon, 24 Aug 2026 13:03:54 GMT",09b6a3eb78dc8f9066a4b6a8540ac73f43feda1c,e44a13293a67f672ee755be6e4887ab4bcf85cae99e57ba1afbc3d0be68f084b,https://learn.microsoft.com/en-us/entra/identity/conditional-access/workload-identity?accept=text/markdown,304,773b34b284c87433,2026-09-28T04:47:53Z
S-lthpihsc,https://raw.githubusercontent.com/pytest-dev/pytest-xdist/v3.8.0/docs/how-to.rst,,,,,,,,"""9bf23af8c6f343427f3e5e46c29b59194bbf6235eb46d96ee6e75b7afd9579aa""",,,97dd906e8dc66fbb88ce7b33ea4ebf315bb3835bcb45813dc70d435084b87712,,200,5dbb472353dfa8b0,2026-09-28T03:47:24Z
S-ltkr37vz,https://learn.microsoft.com/en-us/openspecs/windows_protocols/ms-kile/2e5dcf34-4b51-44a0-b45a-277ed616ca39,,,,,,,,"""0SbmL/gqtI6Pdx+mUK/fSXvRORI=""","Mon, 24 Aug 2026 20:12:02 GMT",c3605e5ee61c7fcc348c3d6d006168775106f0e4,91a804da9edc2dcf3a8d431c778bd78e44bf709d79d10f7e43c1c71171cf93e3,,200,df2521fbfe095281,2026-09-28T03:55:35Z
S-lu7ablj2,https://learn.microsoft.com/intune/intune-service/apps/protect-mam-windows,2026-09-26T00:00:00Z,,,,,,,"""Cs2FBFYvl7TKv945MFjGgGLmQ7M=""","Tue, 25 Aug 2026 21:47:22 GMT",b89468cf523726d0dbf067b46b8c53858e86aa8f,d068dd74e7487bbd92d877b59484a25a0d0982b058d7097ef9c5c670a98ac804,https://learn.microsoft.com/en-us/intune/app-management/protection/enable-mam-windows?accept=text%2Fmarkdown,200,af88f86300f79da8,2026-09-28T03:55:36Z
S-luprngvc,https://learn.microsoft.com/azure/azure-monitor/data-collection/data-collection-rule-structure,2026-09-26T00:00:00Z,,,,,,,"""WbV6gE86S139R3ZYC0XeiXWoudU=""","Mon, 31 Aug 2026 17:30:20 GMT",b18c7914802033a83a3eeca99d453a62a26ede68,867a25fc929f563901c18b727debcc62f001d74349bfb6459a529e9e8e25f508,https://learn.microsoft.com/en-us/azure/azure-monitor/data-collection/data-collection-rule-structure?accept=text/markdown,200,c621b18d89013e2e,2026-09-28T03:55:37Z
S-lvqy67bp,https://learn.microsoft.com/graph/api/cloudpc-restore?view=graph-rest-1.0,2026-09-26T00:00:00Z,,,,,,,"""pEJtBc4RLqOQgKJUrNqQnwd3TII=""","Wed, 26 Aug 2026 07:41:09 GMT",08ac8dfcf73a73b9a374f0d90a1c5c28f95450cb,83e91e9d75db18e1f3ff863a9c7e30273e4670f7ad0df0819d7c83ebba415fb7,https://learn.microsoft.com/en-us/graph/api/cloudpc-restore?view=graph-rest-1.0&accept=text/markdown,200,7fdf41b9e13d1a10,2026-09-28T03:55:38Z
S-lxgocwmb,https://learn.microsoft.com/graph/sdks/batch-requests,,,,,,,,"""FiDt79f4QQcKYcktp39capISry4=""","Tue, 25 Aug 2026 05:54:27 GMT",70f4b4eecebce12fcb20dae6b2a542c5ea57b6e2,86954a3fc54b679e1b412096dc7944cfcfd5afba0561510148725285567f49ee,https://learn.microsoft.com/en-us/graph/sdks/batch-requests?accept=text/markdown,200,1b900185458574af,2026-09-28T03:55:39Z
S-ly6m2llb,https://github.com/microsoft/osconfig/releases,,,,,,,,"W/""ce7e6b7456210ce2dcfe294c31210913""",,,28867a6a2868d9a7050ac3e230b5e4c8dc22c20ad4048f61312cfea4914460b2,,200,0e982d3ba346ce66,2026-09-28T03:41:52Z
S-lydse5ww,https://learn.microsoft.com/intune/configmgr/osd/understand/task-sequence-variables,2026-09-26T00:00:00Z,,,,,,,"""sk60HHGswtb2mj3Ouk+Tevb31us=""","Tue, 01 Sep 2026 00:07:25 GMT",cfc4e1a6bb2a1f0d6f069bcc6b3d8b4d5ff0793a,7ba87bab48730efc5dcd3e48c83727e1bed51c6f7baa53a82f6801e8de6514ce,https://learn.microsoft.com/en-us/intune/configmgr/osd/understand/task-sequence-variables?accept=text/markdown,200,160008cd5b97e62c,2026-09-28T03:55:40Z
S-lylm4eqz,https://learn.microsoft.com/en-us/training/support/mcp-cli,,,,,,,,"""3ljqKHclDp1xANC+rJbHWotbU5w=""","Sat, 19 Sep 2026 11:42:51 GMT",969f3beef278d5c7066904596be4bf5e38a67c80,da0e3139b6e37ba2a04640ec1e398d7f3a87f33e95cb40db84ee633815cf3d2c,,200,ddf949957c031deb,2026-09-28T03:39:28Z
S-lz7th2mw,https://learn.microsoft.com/en-us/intune/intune-service/configuration/settings-catalog,2026-09-26T00:00:00Z,,,,,,,"""hDlh59xyAV4W8wGCDe6GTKx6kyw=""","Thu, 24 Sep 2026 01:05:47 GMT",d7d0fe53d55f70241056b9c9cfb3937d7504b5fb,d317f66265e1dc9196716da4f99b9fe916bac28d23ed7595bf587329fc359de3,https://learn.microsoft.com/en-us/intune/device-configuration/settings-catalog/?accept=text%2Fmarkdown,200,2bb2aa6c52155201,2026-09-28T03:55:42Z
S-lzhs4uhl,https://raw.githubusercontent.com/mhammond/pywin32/b312/com/win32comext/adsi/adsicon.py,,,,,,,,"""94ab7969272bfcfadf9d956333114bf8d37654c5c8b1efb2b7a4990651fab549""",,,2f1424b15198fa36a3fd30a0676d4a376ab11d71121455bd16cac70d4fbacd54,,200,e6d575ac8321c337,2026-09-28T03:47:25Z
S-lzzhbeao,https://learn.microsoft.com/en-us/windows/security/identity-protection/credential-guard/configure,,,,,,,,"""+GFblPvkvez/T2Vz/26GzKRgyQ4=""","Mon, 24 Aug 2026 04:00:12 GMT",182f9f4bb330e7e92021a4517e5abc924d3a86e2,f0a47df449c16268f6bef220bcc451ba3d9640ac81518d05d6242ef75aad587f,,200,e64b6aa64a8280cc,2026-09-28T03:55:42Z
S-m2yttazv,https://learn.microsoft.com/en-us/graph/microsoft-graph-activity-logs-overview,,,,,,,,"""uJVYYLlgrSkcsj6R67kW2WDRyEM=""","Tue, 25 Aug 2026 05:09:46 GMT",614d515415b3336481609bc3715536ba3a809db1,0137250e2acb253570ab069e31c106657cc5599badb8d9212e0580e2507d8402,,200,23829bee4d20cf21,2026-09-28T03:55:43Z
S-m3qbkeev,https://www.cisecurity.org/insights/blog/cis-benchmarks-september-2026-update,,,,,,,,,,,80e4e89ff816192720ce156b947460897db7c0f1fb36582cef375f5408634eb9,,200,1cfca187a8acdc02,2026-09-28T03:40:32Z
S-m45iz65n,https://gitlab.com/gitlab-org/gitlab/-/raw/v19.4.1-ee/app/models/member.rb,,,,,,,,"""53832bc5be978c502feb9d5dc12d417d""",,,e6485ebf8603df32fa26f25e9413e8a2428150bdbe989e41c2140ffdbc04c372,,200,de9521745020309f,2026-09-28T03:41:26Z
S-m4gimryf,https://learn.microsoft.com/azure/azure-monitor/data-collection/data-collection-rule-overview,2026-09-26T00:00:00Z,,,,,,,"""a7G+7nTRmZhfVu2HNwoo3iFDtNM=""","Tue, 22 Sep 2026 06:28:11 GMT",a2e2f0dd741847fe6a9d9af7b42e03f6f9914eff,43c9b81962e6c04db17e78efa2673834b8d2c0662f1590bef92663a7b78594c6,https://learn.microsoft.com/en-us/azure/azure-monitor/data-collection/data-collection-rule-overview?accept=text/markdown,200,ef79a917e86022a9,2026-09-28T03:55:45Z
S-m5aovwzr,https://learn.microsoft.com/en-us/intune/endpoint-analytics/adoption-score,,,,,,,,"""Urq6vJphVTwK0bXUI+F5fTz3H4I=""","Tue, 25 Aug 2026 00:54:28 GMT",ddaa1e513f05e70b71765aa39ce857c868de788d,b817ee2518822a8350a9ccb6a02a6c979a87dc18e09bcdce3f265dc8bbdf1901,,200,bebbc848686ec351,2026-09-28T03:55:46Z
S-m5inbpyi,https://learn.microsoft.com/en-us/windows-hardware/design/device-experiences/oem-bitlocker,,,,,,,,"""ZNP/BM9AHzzJ70Cns4AWvz6+G9U=""","Tue, 25 Aug 2026 18:03:48 GMT",4e6349e494eaa072433c6b9c9113a20638a32d06,159c122dbf643272b2ba193892bd2c28d033a88b07e310cc097104c87b06062e,,200,52a1034046b3d9b6,2026-09-28T03:55:47Z
S-m6dgyqa2,https://learn.microsoft.com/en-us/windows-server/identity/laps/laps-scenarios-azure-active-directory,2026-09-26T00:00:00Z,,,,,,,"""YjenUGWCRo6P/vB0eOg7MU8Dhk4=""","Wed, 26 Aug 2026 08:02:31 GMT",98227177156f8b2b7c56caf3a737f7fd437b0aba,9176edd951d90e9c41727e2043d8776b096688d4eee4204dde641d4e3d4a1fc7,,200,aaced47ee0556532,2026-09-28T03:55:48Z
S-m6mns3xp,https://msrc.microsoft.com/csaf/vex/2020/msrc_cve-2018-19665.json,,,,,,,,,,,3a605d1d2e7f5b49cabcf9d080b53ef7c3f661ab4e7c6309048f026abcdec192,,200,cee310e15d65224b,2026-09-28T03:41:05Z
S-m6tydsnh,https://learn.microsoft.com/en-us/intune/configmgr/develop/reference/core/clients/client-classes/setgloballoggingconfiguration-method-in-class-sms_client,,,,,,,,"""9MgZ++OvGzBiWsrTom2B1sYnJFI=""","Thu, 24 Sep 2026 01:13:21 GMT",2f58a01e679fc91dc8c8440846c254e1119681fd,37cf93a0c0c8858e522d710108a45133cb39b9ca81e6b8b9b34bbdec70c5da61,,200,cd6653d19ba99df9,2026-09-28T03:55:49Z
S-m6uptfmu,https://www.nist.gov/artificial-intelligence/ai-agent-standards-initiative,,,,,,,,,"Mon, 28 Sep 2026 03:02:54 GMT",,72c937341c1e0bbd627f7749cddc7854df585214fa2c24ed1e6da7d6f173d074,,200,53c9c6b4c7b927c5,2026-09-28T03:40:36Z
S-m6wsqtyu,https://learn.microsoft.com/windows/deployment/windows-autopatch/prepare/windows-autopatch-role-based-access-control,2026-09-26T00:00:00Z,,,,,,,"""h55QEJz0K1mUafnTzbX7BrsLGSc=""","Mon, 24 Aug 2026 06:58:00 GMT",893160d8004266521d38c561eda00a656540aa26,d9a30accf869bd21eb20b8825d3cfa90e5911f2df87ae9a8b51be0258c1fdf3e,https://learn.microsoft.com/en-us/windows/deployment/windows-autopatch/prepare/windows-autopatch-role-based-access-control?accept=text/markdown,200,3b02884ecab3779b,2026-09-28T03:55:50Z
S-m75y4u2y,https://learn.microsoft.com/en-us/microsoft-copilot-studio/mcp-add-components-to-agent,,,,,,,,"""8YZzO4aIt6BfI3jka5dCWMmaNUo=""","Thu, 27 Aug 2026 19:10:38 GMT",dddf595b0e6291cbe0644739b5d566e7efdcf09c,44904ebc4824721aebcd2c01a1b1aec415ad3f4f41396e6cecf8ec838b444696,,200,62e49c5881e4cb3e,2026-09-28T23:53:49Z
S-ma3wej5u,https://learn.microsoft.com/en-us/graph/throttling-limits,,,,,,,,"""IiZG9B1YXxu6BR3YeupYf+ybpcc=""","Thu, 17 Sep 2026 03:23:41 GMT",39ee1be8b4ff65d785badee6a45c4adbe3cacaf3,679b6f7a0f8ffffd77d910684c7379fe9390b6e70df25cd6cd7d31e797b45ac1,,200,025b12b8c9e5d8a9,2026-09-28T03:55:51Z
S-mambvmwl,https://raw.githubusercontent.com/dynaconf/dynaconf/455ee38569d76cd3707c73209b660cf60bd97b29/docs/validation.md,,,,,,,,"""797e858c57563e73a3828816c5a6b8d0e67cc13139ab83b25e50d720726dc2c0""",,,4fb2d1fab9c0802674939790a06c83e53f72faecc4224749b335b4deae8b9a91,,200,28b9355a942bd883,2026-09-28T03:47:26Z
S-mblcg5ds,https://github.com/fluent/fluent-bit/tree/046accf6aded7906f66a1baf0202da349e521736,,,,,,,,"W/""b8f773b8b8442f2f157b605f2354f27c""",,,03cbcd1b58202a05848f51e854686bb64af46de6ecd40b748ee1fb6499284923,,200,5afb28d9408480cc,2026-09-28T03:41:53Z
S-mbwkcgji,https://learn.microsoft.com/windows-365/enterprise/troubleshoot-windows-365-boot,,,,,,,,"""4BY2/6xxC2s5uqGiXNwNfYSHlYw=""","Thu, 27 Aug 2026 13:54:20 GMT",e286bfff377e6098817cd983e87582160f5c1b7b,c83d50cba717167baf2c886652379d1d18e663826d070d64928614248b9cb7bf,https://learn.microsoft.com/en-us/troubleshoot/windows-365/troubleshoot-windows-365-boot?accept=text%2Fmarkdown,200,4961b198e4fb0c58,2026-09-28T03:55:53Z
S-mc3u4cy5,https://raw.githubusercontent.com/PowerShell/DSC/ea572fa755dbd49fb52339043409fbd50a625600/dsc/src/server/show_dsc_resource.rs,,,,,,,,"""f43a9c343d5169609fd358e22fb360688ff861e49e7f4b5552e910947caa83ad""",,,2c32bafa0c16b72f53580ab498a8723b63d63fd658bf1a5b1f269d29da3570cb,,200,1475ecad223b192b,2026-09-28T03:47:27Z
S-mc5jjnfr,https://raw.githubusercontent.com/python-ldap/python-ldap/python-ldap-3.4.8/Doc/installing.rst,,,,,,,,"""1ae330dc17b6d768d4f6c2dfab347383a4da7a0bb34ffa1517173cfbc8abdd1f""",,,bccfc5feac08f9ba47639cd02da806b3e99ada6e0d3012a7fad65618b5142f1a,,200,b0289e334f3c9acb,2026-09-28T03:47:28Z
S-mckld2pr,https://learn.microsoft.com/en-us/intune/configmgr/core/servers/manage/external-notifications,,,,,,,,"""k82bozNI9H4kiv4kewSVSGOT+CY=""","Fri, 11 Sep 2026 05:19:21 GMT",d3432a8c0e9a1b8706eff71005a6b7ca53c35f98,f601aa398dc00d6d3ef26c44927bbda295bdd3a824a9a243dcae330bbe3d81e3,,200,412aa794da245ffa,2026-09-28T03:55:53Z
S-mcsdxl4e,https://learn.microsoft.com/defender-endpoint/live-response,2026-09-26T00:00:00Z,,,,,,,"""PtiWfZouDXW+oP+eyd8gc8x66hw=""","Wed, 26 Aug 2026 00:17:48 GMT",23d28f011533b0dde38a4f82738992a4ac8641cd,e3322dd4e664d12e310a3e6289951f425b50f4e90b4fc8e4205582ef6a3b576b,https://learn.microsoft.com/en-us/defender-endpoint/live-response?accept=text/markdown,200,2f201148eee2d8ea,2026-09-28T03:55:55Z
S-me4bxp52,https://learn.microsoft.com/azure/azure-monitor/vm/data-collection-windows-events,2026-09-26T00:00:00Z,,,,,,,"""/mR0Jqma75D4/rF8gp6sMyZgP8s=""","Tue, 25 Aug 2026 02:02:45 GMT",a6b6c75c3b6f447f64f7ec7adc52299b2a27f2f1,30ef26db692433ab96c5b809aac447fe6e9acf9026a766e4e052a1e7ec308721,https://learn.microsoft.com/en-us/azure/azure-monitor/vm/data-collection-windows-events?accept=text/markdown,200,891d1737b6806001,2026-09-28T03:55:56Z
S-meh6fmlt,https://learn.microsoft.com/copilot/security/plugin-mcp,2026-09-26T00:00:00Z,,,,,,,"""Uk4W3bkGVypSEtMWFm5MbkWw6Bs=""","Thu, 27 Aug 2026 23:45:07 GMT",e6736ded79953aafe99c9730a76cd65f0eeea99e,64e5e6e5ebe9781f3e6eea2f322b25d5b63b8145e74e69819fcec06d1920ae0a,https://learn.microsoft.com/en-us/copilot/security/plugin-mcp?accept=text/markdown,200,a52864589acb54e1,2026-09-28T03:55:57Z
S-mf3y7wxv,https://learn.microsoft.com/azure/azure-monitor/logs/set-up-logs-ingestion-api-prerequisites,,,,,,,,"""Rli1G5XKvFGFKb3r2LXviwKGG50=""","Wed, 26 Aug 2026 06:31:15 GMT",bb58fcdb451d4255b7e36e1d03a9795a3e1ed3ce,3f9c35afd30bc78b48db22278657976b87273b5c0b98271bc384c58697a75aff,https://learn.microsoft.com/en-us/azure/azure-monitor/logs/set-up-logs-ingestion-api-prerequisites?accept=text/markdown,200,d5ec62cc094d57f2,2026-09-28T03:55:58Z
S-mgri56wc,https://learn.microsoft.com/autopilot/troubleshooting-faq,2026-09-26T00:00:00Z,,,,,,,"""SkSVJKqsr8UCpczW6dygcpyTTMk=""","Mon, 24 Aug 2026 23:25:53 GMT",a00a8cab0394e3f185e6fe542bbcc478f36d80f6,1133054e069964d14427d0f55ab94c39b77d76af06c1a585dd6441ce2dd8a2fe,https://learn.microsoft.com/en-us/autopilot/troubleshooting-faq?accept=text/markdown,200,fdf8f6fc2ad1be91,2026-09-28T03:55:59Z
S-mgv7bfqe,https://raw.githubusercontent.com/pytest-dev/pytest/9.1.1/doc/en/reference/reference.rst,,,,,,,,"""113c2e9827288042639990671b6651785be99c42005ae7786b0adb99c229b4df""",,,e2bc2feb5e9a5a8e221c4a4fa519a9d0acc2ef0a6a601dc6b234f3a9f5eb521a,,200,e1b2a6185923d7a1,2026-09-28T03:47:29Z
S-mhtox7ch,https://learn.microsoft.com/intune/advanced-analytics/,2026-09-26T00:00:00Z,,,,,,,"""3FBhhlWM8j/vCuyr8Am/OSQ8gp8=""","Tue, 25 Aug 2026 00:27:35 GMT",d6622b325e51db6c120ce312514a20d1a2bd7ac5,4c5546bf494af1dbb7a9f9a556d80cd11b072417cf8d9a713987be9b056d6ecc,https://learn.microsoft.com/en-us/intune/advanced-analytics/?accept=text/markdown,200,9e81ebebb1ee21b5,2026-09-28T03:56:00Z
S-mhvboogr,https://learn.microsoft.com/agent-framework/agents/observability,2026-09-26T00:00:00Z,,,,,,,"""W/Rnmv9UJUvJAxQhyYed/gfxKDg=""","Sun, 20 Sep 2026 11:11:31 GMT",9d72534155636bb46b46cec7128817fa27a43653,1733c4cd56faa2953291ed9cab7a2a7978c0a2ac8ba365aeb1408f5023cbeaac,https://learn.microsoft.com/en-us/agent-framework/agents/observability?accept=text/markdown,200,cbbddd9a29af8293,2026-09-28T03:56:03Z
S-midck7u4,https://learn.microsoft.com/entra/id-governance/agent-id-governance-overview,2026-09-28T04:47:54Z,,,,,,,"""gNTX0PREB8SQKzZ0qxSmouR9DwM=""","Mon, 24 Aug 2026 13:19:10 GMT",30d603ebcadb7a0df72f6bc601ab11e54944eed1,8b630c70bfbb0e61519885edb41ce260b74aeca3f859c5bdde98e0510ccd821f,https://learn.microsoft.com/en-us/entra/id-governance/agent-id-governance-overview?accept=text/markdown,304,3641df0a880f6e02,2026-09-28T04:47:54Z
S-mifutdb3,https://learn.microsoft.com/entra/architecture/service-accounts-group-managed,,,,,,,,"""YzVz+BCuyLBbnMqdU98+QY273N0=""","Mon, 24 Aug 2026 22:39:51 GMT",3e7bfc8000ef8389e948449892e4ab7044ab6efc,1871a43f541b3c5e712496f766cc01f0fdba0eaeba687f72a39a1d568c779a14,https://learn.microsoft.com/en-us/entra/architecture/service-accounts-group-managed?accept=text/markdown,200,d6970467c2a9f743,2026-09-28T03:56:05Z
S-mix3xqam,https://learn.microsoft.com/azure/azure-monitor/agents/azure-monitor-agent-manage,2026-09-26T00:00:00Z,,,,,,,"""wecLdY+cDV2TiHg6k0s52ZNYuFo=""","Mon, 31 Aug 2026 18:05:04 GMT",eb87197f8d87cf23223d9c77792d7f751ce4ffd3,8d916b4ddcd610f619e4dde5265ee6e5cefead67cc6e00afcbd7de683a6a54b6,https://learn.microsoft.com/en-us/azure/azure-monitor/agents/azure-monitor-agent-manage?accept=text/markdown,200,d044e32a102b3a48,2026-09-28T03:56:06Z
S-mjxgvchf,https://modelcontextprotocol.io/specification/2026-07-28/server/prompts,2026-09-26T00:00:00Z,,,,,,,,"Mon, 28 Sep 2026 03:41:08 GMT",,6f5a924962cb9a5e5016f1f61a18456a2ba4a15e4066384130c6c46a2c09a836,,200,d977c4fd050e9798,2026-09-28T03:41:08Z
S-mld6grwd,https://learn.microsoft.com/powershell/module/bitlocker/backup-bitlockerkeyprotector,2026-09-26T00:00:00Z,,,,,,,"""/DOFFQUJt+JYKbhOh89cxFDsK4c=""","Wed, 05 Aug 2026 16:19:56 GMT",7bbbc0c2423a312fd77dd36aa4a0935b44632fd0,8afda226c5074589e1a7a64ced31d1b353af6ae3d73c73b906a243f7de0a4bc5,https://learn.microsoft.com/en-us/powershell/module/bitlocker/backup-bitlockerkeyprotector?view=windowsserver2025-ps&accept=text%2Fmarkdown,200,5665d7c1fb41910a,2026-09-28T03:56:07Z
S-mldzfsv6,https://learn.microsoft.com/intune/endpoint-analytics/work-from-anywhere,2026-09-26T00:00:00Z,,,,,,,"""TXJWkJxTFEtUwhQLYBGqTq31Cjw=""","Tue, 25 Aug 2026 00:50:37 GMT",3ecdb7650aa4f2e271263e5f5d02ad87b6236d01,f0803eb93a47b04108dd61e452786b75ea3c0da59e946b4ae5b617b2cd5e1f96,https://learn.microsoft.com/en-us/intune/endpoint-analytics/work-from-anywhere?accept=text/markdown,200,c3ec3d4852d47150,2026-09-28T03:56:08Z
S-mmshotst,https://raw.githubusercontent.com/PowerShell/DSC/aab1bcfaf11b3750cb523af4470c73e3d9f5d120/dsc/src/args.rs,2026-09-26T00:00:00Z,,,,,,,"""21200a0dbf570360a5e7ee727c6c4aa7d81720e03d7b5b05bc7fcde8e203e801""",,,24d07923cc6ae933a8e6115dade5ac177a1bbec762f7d91d5a250c0b0c1a3980,,200,80fe402d597d00a6,2026-09-28T03:47:30Z
S-mmydokhp,https://learn.microsoft.com/en-us/intune/configmgr/compliance/deploy-use/create-custom-configuration-items-for-windows-desktop-and-server-computers-managed-with-the-client,,,,,,,,"""2XPQzrvMQZ4fnTozM2dqDolO0gU=""","Sat, 29 Aug 2026 09:38:30 GMT",51052ad73287b53494fd1697c225c8e9cb7b6b42,b1b3843d0d88065130d0ae80313d4a69cdefa4dd7a1bfc512902553125483c71,,200,7d74608ce48955a5,2026-09-28T03:56:08Z
S-mn7nbj7n,https://raw.githubusercontent.com/protectai/llm-guard/168c1034ffdb33837e7ae6fd6a16b80567c1be03/docs/output_scanners/deanonymize.md,,,,,,,,"""b02b038d215ce8c15ac10d46c72c9a40c1e1ea734dbabd39a16412415945c0db""",,,672ddca437f13fd1aef33e8306cc11cd3b01d1b9b22a0aa9f68a1a37f6408d9d,,200,b8ca39d8aada05f6,2026-09-28T03:47:31Z
S-moam7wlp,https://learn.microsoft.com/en-us/windows/win32/api/gpmgmt/nf-gpmgmt-igpmgpo-backup,,,,,,,,"""T9FuLE6zCDK91ZEIXG7LSGvzaoE=""","Thu, 20 Aug 2026 05:50:25 GMT",9267262487657894a8af112d7165006fed5035a7,f71434f89b01dbd4f73faeec4dc5781baf65f7e22cbd5d0ed8a9c0ba74638041,,200,a6c8d8901db31535,2026-09-28T03:56:10Z
S-mpeiuyoe,https://raw.githubusercontent.com/python/peps/ff16962a22fdc5e2095e0cbc5c243ea76e34fb52/peps/pep-0745.rst,,,,,,,,"""25e2083caf6c06a7be536df4fced923c26ebe875af42991102f623cec3d694f4""",,,8fb98653f91efea18b6f34aeea20ede472ab25a728e464ea6df4f02385f90f72,,200,d1891f1d970c3c8b,2026-09-28T03:47:32Z
S-mrquhzdn,https://learn.microsoft.com/intune/device-security/microsoft-defender/security-settings-management,2026-09-26T00:00:00Z,,,,,,,"""zkjoytLKFvc9//GA0nYf2oxQbuA=""","Mon, 24 Aug 2026 22:58:33 GMT",5a43cdfb8ab346c09df32a0e2e7e52d3fcf1cf76,da7d4cf990b33736124875b143efbe487b2732466ec03120eb185791b8d97674,https://learn.microsoft.com/en-us/intune/device-security/microsoft-defender/security-settings-management?accept=text/markdown,200,be8ae6975287dff5,2026-09-28T03:56:11Z
S-mrrxrahv,https://learn.microsoft.com/en-us/graph/api/resources/intune-devices-manageddevice?view=graph-rest-1.0,2026-09-26T00:00:00Z,,,,,,,"""6jX2aCydgetnwpMverXFYXO9E1c=""","Tue, 25 Aug 2026 01:14:07 GMT",e8eace7fa9bfa9e7afacfe9f5dec1ba42ffd493f,d4b27c3b8e23e182c8dc77331e381883bc0b93bb0d337ebae0079df099a9c9b9,,200,e100a04c4fb66c37,2026-09-28T03:56:12Z
S-msbbtbup,https://learn.microsoft.com/intune/developer/app-sdk/android-phase-6,,,,,,,,"""URp+AfWM0fCZ2IE+bsa6/D4l+cU=""","Tue, 25 Aug 2026 02:40:38 GMT",a60f43f6f562ded6195ddd8d888335f2d8e11e73,6c104765814bf54a3acadee9e55ce0f211e438e1c388f20695138061ce76e4b5,https://learn.microsoft.com/en-us/intune/developer/app-sdk/android-phase-6?accept=text/markdown,200,86c839a03096ff33,2026-09-28T03:56:13Z
S-msz6m5qt,https://learn.microsoft.com/windows/ai/foundry-local/get-started,2026-09-26T00:00:00Z,,,,,,,"""pGBMiB3rmYhKNopnPfPN1LmDEAs=""","Tue, 22 Sep 2026 06:50:27 GMT",cc92f4d4b13f88b5cf15a694c3db4a744ea30907,b2a6016c163ae3ffa62039c0f5bfe18a9d9e5f908d7a70ca036d1faf0844b4d3,https://learn.microsoft.com/en-us/windows/ai/foundry-local/get-started?accept=text/markdown,200,e7b73ea5ee381fdd,2026-09-28T03:56:14Z
S-mt7k74n7,https://learn.microsoft.com/en-us/intune/configmgr/develop/reference/core/clients/manage/sms_g_system_collectedfile-server-wmi-class,,,,,,,,"""kS4bgqNGd7RHCwupg9qo8FGIUHY=""","Thu, 24 Sep 2026 01:01:22 GMT",2f58a01e679fc91dc8c8440846c254e1119681fd,1cf61fc085343422d5534460e8ed4db99376fec67daaab9a84badbb5b0072791,,200,964a31560f87f98d,2026-09-28T03:56:15Z
S-mti33mjr,https://learn.microsoft.com/windows/configuration/assigned-access/configure-single-app-kiosk,2026-09-26T00:00:00Z,,,,,,,"""EX68iGL7D/qNCbJjIaJtuLQONa0=""","Mon, 24 Aug 2026 03:20:39 GMT",21a9b5ee9107b563c93cd16d6b82f2ca156ac9e9,ca85f13b3dfb0db20f5b3a18c46abf333fef1aa0b921a04e37760642d621c630,https://learn.microsoft.com/en-us/windows/configuration/assigned-access/configure-single-app-kiosk?accept=text/markdown,200,cbcc6c5cb8a62501,2026-09-28T03:56:17Z
S-mtm4s4tw,https://learn.microsoft.com/intune/configmgr/sum/deploy-use/monitor-orchestration-groups,,,,,,,,"""TtAnJ7sgMv5qk1b5HXqhZRCekGU=""","Tue, 01 Sep 2026 12:23:41 GMT",063012bfda73a118b0e62b70c51b63514b26173d,c36ec2236cf3ae0423e451ca2724d0ea89b504f121a7fd1585cdf70a8e2576c1,https://learn.microsoft.com/en-us/intune/configmgr/sum/deploy-use/monitor-orchestration-groups?accept=text/markdown,200,49821b99ae6f61e1,2026-09-28T03:56:18Z
S-mubyxer3,https://learn.microsoft.com/graph/api/resources/azure-ad-auditlog-overview?view=graph-rest-1.0,2026-09-26T00:00:00Z,,,,,,,"""3pTR25XtAo8XMACy/Dc6+kIGZ6w=""","Tue, 25 Aug 2026 06:38:37 GMT",7f73c8fb2dae20435f5a2c8ffa474308543ec767,708be6c39746f25c2f3d228e5b94e6b43c8ad4806f625b732a239cc029b46bd0,https://learn.microsoft.com/en-us/graph/api/resources/azure-ad-auditlog-overview?view=graph-rest-1.0&accept=text/markdown,200,da6a7fbfd92c4dd4,2026-09-28T03:56:19Z
S-mutvll3h,https://learn.microsoft.com/graph/api/resources/subscription?view=graph-rest-1.0,2026-09-26T00:00:00Z,,,,,,,"""sPG/I+852MK7NeE9NxDsCqNldws=""","Wed, 23 Sep 2026 15:55:31 GMT",f5206c81d32907fa7153a8187d0e88796d81c38b,70ff7cc85d9ef36abf8b1c0c3a5fa68e6ba0c58a3565bab8aa09031a8c9a7fe5,https://learn.microsoft.com/en-us/graph/api/resources/subscription?view=graph-rest-1.0&accept=text/markdown,200,a4475878598c2078,2026-09-28T03:56:20Z
S-muxg36ky,https://learn.microsoft.com/en-us/entra/msal/python/advanced/msal-python-token-cache-serialization,,,,,,,,"""4IKhtLHFJ1zLAJgU575ezAJjkz4=""","Thu, 17 Sep 2026 10:29:05 GMT",ea123515e3f8aab4d6db92f2b110f0eb8474953c,a4ee72428a345bf0360a39ff231346fea7b284714881a5b31ec840188f03aeb8,,200,f8c5f00881b07cf0,2026-09-28T03:56:21Z
S-mv4k22q6,https://raw.githubusercontent.com/PowerShell/DSC/ea572fa755dbd49fb52339043409fbd50a625600/dsc/src/server/mcp_server.rs,,,,,,,,"""0a97d752cfe578db3472339b5460e35c61e577b4f9579c4213f0fccdac97a707""",,,4224b5ab5ea69ee35a802c527881c4de9adb19eb08f76609105c4ca7afd2b22c,,200,bed2f0e99fb4790f,2026-09-28T03:47:34Z
S-mw5epkyz,https://learn.microsoft.com/azure/ai-foundry/openai/how-to/network,2026-09-26T00:00:00Z,,,,,,,"""y3N9+xUXBIIKoPxKqA7DQwvIwzc=""","Mon, 24 Aug 2026 06:02:19 GMT",777f84fbedeb0995f4fdea6c65bee2f2a4af1657,2d93ce8f1579eb917b40ec8fcf7447e1cd7ca9c3e7667adfaf2697936e2ab7f1,https://learn.microsoft.com/en-us/azure/foundry-classic/openai/how-to/network?accept=text%2Fmarkdown,200,5b52c61126977ed2,2026-09-28T03:56:22Z
S-mx6w5ffh,https://learn.microsoft.com/graph/api/resources/security-automatedaction?view=graph-rest-beta,,,,,,,,"""IsigoOTGKmI0ihM6SaoiitITNcY=""","Tue, 25 Aug 2026 10:25:13 GMT",7c311b4d10a84f280ab13de588c715370d5008bb,853c0d59685ff0ba5ac4c1aa6c4ad7dbc1524e01815d9f71f9adead6edfe1137,https://learn.microsoft.com/en-us/graph/api/resources/security-automatedaction?view=graph-rest-beta&accept=text/markdown,200,4ea8b0805a994585,2026-09-28T03:56:24Z
S-mxlwzhw5,https://learn.microsoft.com/en-us/defender-endpoint/microsoft-defender-passive-mode,2026-09-26T00:00:00Z,,,,,,,"""BaQ/r0lHqBBL4mT4wpldh8KX8QQ=""","Mon, 24 Aug 2026 09:28:24 GMT",e5e024df2189c2f05c8a7a66f60fff59a0c0bfd8,29c3a92b3d693df8ea631d72e0350be564a3d019a717baf1b6cfd2d665aa04da,,200,28a8ce30cfd58fec,2026-09-28T03:56:25Z
S-my7mtswb,https://raw.githubusercontent.com/astral-sh/ruff/0.16.9/crates/ruff_linter/src/codes.rs,,,,,,,,"""14a11c523c8e0e5dadcece8c97af375a72408bacf2c8a696403b24262532e243""",,,1dc9c0716c4ab430618ff77d1d42adf67d9de78853501ccd3aae7d457f2bb8f3,,200,89141c881fe5e52e,2026-09-28T03:47:35Z
S-n25n5lgu,https://learn.microsoft.com/intune/configmgr/sum/deploy-use/orchestration-groups,2026-09-26T00:00:00Z,,,,,,,"""lTcZp3rzZZKPCSNVERk5L9LpRow=""","Wed, 26 Aug 2026 00:44:59 GMT",063012bfda73a118b0e62b70c51b63514b26173d,f04ea46c64aadb6565a2fdf82fa2028419d8a3452282591a90d95006958259da,https://learn.microsoft.com/en-us/intune/configmgr/sum/deploy-use/orchestration-groups?accept=text/markdown,200,1a21d193e9426163,2026-09-28T03:56:26Z
S-n2kx46hd,https://support.microsoft.com/en-us/topic/smart-app-control-frequently-asked-questions-285ea03d-fa88-4d56-882e-6698afdb7003,,,,,,,,,,,c29acbca462b4793e13e2d8a0b15cbc6ae295860dda7ea908e08dd0d897e3ca1,https://support.microsoft.com/en-us/windows/security/threat-malware-protection/smart-app-control-frequently-asked-questions,200,ad00baae33e6be62,2026-09-28T03:40:20Z
S-n2n6jxit,https://learn.microsoft.com/intune/configmgr/osd/deploy-use/create-a-task-sequence-for-non-operating-system-deployments,,,,,,,,"""w0sE1GYixmO7/64gNEabJwSwuV0=""","Thu, 10 Sep 2026 00:32:37 GMT",cfc4e1a6bb2a1f0d6f069bcc6b3d8b4d5ff0793a,cb2c16a1ad8afc03726402a0ae1427525c9531113576908757a1f89e3366b9b2,https://learn.microsoft.com/en-us/intune/configmgr/osd/deploy-use/create-a-task-sequence-for-non-operating-system-deployments?accept=text/markdown,200,50a4fb7fafe8ae30,2026-09-28T03:56:28Z
S-n3hgvxzn,https://learn.microsoft.com/windows-365/enterprise/windows-365-boot-physical-device-requirements,2026-09-26T00:00:00Z,,,,,,,"""kHJEnTkGmmKjp5fIB6QKDbIYcUU=""","Thu, 27 Aug 2026 13:53:23 GMT",399aa83ac598a94b4ded77d144b4223a9796ea8b,053af84471bb1c8056a2094655dec8eb42746d65b4a4ed4b7d1a3914c43361ff,https://learn.microsoft.com/en-us/windows-365/enterprise/windows-365-boot-physical-device-requirements?accept=text/markdown,200,3da2a9813c63c45a,2026-09-28T03:56:29Z
S-n4ns4gdd,https://web.mit.edu/kerberos/krb5-latest/doc/basic/keytab_def.html,,,,,,,,"""26ef-6498f83951340""","Thu, 29 Jan 2026 23:49:57 GMT",,ce7a9b2231a2225687ee0744ff7f7ea8db1dad9d72beda236822e02440504be6,,200,d9ad47064cd5dc67,2026-09-28T03:41:12Z
S-n5j76cvh,https://learn.microsoft.com/graph/api/resources/cloudpcprovisioningpolicy?view=graph-rest-1.0,2026-09-26T00:00:00Z,,,,,,,"""iEEwReUHuwQx3RWjoI3XZEh08lQ=""","Wed, 26 Aug 2026 00:16:48 GMT",e8eace7fa9bfa9e7afacfe9f5dec1ba42ffd493f,fed73da003995efe2a59d89a64e61f65106a5e262e77f32bdbb641efe67fe279,https://learn.microsoft.com/en-us/graph/api/resources/cloudpcprovisioningpolicy?view=graph-rest-1.0&accept=text/markdown,200,a388a59119204080,2026-09-28T03:56:30Z
S-n5myb3fn,https://code.claude.com/docs/en/plugins/overview,2026-09-26T00:00:00Z,,,,,,,,"Mon, 28 Sep 2026 03:41:18 GMT",,282faec196d8d248dc849b5b6ef650fdf7086cfee3fa645ae2338250b7bde500,,200,fdea854487aec392,2026-09-28T03:41:18Z
S-n5ozkko3,https://learn.microsoft.com/intune/cloud-pki/audit-logs,,,,,,,,"""CUIan2r94qXwEN2pLFPg+dfXIqE=""","Tue, 25 Aug 2026 16:03:50 GMT",3948dcbae4925709d6eb3ac4ec552dd616bb9e31,1afd12610513b273c77537b91655c913dc6c972e8bc493f9fd5832124022ff2e,https://learn.microsoft.com/en-us/intune/cloud-pki/audit-logs?accept=text/markdown,200,bc14e6eae1e15919,2026-09-28T03:56:31Z
S-n6x3ci6g,https://learn.microsoft.com/en-us/entra/identity/users/groups-troubleshooting,,,,,,,,"""+1VjrtWpDwKZ/kcWAYlXxLXkRLQ=""","Mon, 24 Aug 2026 16:08:03 GMT",447610f643bf4a6975d8de1cc7c102e76b76fe1f,7fbdea08655f53c901ae16a1d1ace4ffbac9c3a10340c80fed8af54313fb738b,,200,d0af835d68dd694b,2026-09-28T03:56:32Z
S-n7obrzja,https://github.com/microsoft/MSRC-Microsoft-Security-Updates-API,2026-09-26T00:00:00Z,,,,,,,"W/""535f45bf74fae55f3a696a9b37f684c9""",,,51c47bfc61d70c92f1c6490dbe44ff500838d5348cbf2e393e82a1642f9e1e7a,,200,2daf1fb16345eb14,2026-09-28T03:41:54Z
S-n7sr56za,https://learn.microsoft.com/en-us/autopilot/windows-autopilot-reset,2026-09-26T00:00:00Z,,,,,,,"""i3LzomMWTjB1vFF0p0MebeX4O7M=""","Mon, 24 Aug 2026 23:22:53 GMT",7328cf31fc7051783f9fdb12250a44d8d227fa1a,871a9daa3292f6114a475a1ab827784447f0b0c9a00e72949763d15de8e6a48f,,200,7e5b81dc31484081,2026-09-28T03:56:33Z
S-nchhrpes,https://raw.githubusercontent.com/PowerShell/DSC/9c60d043f0c018f3026feee481cb6402100f4331/dsc/src/server/show_dsc_schema.rs,,,,,,,,"""be640b434f3ae19d16b44c28738a0ab9ae394d3a6265db41129189d9bcd06baa""",,,654662ad224e9a34e3de05f26178ae5ebe3a1e2107c81bf11943f5147cf5287b,,200,1d70248c3a0e0cab,2026-09-28T03:47:36Z
S-nd4cmnsq,https://learn.microsoft.com/azure/update-manager/configure-wu-agent,2026-09-26T00:00:00Z,,,,,,,"""tmuUN/P9LrwkTQUiVKnd7IIMU5Y=""","Thu, 24 Sep 2026 14:28:09 GMT",524e07c02a94f1f9fbb5cc7404058f2fff3c44b1,6b386c168533660d549f514df247fcafe2d2e781e35577959c41df7858ebc50c,https://learn.microsoft.com/en-us/azure/update-manager/configure-wu-agent?accept=text/markdown,200,f6ceabc7e0815702,2026-09-28T03:56:35Z
S-nejxr76b,https://learn.microsoft.com/en-us/intune/configmgr/core/plan-design/changes/whats-new-in-version-2207,,,,,,,,"""o826R/LGoSPVBtUWnMeMrzCWpwc=""","Wed, 02 Sep 2026 07:37:42 GMT",d3432a8c0e9a1b8706eff71005a6b7ca53c35f98,85e716fca4174944b6f84efbf8504c744ba00e7e24e9a94d7561f81387509de2,,200,af0af12b85707110,2026-09-28T03:56:36Z
S-net4uvqm,https://learn.microsoft.com/en-us/azure/search/vector-search-integrated-vectorization,2026-09-26T00:00:00Z,,,,,,,"""fqPIQZd3zoTjaY5vJ88lANQ5nGc=""","Thu, 17 Sep 2026 22:33:59 GMT",e32619813967031c78ccdc8676b867ff0f7962a5,7ba4708f9e376db811bdb5fb3bc86a79cd28e795f244805532151c7ec0114e4d,,200,dbffd49c75f0f015,2026-09-28T03:56:37Z
S-nevhri3m,https://learn.microsoft.com/en-us/azure/azure-arc/servers/manage-agent-proxy-settings,2026-09-26T00:00:00Z,,,,,,,"""yaXfXmr7WM563MQtXF4PPRv4D3M=""","Fri, 25 Sep 2026 23:00:02 GMT",75e46025071a271c24ac58114b42108b9916872c,cce0f98fcb61ed87243ba7c6fc5233444cac1c11705bdf4eb8ab3cdf90271f63,,200,f4ce64dc0d763f54,2026-09-28T03:56:38Z
S-ng5lgn3p,https://raw.githubusercontent.com/pytest-dev/pytest-xdist/v3.8.0/docs/known-limitations.rst,,,,,,,,"""ee1021e3386ff270edf5b19c8b2d868b3b13386cf9ea929a95588235a239c8ab""",,,2e1cc38fa832884405467f44c1fbae1ffa3b93995acf53c0f1396baae24fb673,,200,f731518a2fe00ece,2026-09-28T03:47:37Z
S-ngcvmu22,https://learn.microsoft.com/graph/api/intune-mam-targetedmanagedappconfiguration-create?view=graph-rest-1.0,,,,,,,,"""bjwDA4pcpguU+Jc3LFdypWiLCzg=""","Fri, 04 Sep 2026 01:56:15 GMT",c5bdea5b2d849451be9b260f1f9bbf3d27997198,83570db34b3a88f13046e02c378aed339b293784e078c05817fcd47a56d751ef,https://learn.microsoft.com/en-us/graph/api/intune-mam-targetedmanagedappconfiguration-create?view=graph-rest-1.0&accept=text/markdown,200,e18e588854cde02a,2026-09-28T03:56:39Z
S-nghojxuy,https://learn.microsoft.com/agent-framework/integrations/by-component/ui/devui/tracing,,,,,,,,"""8aE6Nzq8YvqcwRSgD69d/LNkLOg=""","Wed, 26 Aug 2026 01:36:23 GMT",7cb3ad1a2e43d97cd183d59d65befaa3b8d438d8,d3cb8a9ea3a526cb11f8ec38ab867366a21309d43442e69eaf4b44de5c5c57e4,https://learn.microsoft.com/en-us/agent-framework/integrations/by-component/ui/devui/tracing?accept=text/markdown,200,1bb6ae1518ad231e,2026-09-28T03:56:40Z
S-nhcfnxec,https://github.com/microsoftgraph/microsoft-graph-docs-contrib/tree/4ad99fd37a9e2e8538275a0a9cdff7907052f3ec/api-reference/v1.0,,,,,,,,"W/""bd258f31cb51d19a732b2b44ec12c9c1""",,,9aa62aac62bd99a6a62e5114788cde4d126e167ce78179d1864853cc78c37c18,,200,4c2932e981520004,2026-09-28T03:41:55Z
S-nibv7ci5,https://learn.microsoft.com/en-us/azure/governance/machine-configuration/whats-new/psdsc-in-machine-configuration,2026-09-26T00:00:00Z,,,,,,,"""MxCdL7CygDwSds8QI6BIePM3l+Q=""","Tue, 25 Aug 2026 05:55:41 GMT",e90c278a36409771c083149cc33e9fb257cee7f7,a1afdde741c2a49769b33d04c2e92ba7d2f9c9813e145dca81e77f5cb2d48178,,200,d496f4b33f3065e3,2026-09-28T03:56:41Z
S-nii4m3o2,https://learn.microsoft.com/en-us/defender-endpoint/api/exposed-apis-create-app-webapp,,,,,,,,"""is2VNEZtaoBhL/aw2hkDJz+s/xs=""","Mon, 24 Aug 2026 07:48:38 GMT",981941e3a8c150fc0bd32d6bcfd5ca5d4d22fd50,9deff58a7e44f14df4d8d78dba83b9cf520561e4038d2f19174ccbef81559d25,,200,ab06df27b538173c,2026-09-28T03:56:42Z
S-nijzofsq,https://developer.hashicorp.com/vault/docs/audit,,,,,,,,"""plef2yyidh5xhm""",,,247596345045413aba3ec45dff2abdb709243d7c7ddecd8f6bbab8ed53bdd1b5,,200,d8fc780b4d20d6d3,2026-09-28T03:41:02Z
S-niqtbnmc,https://raw.githubusercontent.com/adbar/trafilatura/v2.2.0/README.md,,,,,,,,"""46a3d3bb894466164b80dbbc5aeb7fbf5576b0443824e37fa84062f9f199ddcd""",,,0a6768ed54708e2806bd3fb756740ece22cd229ed8690f3f83e5a18ebcd24a9d,,200,3844c87b47562528,2026-09-28T04:05:46Z
S-nizafwvn,https://learn.microsoft.com/intune/copilot/agents/device-offboarding-agent,,,,,,,,"""rwf2J8SO3FsfXtdDsfP5A0zcRwo=""","Tue, 25 Aug 2026 04:03:25 GMT",a60f43f6f562ded6195ddd8d888335f2d8e11e73,5f65d654f619b56ce9f516a9518fec285207a69ad20d42e35f6ead9fdeb9cbe7,https://learn.microsoft.com/en-us/intune/copilot/agents/device-offboarding-agent?accept=text/markdown,200,0474149833f5aa45,2026-09-28T03:56:45Z
S-nkhgboup,https://github.com/microsoft/osconfig/tree/82a54b9e9c85b6bb48cbb0bd34345ec03480e5d7/docs/resources/windows,,,,,,,,"W/""ef81824aece42a76495f37f4bd5a2e69""",,,834d4ed00d464bc4e9bec84c7caf5977ff85ff749c6db9beba80ec2334df8b9b,,200,0d8e368a84bac008,2026-09-28T03:41:56Z
S-nl7th7fi,https://learn.microsoft.com/windows-server/identity/ad-ds/manage/understand-default-user-accounts,2026-09-26T00:00:00Z,,,,,,,"""CcZFvh3GPH4b/3rRf24GXtq00CE=""","Wed, 26 Aug 2026 02:17:48 GMT",ef9afdb74d7e649d54aeaf104efe28dcd857ff2f,2e4876720f9f134594392a933487b9749afec5307e157ec57742e8a64b9a2421,https://learn.microsoft.com/en-us/windows-server/identity/ad-ds/manage/understand-default-user-accounts?accept=text/markdown,200,e8a2253e1bccd4ea,2026-09-28T03:56:45Z
S-nmejqpqf,https://raw.githubusercontent.com/microsoftgraph/microsoft-graph-docs-contrib/4ad99fd37a9e2e8538275a0a9cdff7907052f3ec/api-reference/v1.0/api/configurationmonitoringresult-get.md,,,,,,,,"""7faff62de4de80562da38ac88f00521fed4f2466ded2e24209389c082f54b16e""",,,ad5ca6e6bdd75bf5da6f918dbbcaa60723056799293dbea6c1b855507b2e1222,,200,0f2bd02a68d95d49,2026-09-28T03:47:38Z
S-nmfqbv57,https://learn.microsoft.com/intune/configmgr/osd/understand/using-task-sequence-variables,2026-09-26T00:00:00Z,,,,,,,"""08T4HJIVHCwWG04+wEvg2epteEU=""","Wed, 02 Sep 2026 08:55:03 GMT",cfc4e1a6bb2a1f0d6f069bcc6b3d8b4d5ff0793a,d4886bb7ed285d14630426b414314751deef3e1f38e295ba51eff59c184670f9,https://learn.microsoft.com/en-us/intune/configmgr/osd/understand/using-task-sequence-variables?accept=text/markdown,200,7e516c5cc2869b90,2026-09-28T03:56:46Z
S-nmxo2lu7,https://learn.microsoft.com/microsoft-365/copilot/extensibility/cost-considerations,2026-09-26T00:00:00Z,,,,,,,"""nDV/Firqi5lygmjm2jaPzHO2KSY=""","Mon, 31 Aug 2026 20:24:07 GMT",0321a12a827ad490e8ecc62787bf48f85f8a1f44,a04e771e633efc3a7ff3c3e128398d44b18b0f549ad00e5554c078dd5a4c515a,https://learn.microsoft.com/en-us/microsoft-365/copilot/extensibility/cost-considerations?accept=text/markdown,200,2e2c7361aee1393f,2026-09-28T03:56:48Z
S-nnzeoxyh,https://docs.stackstorm.com/rbac.html,,,,,,,,,"Wed, 28 Jan 2026 08:34:24 GMT",,158c13f13aa326da708ba53f038dad266fc852d63d578e67fe3e4ec4fd8d17b1,,200,7630e2420bc2e6b6,2026-09-28T03:41:13Z
S-no67bvqx,https://learn.microsoft.com/copilot/security/authentication,2026-09-26T00:00:00Z,,,,,,,"""ovByVkfP4Y64RuhxKm1JM+/MheE=""","Fri, 28 Aug 2026 00:25:42 GMT",03fa967ffddebe627db92e06c3afd85b154bc925,f84c42e16c19e9cf777d40759f139277dd72e5a1389097fb0714051fb886a822,https://learn.microsoft.com/en-us/copilot/security/authentication?accept=text/markdown,200,70795d548ba76222,2026-09-28T03:56:49Z
S-nofzkxdn,https://learn.microsoft.com/azure/azure-arc/servers/manage-agent,2026-09-26T00:00:00Z,,,,,,,"""ckPUocdbfREqi77N0heK7ywRNdc=""","Tue, 08 Sep 2026 20:37:42 GMT",3b5de0e9f406a871ce784463b0b7cea7239d88fe,86ebc0a6e081b65c9121bc2a38ef4af0f7c6f4d9d0bf57173b65a9c21a5b0f10,https://learn.microsoft.com/en-us/azure/azure-arc/servers/manage-agent?accept=text/markdown,200,961d16a39134fe46,2026-09-28T03:56:50Z
S-npedejwn,https://pypi.org/pypi/cryptography/50.0.1/json,,,,,,,,"""aowGlWw9VFnReh+Ib7D3Eg""",,,22adf46521f3540e7a7f8c456699de21c8a8c58cd4b1cc807ecba1fcc1aa71c4,,200,5a932529bff239c7,2026-09-28T03:40:19Z
S-npnkw4t2,https://raw.githubusercontent.com/python/cpython/v3.14.7/Doc/library/shlex.rst,,,,,,,,"""3579a8fa8856d69506e5aeda915aa691e183a2f112f883424c7d6c1517668f32""",,,819c6e6fab583c8d30e32950591ed1fda2b552cebcbfadc5d1619e3e35ea03b0,,200,baceae2d0003a977,2026-10-08T00:44:56Z
S-nqy6npap,https://privacy.claude.com/en/articles/7996866-how-long-do-you-store-my-organization-s-data,,,,,,,,,,,1ed2e74c2e2e0b7887b8f99089772c3b9ff6d8426d45b537bc6e18883dd0cd42,,200,12430af2d0d48a81,2026-09-28T03:41:06Z
S-nt2bmgtl,https://learn.microsoft.com/en-us/connectors/custom-connectors/,,,,,,,,"""Z7OYWvfFUsChmqoJ65Ua2dTCT98=""","Thu, 27 Aug 2026 19:27:48 GMT",a937f5837cf28e7737032099b528b11f1cd10837,0dfda950c99eaf615857c8dbd1d7268999c5dd45e076c4aafe43d5ca44d64ae6,,200,fef967e5e0b7e2b1,2026-09-28T23:53:50Z
S-ntbllsvy,https://raw.githubusercontent.com/python/cpython/v3.14.7/Doc/library/functions.rst,,,,,,,,"""3dede0ca92eab831465489fdd34b8854161acc05bfc849c383a2887255752cfa""",,,aac2fe48aa3960595e817009e011103b23128e882c2e7c917f0f351857468f4c,,200,c3e7bd7980bb1768,2026-09-28T06:04:37Z
S-ntllah3f,https://raw.githubusercontent.com/astral-sh/ruff/0.16.9/crates/ruff_workspace/src/pyproject.rs,,,,,,,,"""7dd68739e97889c2722e3077711eed0705c8e168bc399d43026d0f8d1efc1ad7""",,,9d9ef9516edf7b2c3f3b1eb3d3b79283cb90f7be87cef803f43983e09ace6821,,200,c1139c82f761046b,2026-09-28T03:47:39Z
S-nuh4ep7w,https://learn.microsoft.com/graph/api/resources/conditionalaccessgrantcontrols?view=graph-rest-1.0,2026-09-28T04:47:55Z,,,,,,,"""27dfT/OMY8We4aJElNBnnhFnBrg=""","Tue, 25 Aug 2026 00:45:11 GMT",6561f585e1a527733c72797a54e63839a6e7d5dd,49f8ae4a61872c0e969cea6685befd5801690bff8fd0462ce740d3d792c9bd52,https://learn.microsoft.com/en-us/graph/api/resources/conditionalaccessgrantcontrols?view=graph-rest-1.0&accept=text/markdown,304,cb0ff3dc37a95090,2026-09-28T04:47:55Z
S-nvad3j6y,https://learn.microsoft.com/intune/fundamentals/platform-guide-linux,2026-09-26T00:00:00Z,,,,,,,"""u8yHYEYazKLQUw+snDLJ7FL9VfU=""","Tue, 25 Aug 2026 00:05:07 GMT",a60f43f6f562ded6195ddd8d888335f2d8e11e73,a028ab700339ca57f2dde21a19ea433634ed1c776a20d166774d4a583b2d8101,https://learn.microsoft.com/en-us/intune/fundamentals/platform-guide-linux?accept=text/markdown,200,ca4e270cb8af1111,2026-09-28T03:56:52Z
S-nvdbj7bz,https://raw.githubusercontent.com/protectai/llm-guard/168c1034ffdb33837e7ae6fd6a16b80567c1be03/docs/input_scanners/anonymize.md,,,,,,,,"""02687c5efe4f680e5a415f117d9df6264828d77b409761941459d380626eb6ff""",,,aa80d7f9dd55b1775c8e3bcc7392bfdc1468183458c4205ded09c9c715f3cbe0,,200,9630b2a2b047c254,2026-09-28T03:47:40Z
S-nwf5cf5q,https://learn.microsoft.com/graph/api/resources/intune-devices-userexperienceanalyticsanomaly?view=graph-rest-beta,2026-09-26T00:00:00Z,,,,,,,"""KoqyPGu7kUFFKpG1Ikc42xyqV/g=""","Tue, 25 Aug 2026 00:53:16 GMT",0b52ae19972cd7e12cd0217dfb7ea043fad86019,6b693b8b07684a37482bae03624223b071c4173a1525609a95193de6f38ae0c4,https://learn.microsoft.com/en-us/graph/api/resources/intune-devices-userexperienceanalyticsanomaly?view=graph-rest-beta&accept=text/markdown,200,43aa2e007da5401e,2026-09-28T03:56:53Z
S-nxcrbrj4,https://learn.microsoft.com/intune/device-updates/windows/update-rings,2026-09-26T00:00:00Z,,,,,,,"""kad7aFLIhq/Bs24i12VPNJ/sWUE=""","Mon, 24 Aug 2026 22:39:20 GMT",8fc35ccd02eee458dd0759b2199a819235e09924,0bf5878cfb6234413c864b69ae3a8d06fe0886a8f49fbdc5f71a9a312907e519,https://learn.microsoft.com/en-us/intune/device-updates/windows/manage-update-rings?accept=text%2Fmarkdown,200,b0e6d99cb0fd4661,2026-09-28T03:56:55Z
S-nxjyvkmx,https://learn.microsoft.com/intune/device-management/actions/collect-diagnostics,2026-09-26T00:00:00Z,,,,,,,"""jULyJMEX9fqWnu3yutEr3945VNk=""","Mon, 24 Aug 2026 22:46:23 GMT",d65c9764fbb452a45e8df42784c2d79ceb862d93,2755c78d55265bf9ee657c80ae5c00279fe88064efda1de09606f3c0bcd76fc7,https://learn.microsoft.com/en-us/intune/device-management/actions/collect-diagnostics?accept=text/markdown,200,2b4d2ad50252cf3e,2026-09-28T03:56:56Z
S-nyhpa4pp,https://learn.microsoft.com/graph/api/resources/synchronization-synchronizationjob?view=graph-rest-1.0,2026-09-28T04:47:58Z,,,,,,,"""Zb2uBzZOahe3UFPdqyBXyuH/z6o=""","Tue, 25 Aug 2026 19:45:31 GMT",9598b2270586b035db801cc85f47ccc08bccb0f9,a83da9b6e90bb3c4bb67e8320aacac5d0172210a644e0cdef2bd3952c604684f,https://learn.microsoft.com/en-us/graph/api/resources/synchronization-synchronizationjob?view=graph-rest-1.0&accept=text/markdown,304,6a4a294cd8786cc8,2026-09-28T04:47:58Z
S-nyw5rvsw,https://learn.microsoft.com/azure/azure-arc/servers/cloud-native/patch-management,2026-09-26T00:00:00Z,,,,,,,"""eHfu2zoXADiYXmqBYKR0cPfuM5k=""","Wed, 26 Aug 2026 18:19:46 GMT",03ceecb368b9dd4540ba01b2d2a85f2a92325947,20aa6b683d270249a8c8ec4b52b766a59c389a75792c1b72caa793ce746d5c48,https://learn.microsoft.com/en-us/azure/azure-arc/servers/cloud-native/patch-management?accept=text/markdown,200,e8f99cc30d2a3504,2026-09-28T03:56:58Z
S-nzqme6xu,https://digital-strategy.ec.europa.eu/en/policies/nis2-directive-poland,,,,,,,,"W/""1790566836-gzip""","Mon, 28 Sep 2026 03:40:36 GMT",,ae19215f16f4860b636bb7f5f7349f20325c52664234a31c036099097841411b,,200,01a83e433143a1bf,2026-09-28T03:40:36Z
S-nztel442,https://learn.microsoft.com/microsoft-365/copilot/extensibility/declarative-agent-manifest-1.3,2026-09-26T00:00:00Z,,,,,,,"""mL1VYODRgPqSMwDp7pt2pzkXVo4=""","Tue, 01 Sep 2026 15:06:46 GMT",3fdb7962b1c36080f62a904d32326036656ee532,c812e05210734bd3b8c7785616d333d39a9e7db3d7367cfda2a648fe450a3346,https://learn.microsoft.com/en-us/microsoft-365/copilot/extensibility/declarative-agent-manifest-1.3?accept=text/markdown,200,668f5aae1b071a31,2026-09-28T03:56:59Z
S-nzxr4eg2,https://learn.microsoft.com/graph/api/resources/agentidentityblueprint?view=graph-rest-1.0,2026-09-28T04:47:58Z,,,,,,,"""5iG2uvWvhw2nxmRwV4fdjX4k/lM=""","Tue, 25 Aug 2026 02:51:29 GMT",afcaae0bf9efcc1d2f2087bc84f18cda076603bf,4d10840162dd3027dd456f65c90b15f94426f74838a9810b0c779a42c6905d12,https://learn.microsoft.com/en-us/graph/api/resources/agentidentityblueprint?view=graph-rest-1.0&accept=text/markdown,304,bc9a32faa2445a03,2026-09-28T04:47:58Z
S-o3cdlg27,https://learn.microsoft.com/windows/win32/winrm/installation-and-configuration-for-windows-remote-management,2026-09-26T00:00:00Z,,,,,,,"""/svBb9IfwX1DUHIdTrJUn+Pot88=""","Thu, 27 Aug 2026 02:54:57 GMT",507a22a91fcf25229ff86cd59fe816a662abe42f,aaee6decd746811a6d3cb6f3c58ce52c461610b26c38917fa881f48da06efbec,https://learn.microsoft.com/en-us/windows/win32/winrm/installation-and-configuration-for-windows-remote-management?accept=text/markdown,200,fd10e0ee62139d6c,2026-09-28T03:57:01Z
S-o3fvldqn,https://learn.microsoft.com/en-us/graph/api/intune-deviceconfig-windows10compliancepolicy-create,2026-09-26T00:00:00Z,,,,,,,"""5PtGmVdeTJ1SVPHmqJYYoZKHtNA=""","Tue, 25 Aug 2026 14:42:15 GMT",e8eace7fa9bfa9e7afacfe9f5dec1ba42ffd493f,91b5f417d96640a731b24116a202eadf2b1fd6fbf5ddf4b352c038442f944d43,,200,b1858504f0cc2001,2026-09-28T03:57:02Z
S-o3v6ozch,https://code.claude.com/docs/en/best-practices.md,,,,,,,,,"Mon, 28 Sep 2026 05:19:11 GMT",,91c241a0f57190eaa18009185bf4958a7f5293d74c5ece7df1216be356366bd6,,200,bda5b9554e8bcc14,2026-09-28T05:19:11Z
S-o4jltpni,https://learn.microsoft.com/en-us/entra/identity-platform/scenario-desktop-acquire-token-integrated-windows-authentication,,,,,,,,"""BS+HufSV29vj5vfMxD9bdkMwmX4=""","Mon, 31 Aug 2026 15:31:39 GMT",a4be4ac419c4e857b1c4de7dee22c9f7e0c750f9,669caea8357634642cadbc1160c5139947afd0c207b5b343fb3d02c5b4650255,,200,bc010604b363c3fa,2026-09-28T03:57:03Z
S-o6f7ibqo,https://learn.microsoft.com/en-us/intune/configmgr/develop/adminservice/overview,,,,,,,,"""NQ7muYxOe4xV11XDBruftVQgKys=""","Fri, 28 Aug 2026 15:37:16 GMT",2f58a01e679fc91dc8c8440846c254e1119681fd,8c0c1b173dc37700158277b2e563c0ee37190e8ba05fdf3bedc6376ec8f91283,,200,a7b73a1aee3752d4,2026-09-28T03:57:04Z
S-o6hwt2kg,https://api.first.org/,,,,,,,,,"Fri, 25 Sep 2026 20:30:25 GMT",,e12d5ab0091268651b1391cdf61ee471f7a995b47885a7b94e59975df6d4701f,,200,0ef8953c39a56c11,2026-09-28T03:41:07Z
S-o6zrfc26,https://learn.microsoft.com/intune/configmgr/sum/get-started/synchronize-software-updates,2026-09-26T00:00:00Z,,,,,,,"""r/xCcVftMl4srNsW3mLjIymM75E=""","Fri, 28 Aug 2026 14:00:19 GMT",063012bfda73a118b0e62b70c51b63514b26173d,438b805013d4c0c9d7b5ae17f9f0d42fd69fdecf58c41687db6c2b642b6ca741,https://learn.microsoft.com/en-us/intune/configmgr/sum/get-started/synchronize-software-updates?accept=text/markdown,200,40ff18f3b6b9f879,2026-09-28T03:57:06Z
S-o76pzpoe,https://learn.microsoft.com/defender-endpoint/api/collect-investigation-package,2026-09-26T00:00:00Z,,,,,,,"""NDn3v19ViU6XRGJ1DtminllunEg=""","Mon, 24 Aug 2026 12:52:43 GMT",e5e024df2189c2f05c8a7a66f60fff59a0c0bfd8,75f6970a1958ff22fa16fb13b462a390c5799767fd809281de367f9e8938d765,https://learn.microsoft.com/en-us/defender-endpoint/api/collect-investigation-package?accept=text/markdown,200,a3454e08d1dda608,2026-09-28T03:57:07Z
S-oacfa6ee,https://learn.microsoft.com/en-us/azure/azure-arc/servers/security-data-privacy,2026-09-26T00:00:00Z,,,,,,,"""HGxgAVWyPW32/0fxVzQMBu3TfS0=""","Tue, 25 Aug 2026 02:54:49 GMT",b51a87160b5af3db0df94062ca00b9764cfe6802,655d50859c2799a75b21a9c085834ded7ccf0dc0543c8c23edde653d4e836cb0,,200,aec579f5d8adc6b7,2026-09-28T03:57:08Z
S-oartdvpr,https://learn.microsoft.com/windows/security/application-security/application-control/app-control-for-business/deployment/deploy-appcontrol-policies-using-intune,2026-09-26T00:00:00Z,,,,,,,"""fF2VLyLvFJKC78dncNMwjT750hM=""","Mon, 24 Aug 2026 03:15:56 GMT",f9d16c6b2ab04977aa72359624f5c7d957367a31,c24014f9a58eb7f2096658c876ef389f4c2a77e8748f5ba4c8a72f2e9973c482,https://learn.microsoft.com/en-us/windows/security/application-security/application-control/app-control-for-business/deployment/deploy-appcontrol-policies-using-intune?accept=text/markdown,200,858dc636e25e8469,2026-09-28T03:57:09Z
S-oavxfpsn,https://raw.githubusercontent.com/python/cpython/v3.14.7/Doc/library/fcntl.rst,,,,,,,,"""1ca559026a3131480d7e3f87eb90fb179673c5c04df9ce15bfee80ceaf339389""",,,346b45cc4f53315b1f242921806cbbcfbcc740532935033f0500900fa8bba008,,200,b392ea40f6fef2a9,2026-09-28T06:04:35Z
S-oaxxx7xc,https://learn.microsoft.com/en-us/intune/advanced-analytics/device-query,,,,,,,,"""yIjrgK7msh7+oIIclaUXzIKJeW0=""","Wed, 02 Sep 2026 17:52:08 GMT",fa795e95aa78d7b51b928d272b91f3bc788a0aba,9b38cb22d6ddc8de97b34caef0635199a9890f383a88a8012baa7db0f1463366,,200,0500361ad4d81889,2026-09-28T03:57:10Z
S-obkcr6hb,https://learn.microsoft.com/azure/azure-arc/servers/run-command,2026-09-26T00:00:00Z,,,,,,,"""YUHT35oLrt/pxkho9/uZUqTAGbg=""","Tue, 25 Aug 2026 07:50:13 GMT",a5faa4c9f98e83533dce5b2581a2a19116f7d874,285264cd9ad58e0020710cbfad7e856226d779d950e729e94b173f6bf0566cfc,https://learn.microsoft.com/en-us/azure/azure-arc/servers/run-command?accept=text/markdown,200,e6ccdcb70dcd3d28,2026-09-28T03:57:11Z
S-oc7bghb6,https://learn.microsoft.com/en-us/defender-endpoint/attack-surface-reduction-rules-reference,2026-09-26T00:00:00Z,,,,,,,"""9eAype4evtP2eENULiIah0xq+LY=""","Fri, 11 Sep 2026 07:53:55 GMT",ad3972b20dc3eb4ed0a821b852962545a0335bdf,7eb099c4be4733e2d7f4ff8bc1ead41b8c1b6cd3c5bfbb0ca32e52f1fd6aa6eb,,200,a251472601eb0ee0,2026-09-28T03:57:12Z
S-ocgh5a3g,https://learn.microsoft.com/windows/configuration/assigned-access/configuration-file,2026-09-26T00:00:00Z,,,,,,,"""eM/p+EsUd3+wc7N24aG1UpXeDEc=""","Mon, 24 Aug 2026 08:04:32 GMT",bccd3fc10eb015e505956688f48659459a7c8930,f281661d83740ed4287a63a313d51f3947e1deacde3d560dd7d6b12acb69f479,https://learn.microsoft.com/en-us/windows/configuration/assigned-access/configuration-file?accept=text/markdown,200,afb080951d7ff487,2026-09-28T03:57:13Z
S-odr3mgme,https://learn.microsoft.com/en-us/windows/security/operating-system-security/device-management/use-windows-event-forwarding-to-assist-in-intrusion-detection,2026-09-26T00:00:00Z,,,,,,,"""fjQgts3tHSJCSY92+wMNRyTwUoA=""","Mon, 24 Aug 2026 04:08:53 GMT",88a2de288ae38d082d8d9dcb8b14b4d0a3ddb318,a07f2cc27ee50b80687d120dedff86cb1a3d1ba4298b8f249fea9def63a96d65,,200,e987e39f000e389e,2026-09-28T03:57:14Z
S-oeh7ui3h,https://learn.microsoft.com/en-us/intune/device-security/security-baselines/ref-windows-mdm-settings,,,,,,,,"""DThYPVl6yb7/7GvRADdKTGqRpxk=""","Tue, 25 Aug 2026 00:16:36 GMT",a60f43f6f562ded6195ddd8d888335f2d8e11e73,825b2d193a877df0e9a0996e9606aa80cff7d40e670ea2b8daf1801202167bb8,,200,7121df9ca27e6567,2026-09-28T03:57:16Z
S-ofjtvdgq,https://learn.microsoft.com/intune/copilot/agents/,2026-09-26T00:00:00Z,,,,,,,"""J0ayYbxXvpqrZRU6zp0SkYgpFuM=""","Tue, 25 Aug 2026 02:12:47 GMT",a60f43f6f562ded6195ddd8d888335f2d8e11e73,95f7863016e2b707352e0d00656e9156eaf08b1e322de99f5f44d28e5cb5ecdc,https://learn.microsoft.com/en-us/intune/copilot/agents/?accept=text/markdown,200,e5bef855544ac407,2026-09-28T03:57:17Z
S-ofreafga,https://registry.terraform.io/providers/hashicorp/azurerm/latest/docs/resources/monitor_data_collection_rule,2026-09-26T00:00:00Z,,,,,,,,"Thu, 24 Sep 2026 23:31:59 GMT",,01ba4719c80b6fe911b091a7c05124b64eeece964e09c058ef8f9805daca546b,,200,0000000000000000,2026-09-28T03:41:04Z
S-ogiphajf,https://learn.microsoft.com/autopilot/device-preparation/faq,2026-09-26T00:00:00Z,,,,,,,"""gBZmWL2AtKQrMh4O+J0PE1hmdkY=""","Tue, 25 Aug 2026 15:10:28 GMT",6e53e2f814a6ada70f898a64eadee7586ee57c09,7b7a89668c818280f07235f962f31f51cf7fe4b47785a2fd3c99f756b3375cee,https://learn.microsoft.com/en-us/autopilot/device-preparation/faq?accept=text/markdown,200,d3115204f348f378,2026-09-28T03:57:18Z
S-ogsl4hbo,https://learn.microsoft.com/en-us/intune/device-security/compliance/create-custom-json,,,,,,,,"""2LY9dPxQwFYV/ZddzttXjyDFIZs=""","Tue, 25 Aug 2026 09:04:12 GMT",1935b40ecf2f2cb6547efca1bd85469653446d00,33355f676bf0cbb199762f2b8fe34117cdf616e26c52c03f33a876389e3c2063,,200,69f5c1c9dcaed994,2026-09-28T03:57:19Z
S-oh3ybprh,https://learn.microsoft.com/en-us/connectors/common/outbound-ip-addresses,,,,,,,,"""LYU2OP6GHzUzDhV8N2rwY9zaDTU=""","Thu, 27 Aug 2026 19:18:23 GMT",be5b96f72203a74335514a4b9450aa4cf63d8cd1,f38dc4903de3f1fcf32d64ccae4229965994229b206729a564de9d52c9f820ab,,200,c85960d33c364d2e,2026-09-28T23:53:51Z
S-ohy3ejva,https://learn.microsoft.com/intune/configmgr/develop/osd/operating-system-deployment-task-sequence-object-model,,,,,,,,"""KPYNZb9A2uYMg4mgXiTDQwWIX5I=""","Wed, 02 Sep 2026 07:12:19 GMT",2f58a01e679fc91dc8c8440846c254e1119681fd,455b8bb33b531cb05f1b1c75a89a481a530ce22923269188335b2a01d05977e7,https://learn.microsoft.com/en-us/intune/configmgr/develop/osd/operating-system-deployment-task-sequence-object-model?accept=text/markdown,200,85d2f8749bddcb1f,2026-09-28T03:57:20Z
S-ojs4qilv,https://learn.microsoft.com/en-us/azure/azure-arc/servers/azcmagent-connect,2026-09-26T00:00:00Z,,,,,,,"""B6FpTR8/vF/EOVNxUZatXZ1RY0E=""","Mon, 24 Aug 2026 23:32:45 GMT",b703da5a675d9ad13cc30e4d5317650792ee9ead,a60c2b50e9c8a46995520ec8262e620b43c8a2ee7a787a32218c2c8e397c3add,,200,3cc40ce6ff9c7cea,2026-09-28T03:57:21Z
S-ojti56n4,https://learn.microsoft.com/graph/api/resources/security-auditlogquery?view=graph-rest-1.0,2026-09-26T00:00:00Z,,,,,,,"""djNt0BJjTYAL66nYxg9Z+vPKHzo=""","Tue, 25 Aug 2026 01:32:26 GMT",8f4eb7c1e8d349a026a339caa45ead64e0aa220e,f4c24ac61908b4e062348621a06f551d89cfcf1e6fa4ab42bc73caf58d44af35,https://learn.microsoft.com/en-us/graph/api/resources/security-auditlogquery?view=graph-rest-1.0&accept=text/markdown,200,a7eb638060e92351,2026-09-28T03:57:22Z
S-okri4cz3,https://raw.githubusercontent.com/elastic/ecs/9868ff5b9cab65376fab3e3829382b3424a3ee69/schemas/base.yml,,,,,,,,"""bec15e6cc134d6b1e16c83d877bc12c920218ada59dfbf8692c1099b34b826bc""",,,3b01d0a4a6dca93de145dd47c33c3a2b781c3d377d72c6d360c19acae8be229d,,200,6ffe59ce4c23430e,2026-09-28T03:47:41Z
S-oljccwue,https://learn.microsoft.com/windows/win32/msi/error-codes,2026-09-26T00:00:00Z,,,,,,,"""dtf++ZBa+5+ksJTwA/Fe1Cgjjkc=""","Thu, 27 Aug 2026 01:01:35 GMT",0429c54fb4497d87419dcf3a0b8778698a056997,5d45f10d80007eabef74ab70256dea171caf5e935ab15cf5778459dd945fb8e4,https://learn.microsoft.com/en-us/windows/win32/msi/error-codes?accept=text/markdown,200,66161d100613e771,2026-09-28T03:57:23Z
S-omr5o3jv,https://learn.microsoft.com/en-us/windows/dev-environment/python,,,,,,,,"""t9geoO0KrZ4nbmeAhn9nuGiJCLE=""","Tue, 15 Sep 2026 02:17:18 GMT",11f3b111d6a699c5c07f57e6c1aa1e2ce78d0c98,c4df6dbdce86354680fb40a56efcfac1983e9f56923c519c6b03862051a502a1,,200,d25fd281c055b6a3,2026-09-29T01:54:35Z
S-omyb2en3,https://raw.githubusercontent.com/microsoft/Microsoft365DSC/e44228cb821d6d1ce8f610466b8883556f448d15/Modules/Microsoft365DSC/DscResources/_Base/M365DSCResourceBase.psm1,,,,,,,,"""5077449bd8fd25bc659daff60a06cb18f33f13e37b6608a05977ca97ace940af""",,,7c0ddaa55793d41e0aba121fe1c1f2e0cc2f38b078071325f54a231ae33cb9fa,,200,7f042c41425dfe20,2026-09-28T03:47:43Z
S-onc3gpse,https://modelcontextprotocol.io/specification/2026-07-28/basic/patterns/subscriptions,2026-09-26T00:00:00Z,,,,,,,,"Mon, 28 Sep 2026 03:41:09 GMT",,2f2eb115a14762b62f276df48b11e442317f4c50f0cf9263496e12ff63b85ad6,,200,f375350a016c7918,2026-09-28T03:41:09Z
S-onem7my3,https://learn.microsoft.com/graph/known-issues,2026-09-26T00:00:00Z,,,,,,,"""YplEol08jtDJ2JmDuBXQmDqT7pU=""","Tue, 25 Aug 2026 00:42:10 GMT",0089952005d4db0ba7b591f43999d00d67faa300,14c1bf60b8b84abd3a06e5b9b15379d2b1acf4ffffbcd564b259ac8cafee24ce,https://learn.microsoft.com/en-us/graph/known-issues?accept=text/markdown,200,7c5a427a5deb6498,2026-09-28T03:57:24Z
S-onenhsl2,https://learn.microsoft.com/azure/foundry-local/how-to/how-to-use-foundry-local-cli,2026-09-26T00:00:00Z,,,,,,,"""TeRUuHmJWTIGvYzH6IAwoJU1504=""","Tue, 25 Aug 2026 02:36:39 GMT",cb8e7145b41ce0c68d37d93f76bb131e8dd30f22,bbe4e41ab20db94ca929d6fe21b951b4eda0f24983ef9b148935589c019a4644,https://learn.microsoft.com/en-us/azure/foundry-local/how-to/how-to-use-foundry-local-cli?accept=text/markdown,200,7420588a3db99880,2026-09-28T03:57:26Z
S-onkwuwst,https://learn.microsoft.com/azure/foundry/how-to/develop/run-scans-ai-red-teaming-agent,2026-09-26T00:00:00Z,,,,,,,"""fUAv5BCR2ydfNGiY+PmAAqwK4ws=""","Mon, 24 Aug 2026 06:34:55 GMT",b363c69238e7fba70df2c02da41cb71e91166968,c3877c748bd5bc471601e7c2fa8026c06e237445a914d9fe6e8a3e4222167960,https://learn.microsoft.com/en-us/azure/foundry/how-to/develop/run-scans-ai-red-teaming-agent?accept=text/markdown,200,9422003627c05eab,2026-09-28T03:57:28Z
S-onrxwhf7,https://learn.microsoft.com/powershell/utility-modules/secretmanagement/how-to/using-secrets-in-automation,2026-09-26T00:00:00Z,,,,,,,"""fBdBVUsVKo3mJ42vdHlHRfo1LE4=""","Thu, 24 Sep 2026 23:37:02 GMT",eb8d4545e155bc3e7eebfefcc9dccee43ca954ef,1208f553bdcfb6be60aec8b1a27ff7222402f71e4b110802cd57d37a967e8e7b,https://learn.microsoft.com/en-us/powershell/utility-modules/secretmanagement/how-to/using-secrets-in-automation?view=ps-modules&accept=text%2Fmarkdown,200,9f379cceb4e3fdd4,2026-09-28T03:57:29Z
S-oo4lrs7s,https://learn.microsoft.com/azure/update-manager/manage-update-settings,2026-09-26T00:00:00Z,,,,,,,"""Q/QYYfazxrknm9ajr4XvUK6+Mqo=""","Thu, 24 Sep 2026 14:28:11 GMT",524e07c02a94f1f9fbb5cc7404058f2fff3c44b1,71926d11c1c27a0e1cb8243b6248a46d5cbc93749d8edd66d7d38a9c42fb936b,https://learn.microsoft.com/en-us/azure/update-manager/manage-update-settings?accept=text/markdown,200,b5ea247c4a1b539e,2026-09-28T03:57:30Z
S-oo5kmppv,https://archive.org/wayback/available?url=learn.microsoft.com/en-us/intune/configmgr/core/plan-design/changes/whats-new-in-version-2509&timestamp=20260101,,,,,,,,,,,c782de5ae89034527b3c6dd2b05811ee66763fcb7dafd88909c437adfbcef30d,,200,aa0275001062d15d,2026-09-28T03:39:21Z
S-oo6cpieu,https://learn.microsoft.com/en-us/graph/api/intune-devices-manageddevice-executeaction?view=graph-rest-beta,2026-09-26T00:00:00Z,,,,,,,"""YMdAORRBx3sNg2Jcy2h4K3LwwYE=""","Wed, 26 Aug 2026 20:11:43 GMT",8b52aa93c9c8d9618282f2219f9d0220adfbc038,9ee6663c58060292b6f4acf8d820a268d8a416d0df619241d9e6851ccdfdc873,,200,eb8c4608b885b602,2026-09-28T03:57:31Z
S-ooc6gvno,https://learn.microsoft.com/en-us/entra/fundamentals/licensing,,,,,,,,"""POTUl9tHGybpCdW7tAoAcCZbkaQ=""","Mon, 24 Aug 2026 12:39:29 GMT",bc5f50e905a969a615895eb83d5ed52961d18d58,82adf79f8bfa86e8c00b205cc9809ff325dd6f6fbe7edfb2b8b93db9028a04ec,,200,d427d6fc5e38e51c,2026-09-28T03:57:32Z
S-op3zxbbu,https://learn.microsoft.com/windows/deployment/do/mcc-ent-edu-overview,2026-09-26T00:00:00Z,,,,,,,"""DIvVuGV7LJi0l4ZOlJczQnLgb0A=""","Mon, 24 Aug 2026 12:43:32 GMT",c4e1288671707f3ea468c3a9b6875f683b682bbd,e90597fca4ff1bea1736891a3d10390a796addb26485cdfe50b74f8e050109d1,https://learn.microsoft.com/en-us/windows/deployment/do/mcc-ent-edu-overview?accept=text/markdown,200,51226435673b95cc,2026-09-28T03:57:33Z
S-oq2hykox,https://learn.microsoft.com/en-us/defender-xdr/advanced-hunting-limits,2026-09-26T00:00:00Z,,,,,,,"""mJp2ctfb03Viu3V7UNMbCr2iGNo=""","Mon, 24 Aug 2026 07:42:08 GMT",82edaae4cf5f07187f9c1dae864d62cd50014997,b0a43eea2032f005ef7832a7702aec1d0be1731536a1d10ea14662722cb9e15b,,200,dcac423e3fe19e97,2026-09-28T03:57:34Z
S-orth4d7r,https://learn.microsoft.com/azure/azure-arc/servers/onboard-group-policy-powershell,,,,,,,,"""3ODy3w3HiRkscx8XNW0vP2TYr4o=""","Wed, 26 Aug 2026 18:18:29 GMT",50bce6cc3a8501e150cb5d4a5962c3bbbe788213,ff121d939e6653c8136ee8f114cb7442e3f62afac0347115299ce65907b64336,https://learn.microsoft.com/en-us/azure/azure-arc/servers/onboard-group-policy-powershell?accept=text/markdown,200,dcf8bb60af7f217a,2026-09-28T03:57:36Z
S-osk3cbyu,https://learn.microsoft.com/en-us/defender-xdr/advanced-hunting-devicenetworkevents-table,2026-09-26T00:00:00Z,,,,,,,"""b0MWoejFncbpB40TVStM0kWpeb8=""","Mon, 24 Aug 2026 07:42:07 GMT",0fdad2971c4f8acbaebefc5e52a5a2f7302a670c,c266c83e13fc76fb2bdcc5dd053c1b315f0e29776e55d1dfb6c5c6a60e66d522,,200,cf53be30650b4883,2026-09-28T03:57:37Z
S-osulh6sh,https://platform.claude.com/docs/en/api/messages,2026-09-26T00:00:00Z,,,,,,,,,,88019aba5cbb0aee95deee80bc4da8ba65c5317b141f4b7a578b443f1435130f,,200,6167ed4e5e872527,2026-09-28T03:40:36Z
S-otcf27ix,https://learn.microsoft.com/graph/api/intune-auditing-auditevent-list?view=graph-rest-1.0,2026-09-26T00:00:00Z,,,,,,,"""UY8eWG2cIP3nJ9CrFqeeX+vVfLo=""","Tue, 25 Aug 2026 05:08:21 GMT",9f0dc190b7a5c875b4027e6a95855688fced5ae8,0a4d448ba1d6a822a6ff249ac1363352cfbb77fb659361945a4147874490de35,https://learn.microsoft.com/en-us/graph/api/intune-auditing-auditevent-list?view=graph-rest-1.0&accept=text/markdown,200,e99e453cd028d4a8,2026-09-28T03:57:38Z
S-otgnfdud,https://learn.microsoft.com/autopilot/device-preparation/tutorial/automatic/automatic-cloud-pc-provisioning-policy,2026-09-26T00:00:00Z,,,,,,,"""WvwliYwNJRXSg/ckAkaPnsa7n5g=""","Tue, 25 Aug 2026 15:29:22 GMT",7328cf31fc7051783f9fdb12250a44d8d227fa1a,cee53505b58b00acee79aa5016768a56c96f8d24b4de8461dcd07f0daf0a2e37,https://learn.microsoft.com/en-us/autopilot/device-preparation/tutorial/automatic/automatic-cloud-pc-provisioning-policy?accept=text/markdown,200,610fd19ce3dbfcb8,2026-09-28T03:57:39Z
S-ounncxk4,https://learn.microsoft.com/en-us/intune/configmgr/tenant-attach/prerequisites,,,,,,,,"""gtFXH6iZM7nNwpbZcViui0KC4rs=""","Wed, 02 Sep 2026 10:23:17 GMT",d3432a8c0e9a1b8706eff71005a6b7ca53c35f98,b712f83c7de83c788d82e0a33a9897835212bde46d9f90e60da65f26b2934e75,,200,333f8764845ac760,2026-09-28T03:57:40Z
S-ovo7i7xn,https://modelcontextprotocol.io/extensions/auth/overview,2026-09-26T00:00:00Z,,,,,,,,"Mon, 28 Sep 2026 03:41:10 GMT",,779c5a875f4241901096e41eead590f5ea00afc6899b5d59463740d29fe6905a,,200,ae8ac4b1135fa2e1,2026-09-28T03:41:10Z
S-ovuvyg6h,https://pydantic.dev/docs/validation/latest/concepts/pydantic_settings/,,,,,,,,,,,55e8f8d4cdf04c39c0e0217a75bffa1192153299afacfbaffd9af7617a558389,,200,9b1a482e1088ee83,2026-09-28T03:41:12Z
S-ovxxqqbw,https://docs.github.com/en/enterprise-cloud@latest/copilot/how-tos/administer-copilot/manage-for-organization/manage-policies,2026-09-26T00:00:00Z,,,,,,,,,,ef07ac7bd00f7ec2238ef5766b68ba33d052e8db2ead5a2dada1bf9117dd43d6,,200,33d4bef1cad6673e,2026-09-28T03:41:04Z
S-ovycuo7g,https://learn.microsoft.com/entra/identity/conditional-access/overview,2026-09-28T04:47:59Z,,,,,,,"""Bwm4sPJHSRa5t+uYbMlyjScOV20=""","Mon, 24 Aug 2026 12:44:45 GMT",4994b152d89ef50cce69dbfa326c1b90933e385d,4876aa5a809fe32ab1c8be2c1f779b1369564617e32fa55b0093c5c0faf52099,https://learn.microsoft.com/en-us/entra/identity/conditional-access/overview?accept=text/markdown,304,518c97da68440947,2026-09-28T04:47:59Z
S-oyfbtzrp,https://learn.microsoft.com/autopilot/device-preparation/tutorial/user-driven/entra-join-autopilot-policy,2026-09-26T00:00:00Z,,,,,,,"""i5j7raQ8HerEma8cPlt1X/7/k/A=""","Fri, 28 Aug 2026 00:32:12 GMT",6b57bab338907b32036b1a875715eaea395ad1cd,f9b8550c026399210b0fddd1cbba49b9c44a1f171d4d034f35e6d4c1bc61c417,https://learn.microsoft.com/en-us/autopilot/device-preparation/tutorial/user-driven/entra-join-autopilot-policy?accept=text/markdown,200,33a98a547085f57d,2026-09-28T03:57:43Z
S-p26bti63,https://learn.microsoft.com/graph/api/security-auditlogquery-get?view=graph-rest-1.0,,,,,,,,"""tZo2bud+Xm2BsfXZtfOm6hd+XoA=""","Tue, 25 Aug 2026 14:41:28 GMT",d15437cb48af3d54ef6ba33a52c2cc38bc29e22d,58e61cafac56fbe446a9e8353e1460e45bbe87e0fc7036b1a39c814b06ce9afe,https://learn.microsoft.com/en-us/graph/api/security-auditlogquery-get?view=graph-rest-1.0&accept=text/markdown,200,22b3453cd1057810,2026-09-28T03:57:44Z
S-p2yatbfh,https://learn.microsoft.com/en-us/intune/configmgr/core/plan-design/changes/whats-new-in-version-2403,,,,,,,,"""+bpCwXLR/uI/n5IpwpPOTTLL4X0=""","Wed, 02 Sep 2026 07:37:47 GMT",d3432a8c0e9a1b8706eff71005a6b7ca53c35f98,de0db00c4ee0b51c3a72f3cbc28ff372997ffef2ffe9d853fd9cec2f3e5a8955,,200,8cdee8502a72b559,2026-09-28T03:57:45Z
S-p3vtkyrq,https://learn.microsoft.com/intune/app-management/configuration/configure-edge-ios-android,2026-09-26T00:00:00Z,,,,,,,"""dTnCmxEINyg7AWkDyD4V7P6pdpk=""","Thu, 10 Sep 2026 23:58:08 GMT",87c253fd21fccdcc947c0ee8debf3a63d409e824,03bc73d93bf60e024703995f9118cda401a7d6d1c391be8df92f6c6c2eeacc4d,https://learn.microsoft.com/en-us/intune/app-management/configuration/configure-edge-ios-android?accept=text/markdown,200,9bb8751a8b61efd4,2026-09-28T03:57:47Z
S-p4dpx2og,https://learn.microsoft.com/windows/release-health/windows11-release-information,2026-09-26T00:00:00Z,,,,,,,"""et3beOOjj0AOlZmcgK8l2xcW/Xo=""","Tue, 22 Sep 2026 19:49:14 GMT",bfd1d05647d9386ad37958a453f8941c07866cc7,5587d07d50445a8546c68c289c544bfd0c4e19dcb0da25c7f3e0b6c29e8ed03f,https://learn.microsoft.com/en-us/windows/release-health/windows11-release-information?accept=text/markdown,200,2894191fd97b6d77,2026-09-28T03:57:48Z
S-p4fis3e4,https://learn.microsoft.com/intune/device-management/tools/run-powershell-scripts-windows,2026-09-26T00:00:00Z,,,,,,,"""HClF1PK8pG/WJ388k4cMRfEHf2c=""","Mon, 24 Aug 2026 23:37:16 GMT",a60f43f6f562ded6195ddd8d888335f2d8e11e73,19cb852026b8958827d4b845c54f13644f069a9640c42fdc1899f027c9526c95,https://learn.microsoft.com/en-us/intune/device-management/tools/run-powershell-scripts-windows?accept=text/markdown,200,5dadfc8aa9c5fb42,2026-09-28T03:57:49Z
S-p5lwby5b,https://learn.microsoft.com/powershell/scripting/security/remoting/jea/role-capabilities?view=powershell-7.6,2026-09-26T00:00:00Z,,,,,,,"""Xx/gbgVt/i+fUuIU+K+jo/wUXz0=""","Thu, 24 Sep 2026 22:42:52 GMT",6557c934231754b51a32d1bb02157aa07810fb2c,8801face7c68e3c32b8ea27da58a70149ffe33c031af7617d71047e4130936ba,https://learn.microsoft.com/en-us/powershell/scripting/security/remoting/jea/role-capabilities?view=powershell-7.6&accept=text/markdown,200,7a4a04b074ccf460,2026-09-28T03:57:50Z
S-p6darnca,https://learn.microsoft.com/agent-framework/support/upgrade/requests-and-responses-upgrade-guide-python,,,,,,,,"""54aPxB0LNE/ooohhXIz6I8jd0Zk=""","Wed, 26 Aug 2026 06:53:21 GMT",7cb3ad1a2e43d97cd183d59d65befaa3b8d438d8,1b71010ba060d0d3be568cbdd6367cc7ef2b035e61359f64e33e81a3e7655f81,https://learn.microsoft.com/en-us/agent-framework/support/upgrade/requests-and-responses-upgrade-guide-python?accept=text/markdown,200,cc3459790665ef2c,2026-09-28T03:57:51Z
S-p6qlnhra,https://docs.rundeck.com/docs/administration/security/authorization.html,,,,,,,,"""a8585de8839b17989ddc700b5ef128b2""","Fri, 25 Sep 2026 15:04:29 GMT",,a2ad0071ebb619542629f8f12975c274a13c149ff72cae6bebdf3a563c740f2a,,200,9cdcb7a69bf55af3,2026-09-28T03:41:13Z
S-p6zdxvtp,https://learn.microsoft.com/defender-for-identity/security-posture-assessments/identity-infrastructure,,,,,,,,"""wAADSB49j8IyghfTUFTfLGKtJKo=""","Mon, 24 Aug 2026 12:49:16 GMT",653cdde5992c7eaa07a054c8a15d76b5e1ab96a5,de51befbc235056b106235b60e482bdcef9e887b5fc39b6b15102453bb9a5c37,https://learn.microsoft.com/en-us/defender-for-identity/security-posture-assessments/identity-infrastructure?accept=text/markdown,200,07f3f5d76b610cf8,2026-09-28T03:57:52Z
S-p7dq3fku,https://learn.microsoft.com/azure/foundry/concepts/ai-red-teaming-agent,2026-09-26T00:00:00Z,,,,,,,"""Fi0/MwquTwAn5oOdKCED6Zuc1+A=""","Thu, 27 Aug 2026 07:08:12 GMT",98b7b1700c3cf43ecb2c8c80f728ff55c355ff8d,590a446d86ea6f5d30359584b2e5dbc6856e5c753566cf3ba40142273be35f55,https://learn.microsoft.com/en-us/azure/foundry/concepts/ai-red-teaming-agent?accept=text/markdown,200,c0e6f93c55c24731,2026-09-28T03:57:53Z
S-p7pe6fl3,https://learn.microsoft.com/en-us/graph/api/resources/intune-deviceconfig-devicecompliancescheduledactionforrule,,,,,,,,"""b1G4jTLMWEeszyeIyn45MlwKK1c=""","Tue, 25 Aug 2026 16:02:48 GMT",e345b7affa31798542828393bc40023465af9069,c10e162eb0e6925169034aa7fb37da34d323c2aa914fc61877627ef21356fdf6,,200,a3f32c997cf1e8ae,2026-09-28T03:57:54Z
S-p7uijoop,https://learn.microsoft.com/office/office-365-management-api/aip-unified-audit-logs-best-practices,2026-09-26T00:00:00Z,,,,,,,"""copwOe5AVG0TZN4L9MCOTvQ9qfs=""","Thu, 27 Aug 2026 05:14:04 GMT",9e29f37df5a0ecc7a569453204437191fce9e0ed,a9d6085a9095f8a78ad328dd7962ca7fbe98e99ff696ef3a5d9784938f743739,https://learn.microsoft.com/en-us/office/office-365-management-api/aip-unified-audit-logs-best-practices?accept=text/markdown,200,13eaf491fde50a2c,2026-09-28T03:57:56Z
S-paztzzud,https://slsa.dev/spec/v1.2/build-track-basics,,,,,,,,"""9dcd5f2fce0580d051a5313094666ae1-ssl""",,,f039f428954cbf250fa37c50bc4400d52379a72e0f3759248f73cbad4b6a9519,,200,baf5926334870361,2026-09-28T03:41:13Z
S-pbd7pui3,https://code.claude.com/docs/en/agent-sdk/user-input,2026-09-26T00:00:00Z,,,,,,,,"Mon, 28 Sep 2026 03:41:19 GMT",,8209c9dc0f980e013a730d937881ca6e9f031cb3a23aa47e84abfc55e9a097f8,,200,790e39d10600a73e,2026-09-28T03:41:19Z
S-pbkrk3ow,https://learn.microsoft.com/en-us/entra/agent-id/migrate-custom-app-registrations-to-agent-id,2026-09-28T04:48:00Z,,,,,,,"""kX3yIVfhHniMBg+lbx1e8/oI5RQ=""","Mon, 24 Aug 2026 15:42:28 GMT",e85f784e1a65636de3123abfe2551fe6688ba538,b9caac0ac4dd3affa73b7a206cb0f6842ea9534c3ab6c09d698e913b33d08476,,304,f5d6d9280274de3e,2026-09-28T04:48:00Z
S-pcnabydm,https://learn.microsoft.com/intune/configmgr/osd/understand/task-sequence-editor,,,,,,,,"""LhygVhGyKUfXJAoYH0SprXr7BQA=""","Thu, 03 Sep 2026 13:02:05 GMT",cfc4e1a6bb2a1f0d6f069bcc6b3d8b4d5ff0793a,a2a5878e01fe2b3ec67cb97643800cda0cd2addb08f8f83cfc659b2bb5093d37,https://learn.microsoft.com/en-us/intune/configmgr/osd/understand/task-sequence-editor?accept=text/markdown,200,22ce9a16da935f10,2026-09-28T03:57:58Z
S-pcr6rjdl,https://learn.microsoft.com/intune/device-enrollment/android/manage-device-administrator,2026-09-26T00:00:00Z,,,,,,,"""AZM9ZmHx4R28NWcquWYVH9bcqro=""","Wed, 26 Aug 2026 06:11:28 GMT",a60f43f6f562ded6195ddd8d888335f2d8e11e73,bcb7a9866df5352cafe04d5a4bf71ee0a7d92219b8ef3536b6f873da87d8a16c,https://learn.microsoft.com/en-us/intune/device-enrollment/android/manage-device-administrator?accept=text/markdown,200,abc3e948ae43de2c,2026-09-28T03:57:59Z
S-pcy7cqea,https://api.github.com/repos/MicrosoftDocs/memdocs/contents/?ref=4b5429df8b47046c6b251e572ee61199fb5d4a5d,,,,,,,,"""8c33c541d8c2ce28d0badaee2aa1dc9b2ee62b11""","Sat, 26 Sep 2026 03:43:01 GMT",,8d1e28c9e582457b4a37eb76f00ca21ddd03e076ddd619c2033a71000a6334a1,,200,5fd83d1286d97b42,2026-09-28T03:39:20Z
S-pelzabjq,https://code.claude.com/docs/en/plugins/host-marketplace,2026-09-26T00:00:00Z,,,,,,,,"Mon, 28 Sep 2026 03:41:20 GMT",,80df79dee00e6294d41445ca1e3ffebc998cb274f212984901048b8452388af0,,200,5005727e27601f98,2026-09-28T03:41:20Z
S-pfbl6p36,https://learn.microsoft.com/en-us/defender-endpoint/microsoft-defender-antivirus-windows,,,,,,,,"""HN5MH5VHNCnSMl9ccUiMoB5GFTo=""","Wed, 09 Sep 2026 02:51:32 GMT",a514c4156ed52267386ba50a4b5e5db40bd3ea4c,9b0b4fad0efc8f9b9341984c68299e3def63fe2951ac7b37b36629ba778a21c0,,200,0acbfef0c288b51b,2026-09-28T03:58:00Z
S-pfc25kvx,https://learn.microsoft.com/graph/windowsupdates-hotpatch-update,,,,,,,,"""uyi5MzNTSvNQQY3bHIveaNVXh8s=""","Tue, 25 Aug 2026 22:57:54 GMT",5fc0ed402b4bac115685569cd66586d732610375,0b82fdd6115db3b29c186c6b6713e29a465578d7b7e71c496b6150fe0e58cfb2,https://learn.microsoft.com/en-us/graph/windowsupdates-hotpatch-update?accept=text/markdown,200,8874e486609f597f,2026-09-28T03:58:01Z
S-pfomdecu,https://learn.microsoft.com/graph/api/resources/intune-epmgraphapiservice-privilegemanagementelevationrequest?view=graph-rest-beta,2026-09-26T00:00:00Z,,,,,,,"""dzjMny5J9G7ioW6vL5q52XUzn2k=""","Thu, 27 Aug 2026 19:38:00 GMT",0b52ae19972cd7e12cd0217dfb7ea043fad86019,bbfd4eeebb6af9137847e79b0c4ffe8d9821609989d6fe5d97f1d3940729b6d3,https://learn.microsoft.com/en-us/graph/api/resources/intune-epmgraphapiservice-privilegemanagementelevationrequest?view=graph-rest-beta&accept=text/markdown,200,62c382817d73d4fa,2026-09-28T03:58:02Z
S-pfq3p4yz,https://learn.microsoft.com/en-us/windows-server/identity/laps/laps-management-event-log,2026-09-26T00:00:00Z,,,,,,,"""Y6PQmgK2tKz91XjWcdhV4nSPafA=""","Wed, 26 Aug 2026 01:04:47 GMT",0b16ae06ad3812602f03e2cb495ffb94e18cc575,be2868ca23321de4ce26a5f69ecde788da001862f387ec5c92545af1bed561da,,200,c9c537a3d121e37e,2026-09-28T03:58:03Z
S-pfrwongj,https://learn.microsoft.com/windows/client-management/mdm/bitlocker-csp,2026-09-26T00:00:00Z,,,,,,,"""eU5N+87ImYd0cNebO6DaUB++JN0=""","Mon, 24 Aug 2026 05:53:44 GMT",205ef5ad62f789abc4cf5036ede569ee8aad5399,423af2249ef255dc145ef87f97368fc8e0bdcb79f11635616c6b3b714d70206d,https://learn.microsoft.com/en-us/windows/client-management/mdm/bitlocker-csp?accept=text/markdown,200,eaa6afc29bad393f,2026-09-28T03:58:04Z
S-pgtfj4fh,https://learn.microsoft.com/en-us/azure/search/hybrid-search-overview,2026-09-26T00:00:00Z,,,,,,,"""CDB06HlmiXjqhBGhTN8IN0uVz1s=""","Tue, 01 Sep 2026 17:49:11 GMT",de8f47f1918543ae7a53608c3e747b664db9b1b4,cb1005ffa97f8278d4ea574aa5862b0359525f0e7df3ff5578b4dfa3e09fc651,,200,548a805791a55e38,2026-09-28T03:58:05Z
S-pi5lmjbg,https://learn.microsoft.com/windows-server/administration/windows-commands/manage-bde-protectors,2026-09-26T00:00:00Z,,,,,,,"""U9cRwKawlpkpaLt9ORRaLEYI1eA=""","Tue, 25 Aug 2026 22:54:56 GMT",1dde3f071fa8b65476a0f278d15ed67c19b07896,461c0c3c1f02eb2cd221ad34362cef4eb4b4d863b76aee9d1dc65c178237ecf6,https://learn.microsoft.com/en-us/windows-server/administration/windows-commands/manage-bde-protectors?accept=text/markdown,200,2fb13c404e18874f,2026-09-28T03:58:07Z
S-pilcrlei,https://code.claude.com/docs/en/llm-gateway,2026-09-26T00:00:00Z,,,,,,,,"Thu, 08 Oct 2026 19:47:26 GMT",,e084bb43ebf46079edc5232ce07201c3897fc160c8035e7fe47cb378aeb7c6fc,,200,ca9b2d34d6290ee9,2026-10-08T19:47:26Z
S-pixm6i65,https://learn.microsoft.com/graph/cloudpc-concept-overview,2026-09-26T00:00:00Z,,,,,,,"""m+WQfYd+S5yCExeb1pJ35aTp2Bw=""","Wed, 26 Aug 2026 07:08:33 GMT",70f4b4eecebce12fcb20dae6b2a542c5ea57b6e2,13cd93d14bb0a625a124b2e8df6244967c30c98c459ca22e5aeb776873ef4074,https://learn.microsoft.com/en-us/graph/cloudpc-concept-overview?accept=text/markdown,200,93ee89ce9fc217dc,2026-09-28T03:58:08Z
S-pjgeqktu,https://learn.microsoft.com/intune/device-configuration/templates/ref-kiosk-settings-windows,2026-09-26T00:00:00Z,,,,,,,"""39nNq8+0ZIZvNsaSjuwWmlKZNMk=""","Tue, 25 Aug 2026 12:49:06 GMT",a60f43f6f562ded6195ddd8d888335f2d8e11e73,f65cfe045f1839b2d4a5822a9341d1c4ac502a1c8ff8032bcbe7165515b3fa5b,https://learn.microsoft.com/en-us/intune/device-configuration/templates/ref-kiosk-settings-windows?accept=text/markdown,200,88d2d684c1254900,2026-09-28T03:58:10Z
S-pl6uxpad,https://learn.microsoft.com/en-us/intune/configmgr/tenant-attach/timeline,,,,,,,,"""UZj5y0wMwmbqs4VxnOW6Mr7XDpM=""","Wed, 02 Sep 2026 07:10:24 GMT",d3432a8c0e9a1b8706eff71005a6b7ca53c35f98,4845404f726f2fe8c414dab2d776ba6a22e08cb9eaeab3f63379092733560a6a,,200,7774a39852cb35dd,2026-09-28T03:58:10Z
S-plhfh6ev,https://learn.microsoft.com/entra/identity/hybrid/connect/plan-connect-design-concepts,2026-09-28T04:48:01Z,,,,,,,"""PPdKt9vNuWY8QweWf87KMIJVx+I=""","Fri, 18 Sep 2026 00:09:12 GMT",89033f49670b05030f05cd9a57e7372c33fbecb4,7c10968abca8953a33dd85e689f9c06c3784d70f2f1ca75a368f5ab0246fd155,https://learn.microsoft.com/en-us/entra/identity/hybrid/connect/plan-connect-design-concepts?accept=text/markdown,304,2b74f8800868b5da,2026-09-28T04:48:01Z
S-plmd2yke,https://learn.microsoft.com/en-us/intune/configmgr/core/servers/manage/create-queries,,,,,,,,"""ACpPUPEOHRPHE7f5VF+sIGVM7W4=""","Fri, 04 Sep 2026 07:02:30 GMT",d3432a8c0e9a1b8706eff71005a6b7ca53c35f98,6324f7e9e9e5077da10d581eee251a6638321c0ea2bcddb7c379ca7c12be1bd3,,200,9faf131895af3ca9,2026-09-28T03:58:12Z
S-plv2ekwg,https://learn.microsoft.com/azure/ai-services/content-safety/concepts/custom-categories,2026-09-26T00:00:00Z,,,,,,,"""BPoRSc/Xu2UObZuZrrcHsCSzP4A=""","Sat, 19 Sep 2026 02:07:24 GMT",215dd53ffbd9bd69b62e358605c95006802af884,67fa829d8f90703013ad98a86211d13c1d6fb5b2bc5b8b266be32806d23d22a9,https://learn.microsoft.com/en-us/azure/ai-services/content-safety/concepts/custom-categories?accept=text/markdown,200,cf76e0064cbd1521,2026-09-28T03:58:14Z
S-pm6pjuef,https://learn.microsoft.com/en-us/intune/configmgr/core/clients/deploy/about-client-settings,,,,,,,,"""NnmJMoaE3rP7PkyvGPAvu3PxHMo=""","Tue, 01 Sep 2026 07:03:43 GMT",d3432a8c0e9a1b8706eff71005a6b7ca53c35f98,5df6c38c6f607d7bdc59963a86acd9a1d27f16498879e80da98fba0051497760,,200,e73ea2c74041bfe8,2026-09-28T03:58:15Z
S-pmhgjvef,https://code.claude.com/docs/en/permissions,,,,,,,,,"Thu, 08 Oct 2026 00:45:14 GMT",,866d91795c8e35c7b4d0a2cb1df67644cd94266a6aadfa171764ac701f7e4de3,,200,71a7a40a946f8d10,2026-10-08T00:45:14Z
S-pmj4jc4f,https://learn.microsoft.com/en-us/entra/agent-id/faq,,,,,,,,"""epWwA/h2UXBBUByf4fUT6nIxF5s=""","Mon, 24 Aug 2026 14:21:08 GMT",d0cc3852604f4f8c57ff7b833d65d8341d50f707,8ffdadf48fc5ddbd98dfe19450c104e86540946dcbeb10b9642a7feb9b460524,,200,0d0aacbad170382b,2026-09-28T03:58:16Z
S-pnhn6vx2,https://learn.microsoft.com/graph/api/intune-devices-userexperienceanalyticsdevicetimelineevents-get?view=graph-rest-beta,2026-09-26T00:00:00Z,,,,,,,"""yxlS3bT+JpkkcHuNovyoG9aqYrg=""","Fri, 04 Sep 2026 05:06:58 GMT",c03b91d7953293f0cad86ef442f29398f359b69c,a19fa737d7955b54308c7607fb12df035d6e271341751e2493676aa606663688,https://learn.microsoft.com/en-us/graph/api/intune-devices-userexperienceanalyticsdevicetimelineevents-get?view=graph-rest-beta&accept=text/markdown,200,4995d66cfc8df402,2026-09-28T03:58:17Z
S-pnjd7ogq,https://learn.microsoft.com/windows/security/identity-protection/hello-for-business/deploy/,2026-09-26T00:00:00Z,,,,,,,"""iRp3y0f+uGv7RsiHOXXnFn0MKJM=""","Mon, 24 Aug 2026 06:52:10 GMT",b9e5f3665130e4eb37f1ef2988498e93d6d8e9ce,d62ce3b76d8d419df66ca2d02677cf710c68e129896f42e5af26369280a9175e,https://learn.microsoft.com/en-us/windows/security/identity-protection/hello-for-business/deploy/?accept=text/markdown,200,bbc043b899061a4b,2026-09-28T03:58:18Z
S-pntdruql,https://learn.microsoft.com/azure/ai-foundry/openai/concepts/provisioned-throughput,2026-09-26T00:00:00Z,,,,,,,"""RoKyohyEGprN8AQfzLks1TlmX/Q=""","Mon, 24 Aug 2026 02:58:48 GMT",1beac31c39c0fcf2554aaf23c835a2ed18612790,ce1efbb9e4866a4898a8daf7ab082b704c22cd4d8350ccf4dc2aa8377f9ca066,https://learn.microsoft.com/en-us/azure/foundry/openai/concepts/provisioned-throughput?accept=text%2Fmarkdown,200,d02ad8f59143f008,2026-09-28T03:58:20Z
S-pp7wx433,https://learn.microsoft.com/intune/device-configuration/templates/ref-wifi-settings-windows,2026-09-26T00:00:00Z,,,,,,,"""uJrP8E6gKTOIwSMylBj/0nOVfkE=""","Tue, 25 Aug 2026 00:42:23 GMT",a60f43f6f562ded6195ddd8d888335f2d8e11e73,f12e1fbb4cc290714361de41d93759bdd62a11ab75eb87c6faf98884aa7829fd,https://learn.microsoft.com/en-us/intune/device-configuration/templates/ref-wifi-settings-windows?accept=text/markdown,200,a7e238dcb5078416,2026-09-28T03:58:20Z
S-pq22l6q6,https://learn.microsoft.com/en-us/entra/identity/users/manage-dynamic-group,,,,,,,,"""0h2X1ldSv9AmXSIAH+K+RwViJ/c=""","Mon, 24 Aug 2026 14:31:58 GMT",56cea96ab5a69bcf13badc51cd85b01a2dabf729,57269c0d0163bf7039fb877a0ca8f3eac605a317adb846aaff718e9f8a4b5e22,,200,d27cde9d15165ecf,2026-09-28T03:58:21Z
S-pq764ux2,https://gitlab.com/gitlab-org/ci-cd/shared-runners/images/gcp/windows-containers/-/raw/6c5f0fefb5a8fbd1d2f082f16b901f4d74ea01af/cookbooks/gitlab-runner-dependencies/recipes/git.rb,,,,,,,,"""cb2cf71589f103caf6272b9884dd3d78""",,,50b93895fe2c2489ed5601e4d18ce295539b76a9a0e92d88b325bb94e3d48488,,200,773e5ce858f7bc34,2026-09-28T06:04:42Z
S-pqlq3zuw,https://learn.microsoft.com/en-us/graph/api/devicelocalcredentialinfo-get,2026-09-26T00:00:00Z,,,,,,,"""bQr7rsuGr1hhP0HP4ry5NinkjWM=""","Tue, 25 Aug 2026 17:05:54 GMT",5ec1fe9aade75556d26c9966c768c7e5c3734b1c,9900374352869dc328ffb10ead25da1fbe7a496a0b2888102cb841d02606c0ec,,200,2bbbc17d483c5805,2026-09-28T03:58:23Z
S-pr75qw5k,https://raw.githubusercontent.com/PowerShell/DSC/9c60d043f0c018f3026feee481cb6402100f4331/dsc/src/server/invoke_dsc_function.rs,,,,,,,,"""3d1268d866a1192a3b1ed289da5c47946cc24e23464cd6487cb49ac09a91bd2f""",,,8b3982f828a0428809573225aefd7f92b8a097a0abddedaa27363761e2398889,,200,397505adb004c6ab,2026-09-28T03:47:43Z
S-prhvpzpf,https://learn.microsoft.com/copilot/security/manual-onboarding,2026-09-26T00:00:00Z,,,,,,,"""RPRSEtfWMo4jvh2gowseB4yHZSg=""","Thu, 27 Aug 2026 22:52:26 GMT",ddc499c276805a1f3e00b6c1b578a6b24db46b0c,c9de381aaacc6995ea49b1fca8d72e9dfc4b77bc64481acbf1c6affa35638b71,https://learn.microsoft.com/en-us/copilot/security/manual-onboarding?accept=text/markdown,200,da92e4122da93074,2026-09-28T03:58:24Z
S-prjyny3b,https://github.com/microsoft/Microsoft365DSC,2026-09-26T00:00:00Z,,,,,,,"W/""e76673bbf621dae1ba920d57b2265647""",,,da08baa374b121c14eeb3c7ae962661b7605d800549df12ceed7a30253679360,https://github.com/Microsoft365DSC/Microsoft365DSC,200,0c93ac8d01cd5748,2026-09-28T03:41:57Z
S-prkgx2hs,https://learn.microsoft.com/powershell/module/bitlocker/enable-bitlocker,2026-09-26T00:00:00Z,,,,,,,"""rA2/aR23bjMT4q/qdoW7F43RJUk=""","Wed, 05 Aug 2026 17:10:26 GMT",0ef3f225d29e26d1cf3119f37dfff70bb6165746,52cde08d5db5284cbb8350960a4419d7d5453d936de34809251ab12920e7cf44,https://learn.microsoft.com/en-us/powershell/module/bitlocker/enable-bitlocker?view=windowsserver2025-ps&accept=text%2Fmarkdown,200,4e90faf29bca11be,2026-09-28T03:58:25Z
S-prybc22p,https://learn.microsoft.com/azure/azure-monitor/logs/logs-ingestion-api-overview,2026-09-26T00:00:00Z,,,,,,,"""Zccc2Dvu/ISfncnGj/HawllK0xM=""","Wed, 23 Sep 2026 06:15:30 GMT",aad67a52aaab7e17cb3a3463a37eb7ccc409ba79,54ab26adc350c963136178cbe92ab418ad7e46f93b24694105190abfde0ba7ae,https://learn.microsoft.com/en-us/azure/azure-monitor/logs/logs-ingestion-api-overview?accept=text/markdown,200,1b077be64d3c0e90,2026-09-28T03:58:26Z
S-psa4dspu,https://learn.microsoft.com/azure/ai-foundry/openai/how-to/deployment-types,2026-09-26T00:00:00Z,,,,,,,"""oCYwqyHpgmhGSTOY4j36k7ejH80=""","Thu, 03 Sep 2026 22:19:57 GMT",32726378f9adc67a78fef2187aa9197cdfea657a,a7cf0b5530440d4a74bc92f19ed235a3c1893764b3db3e123be77b82087dc981,https://learn.microsoft.com/en-us/azure/foundry/foundry-models/concepts/deployment-types?accept=text%2Fmarkdown,200,ddb8e3ff658c847e,2026-09-28T03:58:29Z
S-psoai6ce,https://learn.microsoft.com/en-us/intune/configmgr/core/clients/deploy/deploy-clients-to-windows-computers,,,,,,,,"""4gNY7QozW9gcoaIwWMt540keaqo=""","Tue, 01 Sep 2026 06:23:00 GMT",d3432a8c0e9a1b8706eff71005a6b7ca53c35f98,abb49f9e79dc191c3436c6a035402d1a9aa6e3199a59d19fe5452708c63245a6,,200,0c4ef6344a2f0229,2026-09-28T03:58:29Z
S-pswa3wmd,https://learn.microsoft.com/powershell/module/microsoft.graph.reports/get-mgdevicemanagementreportexportjob?view=graph-powershell-1.0,,,,,,,,"""O2ra8r8JbaccBgwcUNpUcXa0Qcs=""","Mon, 10 Aug 2026 21:43:22 GMT",dc8dccbe9f539943b5d2ee66ad1fcf530e2d8e1b,70928acb1680c8c06d429ff9d2db7e5fc03d8d363773eda7834f69ff3241ff6b,https://learn.microsoft.com/en-us/powershell/module/microsoft.graph.reports/get-mgdevicemanagementreportexportjob?view=graph-powershell-1.0&accept=text/markdown,200,d1fc5fcc7b5593aa,2026-09-28T03:58:30Z
S-ptvxamvq,https://learn.microsoft.com/defender-endpoint/offboard-machines,2026-09-26T00:00:00Z,,,,,,,"""CWj6VpgjbgJsf8flfkVhzpGYRyw=""","Wed, 09 Sep 2026 02:17:22 GMT",a514c4156ed52267386ba50a4b5e5db40bd3ea4c,f9637966240d99153a37dbcff3326b0854504ab76488afdcbeb28dfe31c2aa07,https://learn.microsoft.com/en-us/defender-endpoint/offboard-machines?accept=text/markdown,200,82eee08ff3838f0d,2026-09-28T03:58:31Z
S-pvo4qjfp,https://learn.microsoft.com/autopilot/device-preparation/reporting-monitoring,2026-09-26T00:00:00Z,,,,,,,"""VVc9UQUOwfQTzBCp0fRHtrL5K0A=""","Tue, 25 Aug 2026 05:29:52 GMT",184d0aec17abceeb6420120300cc3442a1e32cb6,d4773823f424293faeed63b9127d55fa3c8419f046176d5613519a3625630d41,https://learn.microsoft.com/en-us/autopilot/device-preparation/reporting-monitoring?accept=text/markdown,200,e675d59c6a9d8c27,2026-09-28T03:58:33Z
S-pwf7njbf,https://raw.githubusercontent.com/astral-sh/uv/0.12.19/docs/concepts/resolution.md,,,,,,,,"""0a60c5d58ee8bda8924760b4c47d5898727e41a1aad8451a7c0e8e2e9f5a3b9d""",,,db267778e9eed8e91043f1bb1c103f2e2a8699a5773be20c996af92c014bf867,,200,6a28d14f017689bc,2026-09-28T03:47:45Z
S-pxkxmmn5,https://docs.langchain.com/oss/python/langgraph/interrupts,2026-09-26T00:00:00Z,,,,,,,"W/""csma7v1cg1yaw2""",,,a17e10ae31e16b9b3980fa1d4e7c8b77bc7a5fa8512352f477ff7c5a8dfac68d,,200,e61b23da05a45c62,2026-09-28T03:41:09Z
S-pxvdwitn,https://www.anthropic.com/legal/commercial-terms,,,,,,,,,,,3d1f17d7eb064807eb776894a9133e7e4e06f815b21b69ee9484eaf6a6a43c63,,200,10bc57a79d3ae227,2026-09-28T03:41:05Z
S-pzhjwitg,https://learn.microsoft.com/powershell/module/exchangepowershell/search-unifiedauditlog?view=exchange-ps,2026-09-26T00:00:00Z,,,,,,,"""JxKPlobsEm67fakr7w4oN7k6lFM=""","Wed, 05 Aug 2026 10:08:33 GMT",dd55fbb621c1b79d87a97f7b3834db1bd469fdd5,bdda6ff8f8ddd3066d70b0d6bc2e47a4d870a26330817c1b93e038d1d2be36c7,https://learn.microsoft.com/en-us/powershell/module/exchangepowershell/search-unifiedauditlog?view=exchange-ps&accept=text/markdown,200,1664b791df13ccd6,2026-09-28T03:58:34Z
S-pzvndq5z,https://learn.microsoft.com/en-us/intune/configmgr/core/get-started/2019/technical-preview-1912,,,,,,,,"""eZFSIEZNRF6VGZbn8nSz7Z9dUIw=""","Mon, 28 Sep 2026 03:58:35 GMT",d3432a8c0e9a1b8706eff71005a6b7ca53c35f98,ef35971a4241858083e5a251256560f2278f48cbf4e975fcb201cca006df0888,,200,4587e98c14428091,2026-09-28T03:58:36Z
S-q2j6mx4q,https://learn.microsoft.com/windows/win32/adschema/a-msds-allowedtoactonbehalfofotheridentity,,,,,,,,"""LJAHE1DbSfh00hqPq51T2db2++g=""","Thu, 27 Aug 2026 02:25:37 GMT",cb870af942a8a334627c3b3f4ad23c7f49a0e70e,df29b7fad81a54f52cfca7c820419cd0f33afbe5d87615845bf535b7c41fde8a,https://learn.microsoft.com/en-us/windows/win32/adschema/a-msds-allowedtoactonbehalfofotheridentity?accept=text/markdown,200,a394c801580cf437,2026-09-28T03:58:36Z
S-q3ieo6m5,https://learn.microsoft.com/azure/update-manager/support-matrix,2026-09-26T00:00:00Z,,,,,,,"""R/22vsbh8lMD2ZKqNKnHoFks/4U=""","Thu, 24 Sep 2026 12:59:06 GMT",524e07c02a94f1f9fbb5cc7404058f2fff3c44b1,03312a828da4c93035fa57ea52ac0f695de832e23f394b7da436d6be3983f564,https://learn.microsoft.com/en-us/azure/update-manager/support-matrix?accept=text/markdown,200,383a4edc68d24b84,2026-09-28T03:58:38Z
S-q5hl3fyg,https://support.microsoft.com/en-us/topic/upcoming-changes-to-ntlmv1-in-windows-11-version-24h2-and-windows-server-2025-c0554217-cdbc-420f-b47c-e02b2db49b2e,,,,,,,,,,,cb2ecba185f54ddae860b4b61e5bbe3fd9ae1b3e0cab78c97ac2d58d52030dd8,https://support.microsoft.com/en-us/servicing/os/windows/docs/2025/08/upcoming-changes-to-ntlmv1-in-windows-11-version-24h2-and-windows-server-2025,200,feb4ac88c083dd3c,2026-09-28T03:40:21Z
S-q6lirjr2,https://learn.microsoft.com/microsoft-copilot-studio/admin-use-entra-agent-identities,2026-09-28T04:48:02Z,,,,,,,"""Hwo1Todc+jH7b5b6V2rs8vji43M=""","Tue, 15 Sep 2026 19:16:27 GMT",aafbe72b78aa51ec89c397fc92b469eafb15795f,c38ad16a29be7690f83749d4e7397707da405f72b384f7028fbbda73033f6d91,https://learn.microsoft.com/en-us/microsoft-copilot-studio/admin-use-entra-agent-identities?accept=text/markdown,304,f18f2ad86a1e317a,2026-09-28T04:48:02Z
S-q6ob42dw,https://api.github.com/repos/modelcontextprotocol/modelcontextprotocol/releases,,,,,,,,"W/""c6b2cb46e1ca6f788d5e72867048c8bea643b76541a759eced8493542efa106d""",,,c39a1d9d07b0b37447b4e93ea3e0b1c1478e3461c0a3d2201cccd286166626a6,,200,3b81aed418b06c70,2026-09-28T03:40:49Z
S-q7ach7kp,https://learn.microsoft.com/en-us/autopilot/add-devices,,,,,,,,"""LuHJAh6LCd1PCO03a939ILt6vrs=""","Mon, 24 Aug 2026 23:27:39 GMT",18fefae9d51869ddea51fadb07ab87ec368891d9,9b3d8f1c660b82c5e9329cc0d1607ea1c88a3cca54f7412371b1db72b89da23a,,200,58f2e222acb25d02,2026-09-28T03:58:40Z
S-q7b6fqko,https://learn.microsoft.com/graph/api/resources/intune-devices-devicemanagementscriptrunsummary?view=graph-rest-beta,,,,,,,,"""ZS1gBDdIshJNnMT1T9sutw+SS18=""","Wed, 26 Aug 2026 13:57:32 GMT",4b837f772f711c890ec02678db6b05845a40b419,d956f2f57c61962db70036f2afd2c6af85ac76cdbeab518475a210e783567687,https://learn.microsoft.com/en-us/graph/api/resources/intune-devices-devicemanagementscriptrunsummary?view=graph-rest-beta&accept=text/markdown,200,893b32d2fdc980cb,2026-09-28T03:58:41Z
S-qa267hnk,https://learn.microsoft.com/en-us/intune/configmgr/develop/reference/protect/isclientoperationallowed-method-in-class-sms_clientoperation,,,,,,,,"""KZrJ+yoLLF6FU+ip0ky25T6HmtM=""","Thu, 24 Sep 2026 01:06:23 GMT",2f58a01e679fc91dc8c8440846c254e1119681fd,a05014f9e1a5cbbd9faedaf405ab7269c8b3b7980d30fba4c42df26e9cb78f2f,,200,63c513370fc5b101,2026-09-28T03:58:42Z
S-qb6m7uly,https://learn.microsoft.com/en-us/powershell/scripting/install/installing-powershell-on-windows,2026-09-26T00:00:00Z,,,,,,,"""2v6VfigFe8wJs8q4qpufLZ5NuoU=""","Thu, 24 Sep 2026 23:15:48 GMT",b40c4284ea29b9d6fc657b5f5352db109eecaba9,37c418b067fe4fa2c579b841be67e9b02ce87f87e46f34f35dc284c0ced1086a,https://learn.microsoft.com/en-us/powershell/scripting/install/install-powershell-on-windows?view=powershell-7.6&accept=text%2Fmarkdown,200,e7bfef246707d106,2026-09-28T03:58:44Z
S-qbjmoh5m,https://learn.microsoft.com/defender-xdr/phishing-triage-agent,2026-09-26T00:00:00Z,,,,,,,"""sVciBnScJ0yWH3aisRj+Ub+rXXg=""","Mon, 24 Aug 2026 09:27:25 GMT",d4563b7bec2711e048051dfbb2d87aaf50ebce1c,7a2f1fb800683394bb9b468095809837823b8b4c873dcb2a26e1970511793179,https://learn.microsoft.com/en-us/defender-xdr/phishing-triage-agent?accept=text/markdown,200,3a37d26a5cd3c51c,2026-09-28T03:58:44Z
S-qbkbk5wb,https://learn.microsoft.com/windows/client-management/mdm/vpnv2-csp,2026-09-26T00:00:00Z,,,,,,,"""LJGyzn4OB0VUcuI3+mM1sF8ZZY0=""","Mon, 24 Aug 2026 03:06:27 GMT",8269809df6e300e724902513835ff722bec875db,d8cb1c6772f766a285ac8c0b91bc2260ec76f29b3c38d54ad7544e1ef05d138e,https://learn.microsoft.com/en-us/windows/client-management/mdm/vpnv2-csp?accept=text/markdown,200,df431eb5d1f30eb4,2026-09-28T03:58:45Z
S-qd4qftlt,https://learn.microsoft.com/en-us/deployedge/microsoft-edge-configure-kiosk-mode,2026-09-26T00:00:00Z,,,,,,,"""loXXvbM1SLNni/qSM4IrtybIUR4=""","Fri, 28 Aug 2026 01:45:29 GMT",19b94c02ef6092b4d999eed8583fdb3b39ff71ee,329d69ad70291dfada356dfbc4fb2f20a2630da5623fea5c4be2109a98e80702,,200,42ab44be5b1f1d2a,2026-09-28T03:58:46Z
S-qdep2dpy,https://raw.githubusercontent.com/microsoftgraph/microsoft-graph-docs-contrib/4ad99fd37a9e2e8538275a0a9cdff7907052f3ec/api-reference/v1.0/api/configurationsnapshotjob-delete.md,,,,,,,,"""c3295efc8d12fd559f0a4cab0753d0b873ba267443734bb2349709e3f9c8a0b0""",,,344471997bc4ce05b4ac1f835ec9228f2a5d02de037ff31c805670f8693e1b42,,200,937f51aa487a1b78,2026-09-28T03:47:46Z
S-qdxfqzln,https://code.claude.com/docs/en/agent-teams,2026-09-26T00:00:00Z,,,,,,,,"Mon, 28 Sep 2026 03:41:22 GMT",,1107338f9405ac1f848a5a488cbe5ba7edd50d84b3478512d1a60e1cfc61da60,,200,cecc7ddaa9678dc6,2026-09-28T03:41:22Z
S-qe32ky2d,https://learn.microsoft.com/intune/device-configuration/certificates/pkcs-profiles,2026-09-26T00:00:00Z,,,,,,,"""znE5ov4+mFvk01CeNrctharksFA=""","Tue, 25 Aug 2026 04:02:32 GMT",f3757732134ca1e0c0ee8a16b097b495e8f90462,311effc9ed6f70b8568dfc6ac4a8a66958538cecc457d76ad6f8ab5e97c5408c,https://learn.microsoft.com/en-us/intune/device-configuration/certificates/pkcs-profiles?accept=text/markdown,200,6925e32f6e939075,2026-09-28T03:58:48Z
S-qe4vs4v7,https://learn.microsoft.com/en-us/graph/api/intune-devices-manageddevice-windowsdefenderupdatesignatures?view=graph-rest-1.0,2026-09-26T00:00:00Z,,,,,,,"""kpwanEhDyjTwAHjsCpcEryqe5N4=""","Tue, 25 Aug 2026 07:29:47 GMT",c5bdea5b2d849451be9b260f1f9bbf3d27997198,534c7ad43967e90f18dfe53ac34982a05e26484772a8a643b042dbfb475c7fd6,,200,a99e4d2cd96de2e2,2026-09-28T03:58:48Z
S-qehphrta,https://learn.microsoft.com/intune/epm/troubleshoot-known-issues,2026-09-26T00:00:00Z,,,,,,,"""33Y/anUdTZkgxQQwhnB2Q+6yBzs=""","Tue, 25 Aug 2026 17:34:20 GMT",5c850b7f56d853bef57e600542102c22e6cc8bee,eb3ca3f0cc89dfa35c6f7e17bb13c1a44a8006b1e1aaf68fcdad98a842a7ebbf,https://learn.microsoft.com/en-us/intune/epm/troubleshoot-known-issues?accept=text/markdown,200,0aac70b83346b522,2026-09-28T03:58:50Z
S-qethz2s6,https://learn.microsoft.com/intune/configmgr/osd/get-started/manage-boot-images,2026-09-26T00:00:00Z,,,,,,,"""6UcCCazUoO9DT78ZqYj/udxbfxs=""","Tue, 01 Sep 2026 15:24:17 GMT",cfc4e1a6bb2a1f0d6f069bcc6b3d8b4d5ff0793a,dd8850f5ff48762979029d753532641206f6f63e350009774e3936a73ed467f8,https://learn.microsoft.com/en-us/intune/configmgr/osd/get-started/manage-boot-images?accept=text/markdown,200,c100928d538bac20,2026-09-28T03:58:52Z
S-qffa6b5k,https://learn.microsoft.com/graph/windowsupdates-concept-overview,2026-09-26T00:00:00Z,,,,,,,"""eQAlbEuuQyKktABzj3Sfa4NXy2E=""","Tue, 25 Aug 2026 08:31:28 GMT",5fc0ed402b4bac115685569cd66586d732610375,62ae83d1304724011493f4ff5a443216734bc6acc89edf8d583bef3392ad704f,https://learn.microsoft.com/en-us/graph/windowsupdates-concept-overview?accept=text/markdown,200,af0865c07a324984,2026-09-28T03:58:52Z
S-qfo4gvbb,https://learn.microsoft.com/en-us/intune/configmgr/core/servers/manage/updates,,,,,,,,"""P4sSAWcnG6B8l33bP0XoAJFnAuw=""","Tue, 01 Sep 2026 07:59:02 GMT",d3432a8c0e9a1b8706eff71005a6b7ca53c35f98,6da51797d50440dd622d5fab08eb41fd1a9d57a2aaf391aa0cc55a344c0a0df0,,200,186980c578ba1c73,2026-09-28T03:58:53Z
S-qftwfatf,https://learn.microsoft.com/intune/device-configuration/templates/configure-vpn,2026-09-26T00:00:00Z,,,,,,,"""wipeX67BuYXrYE35jcihiZpKGy0=""","Tue, 25 Aug 2026 06:14:26 GMT",a60f43f6f562ded6195ddd8d888335f2d8e11e73,32f891b9a0a2d08d00f68135b35791127360b3e889c2b3bdf64d605f9041c6a2,https://learn.microsoft.com/en-us/intune/device-configuration/templates/configure-vpn?accept=text/markdown,200,28966fd0f7b59cb0,2026-09-28T03:58:55Z
S-qgctvfuf,https://learn.microsoft.com/microsoft-365/copilot/extensibility/plugin-authentication,2026-09-26T00:00:00Z,,,,,,,"""RxskEMuOyiVW4Z62rcug1k6oN1M=""","Mon, 31 Aug 2026 20:56:01 GMT",52b9a6f36ac653ecfd875f44d790187e79f8f0ed,2a8b0338494aecc3e1171f78628d92599ac8b9fb59ef94a2651bea6d62bfc02e,https://learn.microsoft.com/en-us/microsoft-365/copilot/extensibility/plugin-authentication?accept=text/markdown,200,38e4da0a855f6a05,2026-09-28T03:58:56Z
S-qgwumz4k,https://raw.githubusercontent.com/astral-sh/ruff/0.16.9/docs/formatter.md,,,,,,,,"""0878afd08e689d86dfcda81019b0b9721045c7450fd031fb2d10545420afe58b""",,,99424dcc6c8c3dd37d9c10e8e12c0ddfec4130cf8eed4805958777a243ec6956,,200,24c47bf30759633a,2026-09-28T03:47:47Z
S-qhg622vy,https://learn.microsoft.com/intune/configmgr/sum/get-started/configure-classifications-and-products,2026-09-26T00:00:00Z,,,,,,,"""FHz6vv0hPDG1/lysHpCGUJcik00=""","Tue, 25 Aug 2026 15:03:38 GMT",063012bfda73a118b0e62b70c51b63514b26173d,c5a97eb665a5ca15b18719320afabc57d5f2a36fd30dac79add837018e95abfa,https://learn.microsoft.com/en-us/intune/configmgr/sum/get-started/configure-classifications-and-products?accept=text/markdown,200,28561923d0182040,2026-09-28T03:58:58Z
S-qhjsqrr5,https://raw.githubusercontent.com/Azure/azure-policy/7b0fa25ac055d8c3001d5205cd009cd119a289a5/built-in-policies/policyDefinitions/Guest%20Configuration/WindowsTimeZone_AINE.json,,,,,,,,"""b9738df3d37b229b7a0d9385cca45baa195c74131addb9357e7568f456dcdf58""",,,0d7128a15cbd40d40eee77a33265c3e0fde7a34f309ba8eb65c080fdd80d5c1c,,200,3e504b197e9aec26,2026-09-28T03:47:49Z
S-qhlzdpie,https://learn.microsoft.com/en-us/intune/configmgr/core/plan-design/changes/whats-new-in-version-2603,,,,,,,,"""I291jf89z1ZssElkIfpkt7LbLGY=""","Tue, 01 Sep 2026 12:14:09 GMT",d3432a8c0e9a1b8706eff71005a6b7ca53c35f98,19377ccf8b4afbea7fbee8c227a6f9be228b110a597dedf932581d44ba82cbec,,200,b4efa09710ef64ca,2026-09-28T03:58:58Z
S-qhrwmfgo,https://learn.microsoft.com/azure/foundry/openai/concepts/content-filter-prompt-shields,2026-09-26T00:00:00Z,,,,,,,"""s1rKIKxEU2g/drzVC8z0Y/5W/Os=""","Sat, 19 Sep 2026 00:12:15 GMT",215dd53ffbd9bd69b62e358605c95006802af884,398b2995f0dd78d17d64736d8d89b96c42d8904dead1b921575d3fcf82ff8e01,https://learn.microsoft.com/en-us/azure/foundry/openai/concepts/content-filter-prompt-shields?accept=text/markdown,200,b540838124f1b484,2026-09-28T03:59:00Z
S-qi55sa4p,https://learn.microsoft.com/windows/client-management/mdm/passportforwork-csp,2026-09-26T00:00:00Z,,,,,,,"""flxaAdWpC+vVDrWg4ou6rckoep8=""","Mon, 24 Aug 2026 06:41:49 GMT",ad108f436775eb2a29c03355e631c340c712880d,bdec5a21045b40f357b7ab1dc04344598bd559e5f3c2a18e381352db05994926,https://learn.microsoft.com/en-us/windows/client-management/mdm/passportforwork-csp?accept=text/markdown,200,abba65dcd17b7183,2026-09-28T03:59:01Z
S-qing6dzr,https://learn.microsoft.com/intune/app-management/configuration/configure-managed-apps,,,,,,,,"""ih3bsAPR6M9EVIpQ7yr75a18Sqs=""","Tue, 25 Aug 2026 02:40:52 GMT",a60f43f6f562ded6195ddd8d888335f2d8e11e73,f49d427218508d1c1f8a6c62306acd2ec0b96a0bcf07c58715b931f519be63d4,https://learn.microsoft.com/en-us/intune/app-management/configuration/configure-managed-apps?accept=text/markdown,200,d5b25920a548bbee,2026-09-28T03:59:03Z
S-qj44i4mg,https://learn.microsoft.com/entra/identity/hybrid/cloud-sync/migrate-connect-sync-cloud-sync-tool,2026-09-28T04:48:03Z,,,,,,,"""DzIaJQL68KtVsCmU6ufkjlPNTlU=""","Fri, 18 Sep 2026 17:24:36 GMT",7169b0812ce5135aeefde8c0fcc58eebbe8edf90,fb22dc29750bb0324274534ce96a8f295e78493a227e449cac2defac4e2c8bc6,https://learn.microsoft.com/en-us/entra/identity/hybrid/cloud-sync/migrate-connect-sync-cloud-sync-tool?accept=text/markdown,304,f88cbec64780595c,2026-09-28T04:48:03Z
S-qj62oq2o,https://learn.microsoft.com/intune/app-management/protection/mam-without-enrollment,2026-09-26T00:00:00Z,,,,,,,"""Ps2kATs4u89lZrA6oZ0KChxtbYk=""","Mon, 24 Aug 2026 23:43:19 GMT",a60f43f6f562ded6195ddd8d888335f2d8e11e73,9c952c8d9aac6a945e293f0febd4947fbdc9bb98d5b40610c3887a7204be64d7,https://learn.microsoft.com/en-us/intune/app-management/protection/mam-without-enrollment?accept=text/markdown,200,f3f7031cc8ae5619,2026-09-28T03:59:05Z
S-qjd54t3z,https://learn.microsoft.com/en-us/intune/intune-service/protect/compliance-policy-create-windows,2026-09-26T00:00:00Z,,,,,,,"""6wTeUJeFyOOjTVUalYPm5jLRdhw=""","Thu, 17 Sep 2026 23:35:04 GMT",b13bacf4824a15b441888cfbe87677538713fdbf,9562b7eacbaac055b45a35cb09cff47a7a9edc1dbdc6e2e6e4bb33e001ba8265,https://learn.microsoft.com/en-us/intune/device-security/compliance/ref-windows-settings?accept=text%2Fmarkdown,200,66b2ea84041f2ec7,2026-09-28T03:59:06Z
S-qjixnw4g,https://learn.microsoft.com/intune/app-management/protection/overview,2026-09-26T00:00:00Z,,,,,,,"""cy5Rg32ZtRknnG/OHHPfl/NDdv8=""","Mon, 24 Aug 2026 22:38:28 GMT",a60f43f6f562ded6195ddd8d888335f2d8e11e73,7c14c6fd2dcadc85b06b255579733aac49e4abe67e30b50b1245ee5e27e4d350,https://learn.microsoft.com/en-us/intune/app-management/protection/overview?accept=text/markdown,200,4f72ed20d0e7e50d,2026-09-28T03:59:07Z
S-qkecle6c,https://learn.microsoft.com/en-us/previous-versions/sql/sql-server-2008-r2/ms188676(v=sql.105),,,,,,,,"""ZlZOHrR2B9UqXxrRiasQAPQlAzk=""","Tue, 31 Mar 2026 00:19:05 GMT",edc4dccc8663fa2ba82c49d775b1815d48b6782b,ac800fa3b97b64995e2faa9af012bfd2a8829bdf606b704b8893f72b3e304354,,200,508fcd556d776437,2026-09-28T03:59:08Z
S-qkxsdf32,https://github.com/microsoft/Microsoft365DSC/tree/294f4fdc2bfa3ee7194916c48fe2f0ecb0c2075d/Modules/Microsoft365DSC/DscResources,,,,,,,,"W/""032f581a300772e65ed2a780673cf1c0""",,,252f9b436f1c64def831671b66979be5188b4ee0f2e014ca95e2f7f08267d314,https://github.com/Microsoft365DSC/Microsoft365DSC/tree/294f4fdc2bfa3ee7194916c48fe2f0ecb0c2075d/Modules/Microsoft365DSC/DscResources,200,56a2762b908d4412,2026-09-28T03:41:59Z
S-qkyfycn6,https://learn.microsoft.com/azure/sentinel/normalization-parsers-overview,,,,,,,,"""oMyt8gaJ17QXEeANbX6j+HBLSTM=""","Mon, 24 Aug 2026 09:18:49 GMT",6b93986c5a1d6d4a58fc7ae9351fb1cdc648ef1b,be4f38221895d3acae33f7af8d834c07b4aafc81dfe297b31ec9b9c412fde03e,https://learn.microsoft.com/en-us/azure/sentinel/normalization-parsers-overview?accept=text/markdown,200,88013236aba31915,2026-09-28T03:59:09Z
S-qlnd73w2,https://raw.githubusercontent.com/microsoft/Microsoft365DSC/70a46e5b21a358e03d6dda4862d528f19df76383/docs/docs/blog/2026/utcm-transition/utcm-transition.md,,,,,,,,"""8081db126efa42203c41294b14fe6ed9960e1e9b1108ae3855cf1e2ad9fabb0b""",,,d24249fe10cab54bcf8727174e1d6e23aeb53667af09f6152d15d5c605862957,,200,a738dbb2226308aa,2026-09-28T03:47:50Z
S-qmi72hvd,https://learn.microsoft.com/azure/sentinel/microsoft-sentinel-onboard,2026-09-26T00:00:00Z,,,,,,,"""c8bMPXHvAURWZFIQ4c5CPHh5Z84=""","Wed, 23 Sep 2026 09:55:39 GMT",030b9c1d697b4bbb618a1f74d38370ead5215f8e,ca11feec9ff7c5c8a7dcb8a5ae66403dc2fcf7b53ddd85f62d205d0cf49b7b26,https://learn.microsoft.com/en-us/azure/sentinel/microsoft-sentinel-onboard?accept=text/markdown,200,2b003fcd4833371e,2026-09-28T03:59:10Z
S-qnpsgfc5,https://learn.microsoft.com/intune/user-help/company-portal/intune-app-linux,2026-09-26T00:00:00Z,,,,,,,"""4WEGc081uX7mAKNTf+D5sR72l8M=""","Mon, 24 Aug 2026 23:44:44 GMT",6766a3fa31b0535bb2d21754f137923acabd32ec,6715b85a04edac011b115bf47ba1cb7bb5dcd998601ee01af5c88633685b567e,https://learn.microsoft.com/en-us/intune/user-help/company-portal/intune-app-linux?accept=text/markdown,200,b4b0879831ebce09,2026-09-28T03:59:11Z
S-qo6uqong,https://raw.githubusercontent.com/astral-sh/uv/0.12.19/docs/concepts/projects/config.md,,,,,,,,"""da6377e049094cb2692a075182aca4a0c410fb6668b88f92bd9da419b120157d""",,,3560fcce878fca80658df6ccb3bb7b24d1cdbe9e75c0a7c58d25e3b61775e8f2,,200,c882ab252f8af2b3,2026-09-28T03:47:51Z
S-qpjly7jd,https://learn.microsoft.com/azure/update-manager/update-manager-faq,2026-09-26T00:00:00Z,,,,,,,"""M1T+jLnOLl1q7C39JHFSa30Urf4=""","Thu, 24 Sep 2026 13:40:51 GMT",524e07c02a94f1f9fbb5cc7404058f2fff3c44b1,4bd43747c545a8c30191e0d0a82fed78935dc66bfad68ca70042830f727ec4bd,https://learn.microsoft.com/en-us/azure/update-manager/update-manager-faq?accept=text/markdown,200,8a2d970fc027a228,2026-09-28T03:59:12Z
S-qpqoaaqj,https://platform.claude.com/docs/en/agents-and-tools/mcp-connector,2026-09-26T00:00:00Z,,,,,,,,,,279106a8e2aa4217f54868876eacc7fa30f8552fd430d69ac16f3d5806243260,,200,732e861716cb79bd,2026-09-28T03:40:37Z
S-qqaa5jqp,https://learn.microsoft.com/powershell/module/microsoft.graph.authentication/invoke-mggraphrequest?view=graph-powershell-1.0,2026-09-26T00:00:00Z,,,,,,,"""brBW86k7lbF+GCGtmWmLH3MUsyU=""","Wed, 05 Aug 2026 09:41:30 GMT",4a2f4c6cb038ed70d0985a54885ffa8b55b2a42f,63e184bbc4771a16690336f3d2587fadc51fc076549e1ff383f1196ac8a106e8,https://learn.microsoft.com/en-us/powershell/module/microsoft.graph.authentication/invoke-mggraphrequest?view=graph-powershell-1.0&accept=text/markdown,200,d2f03f947adb9b9b,2026-09-28T03:59:14Z
S-qqxrnbd5,https://learn.microsoft.com/en-us/intune/configmgr/develop/reference/compliance/sms_dcmdeploymentcompliantdetailsperasset-server-wmi-class,,,,,,,,"""e75vWofaRTSym2hKzNxFeElxDec=""","Thu, 24 Sep 2026 01:15:01 GMT",2f58a01e679fc91dc8c8440846c254e1119681fd,b79f79934665f5dccddcb47e2e6ee1d825732a0e9e452d7fac6c5ae7eddc714b,,200,c9033b978b7a1527,2026-09-28T03:59:14Z
S-qrxf7f4h,https://learn.microsoft.com/windows-365/enterprise/windows-365-boot-guide,,,,,,,,"""ybTfWudeUQJYIzhgs9CJAlLAZA0=""","Thu, 27 Aug 2026 13:53:18 GMT",2f59778bd8d6d787002bc775d57c84c5593f2ad5,02d90303787a8e7a175e730febffe045565e5caf1d703cc882d94bdb92d2b467,https://learn.microsoft.com/en-us/windows-365/enterprise/windows-365-boot-guide?accept=text/markdown,200,0cb5d491dbc14089,2026-09-28T03:59:16Z
S-qrxvz4ph,https://privacy.claude.com/en/articles/8956058-i-have-a-zero-data-retention-agreement-with-anthropic-what-products-does-it-apply-to,,,,,,,,,,,bf20108895a1e72c6e5aa37fa895fae0c96547322d891cb1d26168feea043006,,200,01472436aa8de221,2026-09-28T03:41:07Z
S-qscera6a,https://raw.githubusercontent.com/python-ldap/python-ldap/python-ldap-3.4.8/Doc/reference/ldap.rst,,,,,,,,"""86f3b8ad56d021cffbeb048f6ca61da46298fdaa78b2806fe89f121fe6ca7d55""",,,2a00cf0021788b896f7b9ee7f5ea41ac59646b5efcadac18e2fa0b723df0a9df,,200,f8af6031d8cd4ea2,2026-09-28T03:47:52Z
S-qso27noq,https://github.com/github/gh-aw,,,,,,,,"W/""5e156e9efe39b8675e132181ec31a73b""",,,708333eeb07a78c0c38f14c52198ee790d112e1b9efa9b17c111d25c1cdd20dc,,200,1e86bb896c8cd220,2026-09-28T03:42:00Z
S-qso6o6wu,https://platform.claude.com/docs/en/build-with-claude/handling-stop-reasons,2026-09-26T00:00:00Z,,,,,,,,,,93020a74e0a2b4a6fc97c10cf3079ce13a4d4d53b68009285d8b9e5a9e0049be,,200,3c6677a61d81418d,2026-09-28T03:40:38Z
S-qt5r5zbp,https://learn.microsoft.com/defender-endpoint/machine-tags,2026-09-26T00:00:00Z,,,,,,,"""C1ewnaxg+Inymyl/6QVFodHZUL4=""","Mon, 24 Aug 2026 09:21:31 GMT",d9a6684b0b2cb04a666e7e57fa91f2f9cc550e3f,e44540bf85f8dcea1a3836503791bc6250697c04cff78a43e1622cac4d4cfbd2,https://learn.microsoft.com/en-us/defender-endpoint/machine-tags?accept=text/markdown,200,8faeccb64602d520,2026-09-28T03:59:17Z
S-qu7z6wlo,https://learn.microsoft.com/graph/api/resources/conditionalaccessfilter?view=graph-rest-1.0,2026-09-28T04:48:04Z,,,,,,,"""PDQPjsPWt5RraLnyP4TmNBucNQI=""","Wed, 26 Aug 2026 01:10:05 GMT",03c4645cc08d7623a901721b85a94db5c3b7fb77,459196f0f6b101630be490ef3364da43672ee5a2566ef520ed6a55c61b4f7d22,https://learn.microsoft.com/en-us/graph/api/resources/conditionalaccessfilter?view=graph-rest-1.0&accept=text/markdown,304,afc9f8db4d4800c0,2026-09-28T04:48:04Z
S-qulvb6va,https://learn.microsoft.com/defender-endpoint/configure-proxy-internet,2026-09-26T00:00:00Z,,,,,,,"""59+gc2BLTT8RuSI+QivZVvdsJeA=""","Wed, 23 Sep 2026 11:55:30 GMT",09d98915f95b6a032756a7e308f48d00c9a6989b,2de5cddb69caa3a0b2e39ead0150e4fefaec41b18db4f545abde8c60b1bd956c,https://learn.microsoft.com/en-us/defender-endpoint/configure-proxy-internet?accept=text/markdown,200,8ef0c6dc0b232187,2026-09-28T03:59:19Z
S-qvogwadn,http://web.archive.org/cdx/search/cdx?url=learn.microsoft.com/en-us/intune/configmgr/core/understand/introduction,,,,,,,,,,,1fee8632b665af26617aad292a101824f009203da58448bf1314926e31672200,,200,9a4f6b7f3b9b1fb2,2026-09-28T03:39:37Z
S-qvsjnnqo,https://learn.microsoft.com/azure/azure-monitor/logs/tutorial-logs-ingestion-portal,2026-09-26T00:00:00Z,,,,,,,"""sDH7j3j3pxuahxztUpNhCev8gVw=""","Tue, 01 Sep 2026 04:40:22 GMT",bb58fcdb451d4255b7e36e1d03a9795a3e1ed3ce,5cb8ef7b2119caa3c3ebb1547d3016f21c516d550c9e29e062e0268b1876bf1a,https://learn.microsoft.com/en-us/azure/azure-monitor/logs/tutorial-logs-ingestion-portal?accept=text/markdown,200,8d6edac1bd8d1680,2026-09-28T03:59:20Z
S-qwmc4yvw,https://learn.microsoft.com/entra/identity/hybrid/connect/how-to-connect-device-writeback,2026-09-28T04:48:06Z,,,,,,,"""Mx0Alg048YjfqJZ5s80MfzS8ylE=""","Fri, 18 Sep 2026 12:17:00 GMT",89033f49670b05030f05cd9a57e7372c33fbecb4,dc26d511fd520af6ef577b9cc8dbb101f11b340c44ab5938c34fb8dbd8b359c7,https://learn.microsoft.com/en-us/entra/identity/hybrid/connect/how-to-connect-device-writeback?accept=text/markdown,304,cf2e38177c744093,2026-09-28T04:48:06Z
S-qyv3zd3o,https://learn.microsoft.com/intune/copilot/agents/change-review-agent,2026-09-26T00:00:00Z,,,,,,,"""Qd/G/xY7F2MKLQeCSu8lafiuj2M=""","Wed, 26 Aug 2026 09:35:31 GMT",f744488bfbe40a6403067f4eddd612317b2652e4,617df7a8436fa10c5cb88afe2c920ed76a57971b3c04b171724de670452eb5b3,https://learn.microsoft.com/en-us/intune/copilot/agents/change-review-agent?accept=text/markdown,200,d15ebd54a581e880,2026-09-28T03:59:23Z
S-qyxi4l4m,https://learn.microsoft.com/intune/configmgr/osd/plan-design/infrastructure-requirements-for-operating-system-deployment,,,,,,,,"""zSt052AoQIbr7qSetzh8dvr9Rm8=""","Wed, 02 Sep 2026 06:11:39 GMT",cfc4e1a6bb2a1f0d6f069bcc6b3d8b4d5ff0793a,b0c036ef1994c05b63a2572ee7f560e931ad420bc2b9ed687f55fdc65c24f674,https://learn.microsoft.com/en-us/intune/configmgr/osd/plan-design/infrastructure-requirements-for-operating-system-deployment?accept=text/markdown,200,c536351628a91095,2026-09-28T03:59:24Z
S-qz6chi2l,https://learn.microsoft.com/windows/ai/mcp/servers/mcp-server-overview,2026-09-26T00:00:00Z,,,,,,,"""YarhHvWKSXA3X1mgBSevUnZOIGM=""","Wed, 26 Aug 2026 21:52:20 GMT",e3de0d5382f16df2ff850510bbb1763253fa8042,0bac64e6c258556b0e4221aa2726c99427b793b9d9ad15f5562814a3378c9452,https://learn.microsoft.com/en-us/windows/ai/mcp/servers/mcp-server-overview?accept=text/markdown,200,25c2e7d72e886307,2026-09-28T03:59:25Z
S-r33zxv3s,https://learn.microsoft.com/azure/azure-monitor/fundamentals/service-limits,2026-09-26T00:00:00Z,,,,,,,"""M6RaXVgkKF9v4V8JcyZN5mGVvn0=""","Wed, 23 Sep 2026 06:11:21 GMT",fd0af3bfd6cbc94a2a815bd55f498ff8f4d0a454,d503233a67632fad677ff6d0682393cb1fdaed93c56c2328b7327ed58c7272d8,https://learn.microsoft.com/en-us/azure/azure-monitor/fundamentals/service-limits?accept=text/markdown,200,78501896e16d9552,2026-09-28T03:59:26Z
S-r3cngad7,https://learn.microsoft.com/powershell/module/microsoft.powershell.core/new-psrolecapabilityfile?view=powershell-7.6,,,,,,,,"""4n3aJ7XdGah9tVVKiAZQGjydm5M=""","Fri, 25 Sep 2026 22:04:06 GMT",918194e64e55e8ff165d23a3712b6c446ea5344f,7cc14c4cf3e6a65f6e9ab9a286db8fad5b72e225aae2c805b837692c665f3a91,https://learn.microsoft.com/en-us/powershell/module/microsoft.powershell.core/new-psrolecapabilityfile?view=powershell-7.6&accept=text/markdown,200,313dd76342cd7153,2026-09-28T03:59:28Z
S-r3nam2zs,https://code.claude.com/docs/en/plugins/create-marketplace,2026-09-26T00:00:00Z,,,,,,,,"Mon, 28 Sep 2026 03:41:23 GMT",,b332ba0885ac037f33c753556c7d2df7c8f4aabe6b88274d452fc301d33890ac,,200,30222805351caec1,2026-09-28T03:41:23Z
S-r3t6wvk5,https://getsops.io/_print/docs/,,,,,,,,"""76b56545ace66233a33fe71caf0bcf74-ssl""",,,05f3c692031ba35ca6591a357833b67f53169e99285e1125b17b2ef5b85ce111,,200,c1cad85fb2b347fd,2026-09-28T03:41:03Z
S-r4egujgz,https://developers.openai.com/api/docs/guides/tools-connectors-mcp,2026-09-26T00:00:00Z,,,,,,,"""6f6248f5cb47d8fe38ea377f166f9908""","Mon, 28 Sep 2026 01:32:20 GMT",,4e6e61b85564cc997c4ffa36d12c7a8e1c09dabefc46158d0b9b806dc7b8e300,,200,35fdb51a18d23077,2026-09-28T03:40:57Z
S-r4klpeuf,https://learn.microsoft.com/azure/sentinel/quickstart-onboard,,,,,,,,"""wwwo8yuV4a4cb1mJqWcNaD2ulFQ=""","Wed, 23 Sep 2026 11:51:46 GMT",030b9c1d697b4bbb618a1f74d38370ead5215f8e,0f1ae6de658bc81c3c846a6a795b68b995265e2398e3166f9dce898983390a07,https://learn.microsoft.com/en-us/azure/sentinel/quickstart-onboard?accept=text/markdown,200,160c0ad59ff13307,2026-09-28T03:59:30Z
S-r4s5o7eh,https://learn.microsoft.com/en-us/power-bi/guidance/translation-builder-localize-label,,,,,,,,"""eE6FDExoJdpI9of9eocIpYKNRic=""","Thu, 03 Sep 2026 15:44:08 GMT",d4079683121bcac51bba6c6657f9ed178a66cf7f,16134ba6771c6eaa718ec407ae169794d4f97851d939bb64df6fed9731f7a5f1,,200,85b0b3da41e240fb,2026-09-28T03:59:30Z
S-r5sb2fwp,https://learn.microsoft.com/intune/epm/deployment-planning,2026-09-26T00:00:00Z,,,,,,,"""GWGVwpMjaEC7+9Wmo6lBpTQwA0c=""","Tue, 25 Aug 2026 16:21:10 GMT",a60f43f6f562ded6195ddd8d888335f2d8e11e73,f91649f8a632b2921519abac9be154a987431b1c8e68721074084659b1737d9b,https://learn.microsoft.com/en-us/intune/epm/deployment-planning?accept=text/markdown,200,8d82fdcd210d7624,2026-09-28T03:59:31Z
S-r6vi3iik,https://www.rfc-editor.org/rfc/rfc4120.txt,,,,,,,,"W/""f95332f70f18eb9252756c7e2accc141""",,,368d3cd1a4248e361799e3ebb2dbd124ec4fb14651e2188b77b392b66463f75b,,200,fa91e969b2c1e587,2026-09-28T03:41:13Z
S-r7vkbj73,https://learn.microsoft.com/en-us/defender-xdr/advanced-hunting-devicetvmsoftwareinventory-table,2026-09-26T00:00:00Z,,,,,,,"""yPCAG0K5Su5pqm/DQ4gTHzMyGbQ=""","Mon, 24 Aug 2026 15:00:20 GMT",3b42e1ffb4580e499776312b6bd7d452c16bea72,962165bbfe6663e47a6e69a1fcf651a0c1d71f0db920ed4ffa4a4424c25f2f61,,200,a93777070f8cb9b6,2026-09-28T03:59:32Z
S-r7wru3uo,https://learn.microsoft.com/entra/identity/conditional-access/concept-conditional-access-conditions,2026-09-28T04:48:07Z,,,,,,,"""pPSuBMLOPnWdbi1+wiQ5Zp7pFFk=""","Mon, 24 Aug 2026 12:41:17 GMT",1ad936e3189f0c571a3481218b582b29dd0c3a43,ecacc73e53049a303e1ba6e53c96c1be2c8e7b0e782c6adead6830e864c90eb2,https://learn.microsoft.com/en-us/entra/identity/conditional-access/concept-conditional-access-conditions?accept=text/markdown,304,41af3c37e52ed732,2026-09-28T04:48:07Z
S-raqjhvyk,https://learn.microsoft.com/purview/audit-log-enable-disable,,,,,,,,"""z8mW5QYzvgx7FEStABUXSQ0hRgw=""","Mon, 24 Aug 2026 08:14:55 GMT",69554005e5bd84ea3ac73051fc1b051a171bc883,0ea00aadd552c63ce141ad39cbd80604248086f46f14875318446e200553131b,https://learn.microsoft.com/en-us/purview/audit-log-enable-disable?accept=text/markdown,200,621c1780f1aa7429,2026-09-28T03:59:35Z
S-rasraulp,https://learn.microsoft.com/graph/api/agentidentityblueprint-get?view=graph-rest-1.0,2026-09-28T04:48:08Z,,,,,,,"""cg6AgTDHIkMOaBM9vKfrW5qGHpo=""","Wed, 26 Aug 2026 07:50:27 GMT",ac8623553c5627e7bdf1daa25d1173d60fd64d81,bce4bec0b56828c56b8f7b47854a58411656b4db1246d4e867ff87f69f56f7b4,https://learn.microsoft.com/en-us/graph/api/agentidentityblueprint-get?view=graph-rest-1.0&accept=text/markdown,304,a233123859fc4008,2026-09-28T04:48:08Z
S-rb7ssjjy,https://learn.microsoft.com/entra/identity/hybrid/connect/how-to-connect-sync-configure-filtering,2026-09-28T04:48:09Z,,,,,,,"""LguzWG15AnJ5BDJGYY6+uL2pdw0=""","Fri, 18 Sep 2026 00:46:31 GMT",89033f49670b05030f05cd9a57e7372c33fbecb4,6387294ca3a3f98c274f59181eb6965c525498ac166e5a0d11605c1a2c75dc2f,https://learn.microsoft.com/en-us/entra/identity/hybrid/connect/how-to-connect-sync-configure-filtering?accept=text/markdown,304,d5dcf06d79da4e70,2026-09-28T04:48:09Z
S-rdfxhqsp,https://learn.microsoft.com/intune/device-enrollment/apple/setup-automated-macos,2026-09-26T00:00:00Z,,,,,,,"""VIIN8U1l24WFfjTgQpbVWM1W16k=""","Wed, 26 Aug 2026 08:09:51 GMT",6f2b1d1df678cfc15b311fa08298e75610459610,c321902be2d7e7785a4c0750692f910613eb35be10872d056a667f9998f3b873,https://learn.microsoft.com/en-us/intune/device-enrollment/apple/setup-automated-macos?accept=text/markdown,200,dca771baeb802f67,2026-09-28T03:59:38Z
S-rek3chkd,https://learn.microsoft.com/windows-server/get-started/removed-deprecated-features-windows-server,2026-09-26T00:00:00Z,,,,,,,"""u5y6kHqSgG2BfZSL72pDPyaKhJY=""","Tue, 25 Aug 2026 22:46:30 GMT",6b54529af3a0387872d767689f83822624bd12b3,4b7536016a1b3b81735f799aced7497bb8edafe52e58c6df90a8d53ce85daea9,https://learn.microsoft.com/en-us/windows-server/get-started/removed-deprecated-features-windows-server?accept=text/markdown,200,eba52ffa18e5a498,2026-09-28T03:59:39Z
S-rfm4qs32,https://learn.microsoft.com/en-us/security/zero-trust/security-adoption-scenario-secure-ai,,,,,,,,"""gS2qJRFJf2sNyPNMGoQjNm3i6Y4=""","Thu, 27 Aug 2026 13:26:47 GMT",499563a5e0d706184146ef03cf00084a802f9b36,55d40fed30dd7a2df00a2489f3c0335f1158437857b19b032a3c514d19680c81,,200,21c083641a5b83c3,2026-09-28T03:59:40Z
S-rfpmkpck,https://code.claude.com/docs/en/claude-directory,2026-09-26T00:00:00Z,,,,,,,,"Mon, 28 Sep 2026 03:41:24 GMT",,884a10d1e208e46aec474f231b5f8714b8f994fd6e229cb6195ef87622888fb6,,200,2c90bff2012bc7ac,2026-09-28T03:41:24Z
S-rgpijsmb,https://api.github.com/repos/MicrosoftDocs/memdocs/commits/d3432a8c0e9a1b8706eff71005a6b7ca53c35f98,,,,,,,,"W/""f54a1056238fe959617361dea64b824ccf75991a12f791fb7da96e27e554b984""","Mon, 31 Aug 2026 17:19:36 GMT",,b6279d1d66f9665bd17e7229681e0983e9adfc4f76d33889b6bedb9bd25cc007,,200,08034e2c5fbf002d,2026-09-28T03:39:21Z
S-rgy4dvjf,https://raw.githubusercontent.com/github/docs/18945a31a4f2d97beb6c5c1a7479102e23c25727/README.md,,,,,,,,"""3909856f30420cd263599857eb3efee6d7173bade0fb1e3ea138769da5219953""",,,29cb520c4c1d52e82979310edf1d6de19c3cdcf0a5aaee7dfde7524d4677dff1,,200,62f215918c969088,2026-09-28T03:47:53Z
S-rhemzip3,https://learn.microsoft.com/windows/deployment/update/wufb-reports-configuration-intune,,,,,,,,"""qghHxmvJ76WvA76T7SOCkIeXePM=""","Wed, 26 Aug 2026 08:31:23 GMT",8c73a53d222e95ab480d2e88bd8124ac3e3dba97,204881ec2a447931e8c51ba18e83b4162aa88d40c6d18e1225859016f813808d,https://learn.microsoft.com/en-us/windows/deployment/update/wufb-reports-configuration-intune?accept=text/markdown,200,055dd96cff371236,2026-09-28T03:59:41Z
S-rirjtdlh,https://developer.hashicorp.com/vault/docs/secrets/transit,,,,,,,,"""17ulocto6cu77t2""",,,609aec150f00db0f56ad386e8ef7267702a4091a73a7d547326e4ed8a0bc072f,,200,11a5edbed379d87b,2026-09-28T03:41:03Z
S-rivqro7b,https://gitlab.com/gitlab-org/gitlab/-/raw/9f1632e2d74cf3c87fce2513c999c6cf84a97ab4/doc/user/project/merge_requests/auto_merge.md,,,,,,,,"""d47d3fd452166db84fb70838e36fd1f1""",,,66048df310121ab5ec532773b5d3db43ea561df732277d1bc3bd1a03189b7ad2,,200,ada53d7d353b443b,2026-09-28T05:19:04Z
S-rji5dyla,https://modelcontextprotocol.io/extensions/overview,2026-09-26T00:00:00Z,,,,,,,,"Mon, 28 Sep 2026 03:41:11 GMT",,9ee19f90cd02eb14a3b353ef6013dcf85e39649a365b955743d3469c11f79a46,,200,ceee65284d7cbe44,2026-09-28T03:41:11Z
S-rjiy4cip,https://learn.microsoft.com/intune/endpoint-analytics/startup-performance,2026-09-26T00:00:00Z,,,,,,,"""NgNXTHdobHjkNT4J1pJ1Sk3Nar0=""","Tue, 25 Aug 2026 00:50:17 GMT",3ecdb7650aa4f2e271263e5f5d02ad87b6236d01,7ef45ab79ede99a30ffe87c1298d9de69061d1958d4f67ad359e00c48b0ac916,https://learn.microsoft.com/en-us/intune/endpoint-analytics/startup-performance?accept=text/markdown,200,76d6f442417a3a73,2026-09-28T03:59:43Z
S-rjw74jiz,https://code.claude.com/docs/en/agent-sdk/permissions,2026-09-26T00:00:00Z,,,,,,,,"Mon, 28 Sep 2026 03:41:25 GMT",,f8f57a7ead76aee75292b1f7b25b27fed56fba48b0413ec3c392b7b5f2b78a8b,,200,39032806dd9facb0,2026-09-28T03:41:25Z
S-rl4z6q5b,https://modelcontextprotocol.io/registry/versioning,2026-09-26T00:00:00Z,,,,,,,,"Mon, 28 Sep 2026 03:41:12 GMT",,331a96ed25d0c5e26e05152dc468eea1072c0b3008c8e0df5150d1b9b55bcf92,,200,0d21b6dd402acb06,2026-09-28T03:41:12Z
S-rle6nqpc,https://raw.githubusercontent.com/python/cpython/v3.14.7/Doc/library/sqlite3.rst,,,,,,,,"""4e81c10c28b0717e57d1c6b7e73b1f24a39180bafb57b27a31c59f371679da4a""",,,1e8648afcec920fbb1b8935a15fa2850db98b56301ca892f3ed0a527df9835ac,,200,cd236e0863d2d873,2026-09-28T03:47:54Z
S-rljokguo,https://learn.microsoft.com/en-us/intune/configmgr/core/servers/manage/list-of-reports,,,,,,,,"""ke/X7Mq1tSDbWxPz5uJ/+mabxHs=""","Thu, 03 Sep 2026 00:45:17 GMT",d3432a8c0e9a1b8706eff71005a6b7ca53c35f98,5e97adf4b05ac4144002a0eb55636b9bb19286a7a9dd0555ff56497785dd5bab,,200,3cb791c9f53e8c03,2026-09-28T03:59:44Z
S-rm7qmev7,https://learn.microsoft.com/intune/configmgr/core/servers/manage/use-status-system,,,,,,,,"""oc4zP+gCTkUXWbUiXmel8YQxTLg=""","Thu, 03 Sep 2026 14:29:20 GMT",d3432a8c0e9a1b8706eff71005a6b7ca53c35f98,81a302e5404b219c2b452758939ef74b36f933954395b72156e4d2e8e8d16577,https://learn.microsoft.com/en-us/intune/configmgr/core/servers/manage/use-status-system?accept=text/markdown,200,9afc1f2ac3299134,2026-09-28T03:59:46Z
S-rnafxj57,https://learn.microsoft.com/intune/copilot/agents/manage-vulnerability-remediation-agent,2026-09-26T00:00:00Z,,,,,,,"""nXPBqKvRyXrSmHcNjvgRmDKSY4Q=""","Tue, 25 Aug 2026 05:36:56 GMT",a60f43f6f562ded6195ddd8d888335f2d8e11e73,334d536b905c79dbacd583423653dcbcf7218688ab511af52364896e9eb5f362,https://learn.microsoft.com/en-us/intune/copilot/agents/manage-vulnerability-remediation-agent?accept=text/markdown,200,897bda9089326d04,2026-09-28T03:59:47Z
S-rp4dtt4w,https://code.claude.com/docs/en/plugins/org,2026-09-26T00:00:00Z,,,,,,,,"Mon, 28 Sep 2026 03:41:26 GMT",,c6e65866fde27f6502d253bded3b0751c38bb77de0e969448cb1b0bab0a37c62,,200,d212f32ef78fda0a,2026-09-28T03:41:26Z
S-rparnwbm,https://learn.microsoft.com/en-us/windows-server/identity/ad-ds/active-directory-functional-levels,,,,,,,,"""bKhGgTejVITqIByH65APyjJN/8A=""","Wed, 26 Aug 2026 04:57:29 GMT",6dd2bb888a637412b091d421dab23ed1e09d52e7,20a1f4aba31be0750709c3589cf08ca1527efb682a5c0b6dd40c63fed21fff8a,,200,e78e0740ffcf123b,2026-09-28T03:59:48Z
S-rqjvl632,https://www.zenml.io/llmops-database/auto-generated-codebase-documentation-and-intelligence-at-scale,,,,,,,,,,,43e958c60e32b4c9b2539c2de19e8ce61c791a1931f094dc1b2954d960ab887e,,200,b2f0be9e6261ea3b,2026-09-28T03:41:14Z
S-rqk5odum,https://learn.microsoft.com/microsoft-365/copilot/extensibility/plugin-authentication-entra-sso,,,,,,,,"""rGfUuJD4jSahGJ6BQ4zCs35n90I=""","Mon, 31 Aug 2026 22:20:47 GMT",a0b5089939f64a322f9e26730ddb85e9c024558f,f51a1f38c4f538272fe26cdd794451a2a39bc18b5818b9069aa88c14569aa1de,https://learn.microsoft.com/en-us/microsoft-365/copilot/extensibility/plugin-authentication-entra-sso?accept=text/markdown,200,924c219a4121ebed,2026-09-28T03:59:49Z
S-rrvvi6lx,https://learn.microsoft.com/en-us/windows/win32/secauthn/protocols-in-tls-ssl--schannel-ssp-,,,,,,,,"""o77MqSaJAlVjYbcBiuTVR2GStjc=""","Thu, 27 Aug 2026 02:16:05 GMT",508eb2ac5350943bcb102a5ecefd9c9a9719942d,23a35e1fd5027987298597ad081a8ff28e6ee52220311766fda0afab6dd1364c,,200,e0c66e0220a1e5b2,2026-09-28T03:59:50Z
S-rsfjlxrr,https://learn.microsoft.com/intune/device-configuration/settings-catalog/configure-platform-sso-scenarios-macos,2026-09-26T00:00:00Z,,,,,,,"""RKucr/e+I/UR15N3wNvT8TJV5+w=""","Wed, 16 Sep 2026 18:50:27 GMT",852e47b8a0443906a5bbd26f7ddc75f0e5bc9bc7,21544ecfacec6ae65844de8fa8e8b60e7f036cac250d420381cbecab306af94e,https://learn.microsoft.com/en-us/intune/device-configuration/settings-catalog/configure-platform-sso-scenarios-macos?accept=text/markdown,200,fadb8a17ff5c5470,2026-09-28T03:59:51Z
S-rsgl4z3v,https://learn.microsoft.com/en-us/graph/api/intune-devices-manageddevice-rotatelocaladminpassword?view=graph-rest-beta,2026-09-26T00:00:00Z,,,,,,,"""jx11qdwzTDzLiE8ZVrrlC6l1RH0=""","Wed, 26 Aug 2026 09:31:15 GMT",8b52aa93c9c8d9618282f2219f9d0220adfbc038,edde87704e924f2ac7d7c907258efd45ab1744279b00d2eb598ced355986fdf1,,200,69df5d28d90de08a,2026-09-28T03:59:52Z
S-rstajp7g,https://learn.microsoft.com/en-us/microsoft-copilot-studio/agent-extend-action-mcp,,,,,,,,"""L2+kYns2Noor3wymLkY7Q4rCGvM=""","Thu, 27 Aug 2026 19:06:27 GMT",8f9331473eb5eed360f5279f8e319e61d406a0c2,2bde3abe0c27675525b84247cf3b83a16e81fc5b942ff55a2a956e6b320e42b0,,200,919c30b94bfddfe8,2026-09-28T23:53:52Z
S-ruy2unms,https://learn.microsoft.com/intune/configmgr/core/plan-design/configs/support-for-windows-adk,2026-09-26T00:00:00Z,,,,,,,"""kFggCM9L8JUCgmRZve4mogHvT8U=""","Tue, 01 Sep 2026 07:59:23 GMT",d3432a8c0e9a1b8706eff71005a6b7ca53c35f98,73b1e75204c5f81c370e5d19f4bb559bbc16c14936114726bcbbe215817c7ac1,https://learn.microsoft.com/en-us/intune/configmgr/core/plan-design/configs/support-for-windows-adk?accept=text/markdown,200,4106160c52a70815,2026-09-28T03:59:55Z
S-rvnsf5ty,https://learn.microsoft.com/en-us/microsoft-copilot-studio/mcp-troubleshooting,,,,,,,,"""kC04vyfWuy2pJtudMTyRO1fUKV8=""","Thu, 27 Aug 2026 19:06:40 GMT",dddf595b0e6291cbe0644739b5d566e7efdcf09c,6c48d5b9d3eaf7de0d41f45221cd6c2edbbcf0b4cd5c9df3ec1f82b3b3abcf85,,200,06a907686cf8e4f2,2026-09-28T03:59:55Z
S-rvpreeft,https://learn.microsoft.com/en-us/intune/app-management/protection/enable-mam-windows,,,,,,,,"""Cs2FBFYvl7TKv945MFjGgGLmQ7M=""","Tue, 25 Aug 2026 21:47:22 GMT",b89468cf523726d0dbf067b46b8c53858e86aa8f,d068dd74e7487bbd92d877b59484a25a0d0982b058d7097ef9c5c670a98ac804,,200,af88f86300f79da8,2026-09-28T03:59:56Z
S-rwd5gx6b,https://learn.microsoft.com/en-us/powershell/scripting/whats-new/what-s-new-in-powershell-75,2026-09-26T00:00:00Z,,,,,,,"""iXF0ediEX3gotb+IZHmOMQ5Y7LY=""","Fri, 25 Sep 2026 00:24:26 GMT",0c1f3090b1f33a1bfb99510ffbfa2b724f4911d8,0964ec33f61fd680ae5d52f921d811669474d5cb983d513cbf6d6cad0ee49244,,200,347335c1c39d6b57,2026-09-28T03:59:58Z
S-rxee6wqu,https://protectai.github.io/llm-guard/output_scanners/deanonymize/,,,,,,,,"""683dfe41-e6db""","Mon, 02 Jun 2025 19:40:49 GMT",,39e6906b207e0e6a477218fd6e731b865f5e2e0f8293cb01837b684174722e13,,200,b84a79daeada05f6,2026-09-28T03:41:14Z
S-rxtqmq47,https://modelcontextprotocol.io/extensions/auth/oauth-client-credentials,2026-09-26T00:00:00Z,,,,,,,,"Mon, 28 Sep 2026 03:41:13 GMT",,8f89f6ba39dac76a9bd003bc76c18dc33789eb93210e5d4e289dcd277abafeeb,,200,4cdc646f42fe6476,2026-09-28T03:41:13Z
S-rye46ky7,https://learn.microsoft.com/en-us/entra/msidweb/authentication/certificates,,,,,,,,"""Kx82BrlKgNUllqztaCMBGW0gtb4=""","Wed, 23 Sep 2026 17:26:37 GMT",85ee7c4fbc5181239d64be200ea83259e7e1c439,59b64cbee974795cb182cc372b37e82ee128cc141968bb71036370a6a2f014cd,,200,d0a78b2803a2d316,2026-09-28T03:59:58Z
S-rymoydzk,https://learn.microsoft.com/microsoft-365/copilot/extensibility/prerequisites,2026-09-26T00:00:00Z,,,,,,,"""UvlzgN79YvniPmAlSoEMA5JQ6AU=""","Mon, 31 Aug 2026 20:54:35 GMT",c177173036ba65cce397377b25f53af20f4ebe1a,6a036f5b3e1ab3c56fa736cfa46f8819b60f36f3727e6dc829244d9b49347632,https://learn.microsoft.com/en-us/microsoft-365/copilot/extensibility/prerequisites?accept=text/markdown,200,1c4ba28a97a9d458,2026-09-28T04:00:00Z
S-rzvfq3ba,https://services.nvd.nist.gov/rest/json/cves/2.0,,,,,,,,,,,a13f1f2efa6e7c7008ed3d1f0583b6775324b6a0413353928887ad3c6810d4a1,,200,3ddda18c18160807,2026-09-28T03:41:17Z
S-s27f6na4,https://learn.microsoft.com/graph/api/resources/intune-shared-devicemanagementscript?view=graph-rest-beta,2026-09-26T00:00:00Z,,,,,,,"""ucE04NRP5ADmdvVTROK9juiunps=""","Tue, 25 Aug 2026 02:43:52 GMT",c03b91d7953293f0cad86ef442f29398f359b69c,6299b1cc11e8487c8be913f1f4bf35fca558fee1ef78aca64abf04abb456c94c,https://learn.microsoft.com/en-us/graph/api/resources/intune-shared-devicemanagementscript?view=graph-rest-beta&accept=text/markdown,200,8b43667a78f0e8db,2026-09-28T04:00:01Z
S-s3auwm6y,https://learn.microsoft.com/autopilot/pre-provision,2026-09-26T00:00:00Z,,,,,,,"""sDRb08C95lY7gl/BHdX/u/nJcls=""","Tue, 25 Aug 2026 00:22:02 GMT",7328cf31fc7051783f9fdb12250a44d8d227fa1a,feee0e440b085cf9de894416a26a494cc6549b1788ef16bdd4d730b3925345ab,https://learn.microsoft.com/en-us/autopilot/pre-provision?accept=text/markdown,200,f24d5a0504bce834,2026-09-28T04:00:02Z
S-s3hkw2h4,https://raw.githubusercontent.com/OWASP/www-project-mcp-top-10/165fe0f78ef104459237b4a8e0f6e78db9b02391/index.md,,,,,,,,"""e3d65618dc9ac3d18a4f10f062fa57a0dd5eec98743de37111a9a02df436e4b5""",,,d4f78be6cbd745e41c1df60e0fe960990afc2221d8564198c2df078aef5ae79b,,200,9313509611c05b9a,2026-09-28T03:47:55Z
S-s3ytflwh,https://raw.githubusercontent.com/astral-sh/ruff/0.16.9/crates/ruff_workspace/src/options.rs,,,,,,,,"""5b530fc61941e781daf3a54b3c73621ab00f7b91571076e73f17e61b049a155e""",,,411ecd6775973389d0f693e7c587d03ee31bebaa1b3579e93a42182cc0898382,,200,0d243bf9875218d7,2026-09-28T03:47:56Z
S-s4d4qbht,https://learn.microsoft.com/windows-365/link/overview,2026-09-26T00:00:00Z,,,,,,,"""6dzw9Tccxl1dsd7EWLjOuovF4Dg=""","Tue, 25 Aug 2026 13:20:30 GMT",5b7719bc90f767829dbd5a9aeaa69582d213a193,8d363db7562bac13c0cec0e19fc82be2749c28f2a1d969fc825b450d65708086,https://learn.microsoft.com/en-us/windows-365/link/overview?accept=text/markdown,200,532ca2794e4bd98a,2026-09-28T04:00:03Z
S-s4n26zjf,https://learn.microsoft.com/windows/deployment/do/mcc-ent-secure-content-delivery,,,,,,,,"""ZtSCjEe7G/IsG5Sm56D7IqlMHoU=""","Mon, 31 Aug 2026 08:30:17 GMT",ce0fdcf973ac43edb04aff9e9aab229b8ad34845,b1283dfe020581a1643f802c019edf32d3b31c9117eabe10f956a949b7d1ade4,https://learn.microsoft.com/en-us/windows/deployment/do/mcc-ent-secure-content-delivery?accept=text/markdown,200,2db48146f473fc70,2026-09-28T04:00:04Z
S-s6xjctzu,https://raw.githubusercontent.com/internetarchive/wayback/7f6ee86b35790c3cb10ea1115a0eeb9c7a432e09/wayback-cdx-server/README.md,,,,,,,,"""78d5afa9126e87e6a3fc6ffad066ef608f07f8b1728cb97ecec10cc358fde64b""",,,bfefce574d37cde94250e3a6f67c918773ace97da0f04a87a6e86bbc7e3d66ca,,200,4df44b7fda90edae,2026-09-28T03:39:19Z
S-s7cz6clh,https://learn.microsoft.com/entra/identity/monitoring-health/howto-configure-diagnostic-settings,2026-09-26T00:00:00Z,,,,,,,"""hwO/wunjFE8meAIfpIHqJw17dpY=""","Mon, 24 Aug 2026 13:46:57 GMT",b394c8d643c3f25d8b8deb23505c25acc09dddf5,f2dceca60c61cf8557635f9452ad1c59028075c7a1ec4dafa35e2a45b01caee2,https://learn.microsoft.com/en-us/entra/identity/monitoring-health/howto-configure-diagnostic-settings?accept=text/markdown,200,869666898d81b2f8,2026-09-28T04:00:05Z
S-s7srrfx2,https://learn.microsoft.com/en-us/graph/api/intune-devices-manageddevice-wipe?view=graph-rest-1.0,2026-09-26T00:00:00Z,,,,,,,"""KvuYqF+j1yz74CZzr7KJ82qjz8o=""","Tue, 25 Aug 2026 02:40:32 GMT",3602cccfe6ab9ccaac221c8aa925b3134d055f6b,3ba5c37431838219784cd309d84a3b86f49668975c2dbb234f299df1e8b2db8b,,200,a98c4c4cc94ca6fa,2026-09-28T04:00:06Z
S-salso3t6,https://learn.microsoft.com/en-us/windows/security/application-security/application-control/app-control-for-business/design/microsoft-recommended-driver-block-rules,2026-09-26T00:00:00Z,,,,,,,"""/T1xWyv1pbZL0F6s4dXusBJ5Uiw=""","Mon, 24 Aug 2026 03:56:19 GMT",8f6290880862e6ad6b940eca479978266b042b93,ea7177692a80cee3cc070f56c579fd19bbfba921c2078f1cf1f8144e7844d4d0,,200,de428a49022e2929,2026-09-28T04:00:07Z
S-sav2ixtw,https://learn.microsoft.com/en-us/services-hub/microsoft-engage-center/health/modify-and-remove-assessment-tasks,,,,,,,,"""bq1osQERjl1Om4duWrQgZ5hFHME=""","Wed, 26 Aug 2026 21:23:28 GMT",ea1c114bad59003dd37ca2d7c010cc83112ddb67,63aa8b0a23403a2bed4359679a15e265ede357c7e94cc55a229109307c986d24,,200,3e5aa9826a45029d,2026-09-28T04:00:08Z
S-sbldpqec,https://learn.microsoft.com/intune/endpoint-analytics/ref-data-collection,2026-09-26T00:00:00Z,,,,,,,"""D08/j6TqPuT1afFlMgaPzCjm7Rk=""","Tue, 25 Aug 2026 00:51:34 GMT",2efb1a45ebd61c4085ec6f418ae1223613b93f83,a09e913d5f670cda131b6a3bf5a2d146d9d253e8ece042397b98051de5715689,https://learn.microsoft.com/en-us/intune/endpoint-analytics/ref-data-collection?accept=text/markdown,200,789a3408e4ae9304,2026-09-28T04:00:10Z
S-sc3fvmp6,https://learn.microsoft.com/en-us/graph/api/resources/intune-devices-manageddevice,2026-09-26T00:00:00Z,,,,,,,"""6jX2aCydgetnwpMverXFYXO9E1c=""","Tue, 25 Aug 2026 01:14:07 GMT",e8eace7fa9bfa9e7afacfe9f5dec1ba42ffd493f,d4b27c3b8e23e182c8dc77331e381883bc0b93bb0d337ebae0079df099a9c9b9,,200,e100a04c4fb66c37,2026-09-28T04:00:10Z
S-scwd7dap,https://learn.microsoft.com/intune/developer/data-warehouse/create-reports,2026-09-26T00:00:00Z,,,,,,,"""VVM4A0+pPJjfdW/ExBLvWZ1ufWE=""","Tue, 25 Aug 2026 20:31:08 GMT",a60f43f6f562ded6195ddd8d888335f2d8e11e73,87693c91fe566e34e1877f83d6f654bb8c693c32585f00d70ee734ee67b4be6f,https://learn.microsoft.com/en-us/intune/developer/data-warehouse/create-reports?accept=text/markdown,200,ad857d920d525da1,2026-09-28T04:00:12Z
S-sdxlqqs5,https://learn.microsoft.com/intune/user-help/compliance/validate-status-linux,2026-09-26T00:00:00Z,,,,,,,"""atHmrhpvLtqyPDLeehgUi3+dndA=""","Tue, 25 Aug 2026 13:36:01 GMT",147f715213f15005d69e16355ef46231fd775d1e,c4b4250e241be80456e25abf3977f22c85172aa73f1db7992db69b9af6c06b2b,https://learn.microsoft.com/en-us/intune/user-help/compliance/validate-status-linux?accept=text/markdown,200,3592f436b3c00194,2026-09-28T04:00:14Z
S-sfs6hoqq,https://learn.microsoft.com/en-us/defender-endpoint/tamper-protection-overview,2026-09-26T00:00:00Z,,,,,,,"""MXqlBIyRJWX3NRI+0127Q+4oIow=""","Fri, 11 Sep 2026 08:23:56 GMT",ad3972b20dc3eb4ed0a821b852962545a0335bdf,341d7b74db94e0f2559c91f3374c7a10708f9726829d073a2f383be944b43119,,200,ddb1f7d5af622864,2026-09-28T04:00:14Z
S-sgkepbws,https://learn.microsoft.com/windows-server/identity/ad-ds/manage/forest-recovery-guide/ad-forest-recovery-perform-initial-recovery,,,,,,,,"""PTC30MIXIin3iq0wtczWjAYUabQ=""","Wed, 26 Aug 2026 01:55:34 GMT",ef9afdb74d7e649d54aeaf104efe28dcd857ff2f,8ca9287f2108d7e860790ccd90af6e0e43e1fe254470f8c9053f8950fda15798,https://learn.microsoft.com/en-us/windows-server/identity/ad-ds/manage/forest-recovery-guide/ad-forest-recovery-perform-initial-recovery?accept=text/markdown,200,d77aba8fe8ef7d33,2026-09-28T04:00:16Z
S-sgovapjd,https://raw.githubusercontent.com/python/peps/ff16962a22fdc5e2095e0cbc5c243ea76e34fb52/peps/pep-0664.rst,,,,,,,,"""f0813bd2394de32fdf8650b0d6ce41995d55b64cbce75522a72f615234ccac2b""",,,970bf8e265d3e63a44aa489ed7902e245bcab96d24e8f4934209103171be8fba,,200,32fbb9261605188e,2026-09-28T03:47:57Z
S-sgplcdqr,https://learn.microsoft.com/windows/package-manager/configuration/create-v3,2026-09-26T00:00:00Z,,,,,,,"""QZXg53f8PVWTDr7V2orDJeuITlg=""","Mon, 24 Aug 2026 21:34:05 GMT",98904bbfdb20c403b5cc10eea31a4fbcaffe9951,358620e9861778ba3bf5a6b6e22a35a72b432df957a7e640b9dad577de08fa15,https://learn.microsoft.com/en-us/windows/package-manager/configuration/create-v3?accept=text/markdown,200,19f7692790a1f06a,2026-09-28T04:00:17Z
S-sgyc73tt,https://learn.microsoft.com/windows/win32/winrm/multi-hop-support,,,,,,,,"""c/miBaRiemLQSyPHse8heki6DUY=""","Thu, 27 Aug 2026 12:43:25 GMT",0096be582573c61bde692f97392dec72431c48cf,eae8a12ea344ef8c40bd060065d9117cdb63d7015a5063fc208731a1197e2f72,https://learn.microsoft.com/en-us/windows/win32/winrm/multi-hop-support?accept=text/markdown,200,ef4a8ef90a41484f,2026-09-28T04:00:18Z
S-shha3est,https://journals.plos.org/plosone/article?id=10.1371/journal.pone.0115253,,,,,,,,,,,dff01821550ff2e5ca6227fb9da5504bfbddaf7a46c69e8ea027745193ee4f25,,200,563d0a36eca01339,2026-09-28T04:05:44Z
S-shpwh3m7,https://openai.github.io/openai-agents-python/mcp/,2026-09-26T00:00:00Z,,,,,,,"""6ab95f3e-28987""","Sun, 27 Sep 2026 18:23:58 GMT",,1e8d9324a67efdf21a3622eea691311de69108c4e92bce43827d7ec5157ab8de,,200,706e4ed083bf6524,2026-09-28T03:41:14Z
S-sit75nzz,https://raw.githubusercontent.com/doc-detective/doc-detective/v4.38.1/README.md,,,,,,,,"""99ef45ce784665a4123cc1f4ae751b6dae7ccbb6c38e000b33d6d8c693238412""",,,f6b10c339dd3454b3ece49f1d724017751682fd458a18b70bf396e5c29b73a0b,,200,43dff801a449ead3,2026-09-28T03:47:58Z
S-sjlqevgj,https://gitlab.com/gitlab-org/gitlab/-/raw/v19.4.1-ee/doc/development/permissions/predefined_roles.md,,,,,,,,"""8635ea15bb208856d1fc8f7746255ca1""",,,9004c2eda7ba1060eb2469f5ca596e0a038b1a7569de76c1a9b274208b08ce8b,,200,8994a92c58d5b7e4,2026-09-28T03:41:27Z
S-sjqmzszi,https://learn.microsoft.com/agent-framework/migration-guide/from-semantic-kernel/,2026-09-26T00:00:00Z,,,,,,,"""9KkW4EDJOAXb7QpGEvW9MyGQQDE=""","Tue, 25 Aug 2026 22:23:29 GMT",00f0a093c33dd8f87d18a118e8756f578577ab6c,c8656d2c8034a0ca56a3c123ce377686d9516737ad1d645924f02e0dd61431a8,https://learn.microsoft.com/en-us/agent-framework/migration-guide/from-semantic-kernel/?accept=text/markdown,200,4be4c935b488d4d7,2026-09-28T04:00:19Z
S-sjt243fo,https://learn.microsoft.com/graph/api/resources/intune-deviceconfigv2-devicemanagementconfigurationchoicesettinginstance?view=graph-rest-beta,,,,,,,,"""uVzzyvAIfne+lJ9Nl//+UaHNd8o=""","Wed, 26 Aug 2026 11:25:10 GMT",4b837f772f711c890ec02678db6b05845a40b419,66086b75ca9271e80781ad3fcdc3cec0e389452836e3f0f913a46ccf5eae6139,https://learn.microsoft.com/en-us/graph/api/resources/intune-deviceconfigv2-devicemanagementconfigurationchoicesettinginstance?view=graph-rest-beta&accept=text/markdown,200,415d10d87c81d01a,2026-09-28T04:00:20Z
S-sjuwcuhk,https://raw.githubusercontent.com/python/cpython/v3.14.7/Doc/using/windows.rst,,,,,,,,"""92af82b244d959a0577b23f7ae6ebba15e89d5c2fa26e944f88f0801eefcfa9a""",,,254ad73cc5f66e4021025d8fa476160c2b6aa3733a41525fb67061c41f9b0366,,200,b9cd617715770596,2026-10-08T00:44:57Z
S-sldz4d6b,https://learn.microsoft.com/en-us/intune/configmgr/develop/adminservice/set-up,,,,,,,,"""+WBovCeRPvr12trYt4KxE/SxjuA=""","Fri, 28 Aug 2026 14:51:05 GMT",2f58a01e679fc91dc8c8440846c254e1119681fd,664d575609f87b70a6d9ab72c1dd394bac98f74f0ed444134d356c531bad9b48,,200,3beb509a2be0b6f1,2026-09-28T04:00:21Z
S-smmzgplg,https://raw.githubusercontent.com/ansible/awx/cf3dd7d0299c1c0d47fb8199154774fe881762ba/docs/workflow.md,,,,,,,,"""4a341c1d183c42a7c09174745b70a712c1d64f8b286560a3a27a98e7827b8c6e""",,,a75f4f04eb87594fff13f90069dffda20e6ba2e3e3991f3fa6a53e22d7cc8b3c,,200,5e2e2d6f2f73adb4,2026-09-28T03:48:00Z
S-smzttlyd,https://learn.microsoft.com/en-us/intune/configmgr/compliance/deploy-use/deploy-configuration-baselines,,,,,,,,"""/MFJZxQwm5FNRRmv9NtZO59PrYg=""","Thu, 03 Sep 2026 06:29:39 GMT",51052ad73287b53494fd1697c225c8e9cb7b6b42,23c7507532f0aaa15d1eea01b733a474cfdaf94c4c9441605fdf4dcf645e6bd3,,200,92eaa103f191d004,2026-09-28T04:00:22Z
S-snqf6qj3,https://learn.microsoft.com/intune/device-configuration/templates/configure-kiosk,2026-09-26T00:00:00Z,,,,,,,"""oCl7tTWJEkMkAGzrVdQY8gvRo5w=""","Wed, 26 Aug 2026 06:55:49 GMT",a60f43f6f562ded6195ddd8d888335f2d8e11e73,f9995b81bb8a40dc421da51ce5403c3e52b06ac275ee44d924f977a9669e628b,https://learn.microsoft.com/en-us/intune/device-configuration/templates/configure-kiosk?accept=text/markdown,200,1944a3d4e3f1d428,2026-09-28T04:00:23Z
S-snz3myo2,https://learn.microsoft.com/en-us/azure/azure-arc/kubernetes/workload-identity,,,,,,,,"""woFpAxdwEhzLQrxest11//1kxT8=""","Mon, 24 Aug 2026 22:25:43 GMT",0f2a05504ec6e6bf57da5749da2594ea8c736ec8,a2757aec3ecac4ad0b3dfb50dfb90cfde4b3ffe2c8e94c731a77ae26e6450e40,,200,a38b979029b6cb02,2026-09-28T04:00:24Z
S-sp6pux45,https://learn.microsoft.com/en-us/sql/t-sql/statements/alter-symmetric-key-transact-sql?view=sql-server-ver17,,,,,,,,"""LCKSiOBRjcq54lK0uRHORvJFZzM=""","Sat, 05 Sep 2026 19:27:16 GMT",7ecd41c9f806d516e17db5ccfb1867155b3b5b36,84dfdc8453aba341e0bc6c6e4d2edfe920a50d31626d0d95aaaf08366ad41051,,200,81a3078c9071b3fb,2026-09-28T04:00:25Z
S-sq5keqpx,https://learn.microsoft.com/windows/security/operating-system-security/network-security/vpn/vpn-auto-trigger-profile,2026-09-26T00:00:00Z,,,,,,,"""wTOc/Aq/ZR+Ovfks04u9uhF15bg=""","Mon, 24 Aug 2026 12:10:21 GMT",a59e627cf321c8d417783ef68ab692fe878c3596,600a31f421d57c4ea6acb78dbeceb052fc4b0b85921e9b7c00dec099f7cbcc87,https://learn.microsoft.com/en-us/windows/security/operating-system-security/network-security/vpn/vpn-auto-trigger-profile?accept=text/markdown,200,2b670d704f5e15f1,2026-09-28T04:00:27Z
S-sqbfbcyk,https://arxiv.org/abs/2301.03266,,,,,,,,,"Mon, 24 Aug 2026 21:19:44 GMT",,6c4e1d03e34d78435855698ca7b396b9010d98c3952481fdf71205b5b9877960,,200,1fe99024785ac299,2026-09-28T03:40:53Z
S-sqwzg5ex,https://raw.githubusercontent.com/astral-sh/uv/0.12.19/docs/concepts/python-versions.md,,,,,,,,"""958ebbbf79e3911141812690adee07d53b3ba9cfdceb65d456c0c4c072ade892""",,,bb4f1b5e14002b3a3acbbd0c706d869a94cdddc0a9047a3d9eb90c6efecf0ea2,,200,053d2eb4f126150a,2026-09-28T03:48:01Z
S-sr7tk6jz,https://learn.microsoft.com/troubleshoot/windows-client/windows-security/enforcing-bitlocker-policies-by-using-intune-known-issues,2026-09-26T00:00:00Z,,,,,,,"""k/miu7MoRxgvBRXOtDTgo5oJXw0=""","Tue, 25 Aug 2026 06:08:57 GMT",f587f282ef024cc65dfda5f772b4ed5c6b707857,0f8fe444226b7d80246d3580c4defa87fa7cfd915c5c4ec9305c9614ae9bf293,https://learn.microsoft.com/en-us/troubleshoot/windows-client/windows-security/enforcing-bitlocker-policies-by-using-intune-known-issues?accept=text/markdown,200,cf4726c9b177dabc,2026-09-28T04:00:28Z
S-srnmxykl,https://raw.githubusercontent.com/MicrosoftDocs/sql-docs/58c9ba7063458281263c05cba4e0e8dc7da7358a/docs/relational-databases/security/auditing/sql-server-audit-database-engine.md,,,,,,,,"""38624ef02ee610c03b983c20394344d858ae3dce6288345a9d6b2b2df22b65af""",,,7d85b0d809076b0b6da54410de573a0c1a0134266fef54f77eca858fd3f09ae0,,200,807782d45bac8c6c,2026-09-28T03:48:02Z
S-srwea6un,https://raw.githubusercontent.com/python/cpython/v3.14.7/Tools/msi/exe/exe_files.wxs,,,,,,,,"""a3091ff4572fa19c16cf934a5636d7aa3ea33cd74bc3cf5c8f13a028980085df""",,,2c456f4d9b0a76c14c0e518bb131f8d6f7e5da861ebce56ac20fb84599df75e7,,200,7a9ab453952e1305,2026-09-29T01:54:36Z
S-ssexz2ef,https://learn.microsoft.com/intune/app-management/protection/mam-faq,2026-09-26T00:00:00Z,,,,,,,"""bh05ITyTKOST2B6vpZSNTuHoMYc=""","Tue, 25 Aug 2026 02:45:41 GMT",8fc35ccd02eee458dd0759b2199a819235e09924,724cc281ac30f3890da58d40711eefb6dcdb44d8e7eb547503b43bb2314bc121,https://learn.microsoft.com/en-us/intune/app-management/protection/mam-faq?accept=text/markdown,200,5b35ebe2d0e64441,2026-09-28T04:00:29Z
S-ssg5k6nr,https://learn.microsoft.com/graph/api/resources/intune-devices-devicemanagementscriptdevicestate?view=graph-rest-beta,,,,,,,,"""9VZL30E1pnDd54cjfjk1hhxaGZA=""","Tue, 25 Aug 2026 16:49:07 GMT",0b52ae19972cd7e12cd0217dfb7ea043fad86019,852a8d2d73a334298e85672da4730951f0f89664556eb793a641569450fabcc5,https://learn.microsoft.com/en-us/graph/api/resources/intune-devices-devicemanagementscriptdevicestate?view=graph-rest-beta&accept=text/markdown,200,82e830e27dc5d85b,2026-09-28T04:00:31Z
S-ssijfmsu,https://raw.githubusercontent.com/modelcontextprotocol/modelcontextprotocol/a99bdd15ea9ff96bf4d758aac907bbb27e9329dc/docs/specification/2026-07-28/basic/patterns/cancellation.mdx,2026-09-26T00:00:00Z,,,,,,,"""0afa51783571c8e279be4ea09f5d1bc6750d693642472822c7453ae77547872d""",,,e62c0b8c7b55e468354d2f1c3ba4505d84cc77b22b41e81e9c2c1bf116c7bb24,,200,9521ac01eb37d961,2026-09-28T03:48:03Z
S-st444pl7,https://learn.microsoft.com/en-us/openspecs/windows_protocols/ms-adts/9ae2a9ad-970c-4938-a6bf-9c1fdc0b8b3e,,,,,,,,"""+CEAK1JdsG7Sf2tSOX3S6oDKNQI=""","Mon, 31 Aug 2026 09:42:16 GMT",4d07d83b1b961000a48c4468178ade1db339e2f6,566c584007c303b196d84660c4d5f914653f2c54ac4eb219f0c4df11849bf162,,200,c6f156e1c3e16539,2026-09-28T04:00:31Z
S-sthrw3uz,https://learn.microsoft.com/en-us/intune/device-management/actions/delete,2026-09-26T00:00:00Z,,,,,,,"""rHA09SlJ2znAfgUn18iEAdlk4A0=""","Mon, 24 Aug 2026 23:16:05 GMT",08b47cafadf39d9e658e35b1f5c27b4d8efcc993,0e3dc0973e3799a40c63277af778c7c1fcaab35ccc091d81c08d72461664bd2b,,200,344dba130c0ac880,2026-09-28T04:00:33Z
S-svt73npe,https://code.claude.com/docs/en/self-hosted-environments-reference,,,,,,,,,"Thu, 08 Oct 2026 00:45:15 GMT",,1701eeb282c61d17694b5d6df831447168857e2ca6ae80057863ee45d7fbb684,,200,8b0921df716ec505,2026-10-08T00:45:15Z
S-sxp3exzp,https://docs.gitlab.com/ci/pipeline_security/,,,,,,,,"W/""d91fa9fa99c05d87bc6d0f26a444e98c2de44f2cffde57d502eda6a94d22e6ad-br""","Mon, 28 Sep 2026 02:13:09 GMT",,e480cbe15e57047ac6a909a1bf8203cd479eb76b575b0aa5d368d40da62fc1cb,,200,5adcc03e33ea72ef,2026-09-28T03:40:31Z
S-sxtmngif,https://learn.microsoft.com/en-us/intune/configmgr/core/servers/manage/cmpivot-changes,,,,,,,,"""m3A6cUeST1NoR2Z9NM5eYVBEnAc=""","Mon, 31 Aug 2026 23:37:17 GMT",d3432a8c0e9a1b8706eff71005a6b7ca53c35f98,cba0115156a4650c49706256a612cf633e8e9e921751e5d13e0a835e638625f9,,200,6ecd1fbcd2314851,2026-09-28T04:00:34Z
S-sxxqhpa2,https://learn.microsoft.com/en-us/entra/agent-id/manage-agent-identities-admin,2026-09-28T04:48:10Z,,,,,,,"""x/mPZZG7XHvV6ovnQJDlOgw2XTk=""","Mon, 24 Aug 2026 13:49:31 GMT",e85f784e1a65636de3123abfe2551fe6688ba538,a270313291b63dfe2419d04ad73dedaa9a692b28991cc0ff63a5259951f9d0f5,,304,d2007684dadd4a2e,2026-09-28T04:48:10Z
S-sy623dvx,https://blogs.windows.com/windows-insider/2025/11/07/announcing-windows-11-insider-preview-build-26220-7070-dev-beta-channels/,,,,,,,,,"Fri, 07 Nov 2025 16:18:25 GMT",,d3eda65ac15b264d00d0922e04e5a9eaa6b2cf4f76ef740e0f76d918cf45f98c,,200,305b1a2c33c4a099,2026-09-28T03:41:14Z
S-syrr7enn,https://raw.githubusercontent.com/python/cpython/v3.14.7/Modules/_csv.c,,,,,,,,"""d7e2e9287df673afc242ebe1f963b82fd9e2d938f70e1c937b2359e682283772""",,,89c4f103bf7fd0fc244a5701aa4fd6ef5c940c811098fc5aed8e0e55137b9592,,200,e9a05c034734fe3e,2026-09-28T03:48:04Z
S-szgomxsz,https://docs.github.com/en/copilot/concepts/security-governance-and-network-settings/risks-and-mitigations,,,,,,,,,,,5b5328c8d1bdc1ccd4bcbedb4077a7738eb80333ad3f237f2605a0f6e5ef5567,,200,c9143648de143683,2026-09-28T03:41:05Z
S-szyeetyp,https://learn.microsoft.com/en-us/azure/azure-arc/servers/network-requirements,2026-09-26T00:00:00Z,,,,,,,"""rvOMQnPmLDMs6x7WRAvD4Zb3aN8=""","Fri, 25 Sep 2026 23:01:49 GMT",401a4bd704b1088b86695c7311b8d02d18c8b473,199c4cab91df4d593a02f38f1f0306f17e38b0c9e8f5b42228c4f2e6a8561c17,,200,ea984e5e168f8fe3,2026-09-28T04:00:36Z
S-t24szuu4,https://api.github.com/orgs/a2aproject/repos?per_page=100,,,,,,,,"W/""25e4c2aa6e6a5d3afcb5b1bb4e22e04df0286e0938fb860f06999001936dc9f2""",,,1f3d2d5dbe57d2ff59d4dd2da8abba611db4104c0a4c32fe27092614360f0028,,200,f69907a3c0539b36,2026-09-28T03:40:50Z
S-t2wo7s3a,https://learn.microsoft.com/entra/identity/hybrid/decommission-connect-sync-v1,2026-09-28T04:48:11Z,,,,,,,"""vBEz6ksGjKWk8y4rQ7Lp7VvtM2s=""","Fri, 28 Aug 2026 04:54:30 GMT",7e7f75a19b7980129c9e082f14d3885ef7d15f4a,83b4209a25b64cfd2ec53ee1e934c5c00eb0e505048ac4d2a981366a691e5339,https://learn.microsoft.com/en-us/entra/identity/hybrid/decommission-connect-sync-v1?accept=text/markdown,304,bd63de0e4cacace1,2026-09-28T04:48:11Z
S-t4g3ekea,https://learn.microsoft.com/intune/app-management/protection/data-protection-framework,2026-09-26T00:00:00Z,,,,,,,"""f+W1q4AbxqvnzJfSsxZJAS+xJNE=""","Tue, 25 Aug 2026 01:34:05 GMT",a60f43f6f562ded6195ddd8d888335f2d8e11e73,f32fb2069a7ff000f8495b7b53eac4f4cdc69e7442290b8733c90645d670e582,https://learn.microsoft.com/en-us/intune/app-management/protection/data-protection-framework?accept=text/markdown,200,ee8ce7de4ef3d9aa,2026-09-28T04:00:38Z
S-t5dhva6p,https://learn.microsoft.com/en-us/intune/configmgr/core/servers/manage/cmpivot-overview,,,,,,,,"""HQF0cUAqBMMgPlfBKxJN1M+aXrA=""","Mon, 31 Aug 2026 23:37:27 GMT",d3432a8c0e9a1b8706eff71005a6b7ca53c35f98,ea752488daca3d6a23fab148983358b0d993adcde425660c81d58932cf79e567,,200,e502bfa87f889f9b,2026-09-28T04:00:39Z
S-t6z76jtq,https://learn.microsoft.com/intune/device-configuration/templates/ref-vpn-settings-windows,2026-09-26T00:00:00Z,,,,,,,"""ajDR8etL8MUQLY88sgrBfoG/2Cs=""","Tue, 25 Aug 2026 06:14:26 GMT",a60f43f6f562ded6195ddd8d888335f2d8e11e73,28435ab9712fb57784e57ed8b7b316457d750be355ea9e922cd9d3a5fb7ac17b,https://learn.microsoft.com/en-us/intune/device-configuration/templates/ref-vpn-settings-windows?accept=text/markdown,200,aab13df8d400d057,2026-09-28T04:00:40Z
S-t7c2nvll,https://raw.githubusercontent.com/pytest-dev/pytest-xdist/v3.8.0/docs/distribution.rst,,,,,,,,"""a9de04654c1b08a851dfc650faface30d5b5427ab978b98f5c00704ae9abd1dc""",,,e38920d98e07ad86d7a6267c37b16cb6db981f72a24c0dbdef1bdb33b4e221c8,,200,556a3a8a2e167e38,2026-09-28T03:48:05Z
S-ta4g5get,https://learn.microsoft.com/intune/device-management/tools/management-extension-windows,2026-09-26T00:00:00Z,,,,,,,"""T3P+EwRYX0PtODsaWJsoGp/Vbfw=""","Thu, 24 Sep 2026 22:59:34 GMT",64caedbaec771631bd007f124a86de2d10a36b81,3214f697e92ed70fcaebbec0fe043f4314df8a39f6af87c3948e5474fab63b77,https://learn.microsoft.com/en-us/intune/device-management/tools/management-extension-windows?accept=text/markdown,200,fc12cef4e5952f16,2026-09-28T04:00:42Z
S-taatt73w,https://learn.microsoft.com/en-us/graph/api/resources/intune-deviceconfig-windows10compliancepolicy,2026-09-26T00:00:00Z,,,,,,,"""3xh2d5oeVOR4E8lUDiIYW914Zgo=""","Tue, 25 Aug 2026 06:58:14 GMT",e8eace7fa9bfa9e7afacfe9f5dec1ba42ffd493f,1aab86a551f74bc37b28252b118faeb13eff62c5013709a5abc931dff1dce445,,200,e0b510936cc2e959,2026-09-28T04:00:43Z
S-tabagcvn,https://learn.microsoft.com/powershell/scripting/security/remoting/jea/security-considerations?view=powershell-7.6,2026-09-26T00:00:00Z,,,,,,,"""/+XQTgletNn9CfcHGOgUBKP/B40=""","Thu, 24 Sep 2026 22:23:01 GMT",36211877b8bf4038aa4148d5f07bcadb62a2f097,5a9c4259d7ab03c4bd9fa374dc5b2cc01cee4a6ae43efc06676041114a898f17,https://learn.microsoft.com/en-us/powershell/scripting/security/remoting/jea/security-considerations?view=powershell-7.6&accept=text/markdown,200,1e923ca20601a365,2026-09-28T04:00:44Z
S-tateky4b,https://learn.microsoft.com/en-us/defender-endpoint/microsoft-defender-antivirus-compatibility,2026-09-26T00:00:00Z,,,,,,,"""TBIliGdRMUK1rstFs0N3u/hxH+I=""","Fri, 11 Sep 2026 08:14:39 GMT",ad3972b20dc3eb4ed0a821b852962545a0335bdf,b48b4baeb83189d2e8f34884e9d6055aba748424525ccc54f67d8a2d196f8cde,,200,de1b0afe868286d1,2026-09-28T04:00:45Z
S-tbvkh4vy,https://docs.astral.sh/uv/concepts/projects/sync/,,,,,,,,,,,53c1a6169e4ae84fbe7294b29d677f206d13834bfff51994c9f9021f0a3d31e9,,200,0ff5c5bf2614e012,2026-09-28T03:40:34Z
S-tcoyec5r,https://learn.microsoft.com/en-us/windows/win32/api/iads/ne-iads-ads_authentication_enum,,,,,,,,"""TK6zFUP66CC4+2T7qGGzXNypeI4=""","Thu, 06 Aug 2026 00:25:22 GMT",9267262487657894a8af112d7165006fed5035a7,3d39b1d4c2559fc326de1f74180cb812ff29cb761661d6d4683d3e474993e26d,,200,67c10b199e4b8240,2026-09-28T04:00:46Z
S-tcpq35hc,https://www.cisa.gov/ssvc-calculator,2026-09-26T00:00:00Z,,,,,,,,,,,,,,
S-td3e5ov5,https://learn.microsoft.com/en-us/windows/package-manager/winget/configure,2026-09-26T00:00:00Z,,,,,,,"""edKPLS9z1TXRpxZWMBvIjGVzw4w=""","Mon, 24 Aug 2026 18:58:45 GMT",866cea8f1d9b8bd9defb17041a075e3822ca2c06,80ffdb09bdc3e83061e9d5c0e8b69186f7f6c61f1b16807a483c6d4912ef506c,,200,21dd58aa8fe84531,2026-09-28T04:00:47Z
S-teeldzof,https://modelcontextprotocol.io/specification/2025-06-18/schema,,,,,,,,,"Mon, 28 Sep 2026 03:41:15 GMT",,9ce0a9be7541217acaf5e426f3ce9afd110814599baf39a23b87bc9d6d12a27a,,200,45e374d98c408e27,2026-09-28T03:41:16Z
S-tetnxwlo,https://learn.microsoft.com/defender-endpoint/run-analyzer-linux,,,,,,,,"""qed1ZiOshxkTRSuobhkjGfPDVUA=""","Fri, 04 Sep 2026 08:48:50 GMT",a0deb0b4e61ee419734658d76cbd438a7c796e40,cd573d42a1735eab0cdb13d5b96f49f4515457cd756c41602dd39b64125cc0ab,https://learn.microsoft.com/en-us/defender-endpoint/run-analyzer-linux?accept=text/markdown,200,8296f6a78767e3e7,2026-09-28T04:00:49Z
S-tf6fezvb,https://learn.microsoft.com/azure/sentinel/microsoft-365-defender-sentinel-integration,2026-09-26T00:00:00Z,,,,,,,"""A7h9dSTk2LPt+BtxkWgMzZcIRyo=""","Thu, 24 Sep 2026 18:35:45 GMT",6b8859a818530937a48fc209c579b8bf81f2f2f0,784b6afc3f55a8b0627c9eb2afe628849537544ee8456ac4ec703056eaa9b44e,https://learn.microsoft.com/en-us/azure/sentinel/microsoft-365-defender-sentinel-integration?accept=text/markdown,200,c5e48e82e38b701d,2026-09-28T04:00:50Z
S-tgdrpywm,https://raw.githubusercontent.com/PowerShell/DSC/ea572fa755dbd49fb52339043409fbd50a625600/dsc/src/server/show_dsc_schema.rs,,,,,,,,"""be640b434f3ae19d16b44c28738a0ab9ae394d3a6265db41129189d9bcd06baa""",,,654662ad224e9a34e3de05f26178ae5ebe3a1e2107c81bf11943f5147cf5287b,,200,1d70248c3a0e0cab,2026-09-28T03:48:07Z
S-tgliyduf,https://learn.microsoft.com/windows-365/enterprise/copilot-in-intune-for-windows365,2026-09-26T00:00:00Z,,,,,,,"""YjiovYprgpAU8QL83e3QajFLXq8=""","Wed, 26 Aug 2026 13:44:13 GMT",00deb0bde17230eb9f9b7a01ee7e30186f9e9e41,0d4d46f0b8e8a83bd2ab98e3c0e68fb14cfaac0b5a08d681b403203a6f4d7d2a,https://learn.microsoft.com/en-us/windows-365/enterprise/copilot-in-intune-for-windows365?accept=text/markdown,200,b3c5f1de474d7c09,2026-09-28T04:00:51Z
S-thjpegto,https://learn.microsoft.com/en-us/intune/configmgr/core/plan-design/hierarchy/enhanced-http,,,,,,,,"""XdI/St48sDlRCySISzrlCqjFVWo=""","Tue, 01 Sep 2026 15:08:42 GMT",d3432a8c0e9a1b8706eff71005a6b7ca53c35f98,9bf67cad093fffcca8b2b0bab32680c6d9abf80174348d2d2d0697d86539a9f3,,200,8e788df8001208fc,2026-09-28T04:00:52Z
S-thsymqx6,https://docs.langchain.com/oss/python/langgraph/persistence,2026-09-26T00:00:00Z,,,,,,,"W/""v5xt1rcnili16m""",,,9abafcae31bf60a9a22804fd83121d2b2a05e1f123ac78cb346bcf6f66e3e860,,200,02685e925dedf041,2026-09-28T03:41:10Z
S-tiumn4r3,https://learn.microsoft.com/intune/device-configuration/collect-device-properties,2026-09-26T00:00:00Z,,,,,,,"""SQEoqk5d+O0ZvO7CUla2S2RRWzU=""","Mon, 24 Aug 2026 22:58:05 GMT",30ba9ae8150c90c6828a4613567427622cc36037,e8b0b5da7623fd5aea22001dd84bdbc97ef133f3dd15f2c0e3336f7186ad2086,https://learn.microsoft.com/en-us/intune/device-configuration/collect-device-properties?accept=text/markdown,200,4577cd7099f518d3,2026-09-28T04:00:53Z
S-tivsgmaq,https://raw.githubusercontent.com/pytest-dev/pytest/9.1.1/src/_pytest/tmpdir.py,,,,,,,,"""f70b684c6446bcae9561002dcedd0bb32e2bfff7b321ae28636e012fc38b853f""",,,5099f71d89413191c9e7515c9d4fe9fc7083bb73306f2cf1f73a9f89c862ed90,,200,0182465c954a1749,2026-09-28T03:48:07Z
S-tjt262ke,https://learn.microsoft.com/en-us/intune/configmgr/develop/adminservice/audit,,,,,,,,"""5ksLQRgtxmlkZ0a/Rz1i75xmNJc=""","Thu, 03 Sep 2026 13:35:42 GMT",8bb72fb3f06a7d357ccd5f6d2e483e50d10150f6,a03f77819beb73468cf735b9f6693929e332f640777a1bff58329628ce569286,,200,7f899a68a2041658,2026-09-28T04:00:54Z
S-tkmjbvgn,https://learn.microsoft.com/entra/identity/conditional-access/concept-conditional-access-grant,2026-09-28T04:48:12Z,,,,,,,"""Vy5qNA+syBTCT4OSGk1h1I9ZPaE=""","Mon, 24 Aug 2026 13:14:49 GMT",8ff7ca644144c87fbff31a857c770f3531b77c07,df843259fbcf67b0d6d1c75a16573e11a61a719369061a0d935cd827ad898d1e,https://learn.microsoft.com/en-us/entra/identity/conditional-access/concept-conditional-access-grant?accept=text/markdown,304,96653b4a81ee9566,2026-09-28T04:48:12Z
S-tks3v5p5,https://presidio.dataprivacystack.org/samples/docker/,,,,,,,,"""6a49272b-14018""","Sat, 04 Jul 2026 15:30:51 GMT",,3210dcf0bc4db84c4a33060df8147b3481d3655b7c7114c8809345a8566a5338,,200,24acc74ad72f4619,2026-09-28T03:41:13Z
S-tksnvnpk,https://learn.microsoft.com/entra/id-governance/entitlement-management-access-package-auto-assignment-policy,2026-09-28T04:48:13Z,,,,,,,"""bWy1l6qVVCe8Eq7RnxGy69zsRXU=""","Mon, 24 Aug 2026 15:53:24 GMT",7ef6e218489ecc8631b25ae5879bf5d663ea2bc3,2af2a22e7e0ae94dec7ca6b3374bc6bba46ddfd36278e4e3490314fe43292a67,https://learn.microsoft.com/en-us/entra/id-governance/entitlement-management-access-package-auto-assignment-policy?accept=text/markdown,304,4c2ddf9caee30714,2026-09-28T04:48:13Z
S-tkwapxy3,https://learn.microsoft.com/defender-endpoint/onboard-client,2026-09-26T00:00:00Z,,,,,,,"""0ylkRVUSv0OOeETa7PXiZjf/bY0=""","Mon, 24 Aug 2026 08:06:50 GMT",e5e024df2189c2f05c8a7a66f60fff59a0c0bfd8,7201666f2b0c12cbefdb85c351dddc27171d444e53643aa172e98e8002900814,https://learn.microsoft.com/en-us/defender-endpoint/onboard-client?accept=text/markdown,200,996cc78f2dac2431,2026-09-28T04:00:58Z
S-tmpjr3zu,https://learn.microsoft.com/graph/api/resources/intune-auditing-auditevent?view=graph-rest-1.0,2026-09-26T00:00:00Z,,,,,,,"""SO2eklqJfGYWB/UYZo7jwxekuN4=""","Tue, 25 Aug 2026 15:55:50 GMT",e345b7affa31798542828393bc40023465af9069,7187d3f9003a29f2a2ef02a2a54b8086acf41feba075ac3dd0f2f67e84dd9059,https://learn.microsoft.com/en-us/graph/api/resources/intune-auditing-auditevent?view=graph-rest-1.0&accept=text/markdown,200,e233283acb45c2a0,2026-09-28T04:00:59Z
S-tn4hpddq,https://learn.microsoft.com/troubleshoot/windows-server/windows-security/windows-laps-troubleshooting-guidance,2026-09-26T00:00:00Z,,,,,,,"""NV/0gWJpoQUtFjDxUghn+r0ZAUk=""","Mon, 24 Aug 2026 19:58:35 GMT",ed7cab329190354c13deaa07ea15b6165bbd32fd,1104be4dc9966e7df4e8974d3527a959e8f4516c9596eebf8a9abd9728e31b01,https://learn.microsoft.com/en-us/troubleshoot/windows-server/windows-security/windows-laps-troubleshooting-guidance?accept=text/markdown,200,f70b4e5f710fc804,2026-09-28T04:01:00Z
S-tn4wwzyx,https://docs.github.com/en/copilot/managing-copilot/configuring-and-auditing-content-exclusion/excluding-content-from-github-copilot,2026-09-26T00:00:00Z,,,,,,,,,,b89a712c3ca810e016977ec8d0ab6f8146b84951ea50e62c929db9bb4bc2bc71,https://docs.github.com/en/copilot/how-tos/configure-content-exclusion/exclude-content-from-copilot,200,28d1b6e1d9be4c2b,2026-09-28T03:41:09Z
S-tn7i36es,https://learn.microsoft.com/en-us/defender-endpoint/attack-surface-reduction-rules-configure,2026-09-26T00:00:00Z,,,,,,,"""cG1JEW3NjwhvnZyTMr6S+Sa7y4M=""","Fri, 11 Sep 2026 11:21:23 GMT",ad3972b20dc3eb4ed0a821b852962545a0335bdf,4d2363cdd10c58cc6377c9ac9e16b556b04c272eb2287eabd6b63e59b540b030,,200,a4cf8cb0d1f1bc35,2026-09-28T04:01:01Z
S-tnbxhz6o,https://learn.microsoft.com/en-us/intune/configmgr/develop/core/understand/sqlviews/compliance-settings-views-configuration-manager,,,,,,,,"""RtlVBi25CxT9qXQc7TUZSOVaZKs=""","Sat, 29 Aug 2026 09:39:43 GMT",2f58a01e679fc91dc8c8440846c254e1119681fd,15919751198f43d90a94e2d662a688ea3d1cfd717022ebb9c52af8f051ee27fe,,200,e56e111477510587,2026-09-28T04:01:02Z
S-tncj2tap,https://discuss.ai.google.dev/t/gemini-3-5-flash-the-input-token-count-n-exceeds-the-maximum-number-of-tokens-allowed-32768/170484,,,,,,,,,"Thu, 20 Aug 2026 13:52:40 GMT",,7762b6a3c5c0cdafd4ef0644b371245c9f6d5216a236f1d940e0d968a0274ad5,,200,082fed5cde93489c,2026-09-28T03:40:46Z
S-tnes5beq,https://learn.microsoft.com/intune/app-management/deployment/add-enterprise-catalog-app,2026-09-26T00:00:00Z,,,,,,,"""X5Fms+1geddu2L1qrsxd1SrW46k=""","Mon, 24 Aug 2026 22:48:39 GMT",59a5f5afef42af7a8553aa9a587a12a8f98bcb16,5f839d0be27d65f078d2a607128245375ee7ebeee9679d7409540770342d827a,https://learn.microsoft.com/en-us/intune/app-management/deployment/add-enterprise-catalog-app?accept=text/markdown,200,30fe58898737302a,2026-09-28T04:01:03Z
S-tnlgchd2,https://learn.microsoft.com/en-us/defender-xdr/advanced-hunting-alertevidence-table,2026-09-26T00:00:00Z,,,,,,,"""tgGhDpModQL4ZWxPwXgYwDfkdGU=""","Mon, 24 Aug 2026 09:25:22 GMT",acb4e288f585b987bafd55b4cdf3bb7599934b9b,b59e0f87841c2230052dabeae4257bb18d8d3c36d2f8886318cd9984e8b9136c,,200,e96505084e25d411,2026-09-28T04:01:04Z
S-toe7z3kj,https://code.claude.com/docs/en/plugins/loading,2026-09-26T00:00:00Z,,,,,,,,"Mon, 28 Sep 2026 03:41:27 GMT",,b73ab5eca755d148c6e6b8b0313d15ffe1f5540f9f346dbb09728af56241889d,,200,fbc12fbe977fa23c,2026-09-28T03:41:27Z
S-tpvi7ohn,https://raw.githubusercontent.com/CognitionAI/deepwiki/10f554ce266db71f3679a3c37eb140490384a81b/README.md,,,,,,,,"""001aacb8c323b3a2a0470e123af07784c88a326092c738c22f4f990eb2c2ce3b""",,,06a411ed62b1a5bc79d9db112e940d3fbb3f8758ca9b5e0aa2543fd10de6a616,,200,230f683bf187bc24,2026-09-28T03:48:08Z
S-tqebhz7z,https://learn.microsoft.com/windows/win32/eventlog/eventlog-key,,,,,,,,"""CDLpWLh6LpvNK1aUD8GPMap9CGs=""","Thu, 27 Aug 2026 12:18:27 GMT",36aa43bd51392a6e35a68a31a028915be57a9c3f,8de9d1c1ec012ff39c8912a0b4bfd7bab564e3b1dcc5e217ecd7f898850e3f79,https://learn.microsoft.com/en-us/windows/win32/eventlog/eventlog-key?accept=text/markdown,200,1c5741960623178a,2026-09-28T04:01:05Z
S-tqvuutrg,https://raw.githubusercontent.com/python/peps/ff16962a22fdc5e2095e0cbc5c243ea76e34fb52/peps/pep-0719.rst,,,,,,,,"""2dd3f776625fccf462f721f779ec44464aed96f27022d6036442c66dfcb67e9d""",,,de48fff0b30783f8ce3b252aea0a89551285eb7cfcd56f6dbd29e5363088fb45,,200,7209cde21041c44b,2026-09-28T03:48:09Z
S-tvp7vziq,https://raw.githubusercontent.com/inspec/inspec/65330736ff5f4f886db6bcac5c55a0ed6f7cd0ab/LICENSE,,,,,,,,"""aa3be33cbbaf3e433ab554e816318074d8edfb57eb8f1212ca39e3799e5f594f""",,,87b58740e8d1b9800f52b891817968ad4572b5f5c24751504d18e4480f5753d8,,200,745e29d04b97626d,2026-09-28T03:48:11Z
S-twfugriu,https://learn.microsoft.com/powershell/scripting/security/remoting/jea/overview?view=powershell-7.6,2026-09-26T00:00:00Z,,,,,,,"""QOJWGD3xuh16V7H5Pk+xTAyO824=""","Thu, 24 Sep 2026 23:51:04 GMT",d2da3d7eede5c03b81c26f28d4ba5a67bc200a90,be1a78c0315d0b2f278cd080236e4462870ec6b238133a2ac693d4ed1620bc81,https://learn.microsoft.com/en-us/powershell/scripting/security/remoting/jea/overview?view=powershell-7.6&accept=text/markdown,200,5e20b11c3317d4d5,2026-09-28T04:01:06Z
S-twgov237,https://modelcontextprotocol.io/specification/2026-07-28/server/utilities/completion,2026-09-26T00:00:00Z,,,,,,,,"Mon, 28 Sep 2026 03:41:17 GMT",,924315eebc30a27085e6519394e41f4194747d3c1acbd0a94752a71d7882d67a,,200,0fe4938ec63a54d1,2026-09-28T03:41:17Z
S-twjwzzdw,https://learn.microsoft.com/en-us/windows-server/identity/laps/laps-management-policy-settings,2026-09-26T00:00:00Z,,,,,,,"""asS7ox03urz5Go3eqqaBleCkqKM=""","Wed, 26 Aug 2026 01:04:47 GMT",4e14535e3401173545bf440916278dd901e02b7b,f8896e9ab226a0977b11d60d9681c2343ff9b5d720a2ac50951586210f828933,,200,cdfa73898d60bf05,2026-09-28T04:01:07Z
S-txcdv36f,https://raw.githubusercontent.com/mitre-atlas/atlas-data/3259f388d19cbcca11bacf12a0ef97f4198f711b/dist/v6/ATLAS-2026.09.yaml,,,,,,,,"""6efe7b2429cf26076550be140fb3b085717b8f763144abe2b1dba5ecf1c61d16""",,,935efa93e28294432d3e2f537eb94991ef8d1f8c58341cd360ea3321ddb66688,,200,be35a1667e64e7bd,2026-09-28T03:48:12Z
S-tzbutlvs,https://ec.europa.eu/commission/presscorner/detail/en/ip_26_1024,,,,,,,,,,,01ba4719c80b6fe911b091a7c05124b64eeece964e09c058ef8f9805daca546b,,200,0000000000000000,2026-09-28T03:41:14Z
S-u2bv3zsu,https://learn.microsoft.com/microsoft-365/copilot/extensibility/plugin-manifest-2.4,2026-09-26T00:00:00Z,,,,,,,"""Oc9QWWHt5vYc21NBv21GeJ/i4G8=""","Mon, 31 Aug 2026 20:41:01 GMT",97a170a44a3cd419e768f284443a961dfd6ffec6,8c1119c644930bd8ce3af6b3ac733e7a5a495340fd075279473dbb2e69a72321,https://learn.microsoft.com/en-us/microsoft-365/copilot/extensibility/plugin-manifest-2.4?accept=text/markdown,200,6724b6fc2dc5a943,2026-09-28T04:01:09Z
S-u2cmp56o,https://learn.microsoft.com/en-us/intune/configmgr/osd/plan-design/planning-considerations-for-automating-tasks,,,,,,,,"""QmzGPHlr3dKe6opEZ7UmeDP8PpU=""","Thu, 03 Sep 2026 11:31:24 GMT",cfc4e1a6bb2a1f0d6f069bcc6b3d8b4d5ff0793a,98974bddde2766b541b0e4ca90467096915ee206f0401d74e9716d971e5b0ab2,,200,1e1012b849e35a08,2026-09-28T04:01:09Z
S-u2hfxeqe,https://learn.microsoft.com/en-us/entra/identity/authentication/howto-authentication-passwordless-security-key-on-premises,2026-09-26T00:00:00Z,,,,,,,"""NxCdchs7UOqKZJgmzg6l4AzSH8A=""","Mon, 24 Aug 2026 15:33:34 GMT",32d7c13c0ac60598d1fb51e7afb923a56830a640,0fdb6854e97cca6b216b8a415035877bb336635b340e188c8112c39f1fe0e535,,200,ede971b7ca86536a,2026-09-28T04:01:11Z
S-u2qh2hnr,https://learn.microsoft.com/intune/device-configuration/endpoint-security/ref-disk-encryption-settings,2026-09-26T00:00:00Z,,,,,,,"""C3Qbzs2DbqhP1k5Ox/gNOdHEopw=""","Tue, 25 Aug 2026 00:27:38 GMT",a60f43f6f562ded6195ddd8d888335f2d8e11e73,146ca207103c2c59930b053377e4c572ce1400c314cf119f5a4b34330c738061,https://learn.microsoft.com/en-us/intune/device-configuration/endpoint-security/ref-disk-encryption-settings?accept=text/markdown,200,4c247a706655d853,2026-09-28T04:01:12Z
S-u3qwumeu,https://learn.microsoft.com/en-us/intune/intune-service/protect/actions-for-noncompliance,2026-09-26T00:00:00Z,,,,,,,"""EQyduyymeL6ZpiWy72r9sLOxRco=""","Tue, 25 Aug 2026 05:52:50 GMT",7328cf31fc7051783f9fdb12250a44d8d227fa1a,34b22e616d8e803b0cb92571dbfe1c3ba7f747fba8ae94d3bdc0d4382915eaca,https://learn.microsoft.com/en-us/intune/device-security/compliance/configure-noncompliance-actions?accept=text%2Fmarkdown,200,3f6833917f617432,2026-09-28T04:01:13Z
S-u6o4ef53,https://learn.microsoft.com/en-us/power-bi/guidance/multiple-language-translation,,,,,,,,"""n8+yKbulVfYjyYMRRKccJ6chEAU=""","Tue, 01 Sep 2026 22:39:18 GMT",7f844ca5674a3a661090a2c8b40e58ed646a6ccf,eb8f3effc347bdcd0f4d4030e482ed82f0c07c148aaaac4ce01b19433a5c40a3,,200,c20f3a5a958cb077,2026-09-28T04:01:14Z
S-u75x3q42,https://learn.microsoft.com/azure/ai-foundry/openai/how-to/quota,2026-09-26T00:00:00Z,,,,,,,"""FEwGrilrv8F4OdfHko+NJlMwlr0=""","Tue, 22 Sep 2026 17:41:08 GMT",ce045eba5ebf17bade41c3bcebd88f2a28470419,5348c980b27af5f3e88b2752766944fef40a75f11b0c59f9f130fc24b0e6155f,https://learn.microsoft.com/en-us/azure/foundry-classic/openai/how-to/quota?accept=text%2Fmarkdown,200,7f8bce2badedb0b9,2026-09-28T04:01:15Z
S-ubpss7bf,https://learn.microsoft.com/autopilot/device-preparation/whats-new,2026-09-26T00:00:00Z,,,,,,,"""amDVtRSdaZf7vYbuklfiAoE0G8w=""","Mon, 14 Sep 2026 23:06:26 GMT",7c2b8eaaf45b21fd2789fb7332e7e240a59d6c99,da8d9d1009f9454e709b4ee931273851c584c895826dd1e6da35c0563ceea04e,https://learn.microsoft.com/en-us/autopilot/device-preparation/whats-new?accept=text/markdown,200,17dec61d18f59d77,2026-09-28T04:01:16Z
S-ucwyn46f,https://learn.microsoft.com/en-us/azure/azure-arc/servers/prepare-extended-security-updates,2026-09-26T00:00:00Z,,,,,,,"""sHicA59tww5dViasws+6DfuAsXM=""","Tue, 25 Aug 2026 07:01:41 GMT",3cd4c0da80acd2ab452506154cf672064fbddb3e,48d1fb00953400b37c17546eb9ced2ed1860ffd08653cf002509e9667eb8ef42,,200,ec5af19741d6916a,2026-09-28T04:01:17Z
S-udcaydkb,https://docs.github.com/en/copilot/how-tos/agents/copilot-coding-agent/extending-copilot-coding-agent-with-mcp,2026-09-26T00:00:00Z,,,,,,,,,,3e1b2ca64c4234202a40a1e61ec4ca2635bb95d099953f2b6d56607dd8caa809,https://docs.github.com/en/copilot/how-tos/copilot-on-github/customize-copilot/configure-mcp-servers,200,705902ee1b675c73,2026-09-28T03:41:12Z
S-uea253lb,https://learn.microsoft.com/en-us/windows-server/administration/windows-commands/sysmon,,,,,,,,"""7lgE8GSLemAncD+k0/2wXXImGoQ=""","Wed, 26 Aug 2026 10:43:42 GMT",9dc2f60efda6294b8453ea98c1dd44eb685c9d4a,16efbf848c8eb7662f9dd59247db035cee2d4ded5d4dcc4d042b298152471df9,,200,85804aa5c5cc1428,2026-09-28T04:01:18Z
S-ufysm5nk,https://learn.microsoft.com/windows/deployment/do/waas-delivery-optimization-monitor,2026-09-26T00:00:00Z,,,,,,,"""LaSmN6wNTajmu0gPMu1J02XssRg=""","Mon, 24 Aug 2026 04:40:54 GMT",49145d39e1438d140a1e6a0fed5721ba9fb6ae2f,1a5abb1aa6d4a8b49e4f2940cfae4c4987c05ce55caf7db3760c8b371c7a4c0b,https://learn.microsoft.com/en-us/windows/deployment/do/waas-delivery-optimization-monitor?accept=text/markdown,200,5497fcdf6fbd20fe,2026-09-28T04:01:20Z
S-uh67gxyw,https://raw.githubusercontent.com/gravitational/teleport/1283425b60ec5f60d509ba4c791183d452923ff7/docs/pages/identity-governance/access-requests/oss-role-requests.mdx,,,,,,,,"""ffc47951dd9ae9a3eba2d964022104316e1fb85e06d6d9fb2be6dad582a42320""",,,a028bfbb59838eb46b47d56911669e3eaa4673de64367e1d2c5121b898e0d961,,200,009b1feacd471954,2026-09-28T03:48:13Z
S-ui2zukwr,https://learn.microsoft.com/windows/security/identity-protection/hello-for-business/deploy/hybrid-cloud-kerberos-trust,2026-09-26T00:00:00Z,,,,,,,"""vTpPtgvZeIwqjDTJ3Ob/1OSOuQQ=""","Mon, 24 Aug 2026 03:20:58 GMT",3ba20ae11dfe2e7c525ebc16b142798e9a612cf9,daead17b577ae9d9868953bdd7605582a067097b6ec476fbae66ce267330916f,https://learn.microsoft.com/en-us/windows/security/identity-protection/hello-for-business/deploy/hybrid-cloud-kerberos-trust?accept=text/markdown,200,2bafbb85b9a7663a,2026-09-28T04:01:21Z
S-uiolk6la,https://learn.microsoft.com/intune/advanced-analytics/device-timeline,2026-09-26T00:00:00Z,,,,,,,"""Wlzs1/Li6g3P1Ujj0soKob9InHM=""","Tue, 25 Aug 2026 00:51:31 GMT",8fc35ccd02eee458dd0759b2199a819235e09924,c9b6ebe763d1e552c7dc26eec1738298c6333f45a1f4c2d6571d888a9b28aa8d,https://learn.microsoft.com/en-us/intune/advanced-analytics/device-timeline?accept=text/markdown,200,42da3bb0401979d4,2026-09-28T04:01:22Z
S-uispggqe,https://learn.microsoft.com/en-us/intune/configmgr/develop/adminservice/faq,,,,,,,,"""H0k/H6nGHwKMcUUby7b8iCxz4Yg=""","Wed, 02 Sep 2026 14:11:28 GMT",2f58a01e679fc91dc8c8440846c254e1119681fd,630120451f803b1a9f14711f4c783da9687d0b21ca186173b0331667cb04d55e,,200,d1e9c19d2968d778,2026-09-28T04:01:23Z
S-uixd54ua,https://learn.microsoft.com/intune/configmgr/hotfix/2207/15599094,,,,,,,,"""QvYdt18P9CEPycseK1Q2stJpAUE=""","Tue, 22 Sep 2026 11:18:05 GMT",d3432a8c0e9a1b8706eff71005a6b7ca53c35f98,c4b1e941af6b1e6d30ff5d41665b23ddb68921071d44107e9a288bf8d2f5b38f,https://learn.microsoft.com/en-us/intune/configmgr/hotfix/2207/15599094?accept=text/markdown,200,c9944ed8fd25ac23,2026-09-28T04:01:24Z
S-ujkfhzif,https://docs.langchain.com/langsmith/deploy-to-self-hosted-overview,,,,,,,,"W/""p36xhep2peg92g""",,,297e9271620395bb8dc33f607c6298a88c50478f5e678f688bb8363a2ca565e8,,200,36700ea8a5afbcc9,2026-09-28T03:41:12Z
S-uk5qyhwi,https://learn.microsoft.com/azure/ai-foundry/openai/concepts/content-filter-configurability,2026-09-26T00:00:00Z,,,,,,,"""rDk3uU8k8Q7TRafgqfkA/MH3naM=""","Tue, 08 Sep 2026 22:17:48 GMT",10fd319b2aa5d580b5714f69788024d7c4dd13fa,da2f49e6bebd076867ef2e5f038096d3313e01a058b6495381ab6fcc1f138136,https://learn.microsoft.com/en-us/azure/foundry-classic/foundry-models/concepts/content-filter?accept=text%2Fmarkdown,200,51269fe429120b86,2026-09-28T04:01:27Z
S-ulqlpnc5,https://learn.microsoft.com/en-us/azure/search/cognitive-search-skill-pii-detection,,,,,,,,"""Ruf64JiPKaV9vXIZJ5zeB86j/l0=""","Mon, 24 Aug 2026 14:33:22 GMT",8eb05cfa51068ad78864b13af33b04965aa0614a,cde1d598058c874fe22bbc31c7a96eaab6500a926bdf433ce1c2307f80be7bda,,200,cc459590c3486414,2026-09-28T04:01:27Z
S-ulr4lcp4,https://docs.github.com/en/copilot/how-tos/copilot-on-github/customize-copilot/customize-the-firewall,,,,,,,,,,,b734d4bf0915a4d477bd69b09b79028399e29c7aaf82b2287db9ed4477419af2,,200,2ffa1c62f29eedb9,2026-09-28T03:41:13Z
S-umnfbn5b,https://learn.microsoft.com/windows/deployment/do/mcc-ent-https-overview,,,,,,,,"""6xVPyNYGxxDXT8xiNX2LAa0qFgE=""","Tue, 25 Aug 2026 17:02:37 GMT",260d190728e3259fe55c20512217e16e75c21380,953d8c7274f2c10c385324e5ab141fa20849f5d3b4a9df059bb92f8e70a35641,https://learn.microsoft.com/en-us/windows/deployment/do/mcc-ent-https-overview?accept=text/markdown,200,b985df07f2b21a54,2026-09-28T04:01:29Z
S-umxt7njc,https://learn.microsoft.com/azure/update-manager/support-matrix-updates,2026-09-26T00:00:00Z,,,,,,,"""JxdVQ24cLjLTF/PqP4XOy45W90k=""","Thu, 24 Sep 2026 12:59:24 GMT",524e07c02a94f1f9fbb5cc7404058f2fff3c44b1,212c8190cf449a6f19f299c87c55af5f36143184c766f2087a792cda1adb83a6,https://learn.microsoft.com/en-us/azure/update-manager/support-matrix-updates?accept=text/markdown,200,6dc28eca89c35cee,2026-09-28T04:01:30Z
S-unoiabov,https://learn.microsoft.com/azure/ai-services/content-safety/concepts/groundedness,2026-09-26T00:00:00Z,,,,,,,"""BFOGbE34o6HtnnbT5QDUX9KSayc=""","Mon, 24 Aug 2026 03:53:58 GMT",777f84fbedeb0995f4fdea6c65bee2f2a4af1657,fea42619c340265bd6812821fb71ccb57411aa28c050f8097815a8d97a3d6a2b,https://learn.microsoft.com/en-us/azure/ai-services/content-safety/concepts/groundedness?accept=text/markdown,200,742ca341f146a57a,2026-09-28T04:01:31Z
S-unpitz6t,https://github.com/open-telemetry/opentelemetry-collector-contrib/tree/1f1affff86ca2d46236d72897023a129a7ea6437,,,,,,,,"W/""a317a71dac79d9438eb36e01f2ef1502""",,,c807bc4a9bfc29095b54f812ae2f34fb04262df2d28f6af9e7ca877e63b0f9b1,,200,154ac9a3c0e3f474,2026-09-28T03:42:01Z
S-unwwieso,https://docs.github.com/en/organizations/keeping-your-organization-secure/managing-security-settings-for-your-organization/reviewing-the-audit-log-for-your-organization,2026-09-26T00:00:00Z,,,,,,,,,,4395ad009b87982b8403ced68861087d20ed1671a240bc6ef138a8e9dcdf90a4,,200,84e431a3e37a4572,2026-09-28T03:41:14Z
S-uoxtujn6,https://learn.microsoft.com/en-us/azure/azure-arc/overview,,,,,,,,"""h8y0ri6mQj235+iykeW6WRWuJ7U=""","Mon, 24 Aug 2026 22:31:31 GMT",c7b017ccbd54b7ed8b73eacc45afa2ebfce569e0,e20a97d4b9233176c00a92fcd015138f154a1ed8906c4bc2e14e6b6fba7ba5d0,,200,4fa6c6cd6f6280b8,2026-09-28T04:01:31Z
S-upv53vkh,https://learn.microsoft.com/graph/api/resources/unifiedroleeligibilityschedulerequest?view=graph-rest-1.0,2026-09-28T04:48:14Z,,,,,,,"""0LEtayPnJrwfAGh+ZjS6kkFX+Bs=""","Tue, 25 Aug 2026 03:21:43 GMT",91d42aa1492c6710a1570840a8e66e152980afbb,9ddd03981661bdf300b8a865ee11e586e84ec2788835866fad64429b1120846a,https://learn.microsoft.com/en-us/graph/api/resources/unifiedroleeligibilityschedulerequest?view=graph-rest-1.0&accept=text/markdown,304,f703a8003a3d4850,2026-09-28T04:48:14Z
S-uq2hafxi,https://modelcontextprotocol.io/specification/2026-07-28/server/resources,2026-09-26T00:00:00Z,,,,,,,,"Mon, 28 Sep 2026 03:41:18 GMT",,05586cdb1dfee54b8ec0f16436f2aa83e6de6e3734f3c4d40a4f195d928a5055,,200,d4e2eca82268ce58,2026-09-28T03:41:17Z
S-ur2l6cs3,https://learn.microsoft.com/azure/sentinel/threat-detection,2026-09-26T00:00:00Z,,,,,,,"""CLwFMJX4LPzlYWsK/oDelt2gSzk=""","Wed, 23 Sep 2026 11:54:49 GMT",84a11674317125f16f51fff6a4a70b585c8b65d4,d1ecac284b4a2fb73e450b213d4847e63397214a0670b8e41fd9386fd7890c94,https://learn.microsoft.com/en-us/azure/sentinel/threat-detection?accept=text/markdown,200,b66686ae51eddf2b,2026-09-28T04:01:34Z
S-urlbhr7a,https://www.first.org/epss/,2026-09-26T00:00:00Z,,,,,,,,"Thu, 30 Jul 2026 13:48:13 GMT",,b9c32ed292cb79d0213724f6079f2046192c564299411e7c9e0e2199bf4b6f49,,200,3c7640c85ad56113,2026-09-28T03:41:14Z
S-utoe3wfw,https://raw.githubusercontent.com/python/cpython/v3.14.7/Doc/library/csv.rst,,,,,,,,"""a697a952af2b5186ffbc6e03dee389e4f153c3bf0007cbaae2db38230989d676""",,,e62ab022e50cf042c60021a9481455461552a68cc6fed5e018e12fd4f8e7bf9c,,200,028445f86fa97ba1,2026-09-28T03:48:14Z
S-utrhfg57,https://learn.microsoft.com/en-us/powershell/module/microsoft.powershell.core/about/about_signing?view=powershell-7.6,,,,,,,,"""7D9+VUwN3/8/2LEQzttbb4d7AIY=""","Thu, 24 Sep 2026 22:44:55 GMT",65ca5ad90225a438cbc0a02259697e707ce3ed3c,d98bcb664539656e83c2440a2aacf4bf6718885c400831559835942b6b4fb329,,200,c08ad2908ec15b75,2026-09-28T04:01:35Z
S-utydlnf7,https://learn.microsoft.com/powershell/module/microsoft.wsman.management/enable-wsmancredssp?view=powershell-7.6,,,,,,,,"""sL2k1jLywzQkie9MFulUAUMqlTo=""","Fri, 25 Sep 2026 14:35:06 GMT",3bcc275f46fd8537780ee1549c0862bb0266e06c,52d0a22643cb998520a086f76117b19d1dd63c534678d8a9c3250bf98fa788e9,https://learn.microsoft.com/en-us/powershell/module/microsoft.wsman.management/enable-wsmancredssp?view=powershell-7.6&accept=text/markdown,200,d2749414192950b2,2026-09-28T04:01:36Z
S-uussqmqn,https://modelcontextprotocol.io/registry/github-actions,2026-09-26T00:00:00Z,,,,,,,,"Mon, 28 Sep 2026 03:41:19 GMT",,586fe8d5fcc11a50079378a3485d3937ebe20de4154f29777707645a788c2095,,200,08ee9f4d46eabf76,2026-09-28T03:41:19Z
S-uv2mdacd,https://learn.microsoft.com/defender-endpoint/api/run-av-scan,2026-09-26T00:00:00Z,,,,,,,"""3IQUheY6hrGFKrtvbN4znvV0cGg=""","Mon, 24 Aug 2026 09:18:44 GMT",f41cd3e680f91698941a61bce2c9d74bbefaeff3,f84144c150ad155c8116b29fdb8a37bedadc36c651abf3d9d2a9dcd2cd52d5d9,https://learn.microsoft.com/en-us/defender-endpoint/api/run-av-scan?accept=text/markdown,200,bb07e6c05d3db429,2026-09-28T04:01:37Z
S-uva2ob4g,https://learn.microsoft.com/entra/agent-id/best-practices-agent-id,2026-09-28T04:48:15Z,,,,,,,"""P/FUhpw4aNr/dDXhyoX5/S87ENY=""","Mon, 24 Aug 2026 14:52:42 GMT",fd28754a3b08bcdbf7fe2f36e74054f3d556c596,b8db79e7ac507fd4e4726eaf6b1433fb2f3242dad510a159062b23accce84165,https://learn.microsoft.com/en-us/entra/agent-id/best-practices-agent-id?accept=text/markdown,304,3f5e8e640b891c8e,2026-09-28T04:48:15Z
S-uvavmxwe,https://raw.githubusercontent.com/microsoftgraph/microsoft-graph-docs-contrib/4ad99fd37a9e2e8538275a0a9cdff7907052f3ec/api-reference/v1.0/api/configurationmanagement-list-configurationmonitoringresults.md,,,,,,,,"""a51265a633781ff0ac1920a21a5071bfee99fca62dc0e01f59f56356faaec508""",,,1e5895b1a9ebba7b8b8cde63e82ca9cb9b2e962198f68b6194ec2dec934ba769,,200,2bb6d022c1d01c2d,2026-09-28T03:48:15Z
S-uw3gpx3u,https://learn.microsoft.com/en-us/entra/agent-id/secure-mcp-server-with-entra-id,,,,,,,,"""klnDRdngsmWpS34bAe1B5ZrJ5Kg=""","Thu, 03 Sep 2026 18:20:58 GMT",2506cb0e9fd71a43da77c640942654c7a99f8982,8bb3c5659fa4c5c2b7b44cc5799c2eb77105c5966db3c5b819442897d157aabd,,200,6831faebce915923,2026-09-28T04:01:40Z
S-uyp3vgvo,https://ai.google.dev/gemini-api/docs/long-context,,,,,,,,,"Mon, 22 Jun 2026 00:46:23 GMT",,cf0d8a36a593f416f95587b88b86f505177009a43c250ef785371f0ba7d8b82f,,200,3ab47096d56fdc2e,2026-09-28T03:40:49Z
S-uzewrile,https://learn.microsoft.com/en-us/windows/security/operating-system-security/sysmon/how-to-enable-sysmon,2026-09-26T00:00:00Z,,,,,,,"""cUONXk4F1pJJNIPUCKESpTrQcjo=""","Mon, 24 Aug 2026 04:05:55 GMT",10b0cb5292314f34d6d49cc973f15301d6cb9430,184ec76f0bdcea7c926fdfba222a0902f2d17c6ed9f7b1bac8270c45fca3e82c,,200,2d94899483d3f82a,2026-09-28T04:01:41Z
S-uzkb4duq,https://code.claude.com/docs/en/sessions.md,,,,,,,,,"Thu, 08 Oct 2026 00:45:16 GMT",,b88a8c38a48405799d503117b76618f4df7bb7925a60f39d9e737d518a3cebc4,,200,9bee308c869e2cd6,2026-10-08T00:45:16Z
S-v26wvp2b,https://learn.microsoft.com/intune/advanced-analytics/anomalies,2026-09-26T00:00:00Z,,,,,,,"""2Nbv0mY+fbtsffIUEzhm8MnczbA=""","Tue, 25 Aug 2026 00:51:29 GMT",8fc35ccd02eee458dd0759b2199a819235e09924,b66b181f0e69b73d102115c5db1091313eb0409ecd98145e3b59bb5b30a34b47,https://learn.microsoft.com/en-us/intune/advanced-analytics/anomalies?accept=text/markdown,200,42c561af87083108,2026-09-28T04:01:42Z
S-v2cnpcup,https://learn.microsoft.com/intune/copilot/agents/vulnerability-remediation-agent,2026-09-26T00:00:00Z,,,,,,,"""gqUkGtDahuyWgxsAnTbN+BFqCGw=""","Tue, 25 Aug 2026 18:55:38 GMT",78772957452ffb8318153fa0fc4e2ceeb5e16926,e157b002218898fa9dc408ab7a9292f715796eae9e92e32a77079161c11e5bc0,https://learn.microsoft.com/en-us/intune/copilot/agents/vulnerability-remediation-agent?accept=text/markdown,200,049af3ac004779a7,2026-09-28T04:01:43Z
S-v32a7r4i,https://learn.microsoft.com/en-us/graph/api/intune-devices-manageddevice-pauseconfigurationrefresh?view=graph-rest-beta,2026-09-26T00:00:00Z,,,,,,,"""WJbAmcyhSIrgfPiiRTK3/E7lfcI=""","Fri, 28 Aug 2026 08:29:12 GMT",8b52aa93c9c8d9618282f2219f9d0220adfbc038,11cee40cc055f4a842c74f20802d13a0566f8f52c48f6b3ab1ed6b5a277a5461,,200,a9dc5d28f81de20a,2026-09-28T04:01:44Z
S-v3kf7d4m,https://learn.microsoft.com/intune/device-configuration/templates/configure-custom-settings-windows,2026-09-26T00:00:00Z,,,,,,,"""gjkmrianfMyNvFXMbX+gqmq4ZBg=""","Tue, 25 Aug 2026 01:35:24 GMT",a60f43f6f562ded6195ddd8d888335f2d8e11e73,9c9dc5f87c79a0a95e3aeee6bdd8e9cc31b19aca989708b08cebeab294cb427d,https://learn.microsoft.com/en-us/intune/device-configuration/templates/configure-custom-settings-windows?accept=text/markdown,200,9ca69f1c34abd9b8,2026-09-28T04:01:46Z
S-v3mswhuo,https://learn.microsoft.com/en-us/sql/database-engine/configure-windows/register-a-service-principal-name-for-kerberos-connections?view=sql-server-ver17,,,,,,,,"""ZGp78uLMrI/YiPxO/NCqW5gVCbA=""","Mon, 24 Aug 2026 23:28:04 GMT",f3b022f697cd0a1219c1e9696d9e572ba36a75f9,916f520e863f67f5d83c436ed974bb522022f7cd15506110ab7f46834f910731,,200,a6aefa1e7a404e10,2026-09-28T04:01:47Z
S-v3vc7a3l,https://learn.microsoft.com/en-us/contribute/content/docs-authoring/sort-redirects,,,,,,,,"""oZ4K0C3qXg/ejzwxm1Gys0UV1/M=""","Wed, 19 Aug 2026 15:10:32 GMT",e2725c977f98a0b1e085d6afe8f0a85663e20bfc,2d42cec97b932b8ab725a63e189e00ae3d1c79c2176d68bb3c3b5ed1c76479eb,,200,f67ab43ee54e7dfc,2026-09-28T03:39:29Z
S-v4tlkpo3,https://raw.githubusercontent.com/PowerShell/DSC/ea572fa755dbd49fb52339043409fbd50a625600/resources/windows_service/windows_service.dsc.resource.json,,,,,,,,"""64eb413089bfdcce7c27d56885b987efc09a5f1101407f3cb6ade1c4bb3120c9""",,,41e1f5755b063e48e3c11c74a0477bea3c7e0c0b7b97bb67bf9ed78decbab219,,200,59c904c435f0b033,2026-09-28T03:48:16Z
S-v5cttaej,https://learn.microsoft.com/intune/device-configuration/troubleshoot-device-profiles,2026-09-26T00:00:00Z,,,,,,,"""OW/WbX4RQGBUiJPWGioxslC62sw=""","Tue, 25 Aug 2026 01:09:54 GMT",9040cf029b73e387903ccc3e6b35335ab5cf16df,b1de993a6df568811f3cb06a5f3b83eb71d3f9ad2b2ab7f1218d0385f08f8604,https://learn.microsoft.com/en-us/intune/device-configuration/troubleshoot-device-profiles?accept=text/markdown,200,4c3a1fa74720ff08,2026-09-28T04:01:48Z
S-v5d6zvne,https://learn.microsoft.com/en-us/intune/configmgr/core/servers/manage/cmpivot-sample-scripts,,,,,,,,"""srG7FF8I57ieVeZed9X8kREirx0=""","Thu, 03 Sep 2026 14:47:26 GMT",d3432a8c0e9a1b8706eff71005a6b7ca53c35f98,758c1adc575dbc5c544553b736867a56b2b397ff979bc7d318aa4d0d85b02f4e,,200,ef9a19ea24601a70,2026-09-28T04:01:49Z
S-v5mr4bu5,https://learn.microsoft.com/en-us/defender-xdr/advanced-hunting-devicefileevents-table,2026-09-26T00:00:00Z,,,,,,,"""8MpUbgUNb09yo+hO7L6VG9eMiNg=""","Mon, 24 Aug 2026 07:54:03 GMT",0fdad2971c4f8acbaebefc5e52a5a2f7302a670c,a75131c56d98f0579da43f534547fa50df7b001f2822994f84aac13c98c223dc,,200,4d533cd0650848c3,2026-09-28T04:01:50Z
S-v5rdr5la,https://learn.microsoft.com/graph/query-parameters,2026-09-26T00:00:00Z,,,,,,,"""I6ARjO/fqobHuzlX7qCTWO70q9g=""","Tue, 25 Aug 2026 01:43:05 GMT",7aeb175f9acc83ac0608d5c0e9410a73e2486c6f,b860dc3d5509d67016d78bcb709b6ab7a49a3e3b6c8364b12e22b4b75f129803,https://learn.microsoft.com/en-us/graph/query-parameters?accept=text/markdown,200,f803d2f8050c42b8,2026-09-28T04:01:51Z
S-v5wjmc3h,https://learn.microsoft.com/en-us/openspecs/windows_protocols/ms-kile/e55ad922-4940-432d-a253-41919d6efd24,,,,,,,,"""4seSnu0pPbAivpctBiDDVzaMyjs=""","Fri, 25 Sep 2026 07:32:29 GMT",7f60fddfa2f7b0619608f928317cffd07eeed79a,cb4c9b70b1eadbcd6f5e33873db75cfea09a863c935e023e8e07d271bb276747,,200,4c603e34c181b671,2026-09-28T04:01:52Z
S-v7jhlfyz,https://learn.microsoft.com/intune/device-configuration/endpoint-security/deploy-edr,2026-09-26T00:00:00Z,,,,,,,"""+vmvJXM2l9qM49AzDoHpJ009Me8=""","Mon, 24 Aug 2026 23:55:16 GMT",a60f43f6f562ded6195ddd8d888335f2d8e11e73,80af20bed22eab120dffa6567ea82779e46b5c34206413709f3afc8908b3a59a,https://learn.microsoft.com/en-us/intune/device-configuration/endpoint-security/deploy-edr?accept=text/markdown,200,14cdf20a3b209632,2026-09-28T04:01:54Z
S-vavpj2l2,https://learn.microsoft.com/graph/api/cloudpc-reprovision?view=graph-rest-1.0,2026-09-26T00:00:00Z,,,,,,,"""v1laIb5AE6QrudpYPsubS9rbRsA=""","Wed, 26 Aug 2026 07:41:07 GMT",08ac8dfcf73a73b9a374f0d90a1c5c28f95450cb,45e852a1355439856bba9deb79d4f0eb8de41353ddc60445e4bf233d01f12cdd,https://learn.microsoft.com/en-us/graph/api/cloudpc-reprovision?view=graph-rest-1.0&accept=text/markdown,200,0a7709b8eb3700aa,2026-09-28T04:01:55Z
S-vawypjoe,https://learn.microsoft.com/en-us/windows/security/application-security/application-control/app-control-for-business/design/configure-authorized-apps-deployed-with-a-managed-installer,2026-09-26T00:00:00Z,,,,,,,"""kbFj0UnjLU7Uqj178aO8WFavIKM=""","Mon, 24 Aug 2026 03:15:56 GMT",8efb5e80cd63c8ca7fe640cced4d7a0bfc59a8c2,17fd50244b93c5bd42ae850444948d8acd88fe8f2a1dee6b42ad4e743366e54b,,200,e8f6ef63ba70befc,2026-09-28T04:01:56Z
S-vbmaayv5,https://learn.microsoft.com/intune/device-configuration/templates/configure-custom-settings-linux,2026-09-26T00:00:00Z,,,,,,,"""gf9toEuywrQRAyPpmVu9NEuYsp0=""","Tue, 25 Aug 2026 00:09:42 GMT",a60f43f6f562ded6195ddd8d888335f2d8e11e73,1a85aca6e05dcbe792efc8a47efec4ee19dd233414ac57e8f4da01c68e9691a8,https://learn.microsoft.com/en-us/intune/device-configuration/templates/configure-custom-settings-linux?accept=text/markdown,200,71273d8495d938a3,2026-09-28T04:01:58Z
S-vbygwljt,https://raw.githubusercontent.com/microsoftgraph/microsoft-graph-docs-contrib/4ad99fd37a9e2e8538275a0a9cdff7907052f3ec/api-reference/v1.0/api/configurationmanagement-list-configurationdrifts.md,,,,,,,,"""8b55e7da8bb8cd0a31cdb21fd3c3c1ae5ef8ce6c092f96ff9b3e9dff156c772b""",,,9353b429e1399781b9f4f770345a02aac3bac9715c05a581e1d49282be019359,,200,3f6ac3ae58c85e48,2026-09-28T03:48:17Z
S-vcysphuu,https://learn.microsoft.com/en-us/windows/win32/adschema/c-computer,,,,,,,,"""CLCtFlNWEcxi0xlQsA5C/Gcggmo=""","Thu, 27 Aug 2026 09:03:49 GMT",cb870af942a8a334627c3b3f4ad23c7f49a0e70e,7fcb509be74e925ccc7e38c83155b149f43bd89df35b9d823a818456f43f6ce0,,200,9c944fb47d929116,2026-09-28T04:01:59Z
S-vdrnoalt,https://learn.microsoft.com/en-us/intune/app-management/deployment/enhanced-app-inventory,,,,,,,,"""Dxlc3wIT1pvvMMmMPQ0GZ57EJeM=""","Mon, 24 Aug 2026 22:49:16 GMT",a60f43f6f562ded6195ddd8d888335f2d8e11e73,13445f657c2958706812324fa124551633436816b5f88c0c54982edf80573767,,200,42547eff66638910,2026-09-28T04:01:59Z
S-vetttstu,https://learn.microsoft.com/azure/azure-arc/servers/ssh-arc-overview,2026-09-26T00:00:00Z,,,,,,,"""b7UeixXFwKPyaGnD9LW0Qs727Hw=""","Mon, 24 Aug 2026 23:00:08 GMT",e5f9c6c566e5e2401b0614926f3f84d4be2e2d52,a44e478855ae936f431db0be583ec5b442d398a9f925b05dda11b7e3353e3e0c,https://learn.microsoft.com/en-us/azure/azure-arc/servers/ssh-arc-overview?accept=text/markdown,200,c060cc9a90ce98f9,2026-09-28T04:02:01Z
S-vfwdpj2p,https://learn.microsoft.com/dotnet/ai/azure-ai-services-authentication,2026-09-26T00:00:00Z,,,,,,,"""OsjPI+vv19BiDr4J0uGAP66jEoo=""","Tue, 25 Aug 2026 06:58:27 GMT",1e50cdad984ce8cc68e4fd9fd56b69694b1d045e,9cf8661ee75cd9d478124c18e2f3409abbb6583317beeeb339f733e14552b282,https://learn.microsoft.com/en-us/dotnet/ai/azure-ai-services-authentication?accept=text/markdown,200,9daa32761e1c3f63,2026-09-28T04:02:02Z
S-vgw6qot7,https://learn.microsoft.com/windows-server/get-started/enable-hotpatch-azure-arc-enabled-servers,2026-09-26T00:00:00Z,,,,,,,"""iAKiOP+24U9UT3slBvvCCVfyLEM=""","Wed, 26 Aug 2026 14:00:29 GMT",3a801c89aaa2d86d5ef85a5264858ec118acec0c,3dcfa7fc72cba59dfe4e0f0eb9d7589e0341e35a25ca5814cd8620c4822b3728,https://learn.microsoft.com/en-us/windows-server/get-started/enable-hotpatch-azure-arc-enabled-servers?accept=text/markdown,200,8a6227516681744a,2026-09-28T04:02:04Z
S-vh33l6f5,https://developers.google.com/search/docs/crawling-indexing/http-network-errors,,,,,,,,,"Wed, 04 Feb 2026 15:56:49 GMT",,bd497e2760ae2cdbc53ca6cebdb81bf4ed491d1f76db213e4cff2626f9028e71,https://developers.google.com/crawling/docs/troubleshooting/http-status-codes,200,886b5c88a76af6d0,2026-09-28T03:39:20Z
S-vhwb6zo5,https://github.com/microsoft/New-KrbtgtKeys.ps1,2026-09-26T00:00:00Z,,,,,,,"W/""2ca2299760fe47676ae612a86c7a268e""",,,46aee74e637bac161aa4f926442c63680fa1adbd32932fca20889e8e13a5f8e1,https://github.com/microsoftarchive/New-KrbtgtKeys.ps1,200,3e333b8d52c0e174,2026-09-28T03:42:02Z
S-vicgida6,https://learn.microsoft.com/azure/sentinel/normalization-schema-authentication,,,,,,,,"""DB3+pk3YnFtmd2J6kdghqyp9iD8=""","Thu, 17 Sep 2026 19:04:41 GMT",d246386902b21b708057d6f534caf1454968d131,c5b794b6a9f8796de6e93bb9b8dac3e2fabba95cec71ace2da42663efab30b59,https://learn.microsoft.com/en-us/azure/sentinel/normalization-schema-authentication?accept=text/markdown,200,fbcb4bc880808db6,2026-09-28T04:02:06Z
S-vil7lhvw,https://learn.microsoft.com/windows/deployment/do/waas-delivery-optimization-faq,2026-09-26T00:00:00Z,,,,,,,"""CsfHRYdd0weZd/s1iJd9TcVCVx4=""","Mon, 24 Aug 2026 03:16:27 GMT",22e77130e37a97f5b492c68060d95c1579dd3800,73dd564e05eb7cbec57ed073a7f205a54449a15afc585b4ee32cbf02626e4ea8,https://learn.microsoft.com/en-us/windows/deployment/do/waas-delivery-optimization-faq?accept=text/markdown,200,d2ace0ac73f8eb95,2026-09-28T04:02:07Z
S-vilbjgtf,https://code.claude.com/docs/en/env-vars,2026-09-26T00:00:00Z,,,,,,,,"Mon, 28 Sep 2026 03:41:29 GMT",,13f7be505467743666cd7d9f45c93cf3f18cad4aac9066a9c4598a6865fe8fe9,,200,aafde9528ea5e277,2026-09-28T03:41:29Z
S-vjefvouf,https://learn.microsoft.com/azure/sentinel/billing,2026-09-26T00:00:00Z,,,,,,,"""PwyDBnOBIWKryyaubFAPGmaE6F0=""","Wed, 23 Sep 2026 09:50:20 GMT",34b3d271ab32826de853230a7963f3858bf9e70d,fb4c084c6905b406f8f3db9ba937fbcd4b69be6d51dc2df5ebf021c7df35497b,https://learn.microsoft.com/en-us/azure/sentinel/billing?accept=text/markdown,200,91228642d21ab114,2026-09-28T04:02:08Z
S-vjtqqsri,https://learn.microsoft.com/en-us/defender-xdr/advanced-hunting-devicelogonevents-table,2026-09-26T00:00:00Z,,,,,,,"""KSO9cMDvUgPCAmEzf1Lz88JMzJ8=""","Tue, 25 Aug 2026 00:04:53 GMT",2de8e41d2b7cc92b3055cce01b4712225f9b1932,2222dd9c078a5c6251db5069c0f740572ab71100229690439dc7adc802389187,,200,2d87c63b434cd0d3,2026-09-28T04:02:09Z
S-vkmx3p22,https://learn.microsoft.com/purview/audit-solutions-overview,2026-09-26T00:00:00Z,,,,,,,"""GIhrk2LV9NM7Hu7Gz+vQe90KCcA=""","Mon, 24 Aug 2026 07:35:15 GMT",bdbbbec7d240cb76b1c7ed660a14c1b49b35a290,5d52afd23166662caea9e0d26ff77fc402873312eda9f72a7fc896425cfe8459,https://learn.microsoft.com/en-us/purview/audit-solutions-overview?accept=text/markdown,200,e2753c829cc35bfc,2026-09-28T04:02:10Z
S-vkpl2xpq,https://learn.microsoft.com/en-us/intune/configmgr/develop/reference/protect/cancelclientoperation-method-in-class-sms_clientoperation,,,,,,,,"""rGDtNDIWXmLTTcqiJZBdYIhyFH8=""","Thu, 24 Sep 2026 00:34:20 GMT",2f58a01e679fc91dc8c8440846c254e1119681fd,d717c665d2e29041b5a207b1ceea226886c6029faf2fc1b47b1b1d4a63e7c711,,200,8e6d13d76ed1b155,2026-09-28T04:02:11Z
S-vl6444k5,https://modelcontextprotocol.io/registry/registry-aggregators,2026-09-26T00:00:00Z,,,,,,,,"Mon, 28 Sep 2026 03:41:21 GMT",,c9c420b2ff7d5e0fbe68dd3cbdd74a83b274144306fa42d7bf7040252060aef1,,200,2e4775e800ffeffd,2026-09-28T03:41:21Z
S-vlctroci,https://learn.microsoft.com/graph/api/intune-reporting-devicemanagementreports-getcachedreport?view=graph-rest-1.0,2026-09-26T00:00:00Z,,,,,,,"""Nb/K1X74ATFzgY7AQFCCZe1vgG0=""","Fri, 28 Aug 2026 19:04:12 GMT",c5bdea5b2d849451be9b260f1f9bbf3d27997198,2d22f429961e3087bee404e310cf98b4fbf60ffaab0356d4254332df1339e673,https://learn.microsoft.com/en-us/graph/api/intune-reporting-devicemanagementreports-getcachedreport?view=graph-rest-1.0&accept=text/markdown,200,e9bc540cf84dd600,2026-09-28T04:02:13Z
S-vmgy5mjp,https://learn.microsoft.com/defender-endpoint/machine-groups,,,,,,,,"""OV2R3+mV+nbwA0UCn4lRNFXWwaw=""","Mon, 24 Aug 2026 08:43:44 GMT",89ced2cacb29c2ee45e35a153a97c80851a91113,2dfa66de0e2deaaf103f5e2040fe65f516e79cec85bb4f2ed39d0e04b13b3c73,https://learn.microsoft.com/en-us/defender-endpoint/machine-groups?accept=text/markdown,200,5c8bbf09629298ac,2026-09-28T04:02:14Z
S-vmpbvsv4,https://learn.microsoft.com/windows/client-management/understanding-admx-backed-policies,2026-09-26T00:00:00Z,,,,,,,"""XZ9dVB437/9X/w+GjaZ/UIrsHh0=""","Mon, 24 Aug 2026 04:58:36 GMT",1493a5a72db82d6a7915960d885588b7a47ac3b2,da9e43b6433e2d98b16490a3e3e67b2a90847d1a46223008dfc44bc850c3ddf8,https://learn.microsoft.com/en-us/windows/client-management/understanding-admx-backed-policies?accept=text/markdown,200,632f9bd42e63465c,2026-09-28T04:02:15Z
S-vmz33l7n,https://raw.githubusercontent.com/git/git/v2.55.0/Documentation/gitattributes.adoc,,,,,,,,"""baba97b4b874ab2f92304366144f344fb30c32d4f8b6340c9378002e6a547120""",,,092c90ac7b50f65315fec76595a0826004390f19b07afd9e1bca971c4bc77d32,,200,41182c26478d97d5,2026-09-28T03:48:18Z
S-vnizihrz,https://raw.githubusercontent.com/PowerShell/DSC/ea572fa755dbd49fb52339043409fbd50a625600/dsc/src/server/list_dsc_functions.rs,,,,,,,,"""48c0050cf065f572432af6e2ca922e5ef44a617b768be910797aad1307b10680""",,,4dc06d58737b268d3eb53589c460c8395d64fdd0f3181e68f442918412f97451,,200,4d802d1d109f7a2f,2026-09-28T03:48:19Z
S-vouhh5ur,https://modelcontextprotocol.io/registry/moderation-policy,2026-09-26T00:00:00Z,,,,,,,,"Mon, 28 Sep 2026 03:41:22 GMT",,de26bbf62db33a5bc93813743418e74ef6d6a49544f0fc1c7c97963c4b836002,,200,2e5ebd1c422ddba8,2026-09-28T03:41:22Z
S-vp5onm7b,https://code.claude.com/docs/en/goal.md,,,,,,,,,"Mon, 28 Sep 2026 05:19:11 GMT",,516569115ba9c6c3d56cf5789657efc21e538d798de3d215d9e4f4cd79047855,,200,df41dcd333c19128,2026-09-28T05:19:11Z
S-vpvd3h5f,https://learn.microsoft.com/en-us/intune/intune-service/protect/device-compliance-get-started,2026-09-26T00:00:00Z,,,,,,,"""RQ7Zye0hSrZAukoiGakVofHkuyQ=""","Mon, 24 Aug 2026 22:38:28 GMT",1b83f6d870d809f066d936cd87c37634c74b283d,b4f13d0302e999af50e326933f9110cbfff1be62c63bfe655f2abfadc64e3483,https://learn.microsoft.com/en-us/intune/device-security/compliance/overview?accept=text%2Fmarkdown,200,758b7380b5a947a0,2026-09-28T04:02:16Z
S-vqothyeg,https://a2a-protocol.org/latest/topics/a2a-and-mcp/,,,,,,,,"""6ab67afd-127ae""","Fri, 25 Sep 2026 13:45:33 GMT",,e3c05f9d47acc7b5d3d3e91cd2736c693c154fddc73888c5accd7efdf7e2951b,,200,69c3a895fb51049a,2026-09-28T03:40:59Z
S-vra6j7cx,https://learn.microsoft.com/graph/api/synchronization-synchronizationjob-start?view=graph-rest-1.0,2026-09-28T04:48:17Z,,,,,,,"""rPvEjZxByU2dLe9slphrcFxR/qg=""","Tue, 25 Aug 2026 05:47:05 GMT",2c24426c4f536be26be202ec7b5b4faaa9833683,dc7a51a9beee2997e166570005353f2a0d5349b519c20eee5f2da89d6151b948,https://learn.microsoft.com/en-us/graph/api/synchronization-synchronizationjob-start?view=graph-rest-1.0&accept=text/markdown,304,097a01a9f84d402c,2026-09-28T04:48:17Z
S-vrff4evh,https://code.claude.com/docs/en/agent-sdk/custom-tools.md,,,,,,,,,"Mon, 28 Sep 2026 03:41:30 GMT",,544ef4e21646209eea784f9a2922d0ed7a82587238d7d3d40f1def9df4c0337e,,200,460e862a0ed37d25,2026-09-28T03:41:30Z
S-vrrtfarn,https://learn.microsoft.com/windows/deployment/update/wufb-reports-schema-ucclient,2026-09-26T00:00:00Z,,,,,,,"""ZkYYmwUCgoD0roOhdgNzYUuFg0k=""","Mon, 24 Aug 2026 19:34:49 GMT",8c73a53d222e95ab480d2e88bd8124ac3e3dba97,2037baea13a3d5a5bb1bc422f4771576322b6db0adcc711a6da46ebc1fc9c0ba,https://learn.microsoft.com/en-us/windows/deployment/update/wufb-reports-schema-ucclient?accept=text/markdown,200,e2142fe0fce44113,2026-09-28T04:02:18Z
S-vrwvsimi,https://learn.microsoft.com/en-us/windows/package-manager/winget/settings,2026-09-26T00:00:00Z,,,,,,,"""Ue9Tqa2V5hr4OTQWPkyQ2+mCasc=""","Mon, 24 Aug 2026 15:11:22 GMT",866cea8f1d9b8bd9defb17041a075e3822ca2c06,0a89cee49919beed5fd7bf4cc720b0be71b0d749f84de489ee1c2250f89dd67c,,200,13b3365394c08211,2026-09-28T04:02:19Z
S-vspquxtf,https://learn.microsoft.com/en-us/azure/azure-arc/kubernetes/release-notes,,,,,,,,"""+YzZQr4teDhek9BY/gJ+pVEYTDM=""","Tue, 25 Aug 2026 13:43:05 GMT",0a8bdd851a45c01438d37597cc929a34ed5af8a8,9c0b2bf14aa95be88622938941aa2deee21093b30d6eb47be3ac95b6ca13b034,,200,8cdad94581feb7e4,2026-09-28T04:02:20Z
S-vtejnyyv,https://github.com/mitre-atlas/atlas-data,,,,,,,,"W/""961368ee3991bce56d5f837ed3b5158c""",,,25aad930c5bdf6d4687b971a7e729ae5f39146e9dd6a8eb58246ffec1e8ff8dc,,200,529f821913621f6f,2026-09-28T03:42:03Z
S-vtmdq4xp,https://learn.microsoft.com/intune/app-management/deployment/,2026-09-26T00:00:00Z,,,,,,,"""VWBCx/OXCG9oRUxDMmLjMMdnzaw=""","Mon, 24 Aug 2026 22:47:38 GMT",a60f43f6f562ded6195ddd8d888335f2d8e11e73,bfdd18762c05f5a8227b2a71e6b9951076ab25b27753c348c53f360b1bc8cef9,https://learn.microsoft.com/en-us/intune/app-management/deployment/?accept=text/markdown,200,26739494d3513d15,2026-09-28T04:02:21Z
S-vtpfmnfq,https://learn.microsoft.com/azure/update-manager/sample-query-logs,,,,,,,,"""/aecbAyeY+ajH31K/WuFRfZxC+A=""","Thu, 24 Sep 2026 18:38:03 GMT",524e07c02a94f1f9fbb5cc7404058f2fff3c44b1,2ec93bfe49944ddc76ca1e3e5c74470b506b70d660dbcf62fa01db063c0bb937,https://learn.microsoft.com/en-us/azure/update-manager/sample-query-logs?accept=text/markdown,200,fdc7604462f40ba9,2026-09-28T04:02:22Z
S-vtximkx6,https://api.msrc.microsoft.com/cvrf/v3.0/updates,,,,,,,,,,,0d05c61fc4d565f39e361579830ed96ea3316872bb8b3e5affa50cbea743ec5d,,200,d5596ee1538afbf6,2026-09-28T03:41:05Z
S-vudqagwn,https://learn.microsoft.com/en-us/previous-versions/windows/it-pro/windows-10/security/threat-protection/auditing/audit-credential-validation,,,,,,,,"""ng/D94rysiQm7KhFA22QDDTlhms=""","Sun, 20 Sep 2026 11:30:47 GMT",3781a3939e77300af0299d25b3e16928184faa07,6a6f0401114927d831da2732f31981056e1b4604895059f96d62112dfc870274,,200,ab8ae3e9604c75a3,2026-09-28T04:02:23Z
S-vx532wl3,https://learn.microsoft.com/powershell/module/microsoft.powershell.core/about/about_windows_powershell_compatibility,2026-09-26T00:00:00Z,,,,,,,"""G6FgH28mwyLjOsNqAy63CPJPxGo=""","Fri, 25 Sep 2026 06:09:46 GMT",f09ce0b678c2da1ae0fa70f0b4789a607183cc63,0fabfb5cfcd2d6de41e7bd6f638cc1ff96688fd8f6480812ec7eaf7e899b9cfd,https://learn.microsoft.com/en-us/powershell/module/microsoft.powershell.core/about/about_windows_powershell_compatibility?view=powershell-7.6&accept=text%2Fmarkdown,200,a67c2a8cae5cc964,2026-09-28T04:02:26Z
S-vxnukaep,https://www.bsi.bund.de/DE/Service-Navi/Publikationen/Studien/SiSyPHuS_Win10/AP12/SiSyPHuS_AP12_node.html,,,,,,,,,"Mon, 28 Sep 2026 03:41:14 GMT",,19cac9bbc0222d6266d62b35c8d9fe76f359ef131f28a0909d9f7d576f0f4c0a,,200,a049eaa0ba07ad29,2026-09-28T03:41:14Z
S-vyhrpdjp,https://learn.microsoft.com/en-us/microsoft-copilot-studio/requirements-messages-management,,,,,,,,"""RF6LI0JAVBN406s5v32GUkbsx1w=""","Mon, 14 Sep 2026 19:05:12 GMT",c1af648404850591172684b89b4d8a8c05548f46,7b9429b72c836120e070d2293c4daf6297d484438a732e82e707362ae3b4e1c7,,200,cd7e82aa99ce9268,2026-09-28T04:02:26Z
S-vymmambu,https://learn.microsoft.com/windows/security/identity-protection/hello-for-business/faq,2026-09-26T00:00:00Z,,,,,,,"""FCof7PIIUXDsP/OfuNqUGgmnBII=""","Mon, 24 Aug 2026 03:22:00 GMT",efe07fe4c780a26133bf0947fff478a27ca67e31,d67d60de378f0ca2a1adb479d4b46f8d9c07b79bb72ae14c0d9dd1a07f168210,https://learn.microsoft.com/en-us/windows/security/identity-protection/hello-for-business/faq?accept=text/markdown,200,d92f7ff6ecb7a8c9,2026-09-28T04:02:28Z
S-vywsads7,https://learn.microsoft.com/intune/app-management/deployment/configure-win32-supersedence,2026-09-26T00:00:00Z,,,,,,,"""G/3vL62UPGw+j9lVZEyMMmQv+mE=""","Mon, 24 Aug 2026 22:49:03 GMT",a60f43f6f562ded6195ddd8d888335f2d8e11e73,bb802c8e599a89043f91e7fd897960b85ca58270fa881c25383cc3534c674d08,https://learn.microsoft.com/en-us/intune/app-management/deployment/configure-win32-supersedence?accept=text/markdown,200,75ab322ad183405f,2026-09-28T04:02:29Z
S-vzmmy23x,https://learn.microsoft.com/windows/security/operating-system-security/network-security/windows-firewall/tools,,,,,,,,"""4H+cHVdKcRXz21ofS1OTJUQGoyk=""","Mon, 24 Aug 2026 03:44:57 GMT",9f80374b3810c12eb63ff82b7e7109094e2750db,c1ed7e4bb25d426979fcf81e18cf35a5892094e456c3243d5ea3779d04a0523b,https://learn.microsoft.com/en-us/windows/security/operating-system-security/network-security/windows-firewall/tools?accept=text/markdown,200,2cd74c7aba332b85,2026-09-28T04:02:30Z
S-w2fd3dgm,https://learn.microsoft.com/intune/device-enrollment/apple/setup-automated-ios,2026-09-26T00:00:00Z,,,,,,,"""8a5YYxaYv2o2/H67qXmX/kJbQ1g=""","Fri, 25 Sep 2026 07:40:38 GMT",e83211f7cc3bf2c9d0dda54b81e54f0f0a86b16e,6bcee02b79e87f8874822152a599cb0926714ed07c50da5f85f67cbdc9e81023,https://learn.microsoft.com/en-us/intune/device-enrollment/apple/setup-automated-ios?accept=text/markdown,200,ffcf5598ef9048d5,2026-09-28T04:02:31Z
S-w32jevfq,https://learn.microsoft.com/en-us/microsoft-365/admin/manage/agent-roles-perms,,,,,,,,"""mdKytmne02fsyJYD5J1Xfx8ke44=""","Mon, 24 Aug 2026 09:00:53 GMT",2cc66ed4e86b58374b4be25d5c3cf6aad47b4263,f75ac3f11f44bef0e897627ee42c8d02a81ec8cb11d7caee0737abd145de91d4,,200,b38342d66bac0756,2026-09-28T04:02:32Z
S-w3pkna2x,https://learn.microsoft.com/en-us/azure/azure-arc/servers/windows-server-management-overview,2026-09-26T00:00:00Z,,,,,,,"""cQ5BzoJknzJZ65ozyOYayExITVw=""","Tue, 25 Aug 2026 00:34:36 GMT",eb98a10f67882cbe6c969ed0dd0f3033dd553d25,d349c02105593ba0404f0dc9f627f37f3ff46ce3718115963c4f18c2501177bc,,200,c57ae53ff3c441da,2026-09-28T04:02:33Z
S-w47nempm,https://learn.microsoft.com/azure/sentinel/datalake/sentinel-lake-onboard-defender,,,,,,,,"""bhJoSNrRfU+BX/Gwdayg6rHnBZ8=""","Mon, 24 Aug 2026 17:20:35 GMT",19753d2e47ef98168bc1a228f0af3aedd9966bb3,3a6cf32a6b974cc311b1a3586aa91228a07868619f9543f7e1cfa949f2047435,https://learn.microsoft.com/en-us/azure/sentinel/datalake/sentinel-lake-onboard-defender?accept=text/markdown,200,2c9887e0fae2575c,2026-09-28T04:02:34Z
S-w5dgb6zq,https://learn.microsoft.com/graph/search-query-parameter,,,,,,,,"""zrs8nsrDRAZVQLosASHfdFJjiSY=""","Tue, 25 Aug 2026 01:47:45 GMT",7aeb175f9acc83ac0608d5c0e9410a73e2486c6f,b762f3834e66875232692b241a8461571acf17545673e7718757a92b0577996e,https://learn.microsoft.com/en-us/graph/search-query-parameter?accept=text/markdown,200,0b6e8b90631b9d34,2026-09-28T04:02:37Z
S-w5egb2fu,https://modelcontextprotocol.io/registry/remote-servers,2026-09-26T00:00:00Z,,,,,,,,"Mon, 28 Sep 2026 03:41:23 GMT",,0ae3a76cfced81575c79f194535a0db902314134025293be3c54ddb8da12f02b,,200,a74677b8c96a6e01,2026-09-28T03:41:23Z
S-w5rlacck,https://learn.microsoft.com/intune/copilot/security-copilot,2026-09-26T00:00:00Z,,,,,,,"""jEt/K1ezazBRo8r06lQHMNpvR1w=""","Tue, 25 Aug 2026 02:35:05 GMT",a60f43f6f562ded6195ddd8d888335f2d8e11e73,b1ab4d4db665341b0c620d5328b3dcdad6d1533413806715ead841de46215f72,https://learn.microsoft.com/en-us/intune/copilot/security-copilot?accept=text/markdown,200,a4d440320790580d,2026-09-28T04:02:38Z
S-w6ryunvm,https://learn.microsoft.com/en-us/entra/workload-id/workload-identity-federation,,,,,,,,"""0zAAC/iIBYJ6IbRRPkBD6ZVQcpY=""","Mon, 24 Aug 2026 12:42:19 GMT",e8e042a768cb91f8839b1076c47ed07497a6aa67,168f2d8059ce8c288cff20454abbb1106a597dea7a36b020951a1fa5cbce9eef,,200,0372a0a2755c47b8,2026-09-28T04:02:39Z
S-w7egu7gh,https://learn.microsoft.com/windows/ai/mcp/overview,2026-09-26T00:00:00Z,,,,,,,"""xL0dFdicpBhBwo7IShLMh9VsJSM=""","Wed, 26 Aug 2026 17:48:31 GMT",b9b8de018e733a70ed780b05edfcb90c3e35d1a2,07f08fc991836eafa564b8151363ff5d165d17df1b06df626f516a6aba544d3f,https://learn.microsoft.com/en-us/windows/ai/mcp/overview?accept=text/markdown,200,a28da6768eb6ec10,2026-09-28T04:02:40Z
S-wane77q5,https://gitlab.com/gitlab-org/gitlab/-/raw/9f1632e2d74cf3c87fce2513c999c6cf84a97ab4/doc/ci/pipelines/_index.md,,,,,,,,"""0bda912af505bffaa17cb78d0ad24322""",,,9226f5f5fd953b29cc088cf125972c380ba2bb6ed61331d93ed252c0c6f1bcc1,,200,04e85bd07bcf5293,2026-09-28T03:41:28Z
S-wbsmegvl,https://platform.claude.com/docs/en/api/files,2026-09-26T00:00:00Z,,,,,,,,,,e087aa9a9dcd8476eb2c4ce6118afc149fd5803f5e7b9c45be7d58f9d3f196ba,,200,a990ebab2157b606,2026-09-28T03:40:39Z
S-wc6e3fba,https://learn.microsoft.com/intune/app-management/deployment/add-win32,2026-09-26T00:00:00Z,,,,,,,"""pU+XK0PV0sME+HeXahsyY8HYDhk=""","Tue, 25 Aug 2026 00:23:25 GMT",a60f43f6f562ded6195ddd8d888335f2d8e11e73,3d94be81da0d5602ff995706be21b24c90be4f59ac2bb15eecbcc42ff8c81001,https://learn.microsoft.com/en-us/intune/app-management/deployment/add-win32?accept=text/markdown,200,f9e66181c59af23d,2026-09-28T04:02:42Z
S-wcrrjfwh,https://journals.plos.org/plosone/article?id=10.1371/journal.pone.0167475,,,,,,,,,,,1c512f337d3c73d25b60b82a9ac57f97ca09f22965958e1987b7e1118f0127be,,200,e0296380d2e59d09,2026-09-28T04:05:45Z
S-wdnd3vuz,https://learn.microsoft.com/en-us/autopilot/windows-autopilot-hybrid,,,,,,,,"""mZKDJ2/v4/fFkbkDwkQa2KG1W64=""","Tue, 25 Aug 2026 01:03:10 GMT",7328cf31fc7051783f9fdb12250a44d8d227fa1a,b66c7e18b89d3c76f8d66be8a01e4c9cc24e33226b540e0a3b3a516292c4cf46,,200,35168e3d377bc061,2026-09-28T04:02:43Z
S-wdoafrjc,https://learn.microsoft.com/intune/device-enrollment/apple/guide-ios-ipados,2026-09-26T00:00:00Z,,,,,,,"""rD0VD5kpY9gyDYAmbIdO6BxO2RM=""","Tue, 25 Aug 2026 04:34:29 GMT",a60f43f6f562ded6195ddd8d888335f2d8e11e73,d30b2fb2686d9e25feffc9696490cd18fddb8e500f70d9d71cd7d4f50d633915,https://learn.microsoft.com/en-us/intune/device-enrollment/apple/guide-ios-ipados?accept=text/markdown,200,7166b9729cca2b35,2026-09-28T04:02:44Z
S-weleekge,https://learn.microsoft.com/intune/fundamentals/certificates/scep-infrastructure,2026-09-26T00:00:00Z,,,,,,,"""/mZFpD3VADEbIPLmIrQRlx6JhLo=""","Mon, 24 Aug 2026 23:15:36 GMT",a60f43f6f562ded6195ddd8d888335f2d8e11e73,ef60e22eced92047232084adae6caa06cf7c516bd1b56a706c483bfbc642f7a5,https://learn.microsoft.com/en-us/intune/fundamentals/certificates/scep-infrastructure?accept=text/markdown,200,afcff57849b3c6e6,2026-09-28T04:02:45Z
S-wffcy42c,https://learn.microsoft.com/agent-framework/integrations/by-component/tools/foundry-toolbox,,,,,,,,"""G9KQeoOgvsOFUADe2qKgJJcliiE=""","Tue, 25 Aug 2026 20:46:37 GMT",7cb3ad1a2e43d97cd183d59d65befaa3b8d438d8,9d7498b20662b9be9b718ae2ff1f92abdc408c77f4371b374ffca311e578fdeb,https://learn.microsoft.com/en-us/agent-framework/integrations/by-component/tools/foundry-toolbox?accept=text/markdown,200,b19c54df286bf40f,2026-09-28T04:02:46Z
S-wftu7kvv,https://learn.microsoft.com/en-us/azure/update-manager/manage-hot-patching-arc-machines,2026-09-26T00:00:00Z,,,,,,,"""39a02WkOkAakBEOY8BDdczVObyw=""","Thu, 24 Sep 2026 15:01:56 GMT",524e07c02a94f1f9fbb5cc7404058f2fff3c44b1,6bb21d622dee5ceca05bc508efa9ef072810f6c3008b753aa147b7154c003d7e,,200,978abe38e30a94f8,2026-09-28T04:02:47Z
S-wg5cdpjs,https://learn.microsoft.com/en-us/troubleshoot/windows-client/windows-security/enable-ntlm-2-authentication,,,,,,,,"""7fTFk9dD09dHT5Dl/5UmiIcQNUw=""","Tue, 25 Aug 2026 00:39:06 GMT",061ae393af237446c4917bca43597e8e5f820f5a,a64c62e2e464c49763047784c792fc6e00721a286928d4d6e327a1a6ee141a1e,,200,e9f214ba64a70b12,2026-09-28T05:19:16Z
S-wgllyvwc,https://code.claude.com/docs/en/agent-sdk/typescript.md,,,,,,,,,"Thu, 08 Oct 2026 00:45:17 GMT",,fbed23d664040c8c432dd8451d2806f737ce5ec911ec21c6a9f51978d0de0bb0,,200,616fe0b2682ca677,2026-10-08T00:45:17Z
S-whvei7wr,https://learn.microsoft.com/en-us/windows/security/application-security/application-control/app-control-for-business/design/select-types-of-rules-to-create,2026-09-26T00:00:00Z,,,,,,,"""vH8eRL0UvfA+13LAJQh6Kc5Zn18=""","Mon, 24 Aug 2026 04:02:00 GMT",aa2c9b1985af808539694b432bce6b1d6224e29b,3f5d937ef627a27af043d35085664622a41907d5c5c81dbd7a7cc2f276abc0a5,,200,c92d65d4ae35ebb1,2026-09-28T04:02:48Z
S-wjex623z,https://learn.microsoft.com/en-us/intune/device-security/compliance/create-custom-script,,,,,,,,"""xQ2a6q6uus20i2+LqihoaX9WzzM=""","Mon, 24 Aug 2026 23:55:43 GMT",1935b40ecf2f2cb6547efca1bd85469653446d00,2da145f3c9ce861a5d07c9f1ccc9abaebc078139477837a6f1b413f525496f2e,,200,1ee7bb154e8a7181,2026-09-28T04:02:49Z
S-wk4roik4,https://learn.microsoft.com/en-us/windows/security/application-security/application-control/app-control-for-business/operations/event-id-explanations,2026-09-26T00:00:00Z,,,,,,,"""S7USO1peslFCrSsNNFMsS12lIFs=""","Mon, 24 Aug 2026 03:47:47 GMT",f1d87391beaa1719b1994ad1475321f0a81cb4e5,7cc995609e74be8fb03680ab1c3f33a8390e8e3917dd50a216a086f573cb3b91,,200,40e7ecc6d3b829cf,2026-09-28T04:02:50Z
S-wk6ahp72,https://raw.githubusercontent.com/AzureAD/microsoft-authentication-library-for-python/1.39.0/msal/application.py,,,,,,,,"""31be87ed9a72c88afa03b0df97773984e89ea53205abcc00a702a80f096b1003""",,,7da13ba28a757808fbe35bd4eec608687fc5e829adaf3a329a6d4ad8b78a512f,,200,dcfc3c2d60067530,2026-09-28T03:48:21Z
S-wkj4aa2g,https://arxiv.org/abs/2112.12870,,,,,,,,,"Mon, 24 Aug 2026 21:48:29 GMT",,3a4e1cd5f4d294b532226cfcb5f7516a373ed882756fa4265b50c3f51830ab69,,200,1fac988d6858868d,2026-09-28T04:05:43Z
S-wkltnypi,https://learn.microsoft.com/en-us/intune/configmgr/develop/adminservice/custom-properties,,,,,,,,"""CpcgLkRx7f/VqUriVzpOOIBShVQ=""","Sat, 29 Aug 2026 09:42:37 GMT",2f58a01e679fc91dc8c8440846c254e1119681fd,7bcb84a7b25c67778c3f9dd05a61c63baff7b3aa5fe62783c9c2ae8c8a06c49d,,200,79ce1fc73bf1d250,2026-09-28T04:02:51Z
S-wl7oot25,https://learn.microsoft.com/intune/app-management/deployment/management-agent-macos,2026-09-26T00:00:00Z,,,,,,,"""NMuE7LqIe3x1wtjBrP9Rc+swmNk=""","Tue, 25 Aug 2026 21:44:48 GMT",7328cf31fc7051783f9fdb12250a44d8d227fa1a,d5e144fef13c8cf76e3d287fdb3fb7205b709df860b4ea983a1843fa387886ce,https://learn.microsoft.com/en-us/intune/app-management/deployment/management-agent-macos?accept=text/markdown,200,0d8043da39752dc0,2026-09-28T04:02:52Z
S-wlkxstj4,https://learn.microsoft.com/intune/cloud-pki/configure-byoca,2026-09-26T00:00:00Z,,,,,,,"""5ekV8Zimopoph7Mrkhr/VLo3MXk=""","Tue, 25 Aug 2026 21:36:16 GMT",7328cf31fc7051783f9fdb12250a44d8d227fa1a,87daa722e964cd64b806e4fcd62a89ab51d751a8ea066b527c0e3910681a3407,https://learn.microsoft.com/en-us/intune/cloud-pki/configure-byoca?accept=text/markdown,200,f6cbe54ea4ca34e9,2026-09-28T04:02:54Z
S-wlt4mta2,https://gitlab.com/gitlab-org/gitlab-runner/-/raw/49138a48b894f517d2ebe77dda89929d1f7f9550/executors/custom/custom.go,,,,,,,,"""8edda0b232a4f52ea3623ab24c189fa1""",,,de43c190234b950ea0d39c86b37fdd749c565e6f712f2f9c53cc1d7309459349,,200,876ebb4d29373b49,2026-09-28T03:41:30Z
S-wlvfiru4,https://learn.microsoft.com/windows/deployment/do/delivery-optimization-endpoints,2026-09-26T00:00:00Z,,,,,,,"""C3F8FxhS/DR8cJK32TNuc/7TEg8=""","Mon, 24 Aug 2026 11:05:36 GMT",f42a6a44ce9120613192bf0981e82bc555264011,4dfecab32bf71927949fc84b5b698f2bc6c2b31c325d8f9e5f43a7e0aff8c3a1,https://learn.microsoft.com/en-us/windows/deployment/do/delivery-optimization-endpoints?accept=text/markdown,200,4491eb0d3c7337d5,2026-09-28T04:02:55Z
S-wmmyfoun,https://raw.githubusercontent.com/astral-sh/uv/0.12.19/docs/concepts/projects/sync.md,,,,,,,,"""b341ae8462bf81505fcb143fe7ba735376ff5f0e915ee0f28ae2c7fb6b2aa2b4""",,,38d3da79337dd858ab1dbe26ca2f550b8a0590e4ffeb2bc24ebd3f979f729b4b,,200,0ff5c7bf2614e112,2026-09-28T03:48:22Z
S-wnwinphx,https://learn.microsoft.com/troubleshoot/mem/intune/comanage-configmgr/troubleshoot-co-management-workloads,,,,,,,,"""4vTDs9gPBSf3YeYqpoNKR71M058=""","Tue, 25 Aug 2026 16:51:12 GMT",e48513fbaaf368964e807bf8eba4b00bada956f5,78e1b22892a1e3dd3dd2d9d311846aa9f5b8ea50bc8715406810b85c75c9dbbb,https://learn.microsoft.com/en-us/troubleshoot/mem/intune/comanage-configmgr/troubleshoot-co-management-workloads?accept=text/markdown,200,f6eee7eed5023768,2026-09-28T04:02:56Z
S-woho7bmc,https://www.langchain.com/pricing,,,,,,,,,"Thu, 24 Sep 2026 21:50:41 GMT",,24f81dea8428629b456b446d0d8687aae5898588a3ec2a5804e0f731efa02baf,,200,f2aeead3e28288f9,2026-09-28T03:41:03Z
S-wpjbqofq,https://learn.microsoft.com/en-us/azure/developer/azure-mcp-server/how-to/deploy-remote-mcp-server-copilot-studio,,,,,,,,"""UiNNUtRLYwkzwPdp/SvnhCD6XlE=""","Mon, 24 Aug 2026 20:37:07 GMT",02c78d1701afc20198bfd38fd43678e52fec5c43,b700da9d0ddb15695a1dbec9fb6d41d82bb078cd04a638798a8d2ab7dadb330b,,200,86319081c9714418,2026-09-28T23:53:53Z
S-wqbnua3h,https://getsops.io/docs/usage/advanced/,,,,,,,,"""05ac77c3f6d8f7792cf3e4205fd9cc64-ssl""",,,e0a3ea4a325b91c21d49e8fd29c4a5f3653ef5a9cd7c218324518e0aab003d2c,,200,307adbce02f447b9,2026-09-28T03:41:03Z
S-wquiagrh,https://learn.microsoft.com/en-us/intune/configmgr/develop/reference/protect/sms_clientoperationstatus-server-wmi-class,,,,,,,,"""ZPH7acOuNfGb1oQeeUulVrB2YzA=""","Tue, 08 Sep 2026 13:30:19 GMT",2f58a01e679fc91dc8c8440846c254e1119681fd,6ac067efd40196d5873068a2bf56dfb90ec4063c6c834fb51f415ad6071b2dd1,,200,e2c1f9966c27f212,2026-09-28T04:02:57Z
S-wqwf7kt5,https://learn.microsoft.com/defender-endpoint/edr-in-block-mode,2026-09-26T00:00:00Z,,,,,,,"""UOWrO/iwna/sCcOyIl+I027cuCs=""","Wed, 16 Sep 2026 09:51:57 GMT",164aa95c58320866e1471d04e4665086d629c558,428157ca886bf7eb685a611b9203a836024d4e44c3b2c472dc90b55615f33141,https://learn.microsoft.com/en-us/defender-endpoint/edr-in-block-mode?accept=text/markdown,200,cbca2d4451795111,2026-09-28T04:02:58Z
S-wqwk4szg,https://learn.microsoft.com/intune/copilot/,2026-09-26T00:00:00Z,,,,,,,"""jG7AqnfUBoJI5FG2nGyhnrUBol0=""","Tue, 25 Aug 2026 00:27:28 GMT",a60f43f6f562ded6195ddd8d888335f2d8e11e73,8990a02e0a7d08591d4866a354167f58b511fcf173864c2f2a0fb7e0bd5d0b38,https://learn.microsoft.com/en-us/intune/copilot/?accept=text/markdown,200,f51954e1ce378c81,2026-09-28T04:02:59Z
S-wqz6uke5,https://learn.microsoft.com/intune/device-configuration/settings-catalog/configure-platform-sso-during-enrollment,2026-09-26T00:00:00Z,,,,,,,"""Y63tCxM5MZ4FFtpvStiyiRgcE6E=""","Tue, 25 Aug 2026 00:23:21 GMT",a60f43f6f562ded6195ddd8d888335f2d8e11e73,224be9a2b6718b8050ea035cca87a9aeec314d702a2a8ff1273c433a1c790b68,https://learn.microsoft.com/en-us/intune/device-configuration/settings-catalog/configure-platform-sso-during-enrollment?accept=text/markdown,200,52a3d91815aff892,2026-09-28T04:03:00Z
S-ws2x5bdf,https://learn.microsoft.com/en-us/openspecs/windows_protocols/ms-sfu/dd1b47f9-580c-4c4e-8f34-4485b9728331,,,,,,,,"""l7BCQp6lbTBrgtJnzfbJH8B/rwQ=""","Mon, 24 Aug 2026 21:39:42 GMT",3d957ae2b9b316d0766966aacfb49de0d7026c9f,edd24bc954e0f4e0b52c36de0c68d1ca208e9b18c59dca92ce536f9d04a88dc7,,200,6f367d346e6bf841,2026-09-28T04:03:01Z
S-wsetw6to,https://learn.microsoft.com/graph/api/security-auditcoreroot-post-auditlogqueries?view=graph-rest-1.0,2026-09-26T00:00:00Z,,,,,,,"""4RSoXVoJbJnbGk9PcQKEopGaFf4=""","Tue, 25 Aug 2026 01:32:59 GMT",d15437cb48af3d54ef6ba33a52c2cc38bc29e22d,4452203ecd29a5f4970b827495e541a1e8aa57ecad838f6578e1b653afb05f5f,https://learn.microsoft.com/en-us/graph/api/security-auditcoreroot-post-auditlogqueries?view=graph-rest-1.0&accept=text/markdown,200,22fbc939984d2820,2026-09-28T04:03:02Z
S-wt4gwfbs,https://raw.githubusercontent.com/microsoftgraph/microsoft-graph-docs-contrib/4ad99fd37a9e2e8538275a0a9cdff7907052f3ec/api-reference/v1.0/api/configurationmonitor-update.md,,,,,,,,"""26b6c4cd682a3c2dc88762f45c141f95b06cc44592daef0497a5897735f36dec""",,,f2e0c3341ad7fa1450c3172901f89bdba15ab2db09b348c2a6ae10300827d702,,200,7be8533248136b9c,2026-09-28T03:48:23Z
S-wu3jl52b,https://learn.microsoft.com/entra/global-secure-access/tutorial-private-access-vpn-replacement,,,,,,,,"""8JHdKl9Yx5kM3eS8T/eEL1pyjM8=""","Mon, 24 Aug 2026 19:32:35 GMT",04d1c28c0a13e421501dfa753caf8b7b37f36368,a6fc0264026a8dda4942377fdc2bda01b1e0970979f69eb29f4a7daafd57b20e,https://learn.microsoft.com/en-us/entra/global-secure-access/tutorial-private-access-vpn-replacement?accept=text/markdown,200,284c1138d3afff5b,2026-09-28T04:03:04Z
S-wvioh66u,https://modelcontextprotocol.io/registry/faq,2026-09-26T00:00:00Z,,,,,,,,"Mon, 28 Sep 2026 03:41:24 GMT",,25d7029d53a03a29969e0306ea7054b15c5e2c5c740e8a12d239b58025f35dc5,,200,0e4f9740d1e89e10,2026-09-28T03:41:24Z
S-wvoeevrw,https://learn.microsoft.com/en-us/azure/azure-arc/servers/security-machine-configuration,,,,,,,,"""9auU2cj4DzEHygp4k6ZvK+6CxAY=""","Tue, 25 Aug 2026 08:02:58 GMT",8b29f970a0f244e934b4f83121e6b31c13ddbfac,4fd69f79720b198bedbfbb1dcc7da815babc3dec86bda08cefa38fc667539248,,200,ae48ffc834ff40a8,2026-09-28T04:03:04Z
S-wvznmns5,https://learn.microsoft.com/azure/update-manager/workflow-update-manager,2026-09-26T00:00:00Z,,,,,,,"""6vNGwl1ciIzUz8LI9e/m/awItUM=""","Thu, 24 Sep 2026 11:52:05 GMT",524e07c02a94f1f9fbb5cc7404058f2fff3c44b1,b555af72012ee4884ceef2bc1935da335cf301b28fcb72de6f4a1cb26e23aa2b,https://learn.microsoft.com/en-us/azure/update-manager/workflow-update-manager?accept=text/markdown,200,9eb6ba5cd3ddfbae,2026-09-28T04:03:06Z
S-ww4g7luc,https://learn.microsoft.com/autopilot/device-preparation/tutorial/automatic/automatic-autopilot-policy,2026-09-26T00:00:00Z,,,,,,,"""RmE0GA9QfwnfFEr5OUC9SeT8pVo=""","Tue, 25 Aug 2026 15:29:22 GMT",7328cf31fc7051783f9fdb12250a44d8d227fa1a,871675620a410260202283510c37044bd8eacc6dbd7586de96ad7423e306f7e8,https://learn.microsoft.com/en-us/autopilot/device-preparation/tutorial/automatic/automatic-autopilot-policy?accept=text/markdown,200,3309c294eac3d825,2026-09-28T04:03:07Z
S-ww7anzs7,https://learn.microsoft.com/windows-hardware/customize/desktop/unattend/microsoft-windows-terminalservices-localsessionmanager-fdenytsconnections,,,,,,,,"""VX6WL+Gyr2R2Lg63/Dg1Ys4o5Qs=""","Wed, 26 Aug 2026 02:26:44 GMT",08e9fd247bfd79b4f8a3927f871644e98878635e,dbd9553e92e7e9855326a19928976aab2552fc6a1bf4b927b25fdabb84af4b2e,https://learn.microsoft.com/en-us/windows-hardware/customize/desktop/unattend/microsoft-windows-terminalservices-localsessionmanager-fdenytsconnections?accept=text/markdown,200,c3c42f9541942961,2026-09-28T04:03:09Z
S-wwbtoald,https://learn.microsoft.com/en-us/azure/azure-arc/servers/agent-overview,2026-09-26T00:00:00Z,,,,,,,"""3f54LCkE7q46Ej+S7/p4x5M/c3Y=""","Tue, 25 Aug 2026 02:08:43 GMT",188fd34c678b5ba28d3209de14398082267e3f6d,9cb625479adce8edc1c17c36119332ab73f4044d4449c1493a8ae0816a9fd8ff,,200,a760dd61f733189c,2026-09-28T04:03:09Z
S-wwrpen3s,https://inspect.aisi.org.uk/tools-mcp.html,,,,,,,,"""6ab8439b-161b7""","Sat, 26 Sep 2026 22:13:47 GMT",,43f03879271dd7a412cb6cc77f821fc888ee31911b600e3fbb4121d551e9bfde,,200,350035fdb4b1f718,2026-09-28T03:40:48Z
S-wwzbgp6q,https://raw.githubusercontent.com/PowerShell/DSC/9c60d043f0c018f3026feee481cb6402100f4331/dsc/src/server/list_dsc_resources.rs,,,,,,,,"""a33ac945632d4f09bd14c4e557d66281934fc4a760606807174d68659a364d7c""",,,e6644113899afbaf0945d731ab7d23695ee0b62d62afd6a5f0ce9346a4d962bb,,200,27247c2fb40e1873,2026-09-28T03:48:24Z
S-wxhjirsk,https://learn.microsoft.com/azure/foundry/openai/how-to/provisioned-throughput-sizing,2026-09-26T00:00:00Z,,,,,,,"""2dxBEOmt6Snrt3CxP0VCpLohJQg=""","Fri, 25 Sep 2026 17:40:43 GMT",04d9d6991da370b2e0e2d9f5ff573fb980fd6a28,b5ab90438f5486ddd1c3933dda3249c3d829505bdfd7885abf96c91b0a17bac1,https://learn.microsoft.com/en-us/azure/foundry/openai/how-to/provisioned-throughput-sizing?accept=text/markdown,200,c751667d7190b527,2026-09-28T04:03:11Z
S-wy457poi,https://learn.microsoft.com/azure/foundry/agents/how-to/tools/use-toolbox-hosted-agent,2026-09-26T00:00:00Z,,,,,,,"""HaKQZMSY4Er1wrLbYji819A60dU=""","Thu, 27 Aug 2026 07:02:46 GMT",58b932b92b46e2248ac1662001730789ef7e5e06,650bf1b15f4a01c06f5f5e428637b29667137cc4288d44b7c4eb71e25363673b,https://learn.microsoft.com/en-us/azure/foundry/agents/how-to/tools/use-toolbox-hosted-agent?accept=text/markdown,200,39feb721403ebd42,2026-09-28T04:03:12Z
S-wz4ujka5,https://learn.microsoft.com/en-us/graph/api/resources/intune-deviceconfigv2-devicemanagementconfigurationpolicy?view=graph-rest-beta,2026-09-26T00:00:00Z,,,,,,,"""GrZcOuA5PjdR/iVTmsrBoAROcc8=""","Tue, 25 Aug 2026 01:34:59 GMT",e8eace7fa9bfa9e7afacfe9f5dec1ba42ffd493f,5253af0ed2cd64d79213e6b71d411829961b0c2543bbb17103925190009ffb85,,200,8af9165878eda318,2026-09-28T04:03:13Z
S-wzatkg4o,https://code.claude.com/docs/en/settings-reference,2026-09-26T00:00:00Z,,,,,,,,"Mon, 28 Sep 2026 03:41:31 GMT",,b919538c224584111d97c36f5a86a2f300a6057e55a64c63339d3504e1a2aa59,,200,9920bff2df621679,2026-09-28T03:41:31Z
S-wzeeikuf,https://learn.microsoft.com/powershell/module/bitlocker/get-bitlockervolume,2026-09-26T00:00:00Z,,,,,,,"""7HEbPcVi2MDVsa82IyrPy8svrwU=""","Wed, 05 Aug 2026 15:06:46 GMT",0ef3f225d29e26d1cf3119f37dfff70bb6165746,ecde852f7ca9d2f97300ecdd2116c8999cdffa28f6995200b1fe58f0bf98e135,https://learn.microsoft.com/en-us/powershell/module/bitlocker/get-bitlockervolume?view=windowsserver2025-ps&accept=text%2Fmarkdown,200,f7ee3fbb5e684507,2026-09-28T04:03:14Z
S-x23bve2k,https://learn.microsoft.com/en-us/graph/api/intune-devices-manageddevice-delete?view=graph-rest-1.0,2026-09-26T00:00:00Z,,,,,,,"""LqHH+axr20T2ID9nYowW/loDnP0=""","Tue, 25 Aug 2026 07:29:51 GMT",c5bdea5b2d849451be9b260f1f9bbf3d27997198,2b437106172646c1263b31b976b2122135b6487e86fd45f0cacf2855faaca2fe,,200,e9964dec584de222,2026-09-28T04:03:15Z
S-x35diqus,https://learn.microsoft.com/en-us/intune/advanced-analytics/device-query-multiple-devices,,,,,,,,"""VM6hJKyMIjrnDrFLF1B+HZcjlHU=""","Wed, 02 Sep 2026 22:35:56 GMT",fa795e95aa78d7b51b928d272b91f3bc788a0aba,21b2fbc9eb9d0a919586d80afea03361c92ddd5718b512dac955b496860f1e2a,,200,7566be9bc1d81490,2026-09-28T04:03:16Z
S-x3it6rkh,https://learn.microsoft.com/defender-endpoint/api/offboard-machine-api,2026-09-26T00:00:00Z,,,,,,,"""EVcWQlCnUJUdZDjdSb2TGW2xmY4=""","Mon, 24 Aug 2026 11:37:16 GMT",5dad6968efab4f8a6276616cf747bc9854bfa9bf,6e286b590b25e7264186a36245ab544cb2414b27244e5668ee0739f726d1d85f,https://learn.microsoft.com/en-us/defender-endpoint/api/offboard-machine-api?accept=text/markdown,200,b386444444891703,2026-09-28T04:03:17Z
S-x44btgzh,https://learn.microsoft.com/graph/api/intune-mam-targetedmanagedappprotection-assign?view=graph-rest-1.0,,,,,,,,"""PFd/ZsoN69CVv1HGagEOmhmXsU0=""","Wed, 26 Aug 2026 12:19:21 GMT",c5bdea5b2d849451be9b260f1f9bbf3d27997198,596a1cf2a5d1baedb88865b0e12d20e2d92a47d26f4ef752381c7c8231eae3fd,https://learn.microsoft.com/en-us/graph/api/intune-mam-targetedmanagedappprotection-assign?view=graph-rest-1.0&accept=text/markdown,200,ab1e5d2cd84ce26a,2026-09-28T04:03:18Z
S-x4puowoc,https://learn.microsoft.com/powershell/module/microsoft.powershell.secretstore/set-secretstoreconfiguration,2026-09-26T00:00:00Z,,,,,,,"""GZTdxq3ChPhhP2TFRfr2PkI0uNQ=""","Fri, 25 Sep 2026 00:00:29 GMT",eb8d4545e155bc3e7eebfefcc9dccee43ca954ef,3d06b771c82bb2d7a8fd59a4efd6fc41bd1e1b53a2748e326fe63e80c2a885d8,https://learn.microsoft.com/en-us/powershell/module/microsoft.powershell.secretstore/set-secretstoreconfiguration?view=ps-modules&accept=text%2Fmarkdown,200,22f4ffa99040e4e6,2026-09-28T04:03:20Z
S-x5pz6ywz,https://learn.microsoft.com/windows/ai/new-windows-ml/overview,2026-09-26T00:00:00Z,,,,,,,"""c2VVwmn88ApTRr9tV0qkaz3K22g=""","Tue, 08 Sep 2026 17:21:43 GMT",ff06cefa057d333d1e8c520c75c4eced849cd2f7,327c1350f2d3d85562499020acd88bfbc979f4c53c65b98fdc34a1deb0062313,https://learn.microsoft.com/en-us/windows/ai/new-windows-ml/overview?accept=text/markdown,200,564a2697163de446,2026-09-28T04:03:21Z
S-x5qiebqy,https://learn.microsoft.com/en-us/graph/custom-connector-sdk-overview,,,,,,,,"""zpo04vC1qcHfW3pU4ul1AGgz7d4=""","Tue, 25 Aug 2026 12:01:49 GMT",70f4b4eecebce12fcb20dae6b2a542c5ea57b6e2,a568a2ef1b50fd75c31b505f866235cebd8be2c8ce60c813448c39b758128311,,200,366536a8906076f5,2026-09-28T04:03:21Z
S-x6wwggq6,https://learn.microsoft.com/graph/api/resources/security-incidenttaskresponseaction?view=graph-rest-beta,,,,,,,,"""kKFazGgT+NhIDxW3zOkq5gJMclw=""","Fri, 04 Sep 2026 15:55:27 GMT",7c311b4d10a84f280ab13de588c715370d5008bb,90455639ea2c57ab5beb97a1be24212146172e071222b5ec6008c5a734b2b03a,https://learn.microsoft.com/en-us/graph/api/resources/security-incidenttaskresponseaction?view=graph-rest-beta&accept=text/markdown,200,824ceaca5573c834,2026-09-28T04:03:23Z
S-x6zzi6h7,https://learn.microsoft.com/windows/client-management/mdm/policy-csp-desktopappinstaller,2026-09-26T00:00:00Z,,,,,,,"""qPtjANKM7R4gHdqeN9Ms398bQO0=""","Mon, 24 Aug 2026 08:19:12 GMT",aeb8f2bbd5d93e85c6f2a46e2705928aa1df9c9e,8a7d3a351d48a4e299c5b0cfe62dd031baddc4d8e36705b8bbd5f79eaac30174,https://learn.microsoft.com/en-us/windows/client-management/mdm/policy-csp-desktopappinstaller?accept=text/markdown,200,c131be1231d64361,2026-09-28T04:03:25Z
S-x7eqxwa3,https://raw.githubusercontent.com/microsoft/agent-framework/6f1522a50b66f117da34cc25ea299ba24a528b15/python/PACKAGE_STATUS.md,,,,,,,,"""858e97428aef1336380e56f4591d350b28e5eed732f28fabc5a2eb2f8df06b89""",,,d2471c627b75d748d06350ec8cd94cc06af180f4530913e002cbd3e0fe2cac38,,200,8942fba25a67a424,2026-09-28T03:48:25Z
S-x7kevebo,https://raw.githubusercontent.com/astral-sh/uv/0.12.19/crates/uv-static/src/env_vars.rs,,,,,,,,"""f5a1f58882b2fd01f304e3210a41aea147f8d121569a60a98aac134e4d0d64ac""",,,beafcef8b7da9f747bfbae1c7fa624703864bf9fcbcb77c5871ca987d4bb64c5,,200,198c768c2af3c1b8,2026-09-28T03:48:26Z
S-x7sbbxju,https://learn.microsoft.com/en-us/defender-xdr/advanced-hunting-deviceregistryevents-table,2026-09-26T00:00:00Z,,,,,,,"""j2zzMR44JIVDFXOsc9lyPFG1QpI=""","Mon, 24 Aug 2026 07:42:58 GMT",975963bfa72bc3eea3f0126638f483f6d054614f,f72eb2e644ced58f45b02140a576a4df47913375e136d1f6e74ab4527a3f37aa,,200,4fc33c10674868d2,2026-09-28T04:03:25Z
S-xa4m3w2n,https://learn.microsoft.com/intune/fundamentals/role-based-access-control/create-custom-role,2026-09-26T00:00:00Z,,,,,,,"""3zdi7NSSA2ekAWn1w5aVkZehD7Q=""","Tue, 25 Aug 2026 16:20:13 GMT",bcc5a54393dc64ad66925aa69384d324c9aa238a,6991754a262443a9eba45c227c3a7e0070a686bcb43d3b9d450d7240340bdb9f,https://learn.microsoft.com/en-us/intune/fundamentals/role-based-access-control/create-custom-role?accept=text/markdown,200,a4e932719309b571,2026-09-28T04:03:27Z
S-xasyjfgi,https://api.github.com/repos/a2aproject/A2A/releases?per_page=15,,,,,,,,"W/""db591734137125966dc62ad6caf5daf57793e01fb2efcde78fe484ebe7238c6d""",,,0ecbdd8e6377175bd1f97f2ee0f28785b4d372bf4b468a081fdb4641f774f70c,,200,2cfba72f1ddc8073,2026-09-28T03:40:51Z
S-xasz2mbx,https://learn.microsoft.com/microsoft-365/copilot/extensibility/overview-copilot-connector,2026-09-26T00:00:00Z,,,,,,,"""n1ob7RIyP779SEu1ScPBcIYh9Ko=""","Mon, 31 Aug 2026 20:35:33 GMT",3fdb7962b1c36080f62a904d32326036656ee532,0ea8c5cf1ca6b0473a413f61a77f64bea30625a2ba41bea9a2c3629e66a3c9f1,https://learn.microsoft.com/en-us/microsoft-365/copilot/extensibility/overview-copilot-connector?accept=text/markdown,200,9092c7b745cea0ee,2026-09-28T04:03:28Z
S-xbogq5nf,https://learn.microsoft.com/en-us/sysinternals/downloads/sysmon,2026-09-26T00:00:00Z,,,,,,,"""U1EaldaB/0CkuotUXg6vpIjXWbE=""","Thu, 10 Sep 2026 19:36:42 GMT",2fd3249657118505564fd220e672e8ea45d35916,575c0a459281c7d969bfc8dee29466491c9b1e00e85a82b038456c1cc5ee222a,,200,50b80b6a6ec4e2d8,2026-09-28T04:03:29Z
S-xcvlnpgb,https://learn.microsoft.com/en-us/intune/configmgr/develop/reference/core/servers/configure/sms_st_recurinterval-server-wmi-class,,,,,,,,"""TFp2HUlgbYbNtNgIfdBiJyRbP/4=""","Fri, 04 Sep 2026 07:29:58 GMT",2f58a01e679fc91dc8c8440846c254e1119681fd,817e1a2bdc4d240dbd348afb9fa2ec6618572c8a5ae52d1a3d9729965c833828,,200,3ad1235e4901bd4e,2026-09-28T04:03:30Z
S-xe3uwlpq,https://learn.microsoft.com/powershell/scripting/security/remoting/jea/session-configurations?view=powershell-7.6,2026-09-26T00:00:00Z,,,,,,,"""aDb/uhtaIhqVAo4AeTDHgudM/Ck=""","Thu, 24 Sep 2026 22:22:55 GMT",6557c934231754b51a32d1bb02157aa07810fb2c,b09bb8d930e5ab3818f48e25e73ba47465d9f6f9483d6320a686dce03fa88579,https://learn.microsoft.com/en-us/powershell/scripting/security/remoting/jea/session-configurations?view=powershell-7.6&accept=text/markdown,200,69787ebbd735d5e1,2026-09-28T04:03:31Z
S-xgfg5ggj,https://learn.microsoft.com/intune/app-management/deployment/add-microsoft-store,2026-09-26T00:00:00Z,,,,,,,"""BbNJyHh62tLtwwRYmpCGkHe3wXs=""","Fri, 11 Sep 2026 22:46:47 GMT",b2b47323d269b9337f8204ea4efadd591a6424e8,95ecb7bc66363a234f8af6045a3a31d142932dda06921a1ffe31b6793592f19b,https://learn.microsoft.com/en-us/intune/app-management/deployment/add-microsoft-store?accept=text/markdown,200,d8eeae4181e8524c,2026-09-28T04:03:32Z
S-xggskgmu,https://learn.microsoft.com/intune/device-configuration/create-device-profile,,,,,,,,"""R7WHJtKC9d5dqWbqFwo9IKzGSSY=""","Tue, 25 Aug 2026 10:19:08 GMT",7328cf31fc7051783f9fdb12250a44d8d227fa1a,8bb5431f46445dc796d3f5be1803c58181fef9127a9dcb67c36d04270a19c5f4,https://learn.microsoft.com/en-us/intune/device-configuration/create-device-profile?accept=text/markdown,200,87b9322cfbb789e8,2026-09-28T04:03:33Z
S-xgl6s552,https://learn.microsoft.com/en-us/graph/connecting-external-content-connectors-api-overview,,,,,,,,"""Bosbho50mg6QTXhHeY44lWjSHcU=""","Tue, 25 Aug 2026 05:04:07 GMT",70f4b4eecebce12fcb20dae6b2a542c5ea57b6e2,9192971001bac5f3f941c1bed2dc4df16155d75dfcd922bb9fb2051577dbd1b6,,200,c9ee486a8580ea85,2026-09-28T04:03:34Z
S-xigzahvp,https://learn.microsoft.com/intune/configmgr/develop/osd/operating-system-deployment-task-sequences-overview,2026-09-26T00:00:00Z,,,,,,,"""JG0sFge1yhmY233KYRScEzlhTzs=""","Wed, 09 Sep 2026 15:19:40 GMT",2f58a01e679fc91dc8c8440846c254e1119681fd,bb438c1f0c2be7f1f5219f9ea4ca991bb1fb5815d7300b1f63d5d2d35a569ba4,https://learn.microsoft.com/en-us/intune/configmgr/develop/osd/operating-system-deployment-task-sequences-overview?accept=text/markdown,200,4dced2358bef4cfc,2026-09-28T04:03:36Z
S-xiyru25z,https://gitlab.com/gitlab-org/gitlab-runner/-/raw/49138a48b894f517d2ebe77dda89929d1f7f9550/commands/service_windows.go,,,,,,,,"""d81fdabc09efc66941dcda3e2180662e""",,,da456bcc9452955c287943a8249c73e3981bb3e837f577c8c714b50819175329,,200,5d96338d5f3739ea,2026-09-28T03:41:31Z
S-xjcjnwtx,https://learn.microsoft.com/azure/governance/machine-configuration/overview/02-setup-prerequisites,2026-09-26T00:00:00Z,,,,,,,"""npAiEnRgfOLRkLPDBcfYUxBi0Yc=""","Mon, 24 Aug 2026 19:01:26 GMT",faf4a2b834d31581973ebb8dd7789ea276d3443c,52b8280d0ae0fe5c4537f7e81b0e0f8403e85038c514585d6cedf53110430005,https://learn.microsoft.com/en-us/azure/governance/machine-configuration/overview/02-setup-prerequisites?accept=text/markdown,200,c880f7fa1a2b79e1,2026-09-28T04:03:37Z
S-xjse465h,https://api.first.org/data/v1/epss,2026-09-26T00:00:00Z,,,,,,,,,,e9188a32d50bb3e871b907f50babe49745f3da3a37443b3f3ccd2d9513463d53,,200,86b77833c11aab10,2026-09-28T03:41:08Z
S-xju6ufhr,https://learn.microsoft.com/en-us/windows/client-management/mdm/applocker-csp,,,,,,,,"""MaxU6EIwMZEdpGGUKXBvQtWu5RM=""","Mon, 24 Aug 2026 07:12:25 GMT",aeb8f2bbd5d93e85c6f2a46e2705928aa1df9c9e,603ed643b59d365af9dd26688eaf894b42ffbe185001009e9a3937de1786531b,,200,4b0172404253a1d7,2026-09-28T04:03:38Z
S-xmxnlqbx,https://modelcontextprotocol.io/registry/authentication,2026-09-26T00:00:00Z,,,,,,,,"Mon, 28 Sep 2026 03:41:25 GMT",,2431d0287c5d208025386a4d42eaa663fc05de1280b482acfb4debec0ec0b5ca,,200,ed0f555752be7c20,2026-09-28T03:41:25Z
S-xnr7ugsj,https://learn.microsoft.com/graph/api/resources/privilegedidentitymanagementv3-overview?view=graph-rest-1.0,2026-09-28T04:48:18Z,,,,,,,"""odT3DY1LlpKrAir5yBoK/nLUNLk=""","Tue, 25 Aug 2026 00:52:34 GMT",88bd129b06bfefd0fbd94e7f079ce2afed03963f,53c565b23e8e94ca28bf0432c2b4d40dfc91da3e1e4a4566e22438f257dd800a,https://learn.microsoft.com/en-us/graph/api/resources/privilegedidentitymanagementv3-overview?view=graph-rest-1.0&accept=text/markdown,304,d5e01a7696a90ad8,2026-09-28T04:48:18Z
S-xoerk6of,https://learn.microsoft.com/windows/deployment/windows-autopatch/manage/windows-autopatch-hotpatch-updates,2026-09-26T00:00:00Z,,,,,,,"""MrAEOAXKXJk/5eswDlQQ0IRE3u0=""","Mon, 24 Aug 2026 04:51:48 GMT",1f0dec4d2726b4fa199d6693c8fb52e73931e5de,d153671fe439a554d5b2c8e13a0ddd0501e3a86566e247f97a844c7df342b020,https://learn.microsoft.com/en-us/windows/deployment/windows-autopatch/manage/windows-autopatch-hotpatch-updates?accept=text/markdown,200,cc1c0624d1c11b64,2026-09-28T04:03:40Z
S-xol3qgin,https://raw.githubusercontent.com/PowerShell/DSC/4b492407ef4a9875c78986bbb08e1db277581ec9/resources/dism_dsc/optionalfeature.dsc.resource.json,,,,,,,,"""6fd7c34ab8a006c8487d6e52719de27a46e2790b9b406d47b79506f435720762""",,,06a7295ed521aec219880da283d88d2ba30a628644947f161c46687cf1e46691,,200,212f65767f50d986,2026-09-28T03:48:27Z
S-xote3xa2,https://raw.githubusercontent.com/lycheeverse/lychee/lychee-v0.24.2/README.md,,,,,,,,"""ef34c671e296bbb180d619696351bc22db57a223844b2773cb25e5cbcad2c3f6""",,,d9012b959c0b3f4ec02d9a5132e56a05f767400d6412090c6e884184a703e874,,200,ca9bf291a2d1fcb2,2026-09-28T03:48:28Z
S-xp44rfad,https://learn.microsoft.com/autopilot/device-preparation/requirements,2026-09-26T00:00:00Z,,,,,,,"""i4Q0uvIvAirOX0bwvEcj66zrJeY=""","Tue, 25 Aug 2026 00:21:40 GMT",7328cf31fc7051783f9fdb12250a44d8d227fa1a,a37628be471dbda040c0aa149dc895572f7652b735ce99122049cf6587f56516,https://learn.microsoft.com/en-us/autopilot/device-preparation/requirements?accept=text/markdown,200,e13f15c0b0d1dc66,2026-09-28T04:03:41Z
S-xpbhjzu7,https://api.github.com/repos/MicrosoftDocs/entra-docs/commits/95d306db8380651d366b39dee3f525b434befedd,,,,,,,,"W/""38b96e4963a5c8f312f6c24cf1cb019394a19c949cfeb9abd368ef75044a1f56""","Mon, 15 Jun 2026 16:45:09 GMT",,e1906c31bb4b626a8a23cfe48c093bb72bd157a4680778ae0d98f733c2ac448c,,200,3bc69465d6f2907a,2026-09-28T03:39:22Z
S-xpfrl54v,https://docs.github.com/en/actions/reference/workflows-and-actions/events-that-trigger-workflows,,,,,,,,,,,6c14e48f4724e29d3cd18d67f0a9ca6fd2f71d10f8b5e25c85b15e7795d37ef4,,200,cf3a9c3b93363788,2026-09-28T03:41:16Z
S-xsggrooz,https://support.claude.com/en/articles/11845131-use-claude-code-with-your-team-or-enterprise-plan,2026-09-26T00:00:00Z,,,,,,,,,,a02e4ec4ee44f40c522ad9e8588bf5de5a8d96fa4a9faf897082c83f7f273c24,,200,b0b4e80681ce6fe0,2026-09-28T03:40:55Z
S-xsnx4hlp,https://learn.microsoft.com/intune/app-management/protection/wipe-corporate-data,2026-09-26T00:00:00Z,,,,,,,"""tLBDFWpeHo3/ZgXCjgV9VGT3DTc=""","Tue, 25 Aug 2026 13:43:35 GMT",a60f43f6f562ded6195ddd8d888335f2d8e11e73,b6e793d994b17e5c8e38fc1eeffc653a10b4a29fbd4a07c96646aef25325f078,https://learn.microsoft.com/en-us/intune/app-management/protection/wipe-corporate-data?accept=text/markdown,200,06a64ef309cd1220,2026-09-28T04:03:43Z
S-xtkia775,https://learn.microsoft.com/graph/api/user-list?view=graph-rest-1.0,2026-09-26T00:00:00Z,,,,,,,"""trTyPkTvHFGavpRy1D6l9Lwo56w=""","Wed, 09 Sep 2026 00:38:36 GMT",90b4773e1dd61222be4e5feea3cfeeb162115c9f,46c6e9e458459b099ed7fa2e4dedd527ffa04926d7e69a77ad5999276c4e8313,https://learn.microsoft.com/en-us/graph/api/user-list?view=graph-rest-1.0&accept=text/markdown,200,4735d629810dad00,2026-09-28T04:03:44Z
S-xtwd545o,https://learn.microsoft.com/troubleshoot/windows-server/group-policy/group-policy-settings-show-as-extra-registry-settings,2026-09-26T00:00:00Z,,,,,,,"""aDYM0XcCigSgLiS4GfHf6pHp7Ro=""","Mon, 24 Aug 2026 18:50:26 GMT",9bbe5b999f6c16aa1be4c9144345c9fc3ed1e140,69ff77d711b00493c043d0e5771d0bbd30cb3a070236057d5f572b4e85d596ea,https://learn.microsoft.com/en-us/troubleshoot/windows-server/group-policy/group-policy-settings-show-as-extra-registry-settings?accept=text/markdown,200,f77063ccf9aafb40,2026-09-28T04:03:45Z
S-xv7jeuvk,https://raw.githubusercontent.com/MicrosoftDocs/entra-docs/902ee3bc2c29f8c620d375711ce4f3a706e0f238/.openpublishing.redirection.json,,,,,,,,"""6234ed22eedd7c62da9ccb34c84278c0dd76b86f6f7052fb659af111e7a0c20f""",,,aa1116c2d8999237617e66fe8fb2da18d9b70689260c98206c2528f8aaa6cd22,,200,937f623667cc44f9,2026-09-28T03:39:20Z
S-xxd6fl45,https://ai.google.dev/api/generate-content,,,,,,,,,"Wed, 23 Sep 2026 15:12:10 GMT",,d3f64ff0f1046767bbf72a1f7466c768291e5995c2d92ebea3f8e3b54a47db5a,,200,499dc0a86602c039,2026-09-28T03:40:52Z
S-xzhocopu,https://learn.microsoft.com/defender-endpoint/verify-connectivity,2026-09-26T00:00:00Z,,,,,,,"""BcNFQaKp7VZdqjN0N4aJOpbrZXM=""","Mon, 24 Aug 2026 09:36:32 GMT",377890b8ed45ff6aea91f236b5987ee41d9e6a01,9e6f45115a83b8d23d7670c4739533502b827edf20c863d4dc892d23b03d72a2,https://learn.microsoft.com/en-us/defender-endpoint/verify-connectivity?accept=text/markdown,200,5f0a5b260c1b7ba5,2026-09-28T04:03:46Z
S-xztox6nn,https://learn.microsoft.com/purview/audit-copilot,,,,,,,,"""Y+NEHiddiBBcyDrBYDHstzYjnds=""","Wed, 26 Aug 2026 18:24:45 GMT",90ddfa06fcd964a65e628ddb583520c2895b234a,3166a25174a619cb1a8e43966406bf53a6cf6a68588b71bdafa83d8b5120936d,https://learn.microsoft.com/en-us/purview/audit-copilot?accept=text/markdown,200,a638f2db44ed022a,2026-09-28T04:03:47Z
S-y3enttcg,https://learn.microsoft.com/windows/security/operating-system-security/network-security/vpn/vpn-profile-options,2026-09-26T00:00:00Z,,,,,,,"""R/ezLOWlAcJ/8iOMI7YEl8mnb/4=""","Mon, 24 Aug 2026 03:33:31 GMT",a59e627cf321c8d417783ef68ab692fe878c3596,44f24fd4892718a4c68e9e5155dc353c93a3c8d721804ba3df090429d2e768b3,https://learn.microsoft.com/en-us/windows/security/operating-system-security/network-security/vpn/vpn-profile-options?accept=text/markdown,200,2029eb008fafb600,2026-09-28T04:03:48Z
S-y3vftsou,https://learn.microsoft.com/powershell/module/configci/set-cipolicyidinfo,,,,,,,,"""b4LHIoQd0A1BMujHk4PHbSkAQ1k=""","Wed, 05 Aug 2026 14:15:28 GMT",0ef3f225d29e26d1cf3119f37dfff70bb6165746,24e289963237139873121b39e1e836ad0cb93460e1bf12a5fe3d018c620b9598,https://learn.microsoft.com/en-us/powershell/module/configci/set-cipolicyidinfo?view=windowsserver2025-ps&accept=text%2Fmarkdown,200,053c7c2a7b40f2a3,2026-09-28T04:03:50Z
S-y3zhzpmv,https://raw.githubusercontent.com/astral-sh/ruff/0.16.9/docs/linter.md,,,,,,,,"""e5b7dd2d2210ed1061cfb6b9e00f1f1b5ed52f51c2b13415438630818755581b""",,,405cf153b779d801e9c7c43ed7d6cf26a6acc860abfd3d1bb3205a2a12b37b57,,200,2ba77a4bc4129f9e,2026-09-28T03:48:29Z
S-y47upe33,https://raw.githubusercontent.com/fleetdm/fleet/89d1161c56299ccd5c2b647cedce7d820ea6fd07/LICENSE,,,,,,,,"""0f31295e165cbb5c1cb40eed15be0ce5c6a0a9e28958c7a14ef3079cacbdbe79""",,,c52bf3a138a84e08fa87f0d82813bd20c9a4813ae99f3a39e49b6091948afa87,,200,8d4355cbecd5a5e1,2026-09-28T03:48:30Z
S-y4cg63ji,https://raw.githubusercontent.com/astral-sh/uv/0.12.19/docs/concepts/cache.md,,,,,,,,"""c5c646b4387e32f559f90c17d859c6f66890ee0fb19a7f2bec23d5d42b14c2e3""",,,24a8949b29ce68776f601c92f439ff940e9305c2692694d2a647abbe181f5c68,,200,d561e786a07e77fb,2026-09-28T03:48:32Z
S-y4l4chtg,https://code.visualstudio.com/docs/copilot/customization/mcp-servers,2026-09-26T00:00:00Z,,,,,,,"W/""21e77-y8gGn4Ofelq3dTpEo19cqQVJTEo""",,,8a2834a84017423521d92c2bd00edc190fcbcd031f92d0f62d9c2ea9911b9eea,https://code.visualstudio.com/docs/agent-customization/mcp-servers,200,9520b2645b014cf5,2026-09-28T03:41:13Z
S-y4ohln4f,https://learn.microsoft.com/en-us/openspecs/windows_protocols/ms-adts/de72f0ef-b93f-42b5-9198-828d703cdda2,,,,,,,,"""s2VpXvzdYYJAyzanXG/6AZlqKeY=""","Wed, 02 Sep 2026 21:15:29 GMT",3354099975e02b77fb0ba10e206c5a3be8ec1285,cd7d23e00bba826a389c0366b00ffb3a3ba1432ab9f2b425ef0bb3a96bdf98ae,,200,235b58f6a868157e,2026-09-28T04:03:50Z
S-ybuoluc4,https://learn.microsoft.com/en-us/entra/identity/devices/overview,,,,,,,,"""XuXWlfRbSsZLVUPRJTqg2QILP7g=""","Mon, 24 Aug 2026 14:54:37 GMT",95d306db8380651d366b39dee3f525b434befedd,bec685f7b4e272fb18ca85010ed8eb6bde30bc46d06b184095f34805f747ef91,,200,d13caf28407c5e3a,2026-09-28T03:39:30Z
S-yc5geeul,https://learn.microsoft.com/en-us/security/zero-trust/develop/secure-with-cae,,,,,,,,"""hQoyMDlD3K7Nj6iztdyrzojuoGs=""","Tue, 25 Aug 2026 03:29:08 GMT",54dc947cde988cf65f5189e174c3a227ac950d47,b0c8e01f91085730f8700ea3a9a3d954ba9e83cc5238e0c74eee4cce9ef54ab0,,200,a8cefcafbdf13ea6,2026-09-28T04:03:51Z
S-ycjlut3h,https://www.cisecurity.org/terms-of-use-for-non-member-cis-products,2026-09-26T00:00:00Z,,,,,,,,,,5f86dff08da0d7a670f0f0a5ada16586ae0f9fe98ed5cb50c9c86fec993d38c3,,200,25144aef1e516f54,2026-09-28T03:40:33Z
S-ycrujjsf,https://registry.terraform.io/providers/hashicorp/azurerm/latest/docs/resources/log_analytics_workspace,2026-09-26T00:00:00Z,,,,,,,,"Thu, 24 Sep 2026 23:31:59 GMT",,01ba4719c80b6fe911b091a7c05124b64eeece964e09c058ef8f9805daca546b,,200,0000000000000000,2026-09-28T03:41:05Z
S-ycuzbjvk,https://learn.microsoft.com/en-us/windows-server/administration/windows-commands/gpupdate,,,,,,,,"""t6hIg8bvOgSQZMNbkdzAHauC6us=""","Wed, 26 Aug 2026 00:04:57 GMT",4282dd47a285a65de44c1512e8e9abd2384582a8,1fc289351c477a9e9f564388956139529feae2f6efda4a9f76f82e49debf34c8,,200,118f23d45f2ff93c,2026-09-28T04:03:53Z
S-ydpvgyqk,https://learn.microsoft.com/intune/configmgr/sum/deploy-use/create-orchestration-groups,2026-09-26T00:00:00Z,,,,,,,"""7bKNoq2THp4gy8ZXG96JLyqfovY=""","Tue, 01 Sep 2026 10:33:22 GMT",063012bfda73a118b0e62b70c51b63514b26173d,af707d61a10fbb4463cb086db359cae911e229b9db35ab6c9e5d669b6b7a6ca6,https://learn.microsoft.com/en-us/intune/configmgr/sum/deploy-use/create-orchestration-groups?accept=text/markdown,200,3e134250104304f5,2026-09-28T04:03:54Z
S-yfbe6ete,https://raw.githubusercontent.com/astral-sh/ruff/0.16.9/crates/ruff_linter/src/settings/mod.rs,,,,,,,,"""f0c1999e7fc9849d5bb696e5f8916fb0d22e1f51693a85706b6fa6457bc0cc17""",,,785e70598ba8b0bdec8104f649d76cce862ddae7c36820a6c3443d01323c3e93,,200,863ef6fcec48ff89,2026-09-28T03:48:33Z
S-yg2usmqp,https://gitlab.com/gitlab-org/gitlab/-/raw/v19.4.1-ee/app/services/user_project_access_changed_service.rb,,,,,,,,"""af39fe82c0ba67dd015d07aa654f257b""",,,f0d614d05407c979054c3374de6bb863e0dbc225685b50555a4b6b45be049b92,,200,34b147c7c51fb00a,2026-09-28T03:41:32Z
S-ygo5rdrm,https://learn.microsoft.com/en-us/intune/configmgr/comanage/how-to-monitor,,,,,,,,"""rCqeikRpTyc7uWu24o+zCoCb064=""","Mon, 31 Aug 2026 21:43:22 GMT",641505a487b0febbc4d3a97ca377b3334a3a1790,170e0896b18972fc6ce685f088f139618d60fa5d7b3cbc0bfe51a86dda8207ba,,200,d115625fb5e34ff3,2026-09-28T04:03:55Z
S-ygq2kmmq,https://learn.microsoft.com/en-us/entra/agent-id/agent-oauth-protocols,,,,,,,,"""plF1ZwFg5UXxxi4dlbJV4JxKPuI=""","Mon, 24 Aug 2026 12:56:36 GMT",328408b50672fc081a29e9fe01684bcd7667dd9f,d4570c8dcd77d4192ea4e12256cc0264e510861bdd067d788d7037a2a10b6d6a,,200,5baa23f5bb236c60,2026-09-28T04:03:56Z
S-yi5xka25,https://arxiv.org/abs/2411.06037,,,,,,,,,"Tue, 11 Aug 2026 23:27:48 GMT",,0b2909b8d1c58c920add4231421e5d2f5341737d80fab835ee09dceecd6a4ae5,,200,9ff880a47c1a9cda,2026-09-28T03:40:54Z
S-yilkexx7,https://learn.microsoft.com/windows/ai/npu-devices/,2026-09-26T00:00:00Z,,,,,,,"""ZjUv0petDX0V3np9kVkM7JFL5lI=""","Wed, 26 Aug 2026 19:03:26 GMT",7b7f54e7f92b24e02c6ddaea25867bd881466852,b754c8a7e80e72c825e96970b0c31568a95bcd8e9a66b38aa9e3bd5d080d0c66,https://learn.microsoft.com/en-us/windows/ai/npu-devices/?accept=text/markdown,200,e9bf9bdfad37ccf5,2026-09-28T04:03:58Z
S-yiwjr2wo,https://learn.microsoft.com/intune/device-enrollment/apple/overview-automated-enrollment-apple,2026-09-26T00:00:00Z,,,,,,,"""9C/FdnBcoQDjBqooygY0Ws5/ZcA=""","Wed, 26 Aug 2026 13:17:35 GMT",a60f43f6f562ded6195ddd8d888335f2d8e11e73,39c12d1065aa5e317262df519d96a9916cd36b511af6a132103ac8e473a49c11,https://learn.microsoft.com/en-us/intune/device-enrollment/apple/overview-automated-enrollment-apple?accept=text/markdown,200,c92f8244112b0860,2026-09-28T04:03:59Z
S-yjcvd3to,https://learn.microsoft.com/en-us/sql/relational-databases/tutorial-ownership-chains-and-context-switching,,,,,,,,"""6+a1FqPZvyXkp6bQtoL+cwvfEoU=""","Tue, 25 Aug 2026 13:10:26 GMT",2b1560ace793f3b5b44b879c6d0b915584c1e5e2,5a1069421e64b3c503daca1328d849ec67ac00b407634e4c94b2168530ccdd36,,200,12654160deaa5231,2026-09-28T04:04:00Z
S-yjjcwawd,https://learn.microsoft.com/en-us/defender-xdr/advanced-hunting-devicenetworkinfo-table,2026-09-26T00:00:00Z,,,,,,,"""mbT9NXVh+WkOPVmusY+DZeL7w5k=""","Mon, 24 Aug 2026 09:27:55 GMT",0fdad2971c4f8acbaebefc5e52a5a2f7302a670c,d888ccca7362fb6b9f536376924d84fef29e5fa377cb2ab3ced2b9868f635632,,200,cf75a601895eb452,2026-09-28T04:04:01Z
S-yksr3dnu,https://learn.microsoft.com/defender-endpoint/api/get-machineaction-object,2026-09-26T00:00:00Z,,,,,,,"""lgFYJnPuEPeSx9HDyRJaxrC+adQ=""","Mon, 24 Aug 2026 09:14:36 GMT",e5e024df2189c2f05c8a7a66f60fff59a0c0bfd8,9f2b3a42ad1ac421f2095f25bde95dabe539d37ed662018a3ce9c66bf7338749,https://learn.microsoft.com/en-us/defender-endpoint/api/get-machineaction-object?accept=text/markdown,200,f34476a445eea0d1,2026-09-28T04:04:02Z
S-yl6lujud,https://learn.microsoft.com/en-us/graph/api/intune-devices-manageddevice-cleanwindowsdevice?view=graph-rest-1.0,2026-09-26T00:00:00Z,,,,,,,"""/5QznyUMnyVYgch4BwN/iUGTwRQ=""","Tue, 25 Aug 2026 07:29:51 GMT",c5bdea5b2d849451be9b260f1f9bbf3d27997198,fa53b3c229a8d33c50808516e0e77667f347ad3744eeac674e70e93e1ddd9826,,200,a99c4d3cd84d6662,2026-09-28T04:04:03Z
S-ylp2o7ml,https://learn.microsoft.com/intune/advanced-analytics/battery-health,2026-09-26T00:00:00Z,,,,,,,"""fyD38+65T3J054hcn+tNvEpjzx0=""","Tue, 25 Aug 2026 00:50:23 GMT",8fc35ccd02eee458dd0759b2199a819235e09924,846e1af496bf0c45858873e6ea2e88e79aaa02964e87ec2f49b35d16966ea568,https://learn.microsoft.com/en-us/intune/advanced-analytics/battery-health?accept=text/markdown,200,e853ff4b7ce35589,2026-09-28T04:04:05Z
S-ylqrt4md,https://github.com/PowerShell/DSC/issues/1545,,,,,,,,,,,240ece2e3d3f96472ed5d4ab3c155eb86bcf941f61a79e48e22047d739f1a1c0,,200,80244cc9080701a8,2026-09-28T03:42:04Z
S-ynnu52s5,https://learn.microsoft.com/intune/copilot/troubleshoot-devices,2026-09-26T00:00:00Z,,,,,,,"""gMQUSCRCSsQiQVRzv572zFuh9JI=""","Tue, 25 Aug 2026 05:17:05 GMT",a60f43f6f562ded6195ddd8d888335f2d8e11e73,ea41856a7cca82c100a46740730ac98b23326a4ee97551d58d8c20bc0e6da925,https://learn.microsoft.com/en-us/intune/copilot/troubleshoot-devices?accept=text/markdown,200,0a1eead8e8dad923,2026-09-28T04:04:05Z
S-yoeqntwt,https://learn.microsoft.com/en-us/intune/device-security/compliance/create-policy,,,,,,,,"""lZ1xe7lYuTQVsaujaFQYDdKFVWI=""","Tue, 22 Sep 2026 22:45:10 GMT",26ce3e1df69eefd5448e3827a3d8eef1370d33e3,1769302df0642f21fb0bb8b80db930710122b4047197cbe5363149a57c85c94c,,200,1fa77b8caec99028,2026-09-28T04:04:06Z
S-yqegtsih,https://learn.microsoft.com/en-us/windows-365/enterprise/whats-new,,,,,,,,"""liDCwgXa+k0TeR52i0Nf3nvazAs=""","Fri, 25 Sep 2026 02:40:45 GMT",92a30c96f55c6e48cf3fc872508a3fbbffcec835,9e33d0f001a3e9e2e5e6c43466d3182a40d1f950b7f1aa5ccb32ad63a00f6ca3,,200,3b5c3b568ecb24cb,2026-09-28T04:04:08Z
S-yr2b636y,https://cryptography.io/en/latest/hazmat/primitives/aead/,,,,,,,,"W/""c2e3238f98cdc169e37a45fcd8dc262e""","Sat, 19 Sep 2026 04:38:30 GMT",,9184b074238e698a33751a007210351403938ef9c472d22a28f3f7d2d7972ce1,,200,d7c25449f0c0a824,2026-09-28T03:41:07Z
S-yrwncj3y,https://learn.microsoft.com/windows/deployment/do/waas-microsoft-connected-cache,2026-09-26T00:00:00Z,,,,,,,"""pJLfyp9lHG9aXF1ufvTf3MOAoTM=""","Mon, 24 Aug 2026 12:48:06 GMT",c4e1288671707f3ea468c3a9b6875f683b682bbd,960628c271fdbc419e5a1f61985da9bfc5db9d8d60a79fe52bb8432339d7098b,https://learn.microsoft.com/en-us/windows/deployment/do/waas-microsoft-connected-cache?accept=text/markdown,200,b4770a03243d7640,2026-09-28T04:04:09Z
S-ytjbd4n5,https://learn.microsoft.com/windows/client-management/win32-and-centennial-app-policy-configuration,2026-09-26T00:00:00Z,,,,,,,"""/yU6AUsNyacw9uGwrDNW+09uup4=""","Mon, 24 Aug 2026 04:12:44 GMT",290feeb1f425184c49210f631e98ce36624a0969,428cb833b8ab9b558ce2417d6fce4f6854633db4147fede88c16a554626b3153,https://learn.microsoft.com/en-us/windows/client-management/win32-and-centennial-app-policy-configuration?accept=text/markdown,200,66819d0b44dd913d,2026-09-28T04:04:10Z
S-yutqeaay,https://learn.microsoft.com/azure/foundry/agents/concepts/toolbox-overview,2026-09-26T00:00:00Z,,,,,,,"""47Tdcfz0cWihPvUqFvf/B5IOzzM=""","Mon, 24 Aug 2026 02:47:02 GMT",dffcfbd944883ddaad8530dbadb99e5cb3d9a949,1668b517f3a7a5aa245f8ad2a8bdc55b2c07129c7bf21484e41db17a282eb814,https://learn.microsoft.com/en-us/azure/foundry/agents/concepts/toolbox-overview?accept=text/markdown,200,610bd4e69e7dade6,2026-09-28T04:04:11Z
S-yuwg4jgb,https://learn.microsoft.com/en-us/intune/device-management/actions/rotate-local-admin-password,2026-09-26T00:00:00Z,,,,,,,"""TnCeC5k8iVyF2GwyN8QKqwC1Fh8=""","Tue, 25 Aug 2026 00:54:30 GMT",a691dbb31fb4e63a343455a37e60f0a795e4f261,cdffef061fbc4343651e31ed0e2bced2e71e2d435a04ebed373a4c6100df85e5,,200,4945aed8cada1184,2026-09-28T04:04:12Z
S-yuwxbqz3,https://raw.githubusercontent.com/MicrosoftDocs/memdocs/4b5429df8b47046c6b251e572ee61199fb5d4a5d/README.md,,,,,,,,"""f58630798e43f9109804bc487465845aa5e7de9f2477bcbcfe96e8e551641968""",,,1d3dc670eb58fdb47e06fa85fd9434bc56e5f3096b1dc522aff3a580cb26f54d,,200,04529f607ea5a24f,2026-09-28T03:48:34Z
S-yvdwutca,https://raw.githubusercontent.com/adbar/htmldate/v1.10.0/README.md,,,,,,,,"""16bf0617e518c8e898e65e27f9bd8291a33fc7fe260ef702a70bb1c2d6c8a821""",,,747863743d322b2feba272291c92e4b0cfc0b012655522400b59120812512531,,200,2554dacae218d17a,2026-09-28T04:05:45Z
S-z2hvjsvn,https://learn.microsoft.com/en-us/intune/configmgr/develop/reference/core/servers/configure/sms_aroleoperation-server-wmi-class,,,,,,,,"""ev00LN2dHSqFQxRjaBJuqPZ9c5k=""","Wed, 09 Sep 2026 12:46:12 GMT",2f58a01e679fc91dc8c8440846c254e1119681fd,c83a48505e3b947220431a9d9ef1af462c1cfbbb76f4d4cd9fe78b43072cbf69,,200,665b7a06bec3f1bd,2026-09-28T04:04:13Z
S-z2jpontw,https://learn.microsoft.com/graph/change-notifications-overview,2026-09-26T00:00:00Z,,,,,,,"""WX2Pn6yZ4vPT+aoSkzJsMHIK8qA=""","Tue, 25 Aug 2026 00:46:44 GMT",21697e2b8a5734da63402b5298de0ee1d7230641,25f5c77659c1da10e173a80ec59492a402166de4ed96ef483910470456171a81,https://learn.microsoft.com/en-us/graph/change-notifications-overview?accept=text/markdown,200,de5fd8d46bac8d61,2026-09-28T04:04:15Z
S-z2riv2e3,https://gitlab.com/gitlab-org/gitlab-runner/-/raw/49138a48b894f517d2ebe77dda89929d1f7f9550/executors/ssh/ssh.go,,,,,,,,"""fe478d9e067c43794f521090cac67783""",,,83793b62638ff0e4717b98cfce2b0b928aaa04fc17c3cc86f417bbd3032b4c7a,,200,18dd657268f2839c,2026-09-28T03:41:33Z
S-z37n7cfj,https://learn.microsoft.com/intune/configmgr/sum/deploy-use/third-party-software-updates,2026-09-26T00:00:00Z,,,,,,,"""D6wYRZs5xziFi1O59ByWmSOmCoU=""","Mon, 24 Aug 2026 22:48:29 GMT",063012bfda73a118b0e62b70c51b63514b26173d,0a9de4ea80c560a92511a0cd057073191d04834ac960fc3780dd7dfa6406f950,https://learn.microsoft.com/en-us/intune/configmgr/sum/deploy-use/third-party-software-updates?accept=text/markdown,200,b6b48c3e43bcf9f7,2026-09-28T04:04:16Z
S-z4lluk64,https://learn.microsoft.com/troubleshoot/windows-client/group-policy/resource-stringid-win7only-not-found,2026-09-26T00:00:00Z,,,,,,,"""Y5I/fK2WH4q1m4SH4gP1h50O36o=""","Mon, 24 Aug 2026 18:46:23 GMT",fc709652eec75e423259ad7dc4ae8b77c642adfc,915957d8a396c71e6981b4b68b959998d4ca6d62aa9cc6b968306d31fad627a6,https://learn.microsoft.com/en-us/troubleshoot/windows-client/group-policy/resource-stringid-win7only-not-found?accept=text/markdown,200,54b9435fec87f45e,2026-09-28T04:04:17Z
S-z4y7mew3,https://learn.microsoft.com/fslogix/how-to-use-group-policy-templates,,,,,,,,"""3a9w570iSl3NEwdXeGa9/DQY7mA=""","Wed, 02 Sep 2026 12:12:29 GMT",a61f79d84d87883c6088858f14e9627d6f5eddaa,69d378d1867920273546b2773d8a89aae35cba80efbb618d783b5ae32d075a02,https://learn.microsoft.com/en-us/fslogix/how-to-use-group-policy-templates?accept=text/markdown,200,f7d475d999ed33ec,2026-09-28T04:04:18Z
S-z73kk7xf,https://learn.microsoft.com/en-us/windows-server/identity/ad-ds/manage/delegated-managed-service-accounts/delegated-managed-service-accounts-set-up-dmsa,,,,,,,,"""QWY3TYzA0F7BwYsE8xicEvWAp4w=""","Fri, 28 Aug 2026 12:48:11 GMT",16dafaddc757fb0b4ad7e5f8da33fbfc888fbcd4,900f511618f1172e4f50c17e8f3f7485733ce4d2e4ec2bc8e77c6776acc68467,,200,1f539f044c485de2,2026-09-28T04:04:19Z
S-z74feu7u,https://learn.microsoft.com/en-us/sql/connect/ado-net/sql/azure-active-directory-authentication?view=sql-server-ver17,,,,,,,,"""SHvflglxIEu8RI9dDtlV8Yatak4=""","Thu, 27 Aug 2026 18:10:50 GMT",755ddac7dbf5b20df0066c55d339bc27a2aa93c9,22e0ca4aabfdc704b8db44aae396f9525df2fcc12cc060595e422cc91d7e0d3c,,200,3b0026009d2df51a,2026-09-28T04:04:20Z
S-z7qwhjoa,https://docs.github.com/en/copilot/reference/copilot-usage-metrics/copilot-usage-metrics,,,,,,,,,,,c2cc356811a07a26d7057ba672a8ec7c9413411ac652b62453d891caa23036e8,,200,3707e21b79dfc17f,2026-09-28T03:41:20Z
S-z7wh2sbr,https://learn.microsoft.com/en-us/azure/search/cognitive-search-skill-azure-openai-embedding,2026-09-26T00:00:00Z,,,,,,,"""/MUQzlRXsEji6dtfBUHUATyub7Y=""","Mon, 24 Aug 2026 05:17:39 GMT",e3f557cdf7d1aa3d2e24ed5e4e87906caa99fd1e,3825a322daa9ca87f557cf72ec4814dc83d5ce0b9c4d8dee7167b9c308bae78c,,200,f8861280d0d6c2d5,2026-09-28T04:04:21Z
S-z7wzbalz,https://learn.microsoft.com/powershell/utility-modules/secretmanagement/how-to/manage-secretstore,2026-09-26T00:00:00Z,,,,,,,"""429O43wMOSi9MjyX5TucPoQLfZo=""","Fri, 25 Sep 2026 00:02:19 GMT",eb8d4545e155bc3e7eebfefcc9dccee43ca954ef,0c5e9fd4a31cf967a8113be66d537cb0f967af036ec49c8b40328298f20961be,https://learn.microsoft.com/en-us/powershell/utility-modules/secretmanagement/how-to/manage-secretstore?view=ps-modules&accept=text%2Fmarkdown,200,5a10f0978fa1ac9b,2026-09-28T04:04:23Z
S-z7zcccd3,https://learn.microsoft.com/en-us/intune/configmgr/develop/reference/protect/initiateclientoperation-method-in-class-sms_clientoperation,,,,,,,,"""cCbIYOmJ5TSESEq/N1NOW/k5N7I=""","Tue, 01 Sep 2026 05:21:31 GMT",2f58a01e679fc91dc8c8440846c254e1119681fd,7bb3093f86db770ee2cd7bf5988cb3e83e86a6e27c4b0065a2a8c374845d4335,,200,014551b7eed39159,2026-09-28T04:04:23Z
S-zaka5sgl,https://learn.microsoft.com/en-us/graph/api/security-security-runhuntingquery,2026-09-26T00:00:00Z,,,,,,,"""WHrlzOrnyDNs+NBNkUE4uW5tsh0=""","Tue, 25 Aug 2026 02:16:14 GMT",d8bf1aa732c85c8014025314500602bb59e6f94e,dfd0d258a4b6db4689fd08de17e72bc86b8555803f4f2eccac720a95a189ebf0,,200,1aab514cf8a3742c,2026-09-28T04:04:24Z
S-zb3jd525,https://learn.microsoft.com/_sitemaps/sitemapindex.xml,,,,,,,,"""1H4eA3S4U+4XeXDkxoJlIEzTtg4=""","Sun, 27 Sep 2026 07:59:38 GMT",,a8ac9bb3595fb9ed2a9aa8d678775b5f93ae9ad9373871737a18677a7679b6ce,,200,4fe3e22ecd2683a2,2026-09-28T03:39:32Z
S-zb4abl74,https://learn.microsoft.com/en-us/entra/identity-platform/certificate-credentials,,,,,,,,"""2bEyjhNFzxrm2NsMdDHH3AxTUaw=""","Fri, 28 Aug 2026 08:14:13 GMT",a4be4ac419c4e857b1c4de7dee22c9f7e0c750f9,55068c79bc86c43b9a7056164fafecd7bceeeea669628a0d9f699c082ddb21c5,,200,fc0d0ec8f8230f50,2026-09-28T04:04:25Z
S-zcba3zc7,https://learn.microsoft.com/en-us/windows-server/administration/windows-commands/wecutil,2026-09-26T00:00:00Z,,,,,,,"""is9Y3hVgvxXTCqI+wURXxjW5SG0=""","Thu, 27 Aug 2026 17:51:28 GMT",a55cfa381124bf9308e0f0bbda546cd10e2be85d,2a53073f5ed2ad3cbaa8adb58b69d0ebcc6eade4292f049c273ec814a9b37c80,,200,0ada89ab0f1a9b9e,2026-09-28T04:04:26Z
S-zcuxapgb,https://code.claude.com/docs/en/permission-modes,2026-09-26T00:00:00Z,,,,,,,,"Mon, 28 Sep 2026 03:41:32 GMT",,e4b591b19fb86001cdee867d8899897ed519ad76b4d5177c7a388cc2572c45fd,,200,9ed89944919f4a64,2026-09-28T03:41:32Z
S-zdoohqe4,https://learn.microsoft.com/intune/device-enrollment/android/ref-corporate-methods,2026-09-26T00:00:00Z,,,,,,,"""rz4WPc8d3MJvu35SFRfBcU3CWyM=""","Tue, 25 Aug 2026 15:12:58 GMT",a60f43f6f562ded6195ddd8d888335f2d8e11e73,24e2e194970e80538134c988f27715c0b77f07cc8fafafacee701995085cc336,https://learn.microsoft.com/en-us/intune/device-enrollment/android/ref-corporate-methods?accept=text/markdown,200,342323c886cbe120,2026-09-28T04:04:28Z
S-ze3aud2j,https://learn.microsoft.com/entra/identity/hybrid/cloud-sync/how-to-prerequisites,2026-09-28T04:48:19Z,,,,,,,"""L2HTz7x+0m3c1TraQwSmZT+Ljik=""","Fri, 28 Aug 2026 19:06:56 GMT",05349da1421903d38cd2ca5d91f9486e3a1f5ce9,505ec021b3392671fd9659098a3f0fd77892c396051ff657a0d4f73f8f2cee21,https://learn.microsoft.com/en-us/entra/identity/hybrid/cloud-sync/how-to-prerequisites?accept=text/markdown,304,934bf58c88d95fd3,2026-09-28T04:48:19Z
S-zfc5iphl,https://learn.microsoft.com/en-us/azure/governance/machine-configuration/concepts/remediation-options,2026-09-26T00:00:00Z,,,,,,,"""mYEgSdxn7S4hkkcMvSvYaGSOP0o=""","Mon, 24 Aug 2026 13:50:32 GMT",1ddb5fec6e1514efe3116cf8bc56342f89c01328,6c5b620d5f06227b45f17d8f22728f12c82a8db165dee5a936a756891b291528,,200,b270ef9181b8f4be,2026-09-28T04:04:31Z
S-zfg6jhgr,https://learn.microsoft.com/azure/ai-foundry/how-to/develop/evaluate-sdk,2026-09-26T00:00:00Z,,,,,,,"""Qmf7FkiMIypL4lTP4EwPIb7q58Y=""","Mon, 24 Aug 2026 03:21:13 GMT",b363c69238e7fba70df2c02da41cb71e91166968,e0117d2b746fcfcb5b2ce6ddcfd2618f0b1f923308f5d00c78cb586dd39f1644,https://learn.microsoft.com/en-us/azure/foundry-classic/how-to/develop/evaluate-sdk?accept=text%2Fmarkdown,200,11957ec90dcd9eb1,2026-09-28T04:04:32Z
S-zghw4ytw,https://learn.microsoft.com/powershell/module/microsoft.powershell.psresourceget/install-psresource,2026-09-26T00:00:00Z,,,,,,,"""kiBb+dL7bAqfhUTN6cgeACRETJQ=""","Fri, 25 Sep 2026 07:16:57 GMT",e1afd1507894fa92da8065f478c33d43b7f7ec4e,906ec48edc7ebb8736787c2c4a860809f190a44b9c8d5e6d8249e2574e50c59f,https://learn.microsoft.com/en-us/powershell/module/microsoft.powershell.psresourceget/install-psresource?view=powershellget-3.x&accept=text%2Fmarkdown,200,1faf2f95590ad0a6,2026-09-28T04:04:33Z
S-zh4stzuw,https://learn.microsoft.com/graph/api/intune-reporting-devicemanagementexportjob-create?view=graph-rest-1.0,2026-09-26T00:00:00Z,,,,,,,"""3lAwvi8Hro4pQQcBn2p5oOqBgvg=""","Tue, 25 Aug 2026 13:36:30 GMT",e8eace7fa9bfa9e7afacfe9f5dec1ba42ffd493f,be6d6507bfd5e61fc124ba0fcd22ff40a70e29f255d674c9cc3af4f7db5bd7c5,https://learn.microsoft.com/en-us/graph/api/intune-reporting-devicemanagementexportjob-create?view=graph-rest-1.0&accept=text/markdown,200,f99d44b45965b260,2026-09-28T04:04:34Z
S-zh7oqkup,https://gitlab.com/gitlab-org/gitlab/-/raw/9f1632e2d74cf3c87fce2513c999c6cf84a97ab4/doc/ci/pipelines/merged_results_pipelines.md,,,,,,,,"""0e9de3623eb1129a4544918debe0d66a""",,,dc419c45aa0dd941adfb005c47335978d729441a475913faf80b345e4cba01d7,,200,40eca738056451b9,2026-09-28T05:19:05Z
S-zimmfodc,https://learn.microsoft.com/defender-endpoint/mac-preferences,,,,,,,,"""Nsw+cg1rab22O3cFtgSsfbTjzLI=""","Sat, 19 Sep 2026 14:29:20 GMT",1ffb083cf9f04aaed858c8a2f23c057446ac49cb,6d7dbc02fdb6b64630bc4901e7c55af0504d8e644585b31c011d1d1cad43d067,https://learn.microsoft.com/en-us/defender-endpoint/mac-preferences?accept=text/markdown,200,9027207ff4c61114,2026-09-28T04:04:35Z
S-zlfl25p7,https://learn.microsoft.com/azure/foundry/agents/how-to/tools/code-interpreter,,,,,,,,"""DxKducqz9uhc9P8Fpup37XHf/Rc=""","Mon, 24 Aug 2026 23:07:32 GMT",8938725f1c9187f40fbbcd74372e65078761d1ec,c5958fbc7a7b244c03cdadb8cf0eddb96bd77c07497a648e40e9ef4dcd36c26c,https://learn.microsoft.com/en-us/azure/foundry/agents/how-to/tools/code-interpreter?accept=text/markdown,200,a77b665562c10d22,2026-09-28T04:04:36Z
S-zlqf57iu,https://learn.microsoft.com/azure/ai-services/content-safety/concepts/jailbreak-detection,2026-09-26T00:00:00Z,,,,,,,"""AUd+zo3NiOMU6Gt8ljbbEWhRVFE=""","Fri, 18 Sep 2026 22:38:15 GMT",215dd53ffbd9bd69b62e358605c95006802af884,f8a95f6f16ce8c26e447ae9497097190057806f5c49c060cf4b910c85b25ca21,https://learn.microsoft.com/en-us/azure/ai-services/content-safety/concepts/jailbreak-detection?accept=text/markdown,200,b548838124f9b4cc,2026-09-28T04:04:37Z
S-zmngjhe5,https://microsoft365dsc.com/user-guide/get-started/how-to-install/,2026-09-26T00:00:00Z,,,,,,,"""6ab9715e-41091""","Sun, 27 Sep 2026 19:41:18 GMT",,e62eeae92f580d5d9f8d2009889c419c360a469920f648f60509c1462f138c41,,200,9b15b939326c7494,2026-09-28T03:41:04Z
S-zmtevvp6,https://learn.microsoft.com/intune/configmgr/sum/deploy-use/optimize-windows-10-update-delivery,2026-09-26T00:00:00Z,,,,,,,"""izrRv0VYj9aMoU7nFb9nZlvjJ7Y=""","Tue, 25 Aug 2026 20:34:12 GMT",063012bfda73a118b0e62b70c51b63514b26173d,c3c759a7e65a8eb1f42613e2b7c242b3ae10d8e160572050b8532fab2c38605f,https://learn.microsoft.com/en-us/intune/configmgr/sum/deploy-use/optimize-windows-10-update-delivery?accept=text/markdown,200,fe352ebbf7a47918,2026-09-28T04:04:38Z
S-zne522mq,https://learn.microsoft.com/en-us/intune/device-management/actions/,2026-09-26T00:00:00Z,,,,,,,"""/s/9E49npfuYsIkRW6LlKM/pd4A=""","Fri, 25 Sep 2026 07:59:54 GMT",725e12aad08d21e318697027643748c397d05fd5,855cf8a79f866b2e1c8ec6f406077f7b29810684b26f2c8f41051fd327f8f467,,200,4e32ea48d4cde220,2026-09-28T04:04:39Z
S-znp63ln6,"https://web.archive.org/cdx/search/cdx?url=learn.microsoft.com/en-us/intune/configmgr/core/plan-design/changes/whats-new-in-version-2509&output=json&limit=5&fl=timestamp,statuscode,digest",,,,,,,,,,,5a195d18b9339a2de9fde517a51c8bf3b032672a3cf6b1e28944d39b711a98d2,,200,4283c52d250b8a66,2026-09-28T03:39:59Z
S-zokdk7aw,https://github.com/PowerShell/DSC/issues/327,,,,,,,,,,,665cfff58dc8b05965f7fb6e3af112b90f6402733bb6925f466e1e762c27ba37,,200,4475ee2fb909ea02,2026-09-28T03:42:05Z
S-zopt2et4,https://learn.microsoft.com/powershell/module/microsoft.powershell.core/about/about_remote_troubleshooting?view=powershell-7.6,2026-09-26T00:00:00Z,,,,,,,"""lyjxAGSeHPmP7vYzL+zdbrqM+gw=""","Thu, 24 Sep 2026 22:53:10 GMT",f09ce0b678c2da1ae0fa70f0b4789a607183cc63,e93d11157dcaa1e27b9f50f5df1d8446cf40f76664bd12bc5f88d8d5590af64d,https://learn.microsoft.com/en-us/powershell/module/microsoft.powershell.core/about/about_remote_troubleshooting?view=powershell-7.6&accept=text/markdown,200,eb4ff7eec68a83f2,2026-09-28T04:04:41Z
S-zqlgscwv,https://developers.openai.com/codex/mcp,,,,,,,,"""21d325ea1f8399fdc5c49c2914df8561""","Mon, 28 Sep 2026 01:10:58 GMT",,260fb476d88e7b680800711b0353787b5a7169fe9bcae26154b9d7dbe57a727f,https://learn.chatgpt.com/docs/extend/mcp?surface=cli,200,8d26be1130a3f73f,2026-09-28T03:40:59Z
S-zqoo6bqj,https://learn.microsoft.com/en-us/analysis-services/tmdl/tmdl-overview,,,,,,,,"""4gVXipSWvrBU2VDiR29h2d/LLIo=""","Tue, 01 Sep 2026 00:28:10 GMT",a3fe3e8faac586df1c22cc62a6198b016f2de8d5,734a5fca5752872edf8e4b74a3490aa4c42c8921269d61841c4ffb70d742ea21,,200,80bc43fb23e0ce2a,2026-09-28T04:04:42Z
S-zw4luelo,https://www.nvidia.com/en-us/agreements/enterprise-software/nvidia-open-model-license/,,,,,,,,"""4b016-65c5ccf39a55a""","Sat, 26 Sep 2026 06:19:03 GMT",,9d6a69c8b30f5b149abde83ea56ac788605a9a44655f7e7b19434b4cf77a0082,,200,490ec71f6b65beca,2026-09-28T03:41:14Z
